"1.01","Krypton","Kr","15/05/2015"
"-100","0","5.897841","0.989288","0.01493","1.685609"
"-90","0","5.575819","0.990904","0.015797","1.683295"
"-80","0","5.287141","0.992209","0.016658","1.681384"
"-70","0","5.026883","0.993276","0.017512","1.679785"
"-60","0","4.791045","0.994159","0.018357","1.678432"
"-50","0","4.576344","0.994898","0.019193","1.677276"
"-40","0","4.380061","0.995523","0.02002","1.676281"
"-30","0","4.199923","0.996055","0.020835","1.675416"
"-20","0","4.034016","0.996511","0.021641","1.674661"
"-10","0","3.880719","0.996905","0.022435","1.673997"
"0","0","3.738646","0.997247","0.023219","1.67341"
"10","0","3.606609","0.997545","0.023992","1.672889"
"20","0","3.483579","0.997807","0.024755","1.672424"
"30","0","3.368667","0.998039","0.025507","1.672007"
"40","0","3.261093","0.998243","0.02625","1.671632"
"50","0","3.160177","0.998425","0.026982","1.671293"
"60","0","3.06532","0.998587","0.027705","1.670987"
"70","0","2.975991","0.998732","0.028418","1.670708"
"80","0","2.891721","0.998862","0.029123","1.670454"
"90","0","2.812092","0.998978","0.029819","1.670222"
"100","0","2.736731","0.999084","0.030506","1.67001"
"110","0","2.665304","0.999179","0.031186","1.669815"
"120","0","2.59751","0.999265","0.031858","1.669636"
"130","0","2.53308","0.999344","0.032522","1.66947"
"140","0","2.471769","0.999415","0.033179","1.669318"
"150","0","2.413355","0.99948","0.033829","1.669176"
"160","0","2.357639","0.999539","0.034472","1.669045"
"170","0","2.304437","0.999593","0.035109","1.668923"
"180","0","2.253583","0.999643","0.035739","1.66881"
"190","0","2.204926","0.999688","0.036363","1.668704"
"200","0","2.158325","0.99973","0.036982","1.668605"
"210","0","2.113653","0.999769","0.037594","1.668513"
"220","0","2.070792","0.999804","0.038201","1.668427"
"230","0","2.029636","0.999836","0.038803","1.668346"
"240","0","1.990083","0.999866","0.039399","1.66827"
"250","0","1.952043","0.999894","0.03999","1.668199"
"260","0","1.91543","0.99992","0.040576","1.668132"
"270","0","1.880164","0.999943","0.041157","1.668069"
"280","0","1.846174","0.999965","0.041733","1.668009"
"290","0","1.813391","0.999985","0.042305","1.667953"
"300","0","1.781752","1.000004","0.042872","1.6679"
"310","0","1.751198","1.000022","0.043435","1.66785"
"320","0","1.721675","1.000038","0.043993","1.667803"
"330","0","1.69313","1.000053","0.044547","1.667758"
"340","0","1.665516","1.000067","0.045096","1.667715"
"350","0","1.638789","1.00008","0.045642","1.667675"
"360","0","1.612906","1.000091","0.046184","1.667637"
"370","0","1.587827","1.000103","0.046721","1.6676"
"380","0","1.563517","1.000113","0.047255","1.667566"
"390","0","1.53994","1.000123","0.047785","1.667533"
"400","0","1.517063","1.000132","0.048311","1.667501"
"410","0","1.494857","1.00014","0.048834","1.667471"
"420","0","1.47329","1.000148","0.049353","1.667443"
"430","0","1.452338","1.000155","0.049868","1.667416"
"440","0","1.431973","1.000162","0.05038","1.66739"
"450","0","1.412171","1.000168","0.050889","1.667365"
"460","0","1.392909","1.000174","0.051394","1.667341"
"470","0","1.374166","1.000179","0.051896","1.667319"
"-100","10","64.105011","0.869865","0.015757","1.963604"
"-90","10","60.604874","0.89224","0.016547","1.910056"
"-80","10","57.467164","0.909331","0.017346","1.871221"
"-70","10","54.638359","0.922803","0.018147","1.841817"
"-60","10","52.074983","0.93366","0.018948","1.818838"
"-50","10","49.741352","0.942557","0.019745","1.800423"
"-40","10","47.607903","0.949947","0.020536","1.785362"
"-30","10","45.649939","0.956156","0.021322","1.772838"
"-20","10","43.846663","0.961422","0.0221","1.762278"
"-10","10","42.18044","0.965928","0.02287","1.753268"
"0","10","40.636217","0.96981","0.023631","1.745505"
"10","10","39.201069","0.973177","0.024384","1.738757"
"20","10","37.863833","0.976115","0.025129","1.732849"
"30","10","36.61482","0.978691","0.025864","1.72764"
"40","10","35.445578","0.980961","0.02659","1.723021"
"50","10","34.348701","0.982969","0.027308","1.718904"
"60","10","33.317673","0.984754","0.028018","1.715216"
"70","10","32.346737","0.986345","0.028719","1.711898"
"80","10","31.430788","0.987768","0.029412","1.708902"
"90","10","30.565283","0.989045","0.030097","1.706186"
"100","10","29.746168","0.990194","0.030775","1.703717"
"110","10","28.96981","0.99123","0.031445","1.701464"
"120","10","28.232946","0.992168","0.032108","1.699403"
"130","10","27.532637","0.993017","0.032763","1.697512"
"140","10","26.866229","0.993788","0.033413","1.695774"
"150","10","26.231319","0.99449","0.034055","1.694171"
"160","10","25.625725","0.99513","0.034691","1.692691"
"170","10","25.047462","0.995714","0.035322","1.691321"
"180","10","24.494721","0.996248","0.035946","1.69005"
"190","10","23.965848","0.996738","0.036564","1.68887"
"200","10","23.459331","0.997186","0.037177","1.687771"
"210","10","22.973782","0.997598","0.037784","1.686747"
"220","10","22.507924","0.997977","0.038386","1.68579"
"230","10","22.060584","0.998326","0.038982","1.684896"
"240","10","21.630679","0.998648","0.039574","1.684059"
"250","10","21.217209","0.998944","0.04016","1.683274"
"260","10","20.819249","0.999218","0.040742","1.682536"
"270","10","20.435943","0.999471","0.041319","1.681843"
"280","10","20.066497","0.999705","0.041892","1.681191"
"290","10","19.710171","0.999921","0.042459","1.680576"
"300","10","19.366279","1.000121","0.043023","1.679997"
"310","10","19.034181","1.000307","0.043582","1.67945"
"320","10","18.713281","1.000479","0.044137","1.678932"
"330","10","18.403022","1.000639","0.044688","1.678443"
"340","10","18.102883","1.000787","0.045234","1.67798"
"350","10","17.812377","1.000924","0.045777","1.67754"
"360","10","17.531047","1.001052","0.046316","1.677124"
"370","10","17.258466","1.00117","0.046851","1.676728"
"380","10","16.994232","1.00128","0.047382","1.676352"
"390","10","16.737967","1.001383","0.047909","1.675995"
"400","10","16.489315","1.001478","0.048433","1.675655"
"410","10","16.247944","1.001566","0.048953","1.675331"
"420","10","16.013536","1.001648","0.04947","1.675023"
"430","10","15.785796","1.001724","0.049983","1.674729"
"440","10","15.564443","1.001795","0.050493","1.674448"
"450","10","15.349212","1.001861","0.051","1.67418"
"460","10","15.139852","1.001922","0.051503","1.673924"
"470","10","14.936127","1.001979","0.052003","1.673679"
"-100","20","122.312181","0.063204","0.143594","3.079314"
"-90","20","115.633929","0.766723","0.017631","2.395489"
"-80","20","109.647187","0.810786","0.018276","2.210038"
"-70","20","104.249836","0.842502","0.01897","2.099278"
"-60","20","99.358922","0.86675","0.019689","2.024093"
"-50","20","94.906359","0.885945","0.020421","1.969432"
"-40","20","90.835746","0.901503","0.02116","1.927851"
"-30","20","87.099955","0.914336","0.0219","1.895157"
"-20","20","83.659309","0.925067","0.022639","1.868789"
"-10","20","80.48016","0.934143","0.023375","1.847091"
"0","20","77.533788","0.941891","0.024107","1.828941"
"10","20","74.795529","0.948559","0.024833","1.813552"
"20","20","72.244087","0.954339","0.025554","1.800355"
"30","20","69.860974","0.95938","0.026267","1.788927"
"40","20","67.630063","0.9638","0.026974","1.778947"
"50","20","65.537225","0.967696","0.027674","1.770168"
"60","20","63.570026","0.971145","0.028368","1.762396"
"70","20","61.717483","0.974209","0.029054","1.755475"
"80","20","59.969855","0.976943","0.029733","1.74928"
"90","20","58.318475","0.97939","0.030405","1.74371"
"100","20","56.755605","0.981587","0.031071","1.738681"
"110","20","55.274316","0.983564","0.03173","1.734122"
"120","20","53.868381","0.985349","0.032382","1.729975"
"130","20","52.532194","0.986964","0.033028","1.72619"
"140","20","51.26069","0.988429","0.033668","1.722727"
"150","20","50.049283","0.98976","0.034302","1.719547"
"160","20","48.893811","0.990972","0.034931","1.716622"
"170","20","47.790487","0.992077","0.035553","1.713924"
"180","20","46.735858","0.993086","0.03617","1.71143"
"190","20","45.726771","0.99401","0.036782","1.709119"
"200","20","44.760338","0.994857","0.037388","1.706974"
"210","20","43.833911","0.995634","0.037989","1.704979"
"220","20","42.945056","0.996347","0.038585","1.703121"
"230","20","42.091532","0.997004","0.039176","1.701387"
"240","20","41.271274","0.997608","0.039762","1.699766"
"250","20","40.482374","0.998165","0.040344","1.69825"
"260","20","39.723069","0.998679","0.040921","1.696828"
"270","20","38.991723","0.999154","0.041493","1.695493"
"280","20","38.286819","0.999592","0.042061","1.694239"
"290","20","37.60695","0.999998","0.042625","1.693059"
"300","20","36.950805","1.000373","0.043185","1.691947"
"310","20","36.317164","1.000721","0.04374","1.690899"
"320","20","35.704888","1.001043","0.044291","1.689909"
"330","20","35.112914","1.001341","0.044838","1.688973"
"340","20","34.54025","1.001618","0.045382","1.688088"
"350","20","33.985965","1.001875","0.045921","1.68725"
"360","20","33.449189","1.002114","0.046457","1.686456"
"370","20","32.929105","1.002335","0.046989","1.685702"
"380","20","32.424947","1.00254","0.047517","1.684986"
"390","20","31.935994","1.002731","0.048042","1.684306"
"400","20","31.461567","1.002908","0.048563","1.68366"
"410","20","31.001031","1.003073","0.04908","1.683044"
"420","20","30.553782","1.003225","0.049595","1.682458"
"430","20","30.119255","1.003367","0.050105","1.681899"
"440","20","29.696914","1.003499","0.050613","1.681367"
"450","20","29.286253","1.003621","0.051117","1.680858"
"460","20","28.886796","1.003735","0.051618","1.680373"
"470","20","28.498088","1.00384","0.052117","1.679908"
"-100","30","180.519351","0.09255","0.146824","3.001898"
"-90","30","170.662984","0.09386","0.121296","3.487807"
"-80","30","161.82721","0.679606","0.019762","3.072142"
"-70","30","153.861312","0.746142","0.020134","2.57995"
"-60","30","146.64286","0.790731","0.020671","2.351642"
"-50","30","140.071367","0.823811","0.02128","2.21361"
"-40","30","134.063588","0.849601","0.021927","2.119837"
"-30","30","128.549971","0.870327","0.022597","2.051634"
"-20","30","123.471956","0.887339","0.023278","1.999696"
"-10","30","118.779881","0.901525","0.023966","1.958798"
"0","30","114.431358","0.913504","0.024657","1.925758"
"10","30","110.38999","0.923724","0.025348","1.898521"
"20","30","106.624341","0.932519","0.026037","1.875698"
"30","30","103.107127","0.940144","0.026723","1.856312"
"40","30","99.814548","0.946798","0.027406","1.839657"
"50","30","96.725748","0.952636","0.028084","1.825208"
"60","30","93.822379","0.957785","0.028757","1.812569"
"70","30","91.088228","0.962347","0.029425","1.801431"
"80","30","88.508921","0.966405","0.030087","1.791552"
"90","30","86.071666","0.970028","0.030744","1.78274"
"100","30","83.765042","0.973273","0.031396","1.774839"
"110","30","81.578822","0.976189","0.032042","1.767723"
"120","30","79.503817","0.978817","0.032682","1.761286"
"130","30","77.531751","0.981191","0.033317","1.755442"
"140","30","75.655151","0.98334","0.033947","1.750117"
"150","30","73.867247","0.985291","0.034571","1.74525"
"160","30","72.161897","0.987065","0.03519","1.740788"
"170","30","70.533511","0.988681","0.035804","1.736686"
"180","30","68.976996","0.990156","0.036412","1.732906"
"190","30","67.487694","0.991504","0.037016","1.729414"
"200","30","66.061345","0.992739","0.037615","1.726181"
"210","30","64.69404","0.993871","0.038209","1.723181"
"220","30","63.382187","0.99491","0.038799","1.720393"
"230","30","62.122479","0.995865","0.039384","1.717796"
"240","30","60.911869","0.996743","0.039964","1.715374"
"250","30","59.74754","0.997553","0.04054","1.71311"
"260","30","58.626888","0.998299","0.041112","1.710992"
"270","30","57.547502","0.998988","0.04168","1.709006"
"280","30","56.507142","0.999624","0.042243","1.707143"
"290","30","55.50373","1.000212","0.042802","1.705392"
"300","30","54.535332","1.000756","0.043357","1.703744"
"310","30","53.600147","1.00126","0.043908","1.702192"
"320","30","52.696494","1.001726","0.044455","1.700727"
"330","30","51.822806","1.002158","0.044999","1.699345"
"340","30","50.977617","1.002558","0.045538","1.698038"
"350","30","50.159553","1.002929","0.046074","1.696801"
"360","30","49.367331","1.003273","0.046606","1.69563"
"370","30","48.599744","1.003593","0.047135","1.69452"
"380","30","47.855662","1.003889","0.04766","1.693466"
"390","30","47.13402","1.004164","0.048182","1.692466"
"400","30","46.433819","1.00442","0.0487","1.691515"
"410","30","45.754118","1.004657","0.049215","1.690611"
"420","30","45.094028","1.004877","0.049726","1.68975"
"430","30","44.452714","1.005081","0.050235","1.688929"
"440","30","43.829385","1.00527","0.05074","1.688147"
"450","30","43.223295","1.005446","0.051242","1.687402"
"460","30","42.633739","1.005609","0.05174","1.686689"
"470","30","42.060049","1.00576","0.052236","1.686009"
"-100","40","238.72652","0.121504","0.149917","2.934477"
"-90","40","225.692039","0.122652","0.124975","3.346211"
"-80","40","214.007233","0.127613","0.100513","4.191737"
"-70","40","203.472789","0.614807","0.02217","3.960539"
"-60","40","193.926798","0.700252","0.022098","2.963496"
"-50","40","185.236375","0.754216","0.022427","2.593787"
"-40","40","177.29143","0.793488","0.022902","2.388803"
"-30","40","169.999988","0.823852","0.023451","2.256013"
"-20","40","163.284602","0.848163","0.024043","2.162309"
"-10","40","157.079601","0.868087","0.02466","2.092425"
"0","40","151.328929","0.884699","0.025294","2.038226"
"10","40","145.98445","0.898732","0.025937","1.994944"
"20","40","141.004595","0.910715","0.026585","1.959584"
"30","40","136.353281","0.921039","0.027237","1.930164"
"40","40","131.999032","0.930001","0.027888","1.905319"
"50","40","127.914272","0.937831","0.028539","1.884074"
"60","40","124.074732","0.944711","0.029188","1.865716"
"70","40","120.458974","0.950787","0.029834","1.849707"
"80","40","117.047988","0.956176","0.030477","1.835639"
"90","40","113.824857","0.960977","0.031116","1.823188"
"100","40","110.774479","0.965268","0.031751","1.812104"
"110","40","107.883328","0.969117","0.032381","1.802181"
"120","40","105.139252","0.972579","0.033008","1.793255"
"130","40","102.531308","0.975701","0.03363","1.785191"
"140","40","100.049612","0.978525","0.034248","1.777875"
"150","40","97.685211","0.981085","0.034861","1.771215"
"160","40","95.429983","0.98341","0.035469","1.765131"
"170","40","93.276536","0.985526","0.036073","1.759557"
"180","40","91.218133","0.987455","0.036673","1.754434"
"190","40","89.248617","0.989218","0.037268","1.749715"
"200","40","87.362352","0.99083","0.037859","1.745356"
"210","40","85.554169","0.992307","0.038446","1.741322"
"220","40","83.819319","0.993662","0.039028","1.737579"
"230","40","82.153427","0.994906","0.039606","1.7341"
"240","40","80.552464","0.996051","0.04018","1.73086"
"250","40","79.012706","0.997104","0.04075","1.727838"
"260","40","77.530708","0.998075","0.041316","1.725013"
"270","40","76.103281","0.99897","0.041878","1.722369"
"280","40","74.727465","0.999797","0.042436","1.719891"
"290","40","73.40051","1.000561","0.04299","1.717565"
"300","40","72.119859","1.001266","0.04354","1.715379"
"310","40","70.88313","1.001919","0.044087","1.713321"
"320","40","69.688101","1.002524","0.04463","1.711382"
"330","40","68.532698","1.003084","0.045169","1.709553"
"340","40","67.414983","1.003602","0.045704","1.707825"
"350","40","66.333141","1.004083","0.046236","1.706191"
"360","40","65.285473","1.004528","0.046765","1.704645"
"370","40","64.270383","1.004941","0.04729","1.703181"
"380","40","63.286377","1.005324","0.047812","1.701792"
"390","40","62.332047","1.00568","0.04833","1.700474"
"400","40","61.406071","1.00601","0.048845","1.699221"
"410","40","60.507205","1.006316","0.049357","1.698031"
"420","40","59.634274","1.006599","0.049865","1.696898"
"430","40","58.786172","1.006863","0.050371","1.69582"
"440","40","57.961855","1.007107","0.050873","1.694792"
"450","40","57.160336","1.007333","0.051372","1.693812"
"460","40","56.380682","1.007543","0.051869","1.692876"
"470","40","55.62201","1.007737","0.052362","1.691983"
"-100","50","296.93369","0.150108","0.152894","2.874935"
"-90","50","280.721094","0.15095","0.128394","3.231704"
"-80","50","266.187256","0.155487","0.105215","3.869202"
"-70","50","253.084265","0.170873","0.078494","6.049898"
"-60","50","241.210736","0.580687","0.024654","4.617632"
"-50","50","230.401382","0.673833","0.024088","3.259329"
"-40","50","220.519273","0.732208","0.024191","2.784526"
"-30","50","211.450004","0.774667","0.024524","2.528831"
"-20","50","203.097248","0.807539","0.024971","2.36611"
"-10","50","195.379321","0.833912","0.025483","2.252632"
"0","50","188.2265","0.855577","0.026035","2.168701"
"10","50","181.57891","0.873683","0.026613","2.104005"
"20","50","175.384849","0.889017","0.027208","2.052579"
"30","50","169.599434","0.902141","0.027814","2.010715"
"40","50","164.183517","0.913474","0.028427","1.975983"
"50","50","159.102796","0.923332","0.029044","1.946718"
"60","50","154.327085","0.931963","0.029664","1.92174"
"70","50","149.82972","0.939562","0.030284","1.900187"
"80","50","145.587055","0.946284","0.030903","1.881415"
"90","50","141.578049","0.952258","0.031521","1.864932"
"100","50","137.783916","0.957588","0.032137","1.850357"
"110","50","134.187834","0.962359","0.03275","1.837388"
"120","50","130.774688","0.966644","0.03336","1.825784"
"130","50","127.530866","0.970503","0.033968","1.815349"
"140","50","124.444072","0.973989","0.034572","1.805923"
"150","50","121.503175","0.977145","0.035172","1.797374"
"160","50","118.698069","0.980009","0.035769","1.789591"
"170","50","116.019561","0.982613","0.036362","1.782482"
"180","50","113.459271","0.984985","0.036952","1.775967"
"190","50","111.00954","0.98715","0.037537","1.769981"
"200","50","108.663359","0.989129","0.038119","1.764465"
"210","50","106.414299","0.99094","0.038697","1.759369"
"220","50","104.25645","0.992601","0.039272","1.754652"
"230","50","102.184375","0.994126","0.039842","1.750274"
"240","50","100.193059","0.995527","0.040409","1.746205"
"250","50","98.277871","0.996816","0.040973","1.742414"
"260","50","96.434528","0.998003","0.041532","1.738876"
"270","50","94.65906","0.999097","0.042088","1.735569"
"280","50","92.947787","1.000107","0.04264","1.732473"
"290","50","91.297289","1.001039","0.043189","1.72957"
"300","50","89.704385","1.001901","0.043734","1.726844"
"310","50","88.166112","1.002697","0.044275","1.724281"
"320","50","86.679707","1.003434","0.044813","1.721868"
"330","50","85.24259","1.004116","0.045348","1.719593"
"340","50","83.85235","1.004748","0.045879","1.717446"
"350","50","82.506729","1.005333","0.046407","1.715418"
"360","50","81.203614","1.005875","0.046932","1.713499"
"370","50","79.941022","1.006377","0.047453","1.711683"
"380","50","78.717092","1.006843","0.047971","1.709962"
"390","50","77.530074","1.007275","0.048486","1.708329"
"400","50","76.378323","1.007675","0.048997","1.706779"
"410","50","75.260292","1.008047","0.049506","1.705306"
"420","50","74.17452","1.008391","0.050011","1.703904"
"430","50","73.119631","1.00871","0.050514","1.702571"
"440","50","72.094326","1.009006","0.051013","1.7013"
"450","50","71.097377","1.00928","0.05151","1.700089"
"460","50","70.127625","1.009533","0.052003","1.698934"
"470","50","69.183972","1.009768","0.052494","1.697831"
"-100","60","355.14086","0.178395","0.155773","2.821758"
"-90","60","335.750149","0.178822","0.131611","3.136104"
"-80","60","318.367279","0.18286","0.109316","3.646845"
"-70","60","302.695741","0.194854","0.086058","4.817447"
"-60","60","288.494674","0.314865","0.039947","30.690745"
"-50","60","275.56639","0.576209","0.026908","4.680416"
"-40","60","263.747115","0.664646","0.026006","3.401514"
"-30","60","252.90002","0.722672","0.025911","2.900009"
"-20","60","242.909895","0.765607","0.026115","2.622629"
"-10","60","233.679042","0.799182","0.026469","2.444297"
"0","60","225.124071","0.826312","0.026909","2.319302"
"10","60","217.173371","0.848725","0.027403","2.226581"
"20","60","209.765103","0.867545","0.027933","2.154973"
"30","60","202.845588","0.883548","0.028487","2.097976"
"40","60","196.368002","0.897295","0.029056","2.05153"
"50","60","190.291319","0.909203","0.029637","2.012965"
"60","60","184.579438","0.919592","0.030224","1.980448"
"70","60","179.200466","0.928712","0.030816","1.952677"
"80","60","174.126122","0.93676","0.031411","1.928701"
"90","60","169.33124","0.943897","0.032006","1.907807"
"100","60","164.793354","0.950251","0.032602","1.889452"
"110","60","160.492339","0.95593","0.033197","1.873213"
"120","60","156.410123","0.961024","0.03379","1.858757"
"130","60","152.530423","0.965605","0.034382","1.845815"
"140","60","148.838533","0.969738","0.034972","1.834171"
"150","60","145.321139","0.973476","0.035558","1.823649"
"160","60","141.966155","0.976865","0.036142","1.8141"
"170","60","138.762586","0.979943","0.036724","1.805403"
"180","60","135.700408","0.982745","0.037302","1.797454"
"190","60","132.770463","0.9853","0.037877","1.790167"
"200","60","129.964366","0.987634","0.038448","1.783467"
"210","60","127.274428","0.98977","0.039017","1.777291"
"220","60","124.693582","0.991726","0.039582","1.771583"
"230","60","122.215323","0.993521","0.040144","1.766295"
"240","60","119.833655","0.995169","0.040702","1.761387"
"250","60","117.543037","0.996685","0.041257","1.75682"
"260","60","115.338347","0.998081","0.041809","1.752565"
"270","60","113.214839","0.999366","0.042357","1.748592"
"280","60","111.16811","1.000552","0.042902","1.744877"
"290","60","109.194069","1.001646","0.043444","1.741396"
"300","60","107.288912","1.002657","0.043982","1.738131"
"310","60","105.449095","1.00359","0.044517","1.735064"
"320","60","103.671314","1.004454","0.045049","1.732179"
"330","60","101.952483","1.005253","0.045577","1.729461"
"340","60","100.289717","1.005992","0.046103","1.726898"
"350","60","98.680318","1.006677","0.046625","1.724478"
"360","60","97.121756","1.007311","0.047144","1.72219"
"370","60","95.611661","1.007899","0.04766","1.720026"
"380","60","94.147807","1.008443","0.048172","1.717976"
"390","60","92.728101","1.008947","0.048682","1.716032"
"400","60","91.350575","1.009415","0.049189","1.714187"
"410","60","90.013379","1.009848","0.049693","1.712435"
"420","60","88.714766","1.010249","0.050193","1.710769"
"430","60","87.453089","1.010621","0.050691","1.709184"
"440","60","86.226796","1.010965","0.051186","1.707675"
"450","60","85.034419","1.011284","0.051678","1.706236"
"460","60","83.874568","1.011579","0.052168","1.704865"
"470","60","82.745933","1.011852","0.052654","1.703556"
"-100","70","413.348029","0.206395","0.158566","2.773826"
"-90","70","390.779204","0.206322","0.134666","3.054424"
"-80","70","370.547302","0.209797","0.113013","3.479442"
"-70","70","352.307218","0.219869","0.091598","4.278666"
"-60","70","335.778613","0.251719","0.065745","7.056114"
"-50","70","320.731397","0.450646","0.033206","8.474785"
"-40","70","306.974957","0.590111","0.028763","4.409783"
"-30","70","294.350036","0.668187","0.02777","3.408043"
"-20","70","282.722541","0.722766","0.027549","2.94362"
"-10","70","271.978762","0.764237","0.02765","2.671405"
"0","70","262.021641","0.797172","0.027922","2.491306"
"10","70","252.767831","0.824066","0.028295","2.362915"
"20","70","244.145357","0.846461","0.028732","2.266606"
"30","70","236.091741","0.865385","0.029213","2.191638"
"40","70","228.552487","0.881562","0.029723","2.131615"
"50","70","221.479843","0.895519","0.030254","2.08248"
"60","70","214.831791","0.907657","0.030799","2.041535"
"70","70","208.571212","0.918283","0.031355","2.006907"
"80","70","202.665188","0.92764","0.031917","1.977259"
"90","70","197.084431","0.935919","0.032485","1.951606"
"100","70","191.802791","0.943279","0.033056","1.92921"
"110","70","186.796845","0.949848","0.033628","1.909503"
"120","70","182.045558","0.95573","0.034202","1.892041"
"130","70","177.52998","0.961016","0.034775","1.876475"
"140","70","173.232994","0.965779","0.035347","1.862523"
"150","70","169.139103","0.970082","0.035918","1.849955"
"160","70","165.234241","0.97398","0.036488","1.838585"
"170","70","161.505611","0.977518","0.037056","1.828257"
"180","70","157.941545","0.980736","0.037622","1.818841"
"190","70","154.531386","0.983669","0.038185","1.810228"
"200","70","151.265373","0.986346","0.038746","1.802325"
"210","70","148.134557","0.988793","0.039304","1.795052"
"220","70","145.130713","0.991035","0.03986","1.788342"
"230","70","142.246271","0.99309","0.040412","1.782137"
"240","70","139.47425","0.994976","0.040962","1.776384"
"250","70","136.808203","0.99671","0.041509","1.771039"
"260","70","134.242167","0.998305","0.042053","1.766065"
"270","70","131.770618","0.999774","0.042594","1.761425"
"280","70","129.388432","1.001128","0.043133","1.757091"
"290","70","127.090848","1.002378","0.043668","1.753035"
"300","70","124.873439","1.003531","0.0442","1.749233"
"310","70","122.732078","1.004596","0.044729","1.745664"
"320","70","120.662921","1.00558","0.045255","1.74231"
"330","70","118.662375","1.006491","0.045778","1.739152"
"340","70","116.727084","1.007333","0.046298","1.736176"
"350","70","114.853906","1.008113","0.046815","1.733368"
"360","70","113.039898","1.008834","0.04733","1.730716"
"370","70","111.2823","1.009503","0.047841","1.728207"
"380","70","109.578521","1.010121","0.048349","1.725832"
"390","70","107.926127","1.010695","0.048855","1.723581"
"400","70","106.322827","1.011225","0.049358","1.721446"
"410","70","104.766466","1.011717","0.049857","1.719418"
"420","70","103.255012","1.012172","0.050354","1.717492"
"430","70","101.786548","1.012594","0.050849","1.715659"
"440","70","100.359267","1.012984","0.05134","1.713915"
"450","70","98.97146","1.013345","0.051829","1.712253"
"460","70","97.621512","1.013679","0.052315","1.710669"
"470","70","96.307894","1.013987","0.052798","1.709158"
"-100","80","471.555199","0.234131","0.161284","2.730286"
"-90","80","445.80826","0.233489","0.137585","2.983403"
"-80","80","422.727325","0.23635","0.116416","3.346488"
"-70","80","401.918694","0.244997","0.09618","3.950033"
"-60","80","383.062551","0.267164","0.074489","5.305663"
"-50","80","365.896405","0.349386","0.047201","9.247366"
"-40","80","350.2028","0.511712","0.033249","5.917373"
"-30","80","335.800052","0.612602","0.030314","4.079538"
"-20","80","322.535188","0.679867","0.029362","3.334898"
"-10","80","310.278483","0.72964","0.029078","2.934738"
"0","80","298.919212","0.768544","0.02911","2.684171"
"10","80","288.362291","0.799982","0.029318","2.512168"
"20","80","278.525611","0.825966","0.029634","2.38665"
"30","80","269.337895","0.847801","0.030022","2.29097"
"40","80","260.736972","0.866385","0.030458","2.215614"
"50","80","252.668367","0.882365","0.030929","2.154743"
"60","80","245.084144","0.896222","0.031424","2.104565"
"70","80","237.941958","0.908325","0.031937","2.062515"
"80","80","231.204255","0.918961","0.032463","2.026788"
"90","80","224.837623","0.928356","0.032998","1.996079"
"100","80","218.812228","0.936696","0.033541","1.969422"
"110","80","213.101351","0.944128","0.034088","1.94608"
"120","80","207.680994","0.950777","0.034638","1.925489"
"130","80","202.529537","0.956745","0.035191","1.907204"
"140","80","197.627454","0.962118","0.035744","1.89087"
"150","80","192.957067","0.966968","0.036298","1.876203"
"160","80","188.502327","0.971358","0.036852","1.86297"
"170","80","184.248635","0.97534","0.037406","1.85098"
"180","80","180.182683","0.978959","0.037958","1.840072"
"190","80","176.292309","0.982255","0.038509","1.830115"
"200","80","172.56638","0.985263","0.039058","1.820996"
"210","80","168.994686","0.988011","0.039605","1.812618"
"220","80","165.567845","0.990525","0.04015","1.804901"
"230","80","162.277219","0.99283","0.040693","1.797774"
"240","80","159.114845","0.994945","0.041234","1.791175"
"250","80","156.073369","0.996888","0.041772","1.785052"
"260","80","153.145987","0.998675","0.042308","1.779359"
"270","80","150.326397","1.000319","0.042842","1.774055"
"280","80","147.608755","1.001835","0.043373","1.769104"
"290","80","144.987628","1.003232","0.043901","1.764475"
"300","80","142.457965","1.004521","0.044426","1.76014"
"310","80","140.015061","1.005711","0.044949","1.756074"
"320","80","137.654527","1.006811","0.045469","1.752255"
"330","80","135.372267","1.007828","0.045987","1.748662"
"340","80","133.16445","1.008768","0.046501","1.745278"
"350","80","131.027494","1.009638","0.047013","1.742087"
"360","80","128.95804","1.010442","0.047522","1.739073"
"370","80","126.952939","1.011187","0.048029","1.736225"
"380","80","125.009236","1.011877","0.048533","1.73353"
"390","80","123.124154","1.012515","0.049034","1.730976"
"400","80","121.295079","1.013106","0.049532","1.728555"
"410","80","119.519553","1.013652","0.050028","1.726257"
"420","80","117.795257","1.014159","0.050521","1.724074"
"430","80","116.120007","1.014627","0.051011","1.721998"
"440","80","114.491738","1.01506","0.051499","1.720023"
"450","80","112.908501","1.01546","0.051984","1.718142"
"460","80","111.368455","1.01583","0.052467","1.716349"
"470","80","109.869855","1.016172","0.052947","1.714638"
"-100","90","529.762369","0.261621","0.163936","2.690473"
"-90","90","500.837315","0.260355","0.140391","2.920791"
"-80","90","474.907348","0.262561","0.119593","3.237033"
"-70","90","451.530171","0.270011","0.100181","3.719458"
"-60","90","430.346489","0.287565","0.080588","4.597367"
"-50","90","411.061412","0.333031","0.058823","6.546151"
"-40","90","393.430642","0.446091","0.040257","6.976172"
"-30","90","377.250069","0.55958","0.033808","4.84742"
"-20","90","362.347834","0.638454","0.031654","3.781927"
"-10","90","348.578203","0.696237","0.030798","3.227945"
"0","90","335.816783","0.740954","0.030497","2.894192"
"10","90","323.956751","0.77682","0.030487","2.671897"
"20","90","312.905864","0.8063","0.030649","2.513384"
"30","90","302.584048","0.830967","0.030921","2.394713"
"40","90","292.921457","0.851891","0.031267","2.302584"
"50","90","283.856891","0.869834","0.031666","2.229025"
"60","90","275.336498","0.885359","0.032102","2.168972"
"70","90","267.312703","0.898892","0.032565","2.119051"
"80","90","259.743322","0.910765","0.033048","2.076928"
"90","90","252.590814","0.921239","0.033547","2.040934"
"100","90","245.821665","0.930524","0.034057","2.009847"
"110","90","239.405857","0.938791","0.034576","1.982749"
"120","90","233.316429","0.946179","0.0351","1.958938"
"130","90","227.529094","0.952804","0.03563","1.937866"
"140","90","222.021915","0.958764","0.036163","1.919101"
"150","90","216.775031","0.964141","0.036698","1.902298"
"160","90","211.770412","0.969003","0.037235","1.887175"
"170","90","206.99166","0.973412","0.037772","1.873502"
"180","90","202.42382","0.977416","0.03831","1.86109"
"190","90","198.053232","0.981061","0.038847","1.84978"
"200","90","193.867387","0.984385","0.039383","1.839439"
"210","90","189.854816","0.987421","0.039919","1.829954"
"220","90","186.004977","0.990198","0.040453","1.821229"
"230","90","182.308167","0.992742","0.040986","1.81318"
"240","90","178.75544","0.995075","0.041517","1.805738"
"250","90","175.338534","0.997217","0.042046","1.798839"
"260","90","172.049806","0.999187","0.042573","1.792432"
"270","90","168.882177","1.000999","0.043099","1.786468"
"280","90","165.829077","1.002668","0.043622","1.780905"
"290","90","162.884408","1.004206","0.044143","1.775709"
"300","90","160.042492","1.005625","0.044661","1.770846"
"310","90","157.298044","1.006935","0.045177","1.766288"
"320","90","154.646134","1.008144","0.045691","1.762009"
"330","90","152.082159","1.009262","0.046202","1.757986"
"340","90","149.601817","1.010295","0.046711","1.754199"
"350","90","147.201082","1.01125","0.047218","1.75063"
"360","90","144.876181","1.012133","0.047722","1.747261"
"370","90","142.623578","1.01295","0.048223","1.744078"
"380","90","140.439951","1.013706","0.048722","1.741068"
"390","90","138.322181","1.014406","0.049218","1.738217"
"400","90","136.267331","1.015053","0.049712","1.735514"
"410","90","134.27264","1.015652","0.050204","1.73295"
"420","90","132.335503","1.016206","0.050693","1.730515"
"430","90","130.453465","1.016718","0.051179","1.728201"
"440","90","128.624208","1.017191","0.051663","1.725999"
"450","90","126.845543","1.017629","0.052144","1.723902"
"460","90","125.115398","1.018033","0.052623","1.721904"
"470","90","123.431816","1.018405","0.0531","1.719999"
"-100","100","587.969539","0.288885","0.166528","2.653862"
"-90","100","555.86637","0.286949","0.1431","2.864971"
"-80","100","527.08737","0.288463","0.122591","3.144566"
"-70","100","501.141647","0.294837","0.103783","3.54467"
"-60","100","477.630427","0.309435","0.085493","4.185194"
"-50","100","456.22642","0.341562","0.066569","5.329001"
"-40","100","436.658484","0.413537","0.048479","6.496181"
"-30","100","418.700085","0.515761","0.038392","5.432811"
"-20","100","402.16048","0.600915","0.034507","4.228721"
"-10","100","386.877924","0.665182","0.032851","3.532729"
"0","100","372.714353","0.715059","0.032106","3.1131"
"10","100","359.551212","0.754995","0.031815","2.837577"
"20","100","347.286118","0.787741","0.031783","2.64403"
"30","100","335.830202","0.815077","0.031914","2.501024"
"40","100","325.105942","0.838219","0.032153","2.391232"
"50","100","315.045414","0.858028","0.032466","2.304391"
"60","100","305.588851","0.875141","0.032833","2.234054"
"70","100","296.683449","0.890039","0.033239","2.175979"
"80","100","288.282389","0.903095","0.033674","2.12726"
"90","100","280.344006","0.9146","0.034131","2.085839"
"100","100","272.831102","0.92479","0.034605","2.050222"
"110","100","265.710363","0.933854","0.035091","2.019295"
"120","100","258.951865","0.941949","0.035588","1.992212"
"130","100","252.528651","0.949203","0.036093","1.968317"
"140","100","246.416376","0.955725","0.036603","1.947096"
"150","100","240.592994","0.961605","0.037118","1.928139"
"160","100","235.038498","0.96692","0.037635","1.911116"
"170","100","229.734685","0.971736","0.038156","1.895755"
"180","100","224.664958","0.976109","0.038677","1.881836"
"190","100","219.814154","0.980087","0.0392","1.869173"
"200","100","215.168394","0.983713","0.039723","1.857613"
"210","100","210.714945","0.987024","0.040246","1.847023"
"220","100","206.442108","0.990051","0.040768","1.837294"
"230","100","202.339115","0.992823","0.04129","1.828331"
"240","100","198.396035","0.995364","0.041811","1.82005"
"250","100","194.6037","0.997697","0.04233","1.812383"
"260","100","190.953626","0.999841","0.042848","1.805268"
"270","100","187.437956","1.001812","0.043365","1.79865"
"280","100","184.0494","1.003627","0.04388","1.792483"
"290","100","180.781187","1.0053","0.044393","1.786726"
"300","100","177.627018","1.006842","0.044904","1.781342"
"310","100","174.581027","1.008265","0.045413","1.776298"
"320","100","171.63774","1.009578","0.04592","1.771566"
"330","100","168.792051","1.010791","0.046425","1.76712"
"340","100","166.039184","1.011912","0.046928","1.762937"
"350","100","163.37467","1.012947","0.047429","1.758995"
"360","100","160.794323","1.013905","0.047927","1.755277"
"370","100","158.294217","1.01479","0.048423","1.751765"
"380","100","155.870666","1.015609","0.048917","1.748445"
"390","100","153.520208","1.016367","0.049409","1.745302"
"400","100","151.239583","1.017067","0.049898","1.742323"
"410","100","149.025727","1.017714","0.050385","1.739498"
"420","100","146.875749","1.018313","0.050869","1.736816"
"430","100","144.786924","1.018866","0.051352","1.734267"
"440","100","142.756679","1.019377","0.051832","1.731843"
"450","100","140.782584","1.019849","0.052309","1.729535"
"460","100","138.862341","1.020284","0.052784","1.727337"
"470","100","136.993777","1.020685","0.053257","1.72524"
"-100","110","646.176708","0.315937","0.169067","2.620026"
"-90","110","610.895425","0.313291","0.145724","2.814744"
"-80","110","579.267393","0.314085","0.125442","3.064915"
"-70","110","550.753124","0.319454","0.107092","3.405513"
"-60","110","524.914366","0.33186","0.089696","3.905054"
"-50","110","501.391427","0.357006","0.072451","4.682551"
"-40","110","479.886327","0.407065","0.055804","5.636075"
"-30","110","460.150101","0.487396","0.043778","5.542082"
"-20","110","441.973127","0.570128","0.037929","4.575296"
"-10","110","425.177644","0.637844","0.035255","3.816598"
"0","110","409.611924","0.691613","0.033948","3.327398"
"10","110","395.145672","0.734964","0.033309","3.002428"
"20","110","381.666372","0.770586","0.033043","2.774708"
"30","110","369.076355","0.800334","0.033006","2.607475"
"40","110","357.290426","0.82551","0.033117","2.479941"
"50","110","346.233938","0.84705","0.033332","2.379707"
"60","110","335.841204","0.865646","0.033619","2.29899"
"70","110","326.054195","0.881825","0.033959","2.232687"
"80","110","316.821456","0.895993","0.03434","2.177317"
"90","110","308.097197","0.908472","0.03475","2.130432"
"100","110","299.840539","0.919517","0.035184","2.090261"
"110","110","292.014869","0.929337","0.035635","2.05549"
"120","110","284.5873","0.938103","0.036101","2.025127"
"130","110","277.528208","0.945954","0.036578","1.998407"
"140","110","270.810836","0.95301","0.037064","1.974732"
"150","110","264.410958","0.959368","0.037556","1.953626"
"160","110","258.306584","0.965113","0.038054","1.934708"
"170","110","252.47771","0.970316","0.038555","1.917668"
"180","110","246.906095","0.975039","0.03906","1.90225"
"190","110","241.575077","0.979334","0.039567","1.888245"
"200","110","236.469401","0.983248","0.040076","1.875474"
"210","110","231.575074","0.986819","0.040585","1.863791"
"220","110","226.87924","0.990084","0.041095","1.853069"
"230","110","222.370063","0.993073","0.041605","1.843199"
"240","110","218.036631","0.995812","0.042115","1.834091"
"250","110","213.868866","0.998325","0.042624","1.825665"
"260","110","209.857445","1.000634","0.043133","1.817851"
"270","110","205.993735","1.002757","0.04364","1.810589"
"280","110","202.269723","1.004711","0.044146","1.803827"
"290","110","198.677967","1.00651","0.044651","1.797517"
"300","110","195.211545","1.008169","0.045155","1.79162"
"310","110","191.864009","1.009698","0.045657","1.786099"
"320","110","188.629347","1.01111","0.046157","1.780922"
"330","110","185.501943","1.012413","0.046655","1.776059"
"340","110","182.476551","1.013617","0.047152","1.771486"
"350","110","179.548258","1.014729","0.047646","1.76718"
"360","110","176.712465","1.015756","0.048139","1.763119"
"370","110","173.964856","1.016706","0.048629","1.759284"
"380","110","171.301381","1.017584","0.049118","1.75566"
"390","110","168.718234","1.018395","0.049605","1.75223"
"400","110","166.211835","1.019145","0.050089","1.748981"
"410","110","163.778814","1.019838","0.050571","1.7459"
"420","110","161.415995","1.020478","0.051051","1.742976"
"430","110","159.120383","1.021069","0.051529","1.740198"
"440","110","156.88915","1.021615","0.052005","1.737556"
"450","110","154.719625","1.022119","0.052478","1.735042"
"460","110","152.609285","1.022583","0.05295","1.732647"
"470","110","150.555738","1.023011","0.053419","1.730364"
"-100","120","704.383878","0.342789","0.171557","2.588616"
"-90","120","665.92448","0.339401","0.148275","2.769196"
"-80","120","631.447416","0.339451","0.128171","2.995249"
"-70","120","600.3646","0.343859","0.110175","3.290906"
"-60","120","572.198304","0.354491","0.09343","3.69756"
"-50","120","546.556435","0.375176","0.077293","4.274387"
"-40","120","523.114169","0.413166","0.061876","4.986464"
"-30","120","501.600117","0.474767","0.049322","5.274568"
"-20","120","481.785773","0.54834","0.04181","4.733624"
"-10","120","463.477365","0.615549","0.037994","4.039307"
"0","120","446.509495","0.671373","0.036021","3.519591"
"10","120","430.740132","0.717191","0.03497","3.15781"
"20","120","416.046626","0.755136","0.034429","2.900621"
"30","120","402.322509","0.786942","0.034195","2.711156"
"40","120","389.474911","0.81391","0.034161","2.566822"
"50","120","377.422462","0.837004","0.034262","2.453684"
"60","120","366.093557","0.85695","0.034459","2.362865"
"70","120","355.424941","0.874305","0.034726","2.288503"
"80","120","345.360522","0.889503","0.035046","2.226596"
"90","120","335.850388","0.902887","0.035405","2.174326"
"100","120","326.849976","0.914731","0.035794","2.129661"
"110","120","318.319375","0.92526","0.036207","2.091094"
"120","120","310.222736","0.934654","0.036639","2.057492"
"130","120","302.527765","0.943068","0.037086","2.027981"
"140","120","295.205297","0.950626","0.037545","2.001882"
"150","120","288.228922","0.957435","0.038014","1.978654"
"160","120","281.57467","0.963586","0.038489","1.957867"
"170","120","275.220734","0.969155","0.038971","1.939169"
"180","120","269.147233","0.974209","0.039458","1.922274"
"190","120","263.336","0.978804","0.039948","1.906945"
"200","120","257.770408","0.982989","0.040441","1.892983"
"210","120","252.435203","0.986808","0.040937","1.880222"
"220","120","247.316371","0.990298","0.041433","1.868521"
"230","120","242.401011","0.993491","0.041931","1.857761"
"240","120","237.677226","0.996417","0.042429","1.847839"
"250","120","233.134031","0.999101","0.042928","1.838667"
"260","120","228.761265","1.001566","0.043426","1.830166"
"270","120","224.549514","1.003832","0.043924","1.822272"
"280","120","220.490045","1.005917","0.044421","1.814925"
"290","120","216.574746","1.007836","0.044918","1.808073"
"300","120","212.796072","1.009605","0.045413","1.801673"
"310","120","209.146992","1.011235","0.045907","1.795684"
"320","120","205.620953","1.012739","0.0464","1.79007"
"330","120","202.211835","1.014127","0.046892","1.7848"
"340","120","198.913917","1.015409","0.047382","1.779845"
"350","120","195.721846","1.016592","0.04787","1.77518"
"360","120","192.630606","1.017685","0.048357","1.770783"
"370","120","189.635495","1.018695","0.048841","1.766633"
"380","120","186.732096","1.019628","0.049324","1.762712"
"390","120","183.916261","1.02049","0.049806","1.759001"
"400","120","181.184087","1.021286","0.050285","1.755488"
"410","120","178.531901","1.022021","0.050762","1.752157"
"420","120","175.956241","1.0227","0.051238","1.748996"
"430","120","173.453841","1.023327","0.051711","1.745993"
"440","120","171.02162","1.023905","0.052183","1.743139"
"450","120","168.656667","1.024438","0.052652","1.740422"
"460","120","166.356228","1.024929","0.05312","1.737835"
"470","120","164.1177","1.025381","0.053585","1.73537"
"-100","130","762.591048","0.369454","0.174004","2.559346"
"-90","130","720.953535","0.365295","0.15076","2.727614"
"-80","130","683.627439","0.36458","0.130794","2.933562"
"-70","130","649.976076","0.368055","0.113078","3.194146"
"-60","130","619.482242","0.37717","0.096823","3.535278"
"-50","130","591.721443","0.394642","0.081472","3.987889"
"-40","130","566.342011","0.42515","0.066988","4.531809"
"-30","130","543.050133","0.473546","0.05454","4.898765"
"-20","130","521.59842","0.535985","0.045936","4.701639"
"-10","130","501.777085","0.599199","0.041012","4.169894"
"0","130","483.407065","0.654976","0.038309","3.672049"
"10","130","466.334593","0.702093","0.036791","3.294386"
"20","130","450.42688","0.741669","0.035936","3.016508"
"30","130","435.568662","0.775092","0.035481","2.808882"
"40","130","421.659396","0.803553","0.035282","2.649828"
"50","130","408.610985","0.827987","0.035257","2.524941"
"60","130","396.34591","0.849124","0.035354","2.424708"
"70","130","384.795687","0.867534","0.035539","2.342724"
"80","130","373.899589","0.883665","0.035791","2.274572"
"90","130","363.60358","0.897876","0.036094","2.217124"
"100","130","353.859413","0.910456","0.036435","2.168115"
"110","130","344.623881","0.921638","0.036806","2.125868"
"120","130","335.858171","0.931617","0.037202","2.089115"
"130","130","327.527322","0.940554","0.037617","2.056886"
"140","130","319.599758","0.948581","0.038047","2.028421"
"150","130","312.046886","0.955812","0.038489","2.003122"
"160","130","304.842756","0.962343","0.038942","1.980507"
"170","130","297.963759","0.968256","0.039403","1.960189"
"180","130","291.38837","0.97362","0.03987","1.941849"
"190","130","285.096923","0.978497","0.040343","1.925224"
"200","130","279.071415","0.982938","0.04082","1.910096"
"210","130","273.295333","0.986989","0.0413","1.896281"
"220","130","267.753503","0.990691","0.041783","1.883624"
"230","130","262.431958","0.994077","0.042268","1.871992"
"240","130","257.317821","0.997179","0.042754","1.861274"
"250","130","252.399197","1.000024","0.043241","1.851371"
"260","130","247.665085","1.002636","0.043729","1.842199"
"270","130","243.105293","1.005036","0.044217","1.833686"
"280","130","238.710368","1.007244","0.044704","1.825766"
"290","130","234.471526","1.009276","0.045192","1.818385"
"300","130","230.380598","1.011148","0.045679","1.811493"
"310","130","226.429975","1.012873","0.046165","1.805046"
"320","130","222.61256","1.014464","0.04665","1.799005"
"330","130","218.921727","1.015931","0.047135","1.793336"
"340","130","215.351284","1.017286","0.047618","1.788009"
"350","130","211.895434","1.018536","0.0481","1.782995"
"360","130","208.548748","1.019691","0.04858","1.778269"
"370","130","205.306134","1.020757","0.049059","1.773811"
"380","130","202.162811","1.021741","0.049536","1.769599"
"390","130","199.114288","1.02265","0.050012","1.765615"
"400","130","196.156339","1.023489","0.050486","1.761842"
"410","130","193.284989","1.024264","0.050958","1.758267"
"420","130","190.496487","1.024978","0.051429","1.754875"
"430","130","187.7873","1.025638","0.051898","1.751653"
"440","130","185.154091","1.026245","0.052365","1.748591"
"450","130","182.593708","1.026805","0.05283","1.745677"
"460","130","180.103171","1.02732","0.053293","1.742903"
"470","130","177.679661","1.027794","0.053755","1.740259"
"-100","140","820.798217","0.395942","0.17641","2.531972"
"-90","140","775.98259","0.390987","0.153186","2.689433"
"-80","140","735.807462","0.389489","0.133327","2.878383"
"-70","140","699.587553","0.392052","0.115832","3.110886"
"-60","140","666.76618","0.399815","0.099957","3.403506"
"-50","140","636.88645","0.414784","0.08519","3.772633"
"-40","140","609.569854","0.440158","0.071411","4.202764"
"-30","140","584.500149","0.479423","0.059275","4.550843"
"-20","140","561.411066","0.53176","0.050081","4.550096"
"-10","140","540.076805","0.588986","0.044221","4.202845"
"0","140","520.304636","0.642807","0.040777","3.7725"
"10","140","501.929053","0.689983","0.038756","3.403917"
"20","140","484.807134","0.730413","0.037558","3.117329"
"30","140","468.814816","0.764949","0.036857","2.897502"
"40","140","453.843881","0.794557","0.036477","2.726905"
"50","140","439.799509","0.820086","0.036313","2.592084"
"60","140","426.598263","0.842233","0.0363","2.48354"
"70","140","414.166433","0.861559","0.036397","2.394643"
"80","140","402.438656","0.878516","0.036576","2.320722"
"90","140","391.356771","0.893468","0.036817","2.258428"
"100","140","380.86885","0.906712","0.037106","2.205317"
"110","140","370.928387","0.91849","0.037432","2.159569"
"120","140","361.493606","0.929005","0.037788","2.119806"
"130","140","352.526879","0.938422","0.038169","2.084968"
"140","140","343.994218","0.946883","0.038568","2.054227"
"150","140","335.86485","0.954505","0.038983","2.026928"
"160","140","328.110842","0.961389","0.039411","2.002547"
"170","140","320.706784","0.967622","0.03985","1.98066"
"180","140","313.629508","0.973276","0.040297","1.960918"
"190","140","306.857846","0.978415","0.040751","1.943036"
"200","140","300.372422","0.983095","0.041211","1.926776"
"210","140","294.155462","0.987364","0.041675","1.911936"
"220","140","288.190634","0.991264","0.042143","1.898348"
"230","140","282.462906","0.99483","0.042614","1.885868"
"240","140","276.958416","0.998097","0.043088","1.874375"
"250","140","271.664363","1.001093","0.043563","1.863761"
"260","140","266.568904","1.003842","0.04404","1.853935"
"270","140","261.661072","1.006369","0.044517","1.844819"
"280","140","256.93069","1.008692","0.044995","1.836342"
"290","140","252.368306","1.010829","0.045474","1.828445"
"300","140","247.965125","1.012798","0.045952","1.821073"
"310","140","243.712958","1.014611","0.04643","1.81418"
"320","140","239.604166","1.016283","0.046907","1.807723"
"330","140","235.63162","1.017825","0.047384","1.801666"
"340","140","231.788651","1.019247","0.04786","1.795974"
"350","140","228.069022","1.02056","0.048335","1.79062"
"360","140","224.46689","1.021771","0.048809","1.785574"
"370","140","220.976773","1.022889","0.049282","1.780815"
"380","140","217.593526","1.023921","0.049753","1.77632"
"390","140","214.312314","1.024874","0.050223","1.772069"
"400","140","211.128591","1.025753","0.050692","1.768045"
"410","140","208.038076","1.026563","0.051159","1.764231"
"420","140","205.036733","1.027311","0.051625","1.760613"
"430","140","202.120759","1.028","0.052089","1.757178"
"440","140","199.286562","1.028635","0.052551","1.753913"
"450","140","196.530749","1.029219","0.053012","1.750807"
"460","140","193.850114","1.029756","0.053471","1.747851"
"470","140","191.241622","1.03025","0.053929","1.745033"
"-100","150","879.005387","0.422263","0.178779","2.506291"
"-90","150","831.011645","0.416491","0.155559","2.654195"
"-80","150","787.987485","0.414194","0.135782","2.828604"
"-70","150","749.199029","0.415857","0.118463","3.038158"
"-60","150","714.050119","0.422384","0.102886","3.293536"
"-50","150","682.051458","0.435292","0.088566","3.603176"
"-40","150","652.797696","0.456862","0.07533","3.953938"
"-30","150","625.950166","0.489592","0.063541","4.261153"
"-20","150","601.223712","0.533694","0.054089","4.352819"
"-10","150","578.376526","0.584419","0.047521","4.157606"
"0","150","557.202207","0.634924","0.043384","3.818102"
"10","150","537.523513","0.681026","0.040847","3.481126"
"20","150","519.187388","0.721522","0.039282","3.199044"
"30","150","502.060969","0.756634","0.038318","2.974249"
"40","150","486.028366","0.787017","0.037742","2.796169"
"50","150","470.988033","0.813373","0.037427","2.653806"
"60","150","456.850616","0.836332","0.037296","2.538432"
"70","150","443.537178","0.856423","0.037297","2.443581"
"80","150","430.977723","0.874087","0.037397","2.36454"
"90","150","419.109962","0.889686","0.037572","2.297856"
"100","150","407.878287","0.903518","0.037805","2.240972"
"110","150","397.232893","0.91583","0.038083","2.191969"
"120","150","387.129042","0.926828","0.038398","2.149382"
"130","150","377.526436","0.936682","0.038741","2.112081"
"140","150","368.388679","0.945538","0.039108","2.07918"
"150","150","359.682814","0.953519","0.039495","2.049976"
"160","150","351.378928","0.960728","0.039897","2.023907"
"170","150","343.449809","0.967255","0.040312","2.000515"
"180","150","335.870645","0.973177","0.040737","1.979428"
"190","150","328.618769","0.97856","0.041172","1.960336"
"200","150","321.673429","0.983462","0.041613","1.942983"
"210","150","315.015591","0.987932","0.042061","1.927154"
"220","150","308.627766","0.992016","0.042514","1.912667"
"230","150","302.493854","0.995751","0.042971","1.899367"
"240","150","296.599012","0.999171","0.043432","1.887122"
"250","150","290.929528","1.002307","0.043894","1.87582"
"260","150","285.472724","1.005185","0.04436","1.86536"
"270","150","280.216851","1.007828","0.044826","1.855659"
"280","150","275.151013","1.010258","0.045294","1.846642"
"290","150","270.265085","1.012494","0.045763","1.838243"
"300","150","265.549652","1.014552","0.046232","1.830406"
"310","150","260.995941","1.016448","0.046701","1.823079"
"320","150","256.595773","1.018195","0.04717","1.816218"
"330","150","252.341512","1.019806","0.04764","1.809783"
"340","150","248.226018","1.021292","0.048108","1.803739"
"350","150","244.242611","1.022662","0.048576","1.798053"
"360","150","240.385032","1.023926","0.049044","1.792696"
"370","150","236.647412","1.025092","0.04951","1.787644"
"380","150","233.024241","1.026168","0.049975","1.782873"
"390","150","229.510341","1.027161","0.05044","1.778363"
"400","150","226.100843","1.028076","0.050903","1.774093"
"410","150","222.791163","1.02892","0.051365","1.770048"
"420","150","219.576979","1.029697","0.051825","1.766211"
"430","150","216.454217","1.030414","0.052284","1.762568"
"440","150","213.419032","1.031073","0.052742","1.759106"
"450","150","210.467791","1.031679","0.053198","1.755813"
"460","150","207.597058","1.032237","0.053653","1.752678"
"470","150","204.803583","1.032748","0.054106","1.749691"
"-100","160","937.212557","0.448425","0.181115","2.482128"
"-90","160","886.0407","0.441816","0.157885","2.621527"
"-80","160","840.167508","0.438707","0.138167","2.783368"
"-70","160","798.810506","0.439481","0.120987","2.973848"
"-60","160","761.334057","0.444854","0.105649","3.199822"
"-50","160","727.216465","0.455995","0.091679","3.465195"
"-40","160","696.025538","0.474578","0.078869","3.758511"
"-30","160","667.400182","0.502416","0.067404","4.025139"
"-20","160","641.036359","0.540002","0.05788","4.153394"
"-10","160","616.676246","0.5846","0.050821","4.06363"
"0","160","594.099777","0.631082","0.046081","3.815337"
"10","160","573.117974","0.675221","0.043037","3.524812"
"20","160","553.567642","0.715064","0.041095","3.259265"
"30","160","535.307123","0.750224","0.039854","3.037072"
"40","160","518.212851","0.780999","0.03907","2.856079"
"50","160","502.176556","0.807903","0.038595","2.708979"
"60","160","487.102969","0.831463","0.038338","2.588555"
"70","160","472.907924","0.852159","0.038237","2.488924"
"80","160","459.51679","0.870406","0.038254","2.405562"
"90","160","446.863154","0.886552","0.038359","2.335051"
"100","160","434.887724","0.900892","0.038532","2.274804"
"110","160","423.537398","0.913671","0.03876","2.222849"
"120","160","412.764477","0.925096","0.03903","2.177671"
"130","160","402.525993","0.93534","0.039335","2.138088"
"140","160","392.78314","0.944552","0.039667","2.103169"
"150","160","383.500778","0.952857","0.040023","2.072176"
"160","160","374.647014","0.960362","0.040397","2.044512"
"170","160","366.192834","0.967158","0.040788","2.019694"
"180","160","358.111782","0.973325","0.041191","1.997326"
"190","160","350.379692","0.978932","0.041605","1.97708"
"200","160","342.974436","0.984037","0.042028","1.958682"
"210","160","335.87572","0.988694","0.042458","1.941905"
"220","160","329.064898","0.992947","0.042895","1.926555"
"230","160","322.524802","0.996838","0.043338","1.912467"
"240","160","316.239607","1.0004","0.043784","1.8995"
"250","160","310.194694","1.003665","0.044234","1.887533"
"260","160","304.376544","1.006662","0.044687","1.876462"
"270","160","298.77263","1.009414","0.045143","1.866197"
"280","160","293.371335","1.011943","0.0456","1.856657"
"290","160","288.161865","1.01427","0.046059","1.847774"
"300","160","283.134178","1.016411","0.046518","1.839486"
"310","160","278.278923","1.018383","0.046979","1.831739"
"320","160","273.58738","1.0202","0.04744","1.824487"
"330","160","269.051404","1.021874","0.047901","1.817686"
"340","160","264.663385","1.023418","0.048362","1.811299"
"350","160","260.416199","1.024841","0.048823","1.805291"
"360","160","256.303173","1.026154","0.049283","1.799633"
"370","160","252.318051","1.027364","0.049743","1.794297"
"380","160","248.454956","1.02848","0.050202","1.789259"
"390","160","244.708368","1.029509","0.050661","1.784496"
"400","160","241.073095","1.030458","0.051118","1.779989"
"410","160","237.54425","1.031332","0.051575","1.775718"
"420","160","234.117225","1.032137","0.05203","1.771668"
"430","160","230.787676","1.032878","0.052484","1.767823"
"440","160","227.551503","1.033559","0.052937","1.764169"
"450","160","224.404832","1.034185","0.053388","1.760694"
"460","160","221.344001","1.03476","0.053839","1.757386"
"470","160","218.365544","1.035287","0.054287","1.754235"
"-100","170","995.419727","0.474435","0.183419","2.459334"
"-90","170","941.069755","0.466974","0.160168","2.591121"
"-80","170","892.347531","0.463041","0.14049","2.742002"
"-70","170","848.421982","0.462931","0.123421","2.916403"
"-60","170","808.617995","0.467213","0.108274","3.118633"
"-50","170","772.381473","0.476792","0.094583","3.349944"
"-40","170","739.25338","0.492924","0.082112","3.600266"
"-30","170","708.850198","0.516942","0.070931","3.831883"
"-20","170","680.849005","0.549353","0.061434","3.970021"
"-10","170","654.975967","0.588544","0.054054","3.946627"
"0","170","630.997348","0.630824","0.048818","3.776153"
"10","170","608.712434","0.672416","0.045302","3.537689"
"20","170","587.947896","0.711011","0.042984","3.297568"
"30","170","568.553276","0.745736","0.041457","3.084871"
"40","170","550.397336","0.776535","0.040456","2.905574"
"50","170","533.36508","0.803706","0.039813","2.756735"
"60","170","517.355322","0.827655","0.039423","2.633233"
"70","170","502.27867","0.848791","0.039215","2.530148"
"80","170","488.055856","0.867491","0.039143","2.443385"
"90","170","474.616345","0.884081","0.039174","2.3697"
"100","170","461.897161","0.898844","0.039285","2.306565"
"110","170","449.841904","0.912021","0.039459","2.252015"
"120","170","438.399913","0.923816","0.039683","2.204516"
"130","170","427.52555","0.934403","0.039947","2.162861"
"140","170","417.177601","0.943931","0.040244","2.126092"
"150","170","407.318742","0.952525","0.040567","2.093442"
"160","170","397.9151","0.960294","0.040913","2.064293"
"170","170","388.935858","0.967333","0.041277","2.038139"
"180","170","380.35292","0.973722","0.041657","2.014565"
"190","170","372.140615","0.979532","0.04205","1.993228"
"200","170","364.275443","0.984823","0.042453","1.973841"
"210","170","356.735849","0.98965","0.042866","1.956163"
"220","170","349.502029","0.994058","0.043286","1.939989"
"230","170","342.55575","0.998091","0.043713","1.925148"
"240","170","335.880202","1.001783","0.044146","1.911489"
"250","170","329.45986","1.005167","0.044582","1.898886"
"260","170","323.280363","1.008273","0.045023","1.887229"
"270","170","317.32841","1.011124","0.045467","1.876421"
"280","170","311.591658","1.013745","0.045913","1.866378"
"290","170","306.058645","1.016155","0.046362","1.857028"
"300","170","300.718705","1.018373","0.046812","1.848306"
"310","170","295.561906","1.020415","0.047263","1.840155"
"320","170","290.578986","1.022295","0.047715","1.832525"
"330","170","285.761296","1.024028","0.048168","1.82537"
"340","170","281.100751","1.025625","0.048622","1.818651"
"350","170","276.589787","1.027097","0.049075","1.812333"
"360","170","272.221315","1.028454","0.049528","1.806383"
"370","170","267.98869","1.029704","0.049981","1.800772"
"380","170","263.88567","1.030857","0.050434","1.795475"
"390","170","259.906395","1.031919","0.050886","1.790468"
"400","170","256.045347","1.032898","0.051338","1.78573"
"410","170","252.297337","1.033799","0.051789","1.781241"
"420","170","248.65747","1.034628","0.052239","1.776984"
"430","170","245.121134","1.035391","0.052688","1.772943"
"440","170","241.683973","1.036092","0.053135","1.769103"
"450","170","238.341873","1.036735","0.053582","1.765451"
"460","170","235.090944","1.037325","0.054028","1.761976"
"470","170","231.927505","1.037866","0.054472","1.758664"
"-100","180","1053.626896","0.5003","0.185693","2.43778"
"-90","180","996.09881","0.491972","0.162411","2.562718"
"-80","180","944.527554","0.487205","0.142759","2.703966"
"-70","180","898.033458","0.486217","0.125775","2.86465"
"-60","180","855.901933","0.489454","0.110781","3.047349"
"-50","180","817.54648","0.497621","0.097314","3.251746"
"-40","180","782.481223","0.511671","0.085118","3.468956"
"-30","180","750.300214","0.532595","0.074182","3.671551"
"-20","180","720.661652","0.560828","0.064757","3.807628"
"-10","180","693.275687","0.595376","0.05718","3.823623"
"0","180","667.894919","0.633602","0.051553","3.713354"
"10","180","644.306894","0.672347","0.047614","3.525138"
"20","180","622.32815","0.709258","0.044931","3.315351"
"30","180","601.79943","0.743137","0.043116","3.117565"
"40","180","582.58182","0.773622","0.041892","2.944155"
"50","180","564.553604","0.800793","0.041075","2.796525"
"60","180","547.607675","0.824922","0.040547","2.671977"
"70","180","531.649416","0.846333","0.040227","2.56685"
"80","180","516.594923","0.865354","0.040063","2.477682"
"90","180","502.369536","0.882283","0.040017","2.401541"
"100","180","488.906598","0.897385","0.040063","2.336046"
"110","180","476.14641","0.910889","0.040181","2.279297"
"120","180","464.035348","0.922996","0.040356","2.22978"
"130","180","452.525108","0.933876","0.040577","2.186289"
"140","180","441.572061","0.943676","0.040837","2.147856"
"150","180","431.136706","0.952523","0.041127","2.1137"
"160","180","421.183186","0.960526","0.041443","2.083188"
"170","180","411.678883","0.967781","0.041781","2.055798"
"180","180","402.594057","0.974368","0.042136","2.031102"
"190","180","393.901537","0.98036","0.042506","2.008745"
"200","180","385.57645","0.985819","0.04289","1.988428"
"210","180","377.595979","0.990799","0.043284","1.9699"
"220","180","369.939161","0.995348","0.043687","1.952948"
"230","180","362.586698","0.99951","0.044098","1.937392"
"240","180","355.520797","1.00332","0.044516","1.923076"
"250","180","348.725025","1.006813","0.044939","1.909867"
"260","180","342.184183","1.010017","0.045367","1.897649"
"270","180","335.884189","1.01296","0.045798","1.886322"
"280","180","329.811981","1.015664","0.046233","1.875798"
"290","180","323.955424","1.01815","0.046671","1.866"
"300","180","318.303231","1.020437","0.047111","1.856861"
"310","180","312.844889","1.022543","0.047553","1.848321"
"320","180","307.570593","1.024481","0.047997","1.840327"
"330","180","302.471188","1.026267","0.048441","1.832832"
"340","180","297.538118","1.027912","0.048886","1.825794"
"350","180","292.763375","1.029428","0.049332","1.819176"
"360","180","288.139457","1.030825","0.049778","1.812944"
"370","180","283.659328","1.032112","0.050225","1.807068"
"380","180","279.316385","1.033297","0.050671","1.801521"
"390","180","275.104421","1.034389","0.051117","1.796278"
"400","180","271.017599","1.035394","0.051562","1.791316"
"410","180","267.050424","1.03632","0.052007","1.786616"
"420","180","263.197716","1.03717","0.052452","1.782159"
"430","180","259.454593","1.037952","0.052895","1.777928"
"440","180","255.816444","1.03867","0.053338","1.773908"
"450","180","252.278915","1.039329","0.05378","1.770085"
"460","180","248.837887","1.039933","0.054221","1.766447"
"470","180","245.489467","1.040485","0.054661","1.76298"
"-100","190","1111.834066","0.526028","0.187941","2.417354"
"-90","190","1051.127865","0.516819","0.164618","2.5361"
"-80","190","996.707577","0.511209","0.144977","2.668822"
"-70","190","947.644935","0.509346","0.128058","2.817681"
"-60","190","903.185872","0.511575","0.113188","2.984066"
"-50","190","862.711488","0.518442","0.099903","3.166732"
"-40","190","825.709065","0.530675","0.08793","3.357823"
"-30","190","791.75023","0.549014","0.077203","3.536567"
"-20","190","760.474298","0.573803","0.067869","3.665664"
"-10","190","731.575408","0.604392","0.060178","3.703995"
"0","190","704.79249","0.638874","0.054254","3.637647"
"10","190","679.901354","0.674692","0.049948","3.49357"
"20","190","656.708404","0.709638","0.046922","3.315344"
"30","190","635.045583","0.742348","0.044822","3.135998"
"40","190","614.766305","0.772225","0.043372","2.971886"
"50","190","595.742128","0.799152","0.042377","2.82814"
"60","190","577.860029","0.823261","0.041706","2.70451"
"70","190","561.020162","0.844788","0.04127","2.598758"
"80","190","545.13399","0.864002","0.041011","2.508212"
"90","190","530.122728","0.881165","0.040885","2.430368"
"100","190","515.916035","0.896518","0.040863","2.363076"
"110","190","502.450916","0.910279","0.040923","2.304553"
"120","190","489.670783","0.922638","0.041048","2.253347"
"130","190","477.524665","0.93376","0.041225","2.208276"
"140","190","465.966522","0.94379","0.041446","2.168382"
"150","190","454.95467","0.952854","0.041701","2.132884"
"160","190","444.451272","0.96106","0.041987","2.101141"
"170","190","434.421908","0.968502","0.042296","2.072625"
"180","190","424.835195","0.975264","0.042626","2.046899"
"190","190","415.66246","0.981417","0.042974","2.023598"
"200","190","406.877456","0.987024","0.043336","2.002416"
"210","190","398.456108","0.992141","0.043711","1.983093"
"220","190","390.376292","0.996817","0.044097","1.965411"
"230","190","382.617646","1.001094","0.044491","1.949182"
"240","190","375.161392","1.00501","0.044894","1.934245"
"250","190","367.990191","1.008601","0.045303","1.920462"
"260","190","361.088002","1.011895","0.045717","1.907712"
"270","190","354.439968","1.014919","0.046137","1.895892"
"280","190","348.032303","1.017698","0.04656","1.884909"
"290","190","341.852204","1.020253","0.046987","1.874684"
"300","190","335.887758","1.022603","0.047417","1.865146"
"310","190","330.127872","1.024766","0.047849","1.856233"
"320","190","324.562199","1.026757","0.048284","1.847891"
"330","190","319.18108","1.02859","0.048719","1.840069"
"340","190","313.975485","1.030278","0.049156","1.832725"
"350","190","308.936963","1.031834","0.049594","1.825819"
"360","190","304.057599","1.033266","0.050033","1.819316"
"370","190","299.329967","1.034585","0.050472","1.813184"
"380","190","294.7471","1.0358","0.050912","1.807395"
"390","190","290.302448","1.036918","0.051351","1.801924"
"400","190","285.989851","1.037947","0.051791","1.796747"
"410","190","281.803511","1.038894","0.05223","1.791843"
"420","190","277.737962","1.039763","0.052668","1.787192"
"430","190","273.788052","1.040562","0.053107","1.782778"
"440","190","269.948915","1.041295","0.053544","1.778584"
"450","190","266.215956","1.041966","0.053981","1.774596"
"460","190","262.584831","1.042581","0.054417","1.770799"
"470","190","259.051428","1.043143","0.054853","1.767183"
"-100","200","1170.041236","0.551623","0.190163","2.397955"
"-90","200","1106.15692","0.541522","0.166792","2.511081"
"-80","200","1048.8876","0.535061","0.14715","2.636211"
"-70","200","997.256411","0.532326","0.130279","2.774782"
"-60","200","950.46981","0.533575","0.115508","2.927362"
"-50","200","907.876495","0.53923","0.102371","3.092167"
"-40","200","868.936907","0.549842","0.090581","3.26223"
"-30","200","833.200247","0.565965","0.08003","3.421317"
"-20","200","800.286944","0.587855","0.070792","3.541771"
"-10","200","769.875128","0.615056","0.063041","3.592095"
"0","200","741.69006","0.646157","0.056897","3.556696"
"10","200","715.495815","0.679111","0.052281","3.449102"
"20","200","691.088658","0.711944","0.04894","3.300957"
"30","200","668.291737","0.743254","0.046566","3.14171"
"40","200","646.95079","0.772283","0.04489","2.989333"
"50","200","626.930651","0.79875","0.043714","2.851699"
"60","200","608.112382","0.822657","0.042896","2.730764"
"70","200","590.390908","0.844148","0.042342","2.625738"
"80","200","573.673057","0.86343","0.041984","2.534828"
"90","200","557.875919","0.880724","0.041776","2.456044"
"100","200","542.925472","0.896245","0.041684","2.387531"
"110","200","528.755422","0.910191","0.041684","2.327678"
"120","200","515.306219","0.922743","0.041757","2.275125"
"130","200","502.524222","0.934057","0.041889","2.228745"
"140","200","490.360983","0.944275","0.042069","2.187606"
"150","200","478.772634","0.953519","0.04229","2.150938"
"160","200","467.719358","0.961895","0.042543","2.118107"
"170","200","457.164933","0.969498","0.042824","2.088582"
"180","200","447.076332","0.97641","0.043128","2.061923"
"190","200","437.423383","0.982702","0.043452","2.03776"
"200","200","428.178463","0.988439","0.043793","2.015782"
"210","200","419.316237","0.993677","0.044148","1.995724"
"220","200","410.813424","0.998463","0.044515","1.977363"
"230","200","402.648594","1.002842","0.044893","1.960505"
"240","200","394.801988","1.006853","0.04528","1.944986"
"250","200","387.255357","1.01053","0.045674","1.930662"
"260","200","379.991822","1.013904","0.046075","1.91741"
"270","200","372.995747","1.017001","0.046482","1.905122"
"280","200","366.252626","1.019847","0.046894","1.893704"
"290","200","359.748983","1.022463","0.04731","1.883073"
"300","200","353.472285","1.024869","0.047729","1.873156"
"310","200","347.410855","1.027083","0.048151","1.863888"
"320","200","341.553806","1.02912","0.048576","1.855213"
"330","200","335.890972","1.030996","0.049003","1.847079"
"340","200","330.412852","1.032723","0.049432","1.839441"
"350","200","325.110551","1.034313","0.049862","1.832259"
"360","200","319.97574","1.035777","0.050293","1.825495"
"370","200","315.000606","1.037125","0.050725","1.819118"
"380","200","310.177815","1.038365","0.051157","1.813098"
"390","200","305.500475","1.039507","0.05159","1.807407"
"400","200","300.962103","1.040556","0.052023","1.802023"
"410","200","296.556598","1.04152","0.052456","1.796922"
"420","200","292.278208","1.042406","0.052889","1.792085"
"430","200","288.12151","1.043219","0.053322","1.787494"
"440","200","284.081385","1.043964","0.053754","1.783131"
"450","200","280.152997","1.044646","0.054186","1.778983"
"460","200","276.331774","1.04527","0.054617","1.775035"
"470","200","272.613389","1.045839","0.055048","1.771273"
"-100","210","1228.248405","0.577091","0.192362","2.379499"
"-90","210","1161.185975","0.566088","0.168934","2.487502"
"-80","210","1101.067623","0.558768","0.149282","2.605833"
"-70","210","1046.867888","0.555164","0.132445","2.735383"
"-60","210","997.753748","0.555457","0.117751","2.876148"
"-50","210","953.041503","0.559967","0.104734","3.026049"
"-40","210","912.16475","0.569108","0.093095","3.178888"
"-30","210","874.650263","0.58329","0.082695","3.321657"
"-20","210","840.099591","0.602693","0.073548","3.43328"
"-10","210","808.174849","0.626969","0.065773","3.489445"
"0","210","778.587631","0.655044","0.059467","3.475413"
"10","210","751.090275","0.68528","0.054595","3.39682"
"20","210","725.468911","0.715957","0.050972","3.275693"
"30","210","701.53789","0.745716","0.048336","3.13665"
"40","210","679.135275","0.773712","0.046439","2.997446"
"50","210","658.119175","0.799537","0.045081","2.867609"
"60","210","638.364735","0.82308","0.044115","2.750873"
"70","210","619.761653","0.844396","0.043439","2.647797"
"80","210","602.212123","0.863629","0.042981","2.55748"
"90","210","585.62911","0.880956","0.042688","2.478495"
"100","210","569.934909","0.896561","0.042525","2.409335"
"110","210","555.059928","0.910624","0.042463","2.348596"
"120","210","540.941654","0.923309","0.042483","2.295047"
"130","210","527.523779","0.934767","0.042568","2.247636"
"140","210","514.755443","0.945129","0.042707","2.205475"
"150","210","502.590598","0.954516","0.042891","2.167819"
"160","210","490.987444","0.963031","0.043111","2.134047"
"170","210","479.907958","0.970767","0.043363","2.103635"
"180","210","469.31747","0.977805","0.043641","2.076144"
"190","210","459.184306","0.984216","0.04394","2.051206"
"200","210","449.47947","0.990064","0.044259","2.028504"
"210","210","440.176366","0.995404","0.044594","2.007774"
"220","210","431.250555","1.000287","0.044942","1.988787"
"230","210","422.679542","1.004755","0.045303","1.971347"
"240","210","414.442583","1.008848","0.045673","1.955286"
"250","210","406.520523","1.012601","0.046053","1.940458"
"260","210","398.895642","1.016044","0.04644","1.926735"
"270","210","391.551526","1.019205","0.046834","1.914008"
"280","210","384.472948","1.02211","0.047233","1.90218"
"290","210","377.645763","1.02478","0.047638","1.891164"
"300","210","371.056811","1.027235","0.048046","1.880888"
"310","210","364.693838","1.029494","0.048459","1.871283"
"320","210","358.545412","1.031572","0.048874","1.862291"
"330","210","352.600864","1.033485","0.049292","1.853859"
"340","210","346.850218","1.035245","0.049712","1.845941"
"350","210","341.284139","1.036866","0.050134","1.838494"
"360","210","335.893882","1.038357","0.050557","1.831482"
"370","210","330.671245","1.039729","0.050981","1.82487"
"380","210","325.60853","1.040992","0.051407","1.818627"
"390","210","320.698502","1.042153","0.051833","1.812726"
"400","210","315.934355","1.043219","0.05226","1.807142"
"410","210","311.309685","1.044199","0.052687","1.801853"
"420","210","306.818454","1.045098","0.053114","1.796836"
"430","210","302.454969","1.045922","0.053541","1.792075"
"440","210","298.213856","1.046677","0.053968","1.787551"
"450","210","294.090039","1.047368","0.054394","1.783248"
"460","210","290.078717","1.047998","0.054821","1.779153"
"470","210","286.17535","1.048573","0.055246","1.775251"
"-100","220","1286.455575","0.602437","0.194538","2.361908"
"-90","220","1216.21503","0.590523","0.171048","2.465225"
"-80","220","1153.247646","0.582337","0.151376","2.577437"
"-70","220","1096.479364","0.577865","0.13456","2.699021"
"-60","220","1045.037686","0.577223","0.119927","2.829574"
"-50","220","998.206511","0.580641","0.107008","2.966877"
"-40","220","955.392592","0.588428","0.095493","3.105399"
"-30","220","916.100279","0.600879","0.085219","3.234501"
"-20","220","879.912237","0.61811","0.076158","3.337741"
"-10","220","846.474569","0.639835","0.068379","3.396131"
"0","220","815.485202","0.665209","0.061956","3.39666"
"10","220","786.684735","0.692907","0.056876","3.340568"
"20","220","759.849165","0.721455","0.053004","3.242742"
"30","220","734.784044","0.749584","0.050125","3.122904"
"40","220","711.31976","0.776414","0.048013","2.997418"
"50","220","689.307699","0.801451","0.046473","2.876496"
"60","220","668.617088","0.82449","0.045358","2.765142"
"70","220","649.132399","0.845507","0.044559","2.665062"
"80","220","630.75119","0.864582","0.043998","2.576203"
"90","220","613.382302","0.881849","0.04362","2.497713"
"100","220","596.944346","0.89746","0.043383","2.428456"
"110","220","581.364434","0.911572","0.043259","2.36727"
"120","220","566.57709","0.924334","0.043224","2.313074"
"130","220","552.523336","0.935885","0.043261","2.264911"
"140","220","539.149904","0.946351","0.043358","2.221954"
"150","220","526.408562","0.955844","0.043504","2.183494"
"160","220","514.25553","0.964467","0.043691","2.148933"
"170","220","502.650982","0.972308","0.043913","2.11776"
"180","220","491.558607","0.979447","0.044163","2.089543"
"190","220","480.945229","0.985956","0.044438","2.063917"
"200","220","470.780477","0.991896","0.044734","2.040568"
"210","220","461.036496","0.997323","0.045048","2.01923"
"220","220","451.687687","1.002287","0.045377","1.999672"
"230","220","442.71049","1.00683","0.04572","1.981698"
"240","220","434.083178","1.010994","0.046074","1.965137"
"250","220","425.785688","1.014811","0.046439","1.949841"
"260","220","417.799461","1.018314","0.046812","1.93568"
"270","220","410.107305","1.021531","0.047192","1.922543"
"280","220","402.693271","1.024486","0.047579","1.910329"
"290","220","395.542543","1.027202","0.047972","1.898953"
"300","220","388.641338","1.0297","0.04837","1.888337"
"310","220","381.97682","1.031997","0.048771","1.878413"
"320","220","375.537019","1.034111","0.049177","1.869121"
"330","220","369.310757","1.036055","0.049585","1.860407"
"340","220","363.287585","1.037844","0.049997","1.852223"
"350","220","357.457727","1.039491","0.05041","1.844525"
"360","220","351.812024","1.041005","0.050826","1.837275"
"370","220","346.341884","1.042398","0.051243","1.830439"
"380","220","341.039245","1.043679","0.051661","1.823983"
"390","220","335.896528","1.044856","0.05208","1.817881"
"400","220","330.906607","1.045937","0.0525","1.812106"
"410","220","326.062772","1.046929","0.052921","1.806635"
"420","220","321.3587","1.047839","0.053342","1.801447"
"430","220","316.788428","1.048672","0.053763","1.796522"
"440","220","312.346327","1.049435","0.054185","1.791842"
"450","220","308.02708","1.050131","0.054606","1.787391"
"460","220","303.82566","1.050766","0.055027","1.783154"
"470","220","299.737311","1.051344","0.055448","1.779118"
"-100","230","1344.662745","0.627666","0.196694","2.345114"
"-90","230","1271.244086","0.614831","0.173135","2.44413"
"-80","230","1205.427669","0.605775","0.153436","2.550809"
"-70","230","1146.090841","0.600437","0.13663","2.665313"
"-60","230","1092.321625","0.598874","0.122043","2.786965"
"-50","230","1043.371518","0.601246","0.109202","2.9135"
"-40","230","998.620434","0.607771","0.097789","3.039967"
"-30","230","957.550295","0.618655","0.087622","3.157519"
"-20","230","919.724884","0.63396","0.078639","3.253065"
"-10","230","884.774289","0.653433","0.070869","3.31158"
"0","230","852.382772","0.676389","0.064362","3.32193"
"10","230","822.279196","0.701744","0.059113","3.283046"
"20","230","794.229419","0.728235","0.055026","3.204774"
"30","230","768.030197","0.754704","0.051923","3.102476"
"40","230","743.504245","0.780282","0.049605","2.990547"
"50","230","720.496222","0.80442","0.047888","2.879134"
"60","230","698.869441","0.826838","0.046623","2.774008"
"70","230","678.503145","0.847446","0.0457","2.677769"
"80","230","659.290257","0.866266","0.045035","2.591116"
"90","230","641.135493","0.883387","0.044569","2.513748"
"100","230","623.953783","0.898931","0.044258","2.44491"
"110","230","607.66894","0.913028","0.044069","2.383694"
"120","230","592.212525","0.925812","0.043978","2.32919"
"130","230","577.522893","0.937409","0.043967","2.280551"
"140","230","563.544365","0.947937","0.044021","2.237022"
"150","230","550.226526","0.957502","0.044129","2.197943"
"160","230","537.523616","0.9662","0.044282","2.162745"
"170","230","525.394007","0.974119","0.044472","2.130938"
"180","230","513.799745","0.981337","0.044695","2.102103"
"190","230","502.706152","0.987921","0.044944","2.07588"
"200","230","492.081484","0.993935","0.045217","2.051961"
"210","230","481.896625","0.999432","0.04551","2.03008"
"220","230","472.124819","1.004462","0.04582","2.010009"
"230","230","462.741437","1.009068","0.046145","1.991551"
"240","230","453.723773","1.013289","0.046482","1.974533"
"250","230","445.050854","1.017161","0.046831","1.958806"
"260","230","436.703281","1.020714","0.047189","1.944241"
"270","230","428.663084","1.023977","0.047556","1.930722"
"280","230","420.913594","1.026975","0.047931","1.91815"
"290","230","413.439322","1.02973","0.048312","1.906436"
"300","230","406.225865","1.032263","0.048698","1.895502"
"310","230","399.259803","1.034593","0.049089","1.885279"
"320","230","392.528626","1.036735","0.049485","1.875704"
"330","230","386.020649","1.038707","0.049884","1.866723"
"340","230","379.724952","1.04052","0.050286","1.858286"
"350","230","373.631316","1.042187","0.050691","1.85035"
"360","230","367.730165","1.043721","0.051099","1.842874"
"370","230","362.012523","1.045131","0.051508","1.835824"
"380","230","356.46996","1.046427","0.051919","1.829166"
"390","230","351.094555","1.047617","0.052331","1.822872"
"400","230","345.878859","1.048709","0.052745","1.816915"
"410","230","340.815859","1.04971","0.053159","1.81127"
"420","230","335.898946","1.050628","0.053574","1.805917"
"430","230","331.121886","1.051468","0.053989","1.800835"
"440","230","326.478797","1.052235","0.054405","1.796005"
"450","230","321.964121","1.052935","0.054821","1.791412"
"460","230","317.572604","1.053573","0.055237","1.787039"
"470","230","313.299272","1.054153","0.055653","1.782873"
"-100","240","1402.869915","0.652783","0.19883","2.329056"
"-90","240","1326.273141","0.639019","0.175198","2.424114"
"-80","240","1257.607692","0.629087","0.155463","2.525767"
"-70","240","1195.702317","0.622883","0.138658","2.633944"
"-60","240","1139.605563","0.620414","0.124104","2.747778"
"-50","240","1088.536526","0.621776","0.111325","2.865019"
"-40","240","1041.848277","0.627115","0.099997","2.981222"
"-30","240","999.000311","0.636563","0.08992","3.088925"
"-20","240","959.53753","0.650134","0.081006","3.177524"
"-10","240","923.07401","0.667598","0.073251","3.234971"
"0","240","889.280343","0.68838","0.066684","3.25187"
"10","240","857.873656","0.711578","0.061301","3.226044"
"20","240","828.609673","0.736108","0.057027","3.163885"
"30","240","801.276351","0.760931","0.053722","3.077158"
"40","240","775.68873","0.785207","0.051209","2.978128"
"50","240","751.684746","0.808364","0.04932","2.876374"
"60","240","729.121794","0.83007","0.047907","2.777997"
"70","240","707.873891","0.850176","0.046859","2.686235"
"80","240","687.829324","0.868654","0.046089","2.602405"
"90","240","668.888684","0.885552","0.045534","2.526706"
"100","240","650.96322","0.900958","0.045147","2.458752"
"110","240","633.973446","0.914981","0.044893","2.397895"
"120","240","617.847961","0.927735","0.044746","2.343404"
"130","240","602.52245","0.939332","0.044685","2.294553"
"140","240","587.938825","0.949882","0.044695","2.250672"
"150","240","574.044489","0.959483","0.044764","2.211156"
"160","240","560.791702","0.968228","0.044882","2.175474"
"170","240","548.137032","0.976199","0.045041","2.143161"
"180","240","536.040882","0.98347","0.045235","2.113814"
"190","240","524.467075","0.99011","0.045459","2.087085"
"200","240","513.382491","0.996179","0.045709","2.062674"
"210","240","502.756754","1.001729","0.04598","2.040317"
"220","240","492.56195","1.006811","0.04627","2.019791"
"230","240","482.772385","1.011466","0.046576","2.000898"
"240","240","473.364369","1.015733","0.046897","1.983467"
"250","240","464.31602","1.019648","0.04723","1.967349"
"260","240","455.607101","1.023242","0.047573","1.952412"
"270","240","447.218863","1.026542","0.047927","1.938543"
"280","240","439.133916","1.029574","0.048288","1.925639"
"290","240","431.336102","1.032361","0.048657","1.913611"
"300","240","423.810391","1.034923","0.049032","1.90238"
"310","240","416.542786","1.037279","0.049412","1.891876"
"320","240","409.520232","1.039446","0.049797","1.882036"
"330","240","402.730541","1.041438","0.050187","1.872804"
"340","240","396.162319","1.043271","0.05058","1.86413"
"350","240","389.804904","1.044955","0.050977","1.855968"
"360","240","383.648307","1.046504","0.051376","1.848279"
"370","240","377.683162","1.047927","0.051777","1.841026"
"380","240","371.900675","1.049234","0.052181","1.834175"
"390","240","366.292582","1.050433","0.052586","1.827698"
"400","240","360.851111","1.051533","0.052993","1.821567"
"410","240","355.568946","1.052542","0.0534","1.815757"
"420","240","350.439192","1.053464","0.053809","1.810246"
"430","240","345.455345","1.054308","0.054219","1.805014"
"440","240","340.611268","1.055078","0.054629","1.800041"
"450","240","335.901163","1.05578","0.055039","1.795311"
"460","240","331.319547","1.056419","0.05545","1.790808"
"470","240","326.861234","1.056998","0.055861","1.786517"
"-100","250","1461.077084","0.67779","0.200948","2.31368"
"-90","250","1381.302196","0.663091","0.177237","2.405083"
"-80","250","1309.787715","0.652279","0.157462","2.502156"
"-70","250","1245.313793","0.64521","0.140648","2.604647"
"-60","250","1186.889501","0.641846","0.126117","2.711567"
"-50","250","1133.701533","0.642229","0.113387","2.820719"
"-40","250","1085.076119","0.646442","0.102127","2.928095"
"-30","250","1040.450328","0.654559","0.092125","3.027331"
"-20","250","999.350176","0.666554","0.083271","3.109704"
"-10","250","961.37373","0.682206","0.075536","3.165433"
"0","250","926.177914","0.701022","0.068925","3.186626"
"10","250","893.468116","0.722235","0.063434","3.170672"
"20","250","862.989927","0.744913","0.059002","3.121643"
"30","250","834.522504","0.768125","0.055515","3.048463"
"40","250","807.873215","0.791081","0.052821","2.961365"
"50","250","782.87327","0.813203","0.050765","2.869075"
"60","250","759.374147","0.834125","0.049207","2.77769"
"70","250","737.244637","0.853653","0.048034","2.690835"
"80","250","716.368391","0.871714","0.047158","2.610306"
"90","250","696.641876","0.88832","0.046513","2.536735"
"100","250","677.972657","0.903526","0.046049","2.470073"
"110","250","660.277952","0.917418","0.045729","2.409927"
"120","250","643.483396","0.930092","0.045525","2.355747"
"130","250","627.522007","0.941647","0.045414","2.306936"
"140","250","612.333286","0.952181","0.04538","2.262912"
"150","250","597.862453","0.961785","0.045409","2.223136"
"160","250","584.059788","0.970546","0.045492","2.187117"
"170","250","570.880057","0.978543","0.045619","2.154423"
"180","250","558.28202","0.985846","0.045784","2.124672"
"190","250","546.227998","0.992521","0.045982","2.097528"
"200","250","534.683498","0.998626","0.046207","2.072701"
"210","250","523.616883","1.004214","0.046457","2.049937"
"220","250","512.999082","1.009332","0.046726","2.029013"
"230","250","502.803333","1.014023","0.047014","2.009736"
"240","250","493.004964","1.018325","0.047317","1.991937"
"250","250","483.581185","1.022273","0.047634","1.975466"
"260","250","474.51092","1.025897","0.047963","1.960192"
"270","250","465.774643","1.029226","0.048302","1.946002"
"280","250","457.354239","1.032285","0.04865","1.932794"
"290","250","449.232881","1.035096","0.049007","1.920476"
"300","250","441.394918","1.03768","0.04937","1.908971"
"310","250","433.825769","1.040056","0.04974","1.898206"
"320","250","426.511839","1.042241","0.050115","1.888118"
"330","250","419.440433","1.044249","0.050495","1.87865"
"340","250","412.599685","1.046096","0.050879","1.869753"
"350","250","405.978492","1.047793","0.051266","1.861379"
"360","250","399.566449","1.049353","0.051657","1.853488"
"370","250","393.353801","1.050785","0.052051","1.846043"
"380","250","387.33139","1.0521","0.052447","1.839011"
"390","250","381.490609","1.053306","0.052845","1.83236"
"400","250","375.823363","1.054411","0.053244","1.826064"
"410","250","370.322033","1.055423","0.053645","1.820096"
"420","250","364.979438","1.056348","0.054048","1.814435"
"430","250","359.788803","1.057193","0.054451","1.80906"
"440","250","354.743739","1.057964","0.054856","1.80395"
"450","250","349.838204","1.058665","0.055261","1.79909"
"460","250","345.06649","1.059302","0.055666","1.794462"
"470","250","340.423195","1.05988","0.056072","1.790052"
"-100","260","1519.284254","0.702692","0.203048","2.298938"
"-90","260","1436.331251","0.687051","0.179255","2.386957"
"-80","260","1361.967738","0.675355","0.159433","2.47984"
"-70","260","1294.92527","0.667422","0.142604","2.577199"
"-60","260","1234.173439","0.663173","0.128085","2.677967"
"-50","260","1178.866541","0.662602","0.115392","2.780022"
"-40","260","1128.303961","0.665742","0.104187","2.879742"
"-30","260","1081.900344","0.672613","0.094248","2.971642"
"-20","260","1039.162823","0.683159","0.085447","3.048452"
"-10","260","999.673451","0.697162","0.077731","3.102139"
"0","260","963.075484","0.714186","0.07109","3.126073"
"10","260","929.062577","0.733571","0.065511","3.117572"
"20","260","897.370181","0.754507","0.060945","3.079171"
"30","260","867.768658","0.776163","0.057296","3.017614"
"40","260","840.057699","0.797802","0.054434","2.941328"
"50","260","814.061794","0.818857","0.052219","2.858064"
"60","260","789.6265","0.838943","0.050519","2.773679"
"70","260","766.615383","0.857831","0.049222","2.691977"
"80","260","744.907457","0.875413","0.048241","2.615097"
"90","260","724.395067","0.891664","0.047506","2.544017"
"100","260","704.982095","0.906614","0.046964","2.478995"
"110","260","686.582457","0.920325","0.046577","2.41987"
"120","260","669.118831","0.932873","0.046315","2.36627"
"130","260","652.521564","0.944344","0.046153","2.317731"
"140","260","636.727747","0.954826","0.046073","2.273763"
"150","260","621.680417","0.964401","0.046063","2.233894"
"160","260","607.327874","0.97315","0.04611","2.197683"
"170","260","593.623082","0.981147","0.046205","2.16473"
"180","260","580.523157","0.988459","0.046341","2.134677"
"190","260","567.988921","0.995149","0.046512","2.107208"
"200","260","555.984505","1.001273","0.046713","2.082044"
"210","260","544.477012","1.006883","0.04694","2.058938"
"220","260","533.436213","1.012023","0.047189","2.037675"
"230","260","522.834281","1.016738","0.047458","2.018064"
"240","260","512.645559","1.021063","0.047744","1.99994"
"250","260","502.846351","1.025033","0.048045","1.983155"
"260","260","493.41474","1.028678","0.048358","1.96758"
"270","260","484.330422","1.032027","0.048683","1.9531"
"280","260","475.574561","1.035104","0.049018","1.939614"
"290","260","467.129661","1.037933","0.049362","1.927031"
"300","260","458.979444","1.040533","0.049714","1.915272"
"310","260","451.108752","1.042923","0.050072","1.904266"
"320","260","443.503445","1.04512","0.050437","1.893948"
"330","260","436.150325","1.04714","0.050807","1.884262"
"340","260","429.037052","1.048996","0.051181","1.875155"
"350","260","422.15208","1.050701","0.05156","1.866583"
"360","260","415.484591","1.052267","0.051942","1.858503"
"370","260","409.02444","1.053705","0.052328","1.850877"
"380","260","402.762105","1.055024","0.052716","1.843673"
"390","260","396.688635","1.056233","0.053107","1.836858"
"400","260","390.795615","1.05734","0.053499","1.830405"
"410","260","385.075121","1.058353","0.053894","1.824288"
"420","260","379.519683","1.059278","0.05429","1.818485"
"430","260","374.122262","1.060123","0.054687","1.812973"
"440","260","368.876209","1.060891","0.055086","1.807733"
"450","260","363.775245","1.06159","0.055485","1.802748"
"460","260","358.813433","1.062224","0.055885","1.798001"
"470","260","353.985156","1.062797","0.056285","1.793477"
"-100","270","1577.491424","0.727492","0.205132","2.284786"
"-90","270","1491.360306","0.710904","0.181252","2.369663"
"-80","270","1414.147761","0.698319","0.161378","2.458701"
"-70","270","1344.536746","0.689523","0.144527","2.551407"
"-60","270","1281.457377","0.684398","0.130012","2.64667"
"-50","270","1224.031548","0.682896","0.117346","2.742458"
"-40","270","1171.531804","0.685004","0.106186","2.835485"
"-30","270","1123.35036","0.690702","0.096298","2.920984"
"-20","270","1078.975469","0.699903","0.087541","2.992824"
"-10","270","1037.973171","0.712391","0.079845","3.044338"
"0","270","999.973055","0.727773","0.073182","3.069943"
"10","270","964.657037","0.745469","0.067532","3.067069"
"20","270","931.750435","0.76477","0.062851","3.037244"
"30","270","901.014811","0.784932","0.059059","2.985568"
"40","270","872.242184","0.805274","0.056044","2.91893"
"50","270","845.250317","0.825249","0.053678","2.844098"
"60","270","819.878853","0.844463","0.051841","2.766543"
"70","270","795.986129","0.862664","0.050423","2.690084"
"80","270","773.446524","0.879714","0.049336","2.617074"
"90","270","752.148258","0.895559","0.04851","2.548762"
"100","270","731.991532","0.910202","0.047891","2.48566"
"110","270","712.886963","0.923684","0.047436","2.427821"
"120","270","694.754267","0.936064","0.047114","2.375043"
"130","270","677.521121","0.947414","0.046901","2.326986"
"140","270","661.122207","0.957809","0.046776","2.283257"
"150","270","645.498381","0.967325","0.046725","2.243454"
"160","270","630.59596","0.976035","0.046736","2.207186"
"170","270","616.366106","0.984008","0.046798","2.17409"
"180","270","602.764294","0.991307","0.046905","2.143838"
"190","270","589.749843","0.997993","0.047049","2.11613"
"200","270","577.285512","1.004119","0.047226","2.090703"
"210","270","565.337142","1.009734","0.04743","2.067321"
"220","270","553.873345","1.014884","0.047659","2.045776"
"230","270","542.865229","1.019608","0.047908","2.025882"
"240","270","532.286154","1.023945","0.048176","2.007477"
"250","270","522.111517","1.027927","0.04846","1.990417"
"260","270","512.31856","1.031584","0.048758","1.974574"
"270","270","502.886201","1.034944","0.049069","1.959835"
"280","270","493.794884","1.038032","0.049391","1.946099"
"290","270","485.026441","1.040871","0.049722","1.933275"
"300","270","476.563971","1.04348","0.050061","1.921285"
"310","270","468.391735","1.045878","0.050409","1.910057"
"320","270","460.495052","1.048082","0.050763","1.899528"
"330","270","452.860217","1.050108","0.051123","1.889638"
"340","270","445.474419","1.051969","0.051488","1.880338"
"350","270","438.325668","1.053678","0.051857","1.87158"
"360","270","431.402732","1.055247","0.052231","1.863323"
"370","270","424.695079","1.056687","0.052609","1.855528"
"380","270","418.192819","1.058006","0.052989","1.848162"
"390","270","411.886662","1.059215","0.053372","1.841193"
"400","270","405.767868","1.060321","0.053758","1.834592"
"410","270","399.828208","1.061332","0.054146","1.828334"
"420","270","394.059929","1.062255","0.054535","1.822395"
"430","270","388.455721","1.063096","0.054926","1.816754"
"440","270","383.00868","1.063861","0.055319","1.81139"
"450","270","377.712287","1.064555","0.055712","1.806287"
"460","270","372.560376","1.065183","0.056107","1.801426"
"470","270","367.547117","1.06575","0.056502","1.796793"
"-100","280","1635.698593","0.752194","0.2072","2.271183"
"-90","280","1546.389361","0.734653","0.18323","2.353139"
"-80","280","1466.327784","0.721177","0.1633","2.438635"
"-70","280","1394.148223","0.711518","0.146421","2.527107"
"-60","280","1328.741316","0.705525","0.131903","2.617421"
"-50","280","1269.196556","0.70311","0.119255","2.707638"
"-40","280","1214.759646","0.704223","0.108128","2.794774"
"-30","280","1164.800376","0.708807","0.098282","2.874649"
"-20","280","1118.788116","0.716751","0.089563","2.942046"
"-10","280","1076.272892","0.727837","0.081885","2.99137"
"0","280","1036.870626","0.741703","0.075206","3.017907"
"10","280","1000.251497","0.757833","0.069498","3.019283"
"20","280","966.130689","0.775599","0.06472","2.996372"
"30","280","934.260965","0.794334","0.060802","2.953048"
"40","280","904.426669","0.81341","0.057646","2.894925"
"50","280","876.438841","0.832305","0.05514","2.827849"
"60","280","850.131206","0.850625","0.05317","2.756825"
"70","280","825.356874","0.868103","0.051633","2.685572"
"80","280","801.985591","0.884579","0.050442","2.616547"
"90","280","779.90145","0.899973","0.049525","2.551193"
"100","280","759.000969","0.914267","0.048827","2.49023"
"110","280","739.191469","0.927478","0.048305","2.433898"
"120","280","720.389702","0.939652","0.047924","2.382146"
"130","280","702.520678","0.950845","0.047658","2.334759"
"140","280","685.516668","0.961122","0.047487","2.291436"
"150","280","669.316345","0.970549","0.047395","2.251845"
"160","280","653.864046","0.979194","0.047369","2.215647"
"170","280","639.109131","0.98712","0.047399","2.182521"
"180","280","625.005432","0.994386","0.047475","2.152165"
"190","280","611.510766","1.001049","0.047593","2.124303"
"200","280","598.586519","1.007159","0.047744","2.098687"
"210","280","586.197271","1.012765","0.047926","2.075092"
"220","280","574.310476","1.01791","0.048134","2.05332"
"230","280","562.896177","1.022632","0.048364","2.033192"
"240","280","551.926749","1.026969","0.048614","2.014551"
"250","280","541.376682","1.030953","0.048881","1.997254"
"260","280","531.222379","1.034613","0.049164","1.981177"
"270","280","521.44198","1.037976","0.04946","1.966209"
"280","280","512.015206","1.041067","0.049768","1.952249"
"290","280","502.92322","1.043909","0.050086","1.93921"
"300","280","494.148498","1.04652","0.050414","1.92701"
"310","280","485.674717","1.048921","0.05075","1.915581"
"320","280","477.486658","1.051127","0.051093","1.904856"
"330","280","469.570109","1.053153","0.051443","1.89478"
"340","280","461.911786","1.055015","0.051798","1.885301"
"350","280","454.499256","1.056723","0.052159","1.876371"
"360","280","447.320874","1.058291","0.052524","1.867949"
"370","280","440.365718","1.059729","0.052893","1.859996"
"380","280","433.623534","1.061046","0.053266","1.852479"
"390","280","427.084689","1.062252","0.053641","1.845364"
"400","280","420.74012","1.063354","0.05402","1.838625"
"410","280","414.581295","1.06436","0.054401","1.832233"
"420","280","408.600175","1.065278","0.054784","1.826167"
"430","280","402.789179","1.066113","0.055169","1.820403"
"440","280","397.14115","1.066871","0.055555","1.814922"
"450","280","391.649328","1.067558","0.055943","1.809706"
"460","280","386.30732","1.068179","0.056332","1.804737"
"470","280","381.109078","1.068738","0.056722","1.8"
"-100","290","1693.905763","0.7768","0.209253","2.258093"
"-90","290","1601.418416","0.758302","0.18519","2.337325"
"-80","290","1518.507807","0.743931","0.165199","2.419553"
"-70","290","1443.759699","0.73341","0.148287","2.504156"
"-60","290","1376.025254","0.726555","0.13376","2.589998"
"-50","290","1314.361563","0.723245","0.121122","2.675239"
"-40","290","1257.987488","0.723394","0.11002","2.757155"
"-30","290","1206.250392","0.726915","0.100207","2.832061"
"-20","290","1158.600762","0.733674","0.091519","2.895474"
"-10","290","1114.572612","0.743453","0.083857","2.942661"
"0","290","1073.768197","0.755911","0.077166","2.96962"
"10","290","1035.845958","0.770584","0.07141","2.974205"
"20","290","1000.510943","0.786909","0.066549","2.956873"
"30","290","967.507118","0.804283","0.06252","2.920586"
"40","290","936.611154","0.82213","0.059237","2.869922"
"50","290","907.627365","0.839956","0.0566","2.809896"
"60","290","880.38356","0.857372","0.054504","2.745022"
"70","290","854.72762","0.874103","0.052851","2.678837"
"80","290","830.524658","0.889971","0.051557","2.61382"
"90","290","807.654641","0.904878","0.05055","2.55154"
"100","290","786.010406","0.918784","0.049773","2.492876"
"110","290","765.495975","0.931689","0.049182","2.438225"
"120","290","746.025138","0.943621","0.048741","2.387675"
"130","290","727.520235","0.954624","0.048423","2.341121"
"140","290","709.911129","0.964753","0.048206","2.298352"
"150","290","693.134309","0.974066","0.048072","2.259105"
"160","290","677.132132","0.982621","0.048009","2.223096"
"170","290","661.852156","0.990478","0.048006","2.190043"
"180","290","647.246569","0.99769","0.048052","2.159674"
"190","290","633.271689","1.004312","0.048142","2.131738"
"200","290","619.887526","1.010391","0.048269","2.106003"
"210","290","607.0574","1.015973","0.048427","2.082258"
"220","290","594.747608","1.0211","0.048614","2.060314"
"230","290","582.927125","1.025808","0.048824","2.04"
"240","290","571.567345","1.030135","0.049056","2.021163"
"250","290","560.641848","1.03411","0.049307","2.003668"
"260","290","550.126199","1.037764","0.049574","1.987391"
"270","290","539.997759","1.041122","0.049855","1.972224"
"280","290","530.235529","1.044209","0.050149","1.958068"
"290","290","520.82","1.047046","0.050455","1.944836"
"300","290","511.733024","1.049654","0.05077","1.932449"
"310","290","502.9577","1.052051","0.051095","1.920837"
"320","290","494.478265","1.054253","0.051427","1.909936"
"330","290","486.280001","1.056275","0.051766","1.899689"
"340","290","478.349153","1.058132","0.052112","1.890045"
"350","290","470.672844","1.059836","0.052464","1.880957"
"360","290","463.239016","1.061399","0.05282","1.872382"
"370","290","456.036357","1.062831","0.053181","1.864283"
"380","290","449.054249","1.064142","0.053545","1.856624"
"390","290","442.282716","1.065342","0.053914","1.849374"
"400","290","435.712372","1.066437","0.054285","1.842504"
"410","290","429.334382","1.067436","0.054659","1.835988"
"420","290","423.140421","1.068345","0.055035","1.829801"
"430","290","417.122638","1.069172","0.055414","1.823922"
"440","290","411.273621","1.069922","0.055794","1.81833"
"450","290","405.586369","1.0706","0.056176","1.813007"
"460","290","400.054263","1.071211","0.056559","1.807936"
"470","290","394.671039","1.071761","0.056944","1.803101"
"-100","300","1752.112933","0.801314","0.211292","2.245485"
"-90","300","1656.447471","0.781855","0.187134","2.322172"
"-80","300","1570.68783","0.766586","0.167078","2.401373"
"-70","300","1493.371176","0.755203","0.150128","2.48243"
"-60","300","1423.309192","0.747492","0.135585","2.564216"
"-50","300","1359.526571","0.743301","0.122951","2.644987"
"-40","300","1301.215331","0.742514","0.111866","2.722252"
"-30","300","1247.700408","0.745014","0.102079","2.792743"
"-20","300","1198.413408","0.750652","0.093416","2.852576"
"-10","300","1152.872333","0.759203","0.085767","2.897715"
"0","300","1110.665767","0.770347","0.079067","2.924744"
"10","300","1071.440418","0.783658","0.073272","2.931752"
"20","300","1034.891197","0.798626","0.068339","2.91893"
"30","300","1000.753272","0.814705","0.064212","2.888564"
"40","300","968.795639","0.831365","0.060814","2.8444"
"50","300","938.815888","0.848139","0.058055","2.790725"
"60","300","910.635913","0.86465","0.055839","2.731573"
"70","300","884.098366","0.880618","0.054075","2.670248"
"80","300","859.063725","0.895854","0.05268","2.60919"
"90","300","835.407832","0.910244","0.051583","2.550034"
"100","300","813.019843","0.92373","0.050728","2.493775"
"110","300","791.800481","0.936296","0.050068","2.440938"
"120","300","771.660573","0.947955","0.049567","2.39173"
"130","300","752.519792","0.95874","0.049195","2.346147"
"140","300","734.30559","0.968694","0.048931","2.304062"
"150","300","716.952273","0.977866","0.048756","2.265279"
"160","300","700.400218","0.986309","0.048656","2.229567"
"170","300","684.595181","0.994075","0.048619","2.196682"
"180","300","669.487707","1.001216","0.048635","2.166386"
"190","300","655.032612","1.007779","0.048697","2.138451"
"200","300","641.188533","1.013811","0.048798","2.112664"
"210","300","627.917529","1.019355","0.048934","2.088828"
"220","300","615.18474","1.02445","0.049099","2.066764"
"230","300","602.958073","1.029134","0.04929","2.046311"
"240","300","591.20794","1.033439","0.049504","2.027321"
"250","300","579.907014","1.037396","0.049737","2.009663"
"260","300","569.030018","1.041034","0.049988","1.993219"
"270","300","558.553538","1.044379","0.050255","1.977882"
"280","300","548.455852","1.047454","0.050535","1.963556"
"290","300","538.716779","1.050281","0.050827","1.950155"
"300","300","529.317551","1.052879","0.051131","1.937602"
"310","300","520.240683","1.055266","0.051443","1.925828"
"320","300","511.469872","1.057459","0.051765","1.914768"
"330","300","502.989894","1.059473","0.052094","1.904367"
"340","300","494.786519","1.061321","0.05243","1.894572"
"350","300","486.846432","1.063016","0.052772","1.885339"
"360","300","479.157158","1.06457","0.053119","1.876623"
"370","300","471.706996","1.065993","0.053472","1.868388"
"380","300","464.484964","1.067295","0.053828","1.860599"
"390","300","457.480742","1.068485","0.054189","1.853223"
"400","300","450.684624","1.06957","0.054553","1.846231"
"410","300","444.087469","1.070559","0.05492","1.839598"
"420","300","437.680667","1.071458","0.05529","1.833298"
"430","300","431.456097","1.072274","0.055662","1.827311"
"440","300","425.406092","1.073013","0.056036","1.821615"
"450","300","419.523411","1.07368","0.056412","1.816191"
"460","300","413.801206","1.07428","0.05679","1.811023"
"470","300","408.233","1.074818","0.057169","1.806095"
"-100","310","1810.320103","0.825739","0.213318","2.233327"
"-90","310","1711.476526","0.805313","0.18906","2.307632"
"-80","310","1622.867853","0.789145","0.168937","2.384024"
"-70","310","1542.982652","0.776901","0.151945","2.461821"
"-60","310","1470.59313","0.768338","0.137382","2.539914"
"-50","310","1404.691579","0.763279","0.124744","2.616651"
"-40","310","1344.443173","0.761579","0.113671","2.689751"
"-30","310","1289.150425","0.763097","0.103902","2.756298"
"-20","310","1238.226055","0.767666","0.095259","2.812904"
"-10","310","1191.172053","0.775059","0.08762","2.856102"
"0","310","1147.563338","0.784969","0.080912","2.882963"
"10","310","1107.034878","0.797001","0.075084","2.891794"
"20","310","1069.271451","0.81069","0.07009","2.882628"
"30","310","1033.999425","0.825537","0.065876","2.857246"
"40","310","1000.980124","0.841052","0.062374","2.818728"
"50","310","970.004412","0.856797","0.059503","2.77074"
"60","310","940.888266","0.872407","0.057174","2.71686"
"70","310","913.469112","0.887604","0.055302","2.660141"
"80","310","887.602791","0.902191","0.053809","2.602935"
"90","310","863.161024","0.916041","0.052624","2.546898"
"100","310","840.02928","0.92908","0.05169","2.493103"
"110","310","818.104987","0.941279","0.050961","2.442174"
"120","310","797.296009","0.952638","0.050399","2.394417"
"130","310","777.519349","0.963178","0.049975","2.34992"
"140","310","758.70005","0.972932","0.049663","2.308631"
"150","310","740.770237","0.981941","0.049446","2.270417"
"160","310","723.668304","0.99025","0.049308","2.235097"
"170","310","707.338205","0.997906","0.049237","2.202469"
"180","310","691.728844","1.004956","0.049223","2.172325"
"190","310","676.793535","1.011445","0.049257","2.144462"
"200","310","662.48954","1.017415","0.049333","2.118686"
"210","310","648.777659","1.022907","0.049445","2.094814"
"220","310","635.621871","1.027959","0.049589","2.072681"
"230","310","622.989021","1.032606","0.04976","2.052133"
"240","310","610.848535","1.036879","0.049955","2.03303"
"250","310","599.17218","1.040809","0.050172","2.015246"
"260","310","587.933838","1.044424","0.050407","1.998666"
"270","310","577.109317","1.047747","0.050658","1.983188"
"280","310","566.676174","1.050803","0.050925","1.968718"
"290","310","556.613559","1.053613","0.051204","1.955172"
"300","310","546.902078","1.056195","0.051495","1.942474"
"310","310","537.523666","1.058567","0.051796","1.930555"
"320","310","528.461478","1.060746","0.052106","1.919354"
"330","310","519.699786","1.062746","0.052425","1.908814"
"340","310","511.223886","1.064581","0.052751","1.898884"
"350","310","503.02002","1.066263","0.053084","1.889518"
"360","310","495.075299","1.067804","0.053422","1.880674"
"370","310","487.377635","1.069214","0.053766","1.872315"
"380","310","479.915679","1.070503","0.054115","1.864404"
"390","310","472.678769","1.07168","0.054467","1.856911"
"400","310","465.656876","1.072753","0.054824","1.849807"
"410","310","458.840556","1.073729","0.055184","1.843065"
"420","310","452.220913","1.074616","0.055547","1.83666"
"430","310","445.789555","1.075419","0.055913","1.830571"
"440","310","439.538562","1.076145","0.05628","1.824776"
"450","310","433.460452","1.076798","0.056651","1.819258"
"460","310","427.548149","1.077385","0.057022","1.813999"
"470","310","421.794962","1.077909","0.057396","1.808983"
"-100","320","1868.527272","0.850076","0.215331","2.221593"
"-90","320","1766.505581","0.828681","0.190972","2.293664"
"-80","320","1675.047876","0.81161","0.170778","2.367443"
"-70","320","1592.594128","0.798505","0.15374","2.442233"
"-60","320","1517.877069","0.789097","0.139151","2.51695"
"-50","320","1449.856586","0.783181","0.126505","2.590032"
"-40","320","1387.671015","0.780588","0.115437","2.659384"
"-30","320","1330.600441","0.781156","0.105682","2.722392"
"-20","320","1278.038701","0.784702","0.097052","2.776082"
"-10","320","1229.471773","0.790997","0.089422","2.817453"
"0","320","1184.460909","0.799742","0.082707","2.843984"
"10","320","1142.629338","0.810568","0.076849","2.854184"
"20","320","1103.651705","0.823048","0.071801","2.847988"
"30","320","1067.245579","0.836721","0.067511","2.826806"
"40","320","1033.164609","0.851135","0.063916","2.793186"
"50","320","1001.192936","0.865877","0.060941","2.750267"
"60","320","971.140619","0.880598","0.058506","2.701211"
"70","320","942.839858","0.895022","0.056532","2.648815"
"80","320","916.141858","0.908948","0.054942","2.595312"
"90","320","890.914215","0.922238","0.05367","2.542345"
"100","320","867.038717","0.93481","0.052659","2.491032"
"110","320","844.409493","0.946619","0.051862","2.442071"
"120","320","822.931444","0.957654","0.051239","2.395847"
"130","320","802.518907","0.967925","0.050761","2.352526"
"140","320","783.094511","0.977456","0.050402","2.312126"
"150","320","764.588201","0.98628","0.050142","2.274572"
"160","320","746.93639","0.994436","0.049966","2.23973"
"170","320","730.08123","1.001964","0.049861","2.207437"
"180","320","713.969982","1.008907","0.049816","2.177518"
"190","320","698.554458","1.015305","0.049822","2.149792"
"200","320","683.790547","1.021199","0.049873","2.124085"
"210","320","669.637788","1.026627","0.049961","2.100232"
"220","320","656.059003","1.031623","0.050083","2.078077"
"230","320","643.019969","1.036222","0.050234","2.057476"
"240","320","630.48913","1.040454","0.050411","2.038298"
"250","320","618.437345","1.044348","0.05061","2.020422"
"260","320","606.837658","1.04793","0.050829","2.003738"
"270","320","595.665097","1.051224","0.051066","1.988147"
"280","320","584.896497","1.054254","0.051318","1.973558"
"290","320","574.510339","1.05704","0.051584","1.959889"
"300","320","564.486604","1.0596","0.051862","1.947066"
"310","320","554.806649","1.061951","0.052152","1.935023"
"320","320","545.453085","1.064111","0.052451","1.923697"
"330","320","536.409678","1.066092","0.052759","1.913033"
"340","320","527.661253","1.06791","0.053075","1.902982"
"350","320","519.193609","1.069575","0.053399","1.893497"
"360","320","510.993441","1.071099","0.053728","1.884537"
"370","320","503.048274","1.072493","0.054063","1.876063"
"380","320","495.346394","1.073767","0.054404","1.868042"
"390","320","487.876796","1.074928","0.054749","1.860442"
"400","320","480.629128","1.075985","0.055098","1.853233"
"410","320","473.593643","1.076946","0.055451","1.846389"
"420","320","466.761159","1.077817","0.055807","1.839887"
"430","320","460.123014","1.078605","0.056166","1.833703"
"440","320","453.671033","1.079316","0.056528","1.827817"
"450","320","447.397493","1.079954","0.056892","1.82221"
"460","320","441.295093","1.080526","0.057258","1.816865"
"470","320","435.356923","1.081035","0.057626","1.811766"
"-100","330","1926.734442","0.874329","0.217333","2.210258"
"-90","330","1821.534636","0.85196","0.192869","2.28023"
"-80","330","1727.227899","0.833986","0.172601","2.351573"
"-70","330","1642.205605","0.82002","0.155514","2.423583"
"-60","330","1565.161007","0.809771","0.140895","2.495204"
"-50","330","1495.021594","0.803008","0.128237","2.564961"
"-40","330","1430.898857","0.79954","0.117168","2.630925"
"-30","330","1372.050457","0.799186","0.10742","2.690743"
"-20","330","1317.851348","0.80175","0.098801","2.741789"
"-10","330","1267.771494","0.806997","0.091176","2.78145"
"0","330","1221.358479","0.814638","0.084454","2.807545"
"10","330","1178.223799","0.824324","0.07857","2.818764"
"20","330","1138.031958","0.835657","0.073476","2.814991"
"30","330","1100.491732","0.848211","0.069118","2.797354"
"40","330","1065.349093","0.861566","0.065438","2.767981"
"50","330","1032.381459","0.875333","0.062367","2.729565"
"60","330","1001.392972","0.889179","0.059834","2.6849"
"70","330","972.210604","0.902833","0.057761","2.63653"
"80","330","944.680925","0.916091","0.056079","2.586556"
"90","330","918.667406","0.92881","0.054722","2.536577"
"100","330","894.048154","0.940895","0.053634","2.48773"
"110","330","870.713999","0.952295","0.052768","2.440764"
"120","330","848.566879","0.962986","0.052085","2.396128"
"130","330","827.518464","0.972967","0.051553","2.354053"
"140","330","807.488972","0.982255","0.051146","2.314618"
"150","330","788.406165","0.990875","0.050844","2.2778"
"160","330","770.204476","0.998858","0.05063","2.24351"
"170","330","752.824255","1.006241","0.05049","2.211624"
"180","330","736.211119","1.013061","0.050414","2.181993"
"190","330","720.315381","1.019355","0.050392","2.154464"
"200","330","705.091554","1.025159","0.050416","2.128882"
"210","330","690.497917","1.030509","0.050481","2.105096"
"220","330","676.496134","1.035439","0.050582","2.082964"
"230","330","663.050916","1.039979","0.050713","2.062351"
"240","330","650.129725","1.04416","0.050871","2.043135"
"250","330","637.702511","1.048009","0.051053","2.0252"
"260","330","625.741477","1.05155","0.051255","2.008441"
"270","330","614.220876","1.054809","0.051477","1.992764"
"280","330","603.116819","1.057806","0.051715","1.97808"
"290","330","592.407118","1.060561","0.051968","1.964311"
"300","330","582.071131","1.063093","0.052233","1.951384"
"310","330","572.089632","1.065419","0.052511","1.939233"
"320","330","562.444691","1.067554","0.052799","1.927799"
"330","330","553.11957","1.069512","0.053097","1.917027"
"340","330","544.09862","1.071308","0.053403","1.906868"
"350","330","535.367197","1.072952","0.053717","1.897277"
"360","330","526.911583","1.074456","0.054037","1.888212"
"370","330","518.718913","1.075831","0.054364","1.879636"
"380","330","510.777109","1.077085","0.054696","1.871514"
"390","330","503.074823","1.078227","0.055033","1.863815"
"400","330","495.60138","1.079266","0.055375","1.85651"
"410","330","488.34673","1.080209","0.05572","1.849574"
"420","330","481.301405","1.081062","0.05607","1.84298"
"430","330","474.456472","1.081833","0.056422","1.836708"
"440","330","467.803504","1.082526","0.056778","1.830737"
"450","330","461.334534","1.083147","0.057135","1.825047"
"460","330","455.042036","1.083702","0.057496","1.819622"
"470","330","448.918884","1.084194","0.057858","1.814445"
"-100","340","1984.941612","0.898499","0.219322","2.199298"
"-90","340","1876.563691","0.875155","0.194753","2.267295"
"-80","340","1779.407922","0.856274","0.174408","2.336362"
"-70","340","1691.817081","0.841449","0.157268","2.405795"
"-60","340","1612.444945","0.830361","0.142616","2.474569"
"-50","340","1540.186601","0.822761","0.12994","2.541291"
"-40","340","1474.1267","0.818435","0.118866","2.60418"
"-30","340","1413.500473","0.817184","0.109121","2.66111"
"-20","340","1357.663994","0.8188","0.100508","2.709751"
"-10","340","1306.071214","0.823045","0.092886","2.747816"
"0","340","1258.25605","0.829635","0.086156","2.773408"
"10","340","1213.818259","0.838238","0.08025","2.785378"
"20","340","1172.412212","0.84848","0.075114","2.783586"
"30","340","1133.737886","0.859966","0.070695","2.76895"
"40","340","1097.533578","0.872303","0.066938","2.743261"
"50","340","1063.569983","0.885124","0.063781","2.708841"
"60","340","1031.645325","0.898111","0.061155","2.668157"
"70","340","1001.581349","0.911001","0.058989","2.623515"
"80","340","973.219992","0.923589","0.057218","2.576874"
"90","340","946.420598","0.935727","0.055778","2.529776"
"100","340","921.057591","0.947314","0.054615","2.483352"
"110","340","897.018505","0.958288","0.053681","2.438383"
"120","340","874.202315","0.968616","0.052937","2.395367"
"130","340","852.518021","0.97829","0.05235","2.354588"
"140","340","831.883432","0.987317","0.051895","2.316178"
"150","340","812.224129","0.995715","0.05155","2.280159"
"160","340","793.472562","1.00351","0.051298","2.246486"
"170","340","775.56728","1.010731","0.051124","2.215066"
"180","340","758.452257","1.017413","0.051016","2.185783"
"190","340","742.076304","1.023588","0.050966","2.158505"
"200","340","726.392561","1.02929","0.050964","2.133098"
"210","340","711.358046","1.034551","0.051006","2.109425"
"220","340","696.933266","1.039403","0.051084","2.087358"
"230","340","683.081864","1.043875","0.051195","2.066771"
"240","340","669.770321","1.047995","0.051334","2.047551"
"250","340","656.967677","1.05179","0.051499","2.029588"
"260","340","644.645297","1.055284","0.051685","2.012783"
"270","340","632.776655","1.058498","0.051891","1.997045"
"280","340","621.337142","1.061456","0.052115","1.982291"
"290","340","610.303898","1.064175","0.052354","1.968442"
"300","340","599.655657","1.066673","0.052608","1.95543"
"310","340","589.372614","1.068967","0.052874","1.94319"
"320","340","579.436298","1.071073","0.05315","1.931665"
"330","340","569.829462","1.073004","0.053437","1.9208"
"340","340","560.535986","1.074774","0.053733","1.910547"
"350","340","551.540785","1.076393","0.054037","1.900861"
"360","340","542.829724","1.077873","0.054349","1.891703"
"370","340","534.389552","1.079225","0.054667","1.883034"
"380","340","526.207824","1.080457","0.054991","1.874821"
"390","340","518.272849","1.081578","0.05532","1.867033"
"400","340","510.573632","1.082595","0.055654","1.859641"
"410","340","503.099817","1.083518","0.055993","1.852619"
"420","340","495.841651","1.084351","0.056335","1.845942"
"430","340","488.789931","1.085102","0.056681","1.839588"
"440","340","481.935974","1.085775","0.05703","1.833538"
"450","340","475.271576","1.086377","0.057382","1.827771"
"460","340","468.788979","1.086913","0.057736","1.822271"
"470","340","462.480845","1.087386","0.058093","1.817021"
"-100","350","2043.148781","0.922589","0.221301","2.188694"
"-90","350","1931.592746","0.898266","0.196624","2.254829"
"-80","350","1831.587945","0.878478","0.1762","2.321765"
"-70","350","1741.428558","0.862793","0.159004","2.388803"
"-60","350","1659.728883","0.850871","0.144316","2.45495"
"-50","350","1585.351609","0.842441","0.131618","2.518891"
"-40","350","1517.354542","0.837271","0.120534","2.57898"
"-30","350","1454.950489","0.835146","0.110788","2.633287"
"-20","350","1397.47664","0.835846","0.102177","2.679735"
"-10","350","1344.370935","0.839128","0.094555","2.716312"
"0","350","1295.153621","0.844713","0.087817","2.741361"
"10","350","1249.412719","0.852284","0.08189","2.753875"
"20","350","1206.792466","0.861486","0.076716","2.753708"
"30","350","1166.984039","0.87195","0.072244","2.741619"
"40","350","1129.718063","0.883307","0.068418","2.719131"
"50","350","1094.758507","0.895212","0.06518","2.688253"
"60","350","1061.897678","0.907359","0.062467","2.651168"
"70","350","1030.952095","0.919493","0.060214","2.609962"
"80","350","1001.759058","0.931412","0.058357","2.566453"
"90","350","974.173789","0.942965","0.056837","2.522109"
"100","350","948.067028","0.954043","0.055599","2.478045"
"110","350","923.323011","0.964578","0.054598","2.435054"
"120","350","899.83775","0.97453","0.053794","2.39367"
"130","350","877.517578","0.98388","0.053153","2.35422"
"140","350","856.277893","0.99263","0.05265","2.316877"
"150","350","836.042093","1.00079","0.052262","2.281708"
"160","350","816.740648","1.008381","0.051971","2.248704"
"170","350","798.310305","1.015427","0.051762","2.217805"
"180","350","780.693394","1.021957","0.051623","2.18892"
"190","350","763.837227","1.028","0.051544","2.161943"
"200","350","747.693568","1.033587","0.051516","2.136755"
"210","350","732.218175","1.038748","0.051534","2.113238"
"220","350","717.370397","1.043512","0.05159","2.091273"
"230","350","703.112812","1.047906","0.051681","2.070749"
"240","350","689.410916","1.051957","0.051801","2.051557"
"250","350","676.232842","1.05569","0.051948","2.033596"
"260","350","663.549117","1.059128","0.052118","2.016772"
"270","350","651.332434","1.062292","0.052309","2.000999"
"280","350","639.557465","1.065203","0.052519","1.986196"
"290","350","628.200677","1.067879","0.052745","1.972289"
"300","350","617.240184","1.070339","0.052985","1.95921"
"310","350","606.655597","1.072597","0.053239","1.946899"
"320","350","596.427904","1.074669","0.053505","1.935297"
"330","350","586.539354","1.076568","0.053781","1.924353"
"340","350","576.973353","1.078307","0.054067","1.914019"
"350","350","567.714373","1.079897","0.054361","1.904252"
"360","350","558.747866","1.08135","0.054663","1.895011"
"370","350","550.06019","1.082675","0.054973","1.886261"
"380","350","541.638539","1.083882","0.055288","1.877966"
"390","350","533.470876","1.084978","0.05561","1.870098"
"400","350","525.545884","1.085972","0.055936","1.862626"
"410","350","517.852904","1.086872","0.056267","1.855526"
"420","350","510.381896","1.087682","0.056603","1.848772"
"430","350","503.12339","1.088411","0.056942","1.842344"
"440","350","496.068445","1.089063","0.057285","1.83622"
"450","350","489.208617","1.089644","0.05763","1.830382"
"460","350","482.535922","1.090159","0.057979","1.824813"
"470","350","476.042806","1.090612","0.05833","1.819495"
"-100","360","2101.355951","0.946601","0.223269","2.178424"
"-90","360","1986.621801","0.921297","0.198482","2.242801"
"-80","360","1883.767968","0.9006","0.177977","2.307741"
"-70","360","1791.040034","0.884055","0.160723","2.372547"
"-60","360","1707.012822","0.871303","0.145994","2.436265"
"-50","360","1630.516616","0.862051","0.133272","2.497651"
"-40","360","1560.582384","0.85605","0.122175","2.555179"
"-30","360","1496.400506","0.853069","0.112423","2.607095"
"-20","360","1437.289287","0.85288","0.103811","2.651538"
"-10","360","1382.670655","0.855234","0.096186","2.686728"
"0","360","1332.051191","0.859856","0.08944","2.711214"
"10","360","1285.00718","0.866439","0.083494","2.724113"
"20","360","1241.17272","0.874648","0.078286","2.725283"
"30","360","1200.230193","0.884133","0.073764","2.715363"
"40","360","1161.902548","0.894547","0.069875","2.695659"
"50","360","1125.947031","0.905563","0.066564","2.667921"
"60","360","1092.150031","0.91689","0.06377","2.634084"
"70","360","1060.322841","0.92828","0.061435","2.596036"
"80","360","1030.298125","0.939534","0.059496","2.555453"
"90","360","1001.92698","0.950498","0.057898","2.513728"
"100","360","975.076465","0.961061","0.056587","2.471942"
"110","360","949.627516","0.971147","0.05552","2.430894"
"120","360","925.473186","0.980709","0.054655","2.391136"
"130","360","902.517135","0.989723","0.053961","2.35303"
"140","360","880.672354","0.998182","0.05341","2.316787"
"150","360","859.860057","1.00609","0.052978","2.282507"
"160","360","840.008734","1.013463","0.052648","2.250215"
"170","360","821.053329","1.02032","0.052404","2.219881"
"180","360","802.934531","1.026685","0.052233","2.191439"
"190","360","785.598149","1.032585","0.052125","2.164804"
"200","360","768.994575","1.038046","0.052072","2.139877"
"210","360","753.078305","1.043096","0.052065","2.116554"
"220","360","737.807529","1.047762","0.052099","2.094729"
"230","360","723.14376","1.052069","0.052169","2.074299"
"240","360","709.051511","1.056043","0.052271","2.055166"
"250","360","695.498008","1.059706","0.0524","2.037235"
"260","360","682.452936","1.06308","0.052554","2.020418"
"270","360","669.888213","1.066187","0.05273","2.004632"
"280","360","657.777787","1.069046","0.052925","1.989802"
"290","360","646.097457","1.071674","0.053137","1.975856"
"300","360","634.824711","1.074089","0.053365","1.96273"
"310","360","623.93858","1.076305","0.053607","1.950363"
"320","360","613.419511","1.078339","0.053861","1.9387"
"330","360","603.249246","1.080201","0.054127","1.927691"
"340","360","593.41072","1.081906","0.054403","1.917289"
"350","360","583.887961","1.083464","0.054688","1.907452"
"360","360","574.666008","1.084886","0.054981","1.89814"
"370","360","565.730829","1.086182","0.055281","1.889318"
"380","360","557.069254","1.08736","0.055588","1.880951"
"390","360","548.668903","1.088429","0.055902","1.873011"
"400","360","540.518136","1.089397","0.056221","1.865468"
"410","360","532.605991","1.09027","0.056544","1.858297"
"420","360","524.922142","1.091056","0.056873","1.851474"
"430","360","517.456848","1.091761","0.057205","1.844978"
"440","360","510.200916","1.092389","0.057542","1.838787"
"450","360","503.145658","1.092947","0.057881","1.832883"
"460","360","496.282866","1.093439","0.058224","1.827249"
"470","360","489.604767","1.09387","0.058569","1.821869"
"-100","370","2159.563121","0.970537","0.225227","2.168471"
"-90","370","2041.650856","0.944249","0.200328","2.231188"
"-80","370","1935.94799","0.922642","0.17974","2.29425"
"-70","370","1840.651511","0.905238","0.162425","2.356975"
"-60","370","1754.29676","0.891658","0.147654","2.41844"
"-50","370","1675.681624","0.881591","0.134903","2.477471"
"-40","370","1603.810227","0.87477","0.123789","2.532652"
"-30","370","1537.850522","0.870952","0.114029","2.58238"
"-20","370","1477.101933","0.869898","0.105412","2.624983"
"-10","370","1420.970376","0.871355","0.097782","2.658882"
"0","370","1368.948762","0.875051","0.091027","2.682798"
"10","370","1320.60164","0.880687","0.085062","2.695958"
"20","370","1275.552974","0.887943","0.079823","2.698232"
"30","370","1233.476346","0.896489","0.075256","2.690165"
"40","370","1194.087033","0.905994","0.07131","2.672887"
"50","370","1157.135554","0.916149","0.067931","2.647935"
"60","370","1122.402384","0.926676","0.065063","2.617028"
"70","370","1089.693587","0.937335","0.062649","2.581872"
"80","370","1058.837192","0.947929","0.060633","2.544015"
"90","370","1029.680172","0.958305","0.058959","2.504765"
"100","370","1002.085902","0.968348","0.057578","2.465168"
"110","370","975.932022","0.977977","0.056445","2.42601"
"120","370","951.108621","0.98714","0.055521","2.387861"
"130","370","927.516692","0.995806","0.054773","2.351103"
"140","370","905.066814","1.003961","0.054174","2.315976"
"150","370","883.67802","1.011605","0.053699","2.282614"
"160","370","863.276819","1.018747","0.05333","2.251068"
"170","370","843.796354","1.025403","0.05305","2.221335"
"180","370","825.175669","1.031592","0.052848","2.193375"
"190","370","807.359072","1.037337","0.052711","2.16712"
"200","370","790.295581","1.042662","0.052631","2.14249"
"210","370","773.938434","1.047592","0.0526","2.119394"
"220","370","758.244661","1.05215","0.052612","2.097741"
"230","370","743.174708","1.056362","0.052662","2.077437"
"240","370","728.692106","1.060249","0.052744","2.05839"
"250","370","714.763174","1.063834","0.052856","2.040515"
"260","370","701.356756","1.067139","0.052993","2.023729"
"270","370","688.443992","1.070182","0.053154","2.007953"
"280","370","675.99811","1.072982","0.053334","1.993116"
"290","370","663.994237","1.075557","0.053533","1.979151"
"300","370","652.409237","1.077922","0.053748","1.965993"
"310","370","641.221563","1.080092","0.053978","1.953587"
"320","370","630.411118","1.082082","0.054221","1.941878"
"330","370","619.959138","1.083904","0.054476","1.930818"
"340","370","609.848087","1.085571","0.054741","1.920361"
"350","370","600.061549","1.087093","0.055016","1.910465"
"360","370","590.58415","1.08848","0.0553","1.901093"
"370","370","581.401468","1.089743","0.055592","1.892208"
"380","370","572.499968","1.09089","0.055891","1.883779"
"390","370","563.86693","1.091929","0.056196","1.875775"
"400","370","555.490388","1.092868","0.056507","1.868168"
"410","370","547.359078","1.093713","0.056824","1.860934"
"420","370","539.462388","1.094472","0.057145","1.854049"
"430","370","531.790307","1.09515","0.057471","1.84749"
"440","370","524.333386","1.095753","0.057801","1.841238"
"450","370","517.0827","1.096286","0.058134","1.835274"
"460","370","510.029809","1.096754","0.058471","1.829581"
"470","370","503.166729","1.097161","0.05881","1.824142"
"-100","380","2217.77029","0.994399","0.227175","2.158819"
"-90","380","2096.679912","0.967125","0.202163","2.219963"
"-80","380","1988.128013","0.944606","0.18149","2.28126"
"-70","380","1890.262987","0.926345","0.164112","2.342037"
"-60","380","1801.580698","0.91194","0.149295","2.401409"
"-50","380","1720.846631","0.901063","0.136513","2.458264"
"-40","380","1647.038069","0.893433","0.125379","2.511285"
"-30","380","1579.300538","0.888794","0.115607","2.559007"
"-20","380","1516.914579","0.886895","0.106982","2.599919"
"-10","380","1459.270096","0.887483","0.099346","2.632613"
"0","380","1405.846333","0.890285","0.09258","2.655963"
"10","380","1356.1961","0.895011","0.086597","2.669289"
"20","380","1309.933228","0.901352","0.08133","2.672475"
"30","380","1266.7225","0.908994","0.076722","2.665996"
"40","380","1226.271518","0.917622","0.072724","2.650839"
"50","380","1188.324078","0.926944","0.069282","2.62836"
"60","380","1152.654737","0.936691","0.066344","2.600093"
"70","380","1119.064333","0.946631","0.063857","2.567584"
"80","380","1087.376259","0.956573","0.061766","2.532257"
"90","380","1057.433363","0.966363","0.06002","2.495339"
"100","380","1029.095339","0.975884","0.05857","2.45783"
"110","380","1002.236528","0.985051","0.057374","2.420504"
"120","380","976.744056","0.993806","0.056391","2.383932"
"130","380","952.516249","1.002114","0.05559","2.348513"
"140","380","929.461275","1.009956","0.054942","2.314511"
"150","380","907.495984","1.017324","0.054424","2.282084"
"160","380","886.544905","1.024225","0.054015","2.25131"
"170","380","866.539379","1.030669","0.0537","2.222209"
"180","380","847.416806","1.036671","0.053466","2.194761"
"190","380","829.119995","1.042251","0.0533","2.168919"
"200","380","811.596588","1.04743","0.053193","2.144618"
"210","380","794.798563","1.052229","0.053138","2.121781"
"220","380","778.681792","1.056672","0.053128","2.100329"
"230","380","763.205656","1.060779","0.053157","2.080177"
"240","380","748.332702","1.064573","0.05322","2.061244"
"250","380","734.028339","1.068074","0.053314","2.043449"
"260","380","720.260575","1.071302","0.053435","2.026716"
"270","380","706.999771","1.074274","0.05358","2.010971"
"280","380","694.218432","1.07701","0.053746","1.996147"
"290","380","681.891016","1.079526","0.053931","1.982179"
"300","380","669.993764","1.081836","0.054134","1.969008"
"310","380","658.504546","1.083955","0.054352","1.956577"
"320","380","647.402724","1.085898","0.054583","1.944836"
"330","380","636.669031","1.087675","0.054827","1.933738"
"340","380","626.285453","1.0893","0.055082","1.923237"
"350","380","616.235137","1.090782","0.055348","1.913294"
"360","380","606.502291","1.092132","0.055622","1.903871"
"370","380","597.072107","1.093359","0.055905","1.894934"
"380","380","587.930683","1.094471","0.056196","1.886451"
"390","380","579.064956","1.095478","0.056493","1.878392"
"400","380","570.46264","1.096385","0.056797","1.87073"
"410","380","562.112165","1.0972","0.057106","1.863439"
"420","380","554.002634","1.097929","0.05742","1.856498"
"430","380","546.123766","1.098579","0.057739","1.849883"
"440","380","538.465857","1.099154","0.058062","1.843575"
"450","380","531.019741","1.09966","0.058389","1.837557"
"460","380","523.776752","1.100102","0.05872","1.831809"
"470","380","516.72869","1.100483","0.059054","1.826318"
"-100","390","2275.97746","1.018189","0.229114","2.149452"
"-90","390","2151.708967","0.989926","0.203988","2.209106"
"-80","390","2040.308036","0.966495","0.183228","2.268738"
"-70","390","1939.874463","0.947376","0.165784","2.327692"
"-60","390","1848.864636","0.932148","0.15092","2.385113"
"-50","390","1766.011639","0.920469","0.138104","2.439951"
"-40","390","1690.265911","0.912039","0.126947","2.490981"
"-30","390","1620.750554","0.906592","0.11716","2.536856"
"-20","390","1556.727226","0.90387","0.108525","2.57621"
"-10","390","1497.569817","0.903613","0.10088","2.607782"
"0","390","1442.743903","0.90555","0.094102","2.630574"
"10","390","1391.790561","0.909398","0.088101","2.643992"
"20","390","1344.313482","0.914858","0.082807","2.647935"
"30","390","1299.968653","0.921628","0.078162","2.64282"
"40","390","1258.456003","0.929411","0.074115","2.629522"
"50","390","1219.512602","0.937923","0.070616","2.609242"
"60","390","1182.907091","0.94691","0.067613","2.583356"
"70","390","1148.435079","0.956147","0.065057","2.553265"
"80","390","1115.915326","0.965445","0.062896","2.520281"
"90","390","1085.186554","0.974652","0.06108","2.485552"
"100","390","1056.104776","0.98365","0.059564","2.45003"
"110","390","1028.541034","0.992352","0.058304","2.414467"
"120","390","1002.379492","1.000694","0.057264","2.379432"
"130","390","977.515806","1.008636","0.05641","2.345335"
"140","390","953.855736","1.016155","0.055714","2.312456"
"150","390","931.313948","1.023239","0.055152","2.280975"
"160","390","909.812991","1.029888","0.054704","2.25099"
"170","390","889.282404","1.03611","0.054354","2.222543"
"180","390","869.657944","1.041915","0.054087","2.195634"
"190","390","850.880918","1.047321","0.053892","2.170231"
"200","390","832.897595","1.052344","0.053759","2.146286"
"210","390","815.658692","1.057005","0.053679","2.123736"
"220","390","799.118924","1.061324","0.053646","2.102511"
"230","390","783.236604","1.065319","0.053655","2.082538"
"240","390","767.973297","1.069012","0.053699","2.063741"
"250","390","753.293505","1.072422","0.053775","2.046049"
"260","390","739.164395","1.075566","0.053879","2.02939"
"270","390","725.55555","1.078463","0.054009","2.013696"
"280","390","712.438755","1.081129","0.054161","1.998903"
"290","390","699.787796","1.08358","0.054332","1.984949"
"300","390","687.578291","1.08583","0.054522","1.971779"
"310","390","675.787528","1.087894","0.054727","1.959339"
"320","390","664.394331","1.089785","0.054948","1.947579"
"330","390","653.378923","1.091514","0.055181","1.936455"
"340","390","642.72282","1.093092","0.055426","1.925922"
"350","390","632.408725","1.094531","0.055681","1.915943"
"360","390","622.420433","1.09584","0.055947","1.90648"
"370","390","612.742746","1.097028","0.056221","1.897499"
"380","390","603.361398","1.098104","0.056503","1.88897"
"390","390","594.262983","1.099074","0.056792","1.880864"
"400","390","585.434892","1.099948","0.057088","1.873154"
"410","390","576.865252","1.10073","0.05739","1.865814"
"420","390","568.54288","1.101428","0.057697","1.858823"
"430","390","560.457224","1.102047","0.058009","1.852158"
"440","390","552.598327","1.102592","0.058326","1.845801"
"450","390","544.956782","1.10307","0.058647","1.839733"
"460","390","537.523695","1.103484","0.058971","1.833936"
"470","390","530.290651","1.103838","0.059299","1.828396"
"-100","400","2334.18463","1.041908","0.231045","2.140356"
"-90","400","2206.738022","1.012656","0.205802","2.198595"
"-80","400","2092.488059","0.988311","0.184953","2.256657"
"-70","400","1989.48594","0.968334","0.167443","2.313898"
"-60","400","1896.148575","0.952287","0.152528","2.369499"
"-50","400","1811.176647","0.939809","0.139676","2.422465"
"-40","400","1733.493754","0.930589","0.128494","2.471652"
"-30","400","1662.20057","0.924347","0.118689","2.515824"
"-20","400","1596.539872","0.920818","0.110041","2.553738"
"-10","400","1535.869537","0.919738","0.102385","2.584262"
"0","400","1479.641474","0.920838","0.095595","2.606512"
"10","400","1427.385021","0.923837","0.089576","2.619964"
"20","400","1378.693736","0.928446","0.084257","2.624534"
"30","400","1333.214807","0.934376","0.079577","2.620598"
"40","400","1290.640488","0.941339","0.075485","2.608932"
"50","400","1250.701125","0.949068","0.071932","2.590611"
"60","400","1213.159444","0.957313","0.06887","2.566873"
"70","400","1177.805824","0.96586","0.066249","2.538992"
"80","400","1144.454392","0.974524","0.064021","2.508175"
"90","400","1112.939746","0.983154","0.062138","2.475494"
"100","400","1083.114213","0.991631","0.060558","2.441854"
"110","400","1054.84554","0.999865","0.059237","2.407981"
"120","400","1028.014927","1.007789","0.05814","2.374436"
"130","400","1002.515363","1.01536","0.057233","2.341636"
"140","400","978.250196","1.022548","0.05649","2.309872"
"150","400","955.131912","1.029339","0.055884","2.279338"
"160","400","933.081077","1.035728","0.055397","2.250154"
"170","400","912.025429","1.041719","0.055011","2.222378"
"180","400","891.899081","1.047319","0.054712","2.196027"
"190","400","872.641841","1.052541","0.054487","2.171087"
"200","400","854.198602","1.057401","0.054327","2.147522"
"210","400","836.518822","1.061915","0.054223","2.125281"
"220","400","819.556055","1.066101","0.054168","2.104307"
"230","400","803.267552","1.069978","0.054155","2.084534"
"240","400","787.613892","1.073563","0.05418","2.065896"
"250","400","772.558671","1.076875","0.054239","2.048327"
"260","400","758.068215","1.07993","0.054326","2.031762"
"270","400","744.11133","1.082745","0.05444","2.016136"
"280","400","730.659077","1.085335","0.054577","2.001391"
"290","400","717.684575","1.087717","0.054735","1.987468"
"300","400","705.162817","1.089903","0.054912","1.974314"
"310","400","693.070511","1.091907","0.055106","1.961878"
"320","400","681.385937","1.093741","0.055314","1.950112"
"330","400","670.088815","1.095418","0.055537","1.938974"
"340","400","659.160187","1.096947","0.055771","1.928421"
"350","400","648.582314","1.09834","0.056017","1.918415"
"360","400","638.338575","1.099605","0.056273","1.908921"
"370","400","628.413385","1.100751","0.056538","1.899906"
"380","400","618.792113","1.101786","0.056812","1.89134"
"390","400","609.46101","1.102719","0.057093","1.883194"
"400","400","600.407144","1.103555","0.057381","1.875443"
"410","400","591.61834","1.104303","0.057676","1.868061"
"420","400","583.083126","1.104967","0.057976","1.861026"
"430","400","574.790683","1.105553","0.058281","1.854318"
"440","400","566.730798","1.106067","0.058591","1.847917"
"450","400","558.893824","1.106514","0.058906","1.841804"
"460","400","551.270639","1.106898","0.059224","1.835963"
"470","400","543.852612","1.107224","0.059547","1.830379"
"-100","410","2392.3918","1.065558","0.232966","2.131517"
"-90","410","2261.767077","1.035314","0.207606","2.188413"
"-80","410","2144.668082","1.010055","0.186667","2.24499"
"-70","410","2039.097416","0.989221","0.169088","2.300621"
"-60","410","1943.432513","0.972356","0.154122","2.354519"
"-50","410","1856.341654","0.959085","0.141231","2.405742"
"-40","410","1776.721596","0.949082","0.13002","2.453222"
"-30","410","1703.650586","0.942058","0.120195","2.495818"
"-20","410","1636.352519","0.937738","0.111533","2.532398"
"-10","410","1574.169257","0.935856","0.103864","2.561945"
"0","410","1516.539045","0.936141","0.09706","2.583669"
"10","410","1462.979481","0.938317","0.091024","2.59711"
"20","410","1413.07399","0.942104","0.08568","2.602203"
"30","410","1366.46096","0.94722","0.080968","2.599286"
"40","410","1322.824972","0.953391","0.076834","2.589059"
"50","410","1281.889649","0.960358","0.073232","2.572486"
"60","410","1243.411797","0.967882","0.070113","2.550687"
"70","410","1207.17657","0.975754","0.067431","2.524824"
"80","410","1172.993459","0.983793","0.06514","2.496008"
"90","410","1140.692937","0.991851","0.063194","2.465242"
"100","410","1110.12365","0.999809","0.061551","2.433379"
"110","410","1081.150046","1.007574","0.060171","2.401121"
"120","410","1053.650363","1.015078","0.059018","2.369016"
"130","410","1027.51492","1.022272","0.05806","2.33748"
"140","410","1002.644657","1.029124","0.057268","2.306814"
"150","410","978.949876","1.035615","0.05662","2.277225"
"160","410","956.349163","1.041736","0.056094","2.248846"
"170","410","934.768453","1.047488","0.055672","2.221752"
"180","410","914.140219","1.052875","0.05534","2.195975"
"190","410","894.402764","1.057906","0.055086","2.171515"
"200","410","875.499609","1.062594","0.054899","2.148349"
"210","410","857.378951","1.066954","0.05477","2.126439"
"220","410","839.993187","1.071001","0.054692","2.105736"
"230","410","823.2985","1.074752","0.054658","2.086183"
"240","410","807.254487","1.078223","0.054664","2.067724"
"250","410","791.823837","1.08143","0.054705","2.050296"
"260","410","776.972034","1.08439","0.054776","2.033842"
"270","410","762.667109","1.087118","0.054874","2.018302"
"280","410","748.8794","1.089628","0.054996","2.00362"
"290","410","735.581355","1.091935","0.055141","1.989743"
"300","410","722.747344","1.094052","0.055305","1.976619"
"310","410","710.353494","1.095992","0.055486","1.9642"
"320","410","698.377544","1.097767","0.055683","1.952441"
"330","410","686.798707","1.099387","0.055895","1.9413"
"340","410","675.597554","1.100864","0.056119","1.930737"
"350","410","664.755902","1.102206","0.056355","1.920714"
"360","410","654.256717","1.103424","0.056602","1.911199"
"370","410","644.084024","1.104526","0.056858","1.902159"
"380","410","634.222828","1.105518","0.057123","1.893563"
"390","410","624.659037","1.10641","0.057396","1.885386"
"400","410","615.379396","1.107208","0.057677","1.8776"
"410","410","606.371427","1.107918","0.057964","1.870182"
"420","410","597.623372","1.108546","0.058257","1.86311"
"430","410","589.124142","1.109098","0.058555","1.856364"
"440","410","580.863269","1.109579","0.058859","1.849923"
"450","410","572.830865","1.109993","0.059167","1.843771"
"460","410","565.017582","1.110346","0.05948","1.837891"
"470","410","557.414573","1.110642","0.059796","1.832268"
"-100","420","2450.598969","1.089141","0.23488","2.122924"
"-90","420","2316.796132","1.057904","0.209401","2.178541"
"-80","420","2196.848105","1.03173","0.188371","2.233713"
"-70","420","2088.708893","1.010038","0.170721","2.287827"
"-60","420","1990.716451","0.992359","0.155701","2.34013"
"-50","420","1901.506662","0.978299","0.142769","2.389728"
"-40","420","1819.949438","0.967521","0.131529","2.435621"
"-30","420","1745.100603","0.959724","0.121681","2.476756"
"-20","420","1676.165165","0.954628","0.113001","2.512099"
"-10","420","1612.468978","0.951961","0.105318","2.540731"
"0","420","1553.436616","0.951453","0.098499","2.561947"
"10","420","1498.573942","0.952832","0.092445","2.575344"
"20","420","1447.454244","0.955821","0.087078","2.580872"
"30","420","1399.707114","0.96015","0.082335","2.578841"
"40","420","1355.009457","0.965552","0.078163","2.569885"
"50","420","1313.078173","0.971778","0.074515","2.554875"
"60","420","1273.66415","0.978599","0.071343","2.534829"
"70","420","1236.547316","0.985809","0.068604","2.510809"
"80","420","1201.532526","0.993235","0.066252","2.483842"
"90","420","1168.446128","1.000728","0.064245","2.454861"
"100","420","1137.133087","1.00817","0.062542","2.424674"
"110","420","1107.454552","1.015467","0.061105","2.393953"
"120","420","1079.285798","1.022548","0.059897","2.363233"
"130","420","1052.514477","1.029362","0.058888","2.332925"
"140","420","1027.039118","1.035873","0.05805","2.303336"
"150","420","1002.76784","1.042058","0.057359","2.274682"
"160","420","979.617249","1.047905","0.056793","2.247108"
"170","420","957.511478","1.05341","0.056336","2.220702"
"180","420","936.381356","1.058576","0.055971","2.19551"
"190","420","916.163687","1.063409","0.055687","2.171545"
"200","420","896.800616","1.067919","0.055473","2.148794"
"210","420","878.23908","1.072118","0.055319","2.127231"
"220","420","860.430318","1.076019","0.055219","2.106817"
"230","420","843.329448","1.079638","0.055164","2.087503"
"240","420","826.895082","1.082989","0.05515","2.069238"
"250","420","811.089002","1.086086","0.055173","2.05197"
"260","420","795.875854","1.088945","0.055227","2.035643"
"270","420","781.222888","1.09158","0.05531","2.020204"
"280","420","767.099723","1.094005","0.055418","2.005601"
"290","420","753.478135","1.096233","0.055548","1.991783"
"300","420","740.33187","1.098277","0.055699","1.978702"
"310","420","727.636477","1.100149","0.055868","1.966312"
"320","420","715.36915","1.10186","0.056054","1.954571"
"330","420","703.508599","1.10342","0.056255","1.943438"
"340","420","692.034921","1.104841","0.056469","1.932874"
"350","420","680.92949","1.10613","0.056695","1.922845"
"360","420","670.174858","1.107298","0.056932","1.913317"
"370","420","659.754663","1.108352","0.05718","1.904259"
"380","420","649.653543","1.109299","0.057436","1.895643"
"390","420","639.857063","1.110148","0.057701","1.88744"
"400","420","630.351648","1.110904","0.057974","1.879627"
"410","420","621.124514","1.111574","0.058253","1.87218"
"420","420","612.163618","1.112165","0.058539","1.865077"
"430","420","603.4576","1.11268","0.058831","1.858298"
"440","420","594.995739","1.113126","0.059128","1.851824"
"450","420","586.767906","1.113506","0.05943","1.845637"
"460","420","578.764525","1.113826","0.059737","1.839722"
"470","420","570.976534","1.11409","0.060047","1.834063"
"-100","430","2508.806139","1.112658","0.236786","2.114564"
"-90","430","2371.825187","1.080426","0.211187","2.168964"
"-80","430","2249.028128","1.053336","0.190064","2.222804"
"-70","430","2138.320369","1.030789","0.172342","2.275488"
"-60","430","2038.000389","1.012296","0.157266","2.326293"
"-50","430","1946.671669","0.997451","0.144292","2.374372"
"-40","430","1863.177281","0.985904","0.133019","2.418788"
"-30","430","1786.550619","0.977345","0.123147","2.458565"
"-20","430","1715.977811","0.971486","0.114449","2.492758"
"-10","430","1650.768698","0.968052","0.106749","2.520533"
"0","430","1590.334186","0.96677","0.099914","2.541262"
"10","430","1534.168402","0.967372","0.093842","2.554589"
"20","430","1481.834498","0.969588","0.088452","2.560478"
"30","430","1432.953267","0.973152","0.08368","2.559219"
"40","430","1387.193942","0.977808","0.079472","2.551389"
"50","430","1344.266697","0.983314","0.07578","2.53778"
"60","430","1303.916503","0.989448","0.072559","2.519322"
"70","430","1265.918062","0.996012","0.069766","2.496987"
"80","430","1230.071593","1.002834","0.067358","2.471725"
"90","430","1196.19932","1.00977","0.065293","2.444408"
"100","430","1164.142524","1.0167","0.063532","2.415798"
"110","430","1133.759058","1.023531","0.062039","2.386537"
"120","430","1104.921234","1.030188","0.060778","2.357144"
"130","430","1077.514034","1.036619","0.059719","2.328025"
"140","430","1051.433579","1.042784","0.058834","2.299488"
"150","430","1026.585804","1.048658","0.0581","2.271755"
"160","430","1002.885335","1.054226","0.057495","2.244981"
"170","430","980.254503","1.059479","0.057002","2.219265"
"180","430","958.622494","1.064418","0.056605","2.194665"
"190","430","937.92461","1.069046","0.056292","2.171204"
"200","430","918.101623","1.073371","0.05605","2.148882"
"210","430","899.099209","1.077403","0.055871","2.12768"
"220","430","880.86745","1.081152","0.055748","2.107569"
"230","430","863.360395","1.084632","0.055672","2.088509"
"240","430","846.535678","1.087857","0.055639","2.070455"
"250","430","830.354168","1.090839","0.055643","2.053361"
"260","430","814.779674","1.093592","0.055681","2.037176"
"270","430","799.778667","1.09613","0.055748","2.021852"
"280","430","785.320045","1.098465","0.055841","2.007341"
"290","430","771.374914","1.10061","0.055958","1.993595"
"300","430","757.916397","1.102576","0.056096","1.980569"
"310","430","744.91946","1.104376","0.056253","1.96822"
"320","430","732.360757","1.106019","0.056427","1.956508"
"330","430","720.218491","1.107516","0.056617","1.945393"
"340","430","708.472287","1.108877","0.05682","1.934839"
"350","430","697.103078","1.11011","0.057037","1.924812"
"360","430","686.093","1.111225","0.057265","1.91528"
"370","430","675.425302","1.112228","0.057503","1.906212"
"380","430","665.084258","1.113128","0.057751","1.897581"
"390","430","655.05509","1.113931","0.058008","1.889361"
"400","430","645.3239","1.114644","0.058273","1.881527"
"410","430","635.877601","1.115272","0.058545","1.874056"
"420","430","626.703863","1.115823","0.058824","1.866928"
"430","430","617.791059","1.1163","0.059109","1.860121"
"440","430","609.12821","1.116708","0.059399","1.853619"
"450","430","600.704948","1.117053","0.059695","1.847403"
"460","430","592.511468","1.117339","0.059995","1.841458"
"470","430","584.538496","1.117569","0.0603","1.835768"
"-100","440","2567.013309","1.136111","0.238684","2.106426"
"-90","440","2426.854242","1.102882","0.212965","2.159666"
"-80","440","2301.208151","1.074876","0.191747","2.212242"
"-70","440","2187.931845","1.051473","0.173952","2.263577"
"-60","440","2085.284328","1.032169","0.158819","2.312973"
"-50","440","1991.836677","1.016543","0.1458","2.359629"
"-40","440","1906.405123","1.004234","0.134493","2.402666"
"-30","440","1828.000635","0.994922","0.124595","2.441179"
"-20","440","1755.790458","0.988312","0.115875","2.4743"
"-10","440","1689.068419","0.984125","0.108158","2.501273"
"0","440","1627.231757","0.982088","0.101307","2.521534"
"10","440","1569.762862","0.981933","0.095216","2.534771"
"20","440","1516.214752","0.983396","0.089804","2.540962"
"30","440","1466.199421","0.986217","0.085004","2.540378"
"40","440","1419.378427","0.990147","0.080762","2.533548"
"50","440","1375.45522","0.994952","0.077029","2.521198"
"60","440","1334.168856","1.000417","0.073762","2.504179"
"70","440","1295.288808","1.006348","0.070918","2.483386"
"80","440","1258.61066","1.012577","0.068456","2.459698"
"90","440","1223.952511","1.018962","0.066336","2.433931"
"100","440","1191.151961","1.025386","0.06452","2.406803"
"110","440","1160.063564","1.031752","0.062972","2.378926"
"120","440","1130.556669","1.037986","0.061659","2.350802"
"130","440","1102.513591","1.044033","0.060551","2.322829"
"140","440","1075.828039","1.049849","0.059621","2.295315"
"150","440","1050.403768","1.055408","0.058844","2.268485"
"160","440","1026.153421","1.060691","0.058201","2.242502"
"170","440","1002.997528","1.065687","0.057672","2.217475"
"180","440","980.863631","1.070393","0.057242","2.193469"
"190","440","959.685533","1.074811","0.056899","2.17052"
"200","440","939.40263","1.078945","0.05663","2.148635"
"210","440","919.959339","1.082803","0.056426","2.127807"
"220","440","901.304582","1.086395","0.056279","2.108012"
"230","440","883.391343","1.089732","0.056183","2.089219"
"240","440","866.176273","1.092825","0.05613","2.071389"
"250","440","849.619334","1.095686","0.056116","2.054482"
"260","440","833.683493","1.098329","0.056136","2.038453"
"270","440","818.334446","1.100764","0.056188","2.023257"
"280","440","803.540368","1.103005","0.056266","2.00885"
"290","440","789.271694","1.105062","0.056369","1.995188"
"300","440","775.500924","1.106947","0.056494","1.982228"
"310","440","762.202443","1.10867","0.056639","1.969931"
"320","440","749.352364","1.110243","0.056802","1.958258"
"330","440","736.928383","1.111673","0.05698","1.947171"
"340","440","724.909654","1.112971","0.057174","1.936635"
"350","440","713.276666","1.114146","0.05738","1.926619"
"360","440","702.011142","1.115204","0.057599","1.91709"
"370","440","691.095941","1.116155","0.057828","1.90802"
"380","440","680.514973","1.117004","0.058068","1.899383"
"390","440","670.253117","1.117759","0.058317","1.891151"
"400","440","660.296152","1.118426","0.058574","1.883303"
"410","440","650.630688","1.119011","0.058838","1.875814"
"420","440","641.244109","1.119519","0.05911","1.868666"
"430","440","632.124517","1.119956","0.059388","1.861838"
"440","440","623.260681","1.120326","0.059672","1.855312"
"450","440","614.641989","1.120633","0.059961","1.849071"
"460","440","606.258412","1.120883","0.060256","1.843099"
"470","440","598.100457","1.121078","0.060554","1.837382"
"-100","450","2625.220478","1.1595","0.240575","2.098501"
"-90","450","2481.883297","1.125275","0.214734","2.150635"
"-80","450","2353.388174","1.096351","0.193421","2.20201"
"-70","450","2237.543322","1.072093","0.175551","2.252067"
"-60","450","2132.568266","1.05198","0.160359","2.300137"
"-50","450","2037.001684","1.035577","0.147295","2.345458"
"-40","450","1949.632965","1.022511","0.135952","2.387206"
"-30","450","1869.450651","1.012454","0.126025","2.42454"
"-20","450","1795.603104","1.005104","0.117283","2.45666"
"-10","450","1727.368139","1.000178","0.109547","2.482881"
"0","450","1664.129328","0.997401","0.102677","2.502694"
"10","450","1605.357322","0.996508","0.096568","2.515826"
"20","450","1550.595005","0.997238","0.091133","2.522268"
"30","450","1499.445574","0.999336","0.086307","2.522276"
"40","450","1451.562912","1.00256","0.082032","2.516337"
"50","450","1406.643744","1.006682","0.078262","2.505121"
"60","450","1364.421209","1.011492","0.074951","2.489408"
"70","450","1324.659554","1.016803","0.072059","2.470027"
"80","450","1287.149726","1.022451","0.069546","2.447793"
"90","450","1251.705702","1.028294","0.067373","2.423468"
"100","450","1218.161398","1.034215","0.065504","2.397731"
"110","450","1186.36807","1.04012","0.063904","2.371164"
"120","450","1156.192104","1.045932","0.06254","2.344251"
"130","450","1127.513149","1.051593","0.061385","2.317382"
"140","450","1100.2225","1.057059","0.060409","2.290859"
"150","450","1074.221732","1.0623","0.059591","2.264912"
"160","450","1049.421507","1.067294","0.058908","2.239708"
"170","450","1025.740553","1.072028","0.058344","2.215363"
"180","450","1003.104768","1.076497","0.057882","2.191953"
"190","450","981.446455","1.080698","0.057508","2.169519"
"200","450","960.703637","1.084636","0.057212","2.148079"
"210","450","940.819468","1.088316","0.056983","2.127632"
"220","450","921.741713","1.091745","0.056813","2.108163"
"230","450","903.422291","1.094932","0.056695","2.089648"
"240","450","885.816868","1.097889","0.056623","2.072055"
"250","450","868.884499","1.100625","0.056591","2.055347"
"260","450","852.587313","1.103152","0.056594","2.039485"
"270","450","836.890225","1.105481","0.05663","2.024428"
"280","450","821.76069","1.107623","0.056693","2.010137"
"290","450","807.168473","1.109588","0.056782","1.996569"
"300","450","793.08545","1.111388","0.056894","1.983687"
"310","450","779.485425","1.113032","0.057027","1.971452"
"320","450","766.34397","1.11453","0.057178","1.959827"
"330","450","753.638275","1.115891","0.057346","1.948776"
"340","450","741.347021","1.117123","0.057529","1.938268"
"350","450","729.450254","1.118235","0.057726","1.92827"
"360","450","717.929283","1.119235","0.057935","1.918753"
"370","450","706.76658","1.12013","0.058155","1.909688"
"380","450","695.945688","1.120927","0.058387","1.90105"
"390","450","685.451144","1.121632","0.058627","1.892814"
"400","450","675.268404","1.122251","0.058876","1.884957"
"410","450","665.383775","1.12279","0.059134","1.877457"
"420","450","655.784355","1.123254","0.059398","1.870294"
"430","450","646.457976","1.123648","0.059669","1.863448"
"440","450","637.393151","1.123978","0.059947","1.856903"
"450","450","628.57903","1.124246","0.06023","1.850642"
"460","450","620.005355","1.124458","0.060518","1.844649"
"470","450","611.662418","1.124617","0.060811","1.838909"
"-100","460","2683.427648","1.182828","0.24246","2.09078"
"-90","460","2536.912352","1.147604","0.216496","2.141856"
"-80","460","2405.568197","1.117764","0.195086","2.192089"
"-70","460","2287.154798","1.092651","0.17714","2.240936"
"-60","460","2179.852204","1.07173","0.161888","2.287755"
"-50","460","2082.166692","1.054553","0.148776","2.331823"
"-40","460","1992.860808","1.040736","0.137395","2.372363"
"-30","460","1910.900667","1.029942","0.127439","2.408594"
"-20","460","1835.415751","1.021862","0.118673","2.439779"
"-10","460","1765.66786","1.016209","0.110916","2.465292"
"0","460","1701.026898","1.012708","0.104028","2.484677"
"10","460","1640.951783","1.011093","0.097899","2.497694"
"20","460","1584.975259","1.011107","0.092442","2.504345"
"30","460","1532.691728","1.012501","0.08759","2.504873"
"40","460","1483.747397","1.015036","0.083285","2.499731"
"50","460","1437.832268","1.018492","0.079478","2.489538"
"60","460","1394.673562","1.022663","0.076127","2.475015"
"70","460","1354.0303","1.027368","0.073189","2.456928"
"80","460","1315.688793","1.032443","0.070628","2.436037"
"90","460","1279.458894","1.037752","0.068405","2.413055"
"100","460","1245.170836","1.043177","0.066484","2.388622"
"110","460","1212.672575","1.048624","0.064834","2.363293"
"120","460","1181.82754","1.054015","0.063422","2.337534"
"130","460","1152.512706","1.05929","0.062219","2.311723"
"140","460","1124.616961","1.064405","0.061199","2.286159"
"150","460","1098.039696","1.069324","0.060339","2.261071"
"160","460","1072.689593","1.074026","0.059618","2.236632"
"170","460","1048.483577","1.078495","0.059019","2.212962"
"180","460","1025.345906","1.082721","0.058524","2.190143"
"190","460","1003.207378","1.086703","0.05812","2.168226"
"200","460","982.004644","1.09044","0.057797","2.147235"
"210","460","961.679597","1.093936","0.057543","2.127176"
"220","460","942.178845","1.097197","0.057349","2.108042"
"230","460","923.453239","1.100231","0.05721","2.089815"
"240","460","905.457463","1.103046","0.057118","2.072467"
"250","460","888.149665","1.105653","0.057067","2.055968"
"260","460","871.491132","1.10806","0.057054","2.040284"
"270","460","855.446004","1.110278","0.057073","2.025377"
"280","460","839.981013","1.112317","0.057122","2.011211"
"290","460","825.065253","1.114187","0.057197","1.997749"
"300","460","810.669977","1.115898","0.057296","1.984953"
"310","460","796.768408","1.117459","0.057417","1.972789"
"320","460","783.335577","1.118879","0.057556","1.96122"
"330","460","770.348168","1.120167","0.057713","1.950215"
"340","460","757.784388","1.121331","0.057886","1.939742"
"350","460","745.623842","1.122378","0.058072","1.92977"
"360","460","733.847425","1.123317","0.058272","1.920271"
"370","460","722.437219","1.124154","0.058484","1.911219"
"380","460","711.376402","1.124895","0.058707","1.902587"
"390","460","700.64917","1.125548","0.058939","1.894352"
"400","460","690.240656","1.126117","0.059181","1.886492"
"410","460","680.136862","1.126608","0.05943","1.878986"
"420","460","670.324601","1.127026","0.059688","1.871813"
"430","460","660.791435","1.127377","0.059952","1.864956"
"440","460","651.525622","1.127664","0.060223","1.858396"
"450","460","642.516072","1.127892","0.060499","1.852119"
"460","460","633.752298","1.128065","0.060781","1.846108"
"470","460","625.224379","1.128186","0.061068","1.840349"
"-100","470","2741.634818","1.206095","0.244337","2.083252"
"-90","470","2591.941407","1.169872","0.218249","2.133318"
"-80","470","2457.74822","1.139114","0.196742","2.182464"
"-70","470","2336.766275","1.113147","0.178719","2.230164"
"-60","470","2227.136142","1.09142","0.163405","2.275801"
"-50","470","2127.331699","1.073473","0.150245","2.318688"
"-40","470","2036.08865","1.05891","0.138825","2.358096"
"-30","470","1952.350684","1.047385","0.128838","2.393294"
"-20","470","1875.228397","1.038585","0.120046","2.423603"
"-10","470","1803.96758","1.032217","0.112267","2.448451"
"0","470","1737.924469","1.028005","0.105359","2.467427"
"10","470","1676.546243","1.025684","0.09921","2.480321"
"20","470","1619.355513","1.024999","0.093732","2.487146"
"30","470","1565.937881","1.025705","0.088855","2.488132"
"40","470","1515.931882","1.027569","0.08452","2.483705"
"50","470","1469.020791","1.030374","0.080679","2.474437"
"60","470","1424.925915","1.033921","0.077289","2.460997"
"70","470","1383.401045","1.03803","0.074309","2.444099"
"80","470","1344.22786","1.042544","0.071701","2.424449"
"90","470","1307.212085","1.047326","0.06943","2.402717"
"100","470","1272.180273","1.052261","0.067461","2.379507"
"110","470","1238.977081","1.057254","0.065762","2.355348"
"120","470","1207.462975","1.062226","0.064302","2.330686"
"130","470","1177.512263","1.067116","0.063053","2.305888"
"140","470","1149.011421","1.071878","0.06199","2.281249"
"150","470","1121.85766","1.076475","0.061089","2.256997"
"160","470","1095.957679","1.080882","0.060331","2.233305"
"170","470","1071.226602","1.085081","0.059696","2.210299"
"180","470","1047.587043","1.089062","0.059168","2.188067"
"190","470","1024.968301","1.092819","0.058735","2.166665"
"200","470","1003.305651","1.096351","0.058384","2.146125"
"210","470","982.539726","1.099659","0.058104","2.126459"
"220","470","962.615976","1.102748","0.057888","2.107666"
"230","470","943.484187","1.105624","0.057727","2.089733"
"240","470","925.098058","1.108294","0.057615","2.07264"
"250","470","907.414831","1.110766","0.057546","2.056359"
"260","470","890.394952","1.11305","0.057515","2.040861"
"270","470","874.001784","1.115153","0.057519","2.026113"
"280","470","858.201335","1.117086","0.057553","2.012082"
"290","470","842.962033","1.118857","0.057614","1.998734"
"300","470","828.254504","1.120476","0.0577","1.986034"
"310","470","814.051391","1.12195","0.057808","1.973948"
"320","470","800.327183","1.12329","0.057936","1.962445"
"330","470","787.05806","1.124501","0.058082","1.951493"
"340","470","774.221754","1.125594","0.058244","1.941062"
"350","470","761.79743","1.126574","0.058421","1.931124"
"360","470","749.765567","1.127448","0.058611","1.92165"
"370","470","738.107858","1.128225","0.058814","1.912616"
"380","470","726.807117","1.128909","0.059028","1.903997"
"390","470","715.847197","1.129507","0.059252","1.895769"
"400","470","705.212908","1.130023","0.059486","1.887912"
"410","470","694.889949","1.130465","0.059728","1.880404"
"420","470","684.864847","1.130836","0.059979","1.873227"
"430","470","675.124893","1.131141","0.060236","1.866362"
"440","470","665.658093","1.131384","0.0605","1.859793"
"450","470","656.453113","1.13157","0.060771","1.853503"
"460","470","647.499241","1.131702","0.061047","1.847478"
"470","470","638.78634","1.131784","0.061328","1.841704"
"-100","480","2799.841988","1.229304","0.246208","2.075911"
"-90","480","2646.970462","1.19208","0.219996","2.12501"
"-80","480","2509.928243","1.160404","0.19839","2.17312"
"-70","480","2386.377751","1.133583","0.180288","2.21973"
"-60","480","2274.42008","1.111052","0.164912","2.26425"
"-50","480","2172.496707","1.092337","0.151701","2.306024"
"-40","480","2079.316492","1.077033","0.140242","2.344367"
"-30","480","1993.8007","1.064785","0.130222","2.378596"
"-20","480","1915.041043","1.055272","0.121403","2.408083"
"-10","480","1842.267301","1.0482","0.113602","2.432305"
"0","480","1774.82204","1.04329","0.106673","2.450891"
"10","480","1712.140703","1.040277","0.100503","2.463657"
"20","480","1653.735767","1.038909","0.095003","2.470625"
"30","480","1599.184035","1.038942","0.090101","2.472018"
"40","480","1548.116366","1.04015","0.085738","2.468232"
"50","480","1500.209315","1.042319","0.081865","2.459803"
"60","480","1455.178269","1.045255","0.078438","2.447353"
"70","480","1412.771791","1.048781","0.075417","2.431547"
"80","480","1372.766927","1.052744","0.072766","2.413046"
"90","480","1334.965276","1.057007","0.070449","2.392478"
"100","480","1299.18971","1.061458","0.068433","2.370415"
"110","480","1265.281587","1.066","0.066687","2.347359"
"120","480","1233.098411","1.070556","0.065181","2.32374"
"130","480","1202.51182","1.075063","0.063888","2.299911"
"140","480","1173.405882","1.079471","0.062782","2.276162"
"150","480","1145.675624","1.083745","0.061841","2.252719"
"160","480","1119.225765","1.087855","0.061045","2.229756"
"170","480","1093.969627","1.091782","0.060375","2.207402"
"180","480","1069.828181","1.095514","0.059815","2.18575"
"190","480","1046.729224","1.099043","0.059352","2.16486"
"200","480","1024.606658","1.102366","0.058973","2.14477"
"210","480","1003.399855","1.105482","0.058668","2.1255"
"220","480","983.053108","1.108395","0.058428","2.107052"
"230","480","963.515135","1.111108","0.058246","2.08942"
"240","480","944.738654","1.113629","0.058114","2.072587"
"250","480","926.679996","1.115963","0.058026","2.056532"
"260","480","909.298772","1.118119","0.057979","2.041228"
"270","480","892.557563","1.120104","0.057966","2.026648"
"280","480","876.421658","1.121927","0.057985","2.01276"
"290","480","860.858812","1.123596","0.058033","1.999533"
"300","480","845.83903","1.125119","0.058105","1.986936"
"310","480","831.334374","1.126504","0.058201","1.974938"
"320","480","817.31879","1.127759","0.058317","1.963507"
"330","480","803.767952","1.128892","0.058452","1.952616"
"340","480","790.659121","1.12991","0.058604","1.942234"
"350","480","777.971018","1.13082","0.058771","1.932336"
"360","480","765.683709","1.131629","0.058952","1.922894"
"370","480","753.778497","1.132342","0.059146","1.913884"
"380","480","742.237832","1.132967","0.059351","1.905283"
"390","480","731.045224","1.133508","0.059567","1.897068"
"400","480","720.18516","1.13397","0.059793","1.889218"
"410","480","709.643036","1.13436","0.060028","1.881714"
"420","480","699.405093","1.134682","0.060271","1.874537"
"430","480","689.458352","1.134939","0.060522","1.867669"
"440","480","679.790563","1.135137","0.060779","1.861094"
"450","480","670.390154","1.135279","0.061043","1.854797"
"460","480","661.246184","1.135369","0.061313","1.848762"
"470","480","652.348301","1.135411","0.061588","1.842976"
"-100","490","2858.049157","1.252454","0.248073","2.068747"
"-90","490","2701.999517","1.214229","0.221735","2.11692"
"-80","490","2562.108266","1.181635","0.200031","2.164042"
"-70","490","2435.989228","1.153961","0.181849","2.209617"
"-60","490","2321.704019","1.130627","0.166409","2.253078"
"-50","490","2217.661714","1.111147","0.153147","2.293803"
"-40","490","2122.544334","1.095106","0.141646","2.331143"
"-30","490","2035.250716","1.082141","0.131592","2.364461"
"-20","490","1954.85369","1.071925","0.122745","2.393176"
"-10","490","1880.567021","1.064158","0.114919","2.416807"
"0","490","1811.71961","1.058561","0.107969","2.435021"
"10","490","1747.735164","1.05487","0.101778","2.447656"
"20","490","1688.116021","1.052831","0.096256","2.454743"
"30","490","1632.430188","1.052207","0.09133","2.456495"
"40","490","1580.300851","1.052773","0.08694","2.453288"
"50","490","1531.397839","1.05432","0.083036","2.445622"
"60","490","1485.430622","1.056658","0.079574","2.434078"
"70","490","1442.142537","1.059613","0.076514","2.419277"
"80","490","1401.305993","1.063033","0.073822","2.401839"
"90","490","1362.718468","1.066786","0.071461","2.382356"
"100","490","1326.199147","1.070759","0.0694","2.361368"
"110","490","1291.586093","1.074855","0.067609","2.339353"
"120","490","1258.733846","1.078997","0.066058","2.316723"
"130","490","1227.511377","1.083122","0.064722","2.29382"
"140","490","1197.800343","1.087177","0.063574","2.270927"
"150","490","1169.493588","1.091126","0.062594","2.248266"
"160","490","1142.493851","1.094937","0.06176","2.226012"
"170","490","1116.712652","1.098591","0.061056","2.204296"
"180","490","1092.069318","1.102071","0.060464","2.183214"
"190","490","1068.490147","1.105369","0.059971","2.162831"
"200","490","1045.907665","1.108479","0.059564","2.143191"
"210","490","1024.259985","1.1114","0.059234","2.124316"
"220","490","1003.490239","1.114133","0.058971","2.106217"
"230","490","983.546083","1.116681","0.058767","2.088889"
"240","490","964.379249","1.119048","0.058615","2.072322"
"250","490","945.945162","1.121241","0.058509","2.056499"
"260","490","928.202591","1.123265","0.058444","2.041396"
"270","490","911.113342","1.125129","0.058415","2.02699"
"280","490","894.641981","1.126838","0.058419","2.013252"
"290","490","878.755592","1.128401","0.058453","2.000154"
"300","490","863.423557","1.129825","0.058512","1.987668"
"310","490","848.617357","1.131118","0.058595","1.975764"
"320","490","834.310396","1.132287","0.0587","1.964413"
"330","490","820.477844","1.133338","0.058824","1.953588"
"340","490","807.096488","1.134279","0.058965","1.943263"
"350","490","794.144607","1.135117","0.059122","1.93341"
"360","490","781.60185","1.135857","0.059294","1.924006"
"370","490","769.449136","1.136505","0.059479","1.915027"
"380","490","757.668547","1.137068","0.059676","1.906449"
"390","490","746.243251","1.13755","0.059884","1.898252"
"400","490","735.157412","1.137957","0.060102","1.890415"
"410","490","724.396123","1.138293","0.060329","1.882919"
"420","490","713.945339","1.138564","0.060565","1.875747"
"430","490","703.791811","1.138772","0.060809","1.86888"
"440","490","693.923034","1.138923","0.06106","1.862304"
"450","490","684.327196","1.13902","0.061317","1.856002"
"460","490","674.993128","1.139066","0.061581","1.84996"
"470","490","665.910263","1.139066","0.06185","1.844166"
"-100","500","2916.256327","1.275547","0.249932","2.061755"
"-90","500","2757.028572","1.236321","0.223468","2.10904"
"-80","500","2614.288289","1.202808","0.201663","2.155218"
"-70","500","2485.600704","1.174281","0.183401","2.199808"
"-60","500","2368.987957","1.150146","0.167897","2.242265"
"-50","500","2262.826722","1.129904","0.154582","2.281997"
"-40","500","2165.772177","1.113131","0.143038","2.318392"
"-30","500","2076.700732","1.099453","0.132949","2.350853"
"-20","500","1994.666336","1.088541","0.124073","2.378841"
"-10","500","1918.866741","1.080089","0.116222","2.401916"
"0","500","1848.617181","1.073817","0.109249","2.419774"
"10","500","1783.329624","1.069458","0.103037","2.432276"
"20","500","1722.496275","1.066763","0.097493","2.439461"
"30","500","1665.676342","1.065495","0.092543","2.441533"
"40","500","1612.485336","1.065433","0.088127","2.438849"
"50","500","1562.586362","1.066371","0.084192","2.431877"
"60","500","1515.682975","1.068122","0.080697","2.421163"
"70","500","1471.513283","1.070517","0.077601","2.407289"
"80","500","1429.84506","1.073404","0.074868","2.390837"
"90","500","1390.471659","1.076655","0.072466","2.372366"
"100","500","1353.208584","1.080155","0.070362","2.352386"
"110","500","1317.890599","1.08381","0.068527","2.331352"
"120","500","1284.369282","1.087542","0.066934","2.30966"
"130","500","1252.510934","1.091285","0.065555","2.287641"
"140","500","1222.194803","1.094989","0.064367","2.265569"
"150","500","1193.311552","1.098613","0.063348","2.243663"
"160","500","1165.761937","1.102124","0.062477","2.222097"
"170","500","1139.455676","1.105502","0.061738","2.201004"
"180","500","1114.310456","1.108728","0.061114","2.180481"
"190","500","1090.25107","1.111792","0.060592","2.1606"
"200","500","1067.208672","1.114687","0.060158","2.141405"
"210","500","1045.120114","1.117409","0.059802","2.122926"
"220","500","1023.927371","1.119959","0.059516","2.105175"
"230","500","1003.577031","1.122338","0.05929","2.088155"
"240","500","984.019844","1.124549","0.059117","2.071859"
"250","500","965.210328","1.126597","0.058993","2.056272"
"260","500","947.106411","1.128487","0.05891","2.041377"
"270","500","929.669121","1.130225","0.058866","2.02715"
"280","500","912.862303","1.131818","0.058855","2.013569"
"290","500","896.652372","1.133272","0.058874","2.000607"
"300","500","881.008083","1.134595","0.05892","1.988237"
"310","500","865.90034","1.135792","0.058991","1.976433"
"320","500","851.302003","1.136871","0.059084","1.965168"
"330","500","837.187736","1.137838","0.059197","1.954417"
"340","500","823.533855","1.1387","0.059328","1.944153"
"350","500","810.318195","1.139463","0.059475","1.934353"
"360","500","797.519992","1.140132","0.059637","1.924992"
"370","500","785.119775","1.140713","0.059813","1.916047"
"380","500","773.099262","1.141212","0.060002","1.907498"
"390","500","761.441277","1.141634","0.060201","1.899324"
"400","500","750.129664","1.141983","0.060412","1.891505"
"410","500","739.14921","1.142264","0.060632","1.884022"
"420","500","728.485585","1.142481","0.06086","1.876858"
"430","500","718.125269","1.142639","0.061097","1.869997"
"440","500","708.055504","1.142741","0.061342","1.863423"
"450","500","698.264237","1.142792","0.061593","1.85712"
"460","500","688.740071","1.142793","0.06185","1.851076"
"470","500","679.472224","1.14275","0.062114","1.845277"
