"1.01","Xenon","Xe","17/05/2015"
"-100","0","9.240618","0.973089","0.014199","1.70584"
"-90","0","8.73608","0.977464","0.014884","1.700615"
"-80","0","8.283785","0.980876","0.015576","1.696347"
"-70","0","7.876018","0.983594","0.016273","1.692846"
"-60","0","7.506512","0.985796","0.016973","1.689946"
"-50","0","7.170123","0.987606","0.017677","1.687516"
"-40","0","6.862591","0.98911","0.018382","1.685457"
"-30","0","6.580354","0.990375","0.01909","1.683694"
"-20","0","6.320415","0.991447","0.019798","1.682172"
"-10","0","6.080232","0.992365","0.020507","1.680847"
"0","0","5.857635","0.993156","0.021216","1.679686"
"10","0","5.650761","0.993842","0.021924","1.678661"
"20","0","5.458001","0.994441","0.022632","1.677753"
"30","0","5.277958","0.994966","0.023338","1.676943"
"40","0","5.109414","0.99543","0.024043","1.676218"
"50","0","4.951301","0.995841","0.024745","1.675565"
"60","0","4.80268","0.996207","0.025446","1.674976"
"70","0","4.662722","0.996533","0.026145","1.674443"
"80","0","4.530689","0.996826","0.026841","1.673958"
"90","0","4.405929","0.99709","0.027534","1.673515"
"100","0","4.287855","0.997328","0.028224","1.673111"
"110","0","4.175944","0.997543","0.028911","1.67274"
"120","0","4.069727","0.997739","0.029595","1.672399"
"130","0","3.968778","0.997917","0.030276","1.672086"
"140","0","3.872717","0.998079","0.030953","1.671796"
"150","0","3.781196","0.998227","0.031627","1.671528"
"160","0","3.6939","0.998363","0.032297","1.671279"
"170","0","3.610545","0.998488","0.032963","1.671049"
"180","0","3.530868","0.998602","0.033626","1.670834"
"190","0","3.454632","0.998708","0.034285","1.670634"
"200","0","3.381619","0.998805","0.03494","1.670447"
"210","0","3.311628","0.998895","0.035591","1.670273"
"220","0","3.244475","0.998979","0.036239","1.67011"
"230","0","3.179992","0.999056","0.036882","1.669956"
"240","0","3.118022","0.999127","0.037522","1.669813"
"250","0","3.058421","0.999194","0.038158","1.669678"
"260","0","3.001056","0.999256","0.03879","1.669551"
"270","0","2.945803","0.999313","0.039419","1.669431"
"280","0","2.892548","0.999367","0.040043","1.669319"
"290","0","2.841184","0.999417","0.040664","1.669212"
"300","0","2.791613","0.999464","0.041281","1.669111"
"310","0","2.743742","0.999508","0.041895","1.669016"
"320","0","2.697485","0.999549","0.042504","1.668926"
"330","0","2.652761","0.999587","0.04311","1.668841"
"340","0","2.609497","0.999623","0.043713","1.66876"
"350","0","2.567621","0.999657","0.044311","1.668683"
"360","0","2.527068","0.999688","0.044907","1.66861"
"370","0","2.487776","0.999718","0.045498","1.668541"
"380","0","2.449687","0.999746","0.046087","1.668475"
"390","0","2.412747","0.999773","0.046671","1.668412"
"400","0","2.376904","0.999797","0.047253","1.668352"
"410","0","2.342111","0.999821","0.047831","1.668295"
"420","0","2.308321","0.999843","0.048406","1.66824"
"430","0","2.275493","0.999863","0.048977","1.668188"
"440","0","2.243585","0.999883","0.049545","1.668139"
"450","0","2.21256","0.999901","0.05011","1.668091"
"460","0","2.182381","0.999919","0.050672","1.668046"
"470","0","2.153015","0.999935","0.051231","1.668002"
"-100","10","100.438426","0.034724","0.442286","2.09856"
"-90","10","94.954483","0.033637","0.386927","2.186315"
"-80","10","90.038382","0.032738","0.339653","2.285762"
"-70","10","85.606269","0.032019","0.298648","2.401098"
"-60","10","81.590023","0.03148","0.262519","2.538902"
"-50","10","77.933737","0.84361","0.018709","2.022272"
"-40","10","74.591094","0.866653","0.01937","1.964652"
"-30","10","71.523395","0.884604","0.02004","1.922266"
"-20","10","68.698058","0.899085","0.020715","1.889403"
"-10","10","66.087454","0.911035","0.021394","1.863156"
"0","10","63.667997","0.921057","0.022076","1.841738"
"10","10","61.419437","0.92957","0.022759","1.823957"
"20","10","59.324283","0.936872","0.023443","1.808978"
"30","10","57.367354","0.94319","0.024127","1.796201"
"40","10","55.53541","0.948697","0.02481","1.785185"
"50","10","53.816845","0.953527","0.025493","1.775599"
"60","10","52.201451","0.957787","0.026175","1.76719"
"70","10","50.680208","0.961564","0.026855","1.759759"
"80","10","49.245118","0.964927","0.027533","1.753153"
"90","10","47.889064","0.967935","0.02821","1.747246"
"100","10","46.605691","0.970636","0.028884","1.741938"
"110","10","45.389308","0.973068","0.029556","1.737146"
"120","10","44.234805","0.975266","0.030225","1.732804"
"130","10","43.137575","0.977258","0.030891","1.728853"
"140","10","42.093461","0.979069","0.031554","1.725247"
"150","10","41.098697","0.980719","0.032215","1.721945"
"160","10","40.149864","0.982225","0.032872","1.718912"
"170","10","39.243853","0.983605","0.033526","1.71612"
"180","10","38.37783","0.984869","0.034177","1.713543"
"190","10","37.549203","0.986032","0.034824","1.711158"
"200","10","36.755603","0.987102","0.035468","1.708948"
"210","10","35.994854","0.988089","0.036109","1.706894"
"220","10","35.264957","0.989001","0.036746","1.704982"
"230","10","34.564073","0.989844","0.037379","1.703199"
"240","10","33.890507","0.990626","0.038009","1.701534"
"250","10","33.24269","0.991351","0.038636","1.699976"
"260","10","32.619176","0.992025","0.039259","1.698516"
"270","10","32.01862","0.992651","0.039878","1.697147"
"280","10","31.439779","0.993234","0.040494","1.69586"
"290","10","30.881494","0.993778","0.041106","1.694649"
"300","10","30.342691","0.994286","0.041715","1.693508"
"310","10","29.822367","0.99476","0.042321","1.692433"
"320","10","29.319588","0.995203","0.042923","1.691417"
"330","10","28.83348","0.995618","0.043521","1.690457"
"340","10","28.363228","0.996006","0.044116","1.689549"
"350","10","27.908069","0.996371","0.044708","1.688689"
"360","10","27.467288","0.996712","0.045296","1.687873"
"370","10","27.040214","0.997033","0.045881","1.687099"
"380","10","26.626217","0.997335","0.046463","1.686364"
"390","10","26.224706","0.997618","0.047041","1.685666"
"400","10","25.835124","0.997885","0.047616","1.685001"
"410","10","25.456947","0.998135","0.048188","1.684369"
"420","10","25.089683","0.998372","0.048757","1.683766"
"430","10","24.732864","0.998595","0.049323","1.683191"
"440","10","24.386053","0.998805","0.049885","1.682643"
"450","10","24.048833","0.999003","0.050445","1.682119"
"460","10","23.720812","0.99919","0.051001","1.681619"
"470","10","23.401619","0.999366","0.051555","1.68114"
"-100","20","191.636234","0.066132","0.446113","2.088896"
"-90","20","181.172885","0.06404","0.390636","2.174152"
"-80","20","171.792979","0.062304","0.343304","2.270177"
"-70","20","163.33652","0.060903","0.302301","2.380647"
"-60","20","155.673535","0.059835","0.266242","2.511183"
"-50","20","148.697351","0.059119","0.234029","2.671016"
"-40","20","142.319597","0.058807","0.204721","2.876868"
"-30","20","136.466436","0.059017","0.177399","3.163859"
"-20","20","131.075702","0.783716","0.022","2.30432"
"-10","20","126.094676","0.81403","0.022574","2.186189"
"0","20","121.47836","0.837837","0.023175","2.104711"
"10","20","117.188112","0.857196","0.023794","2.044274"
"20","20","113.190564","0.873298","0.024424","1.997428"
"30","20","109.456751","0.886909","0.025062","1.95999"
"40","20","105.961405","0.89856","0.025705","1.929368"
"50","20","102.682389","0.908631","0.026351","1.903855"
"60","20","99.600222","0.917409","0.027001","1.882276"
"70","20","96.697695","0.925114","0.027651","1.863792"
"80","20","93.959547","0.931918","0.028302","1.847789"
"90","20","91.372199","0.937959","0.028954","1.833806"
"100","20","88.923527","0.943348","0.029605","1.821491"
"110","20","86.602673","0.948175","0.030255","1.810568"
"120","20","84.399883","0.952516","0.030903","1.800821"
"130","20","82.306372","0.956434","0.03155","1.792075"
"140","20","80.314205","0.959982","0.032196","1.78419"
"150","20","78.416198","0.963203","0.032839","1.777048"
"160","20","76.605827","0.966135","0.03348","1.770555"
"170","20","74.877161","0.968812","0.034118","1.764629"
"180","20","73.224791","0.971261","0.034754","1.759203"
"190","20","71.643774","0.973507","0.035387","1.754221"
"200","20","70.129587","0.97557","0.036018","1.749632"
"210","20","68.678079","0.977469","0.036646","1.745395"
"220","20","67.285438","0.97922","0.03727","1.741473"
"230","20","65.948155","0.980838","0.037892","1.737835"
"240","20","64.662991","0.982334","0.03851","1.734453"
"250","20","63.42696","0.983721","0.039126","1.731303"
"260","20","62.237295","0.985007","0.039738","1.728364"
"270","20","61.091437","0.986202","0.040348","1.725616"
"280","20","59.987009","0.987313","0.040954","1.723043"
"290","20","58.921804","0.988348","0.041556","1.72063"
"300","20","57.893769","0.989313","0.042156","1.718365"
"310","20","56.900993","0.990214","0.042753","1.716234"
"320","20","55.941691","0.991055","0.043346","1.714227"
"330","20","55.014199","0.991842","0.043936","1.712335"
"340","20","54.11696","0.992579","0.044523","1.710549"
"350","20","53.248518","0.993268","0.045107","1.708862"
"360","20","52.407508","0.993915","0.045688","1.707265"
"370","20","51.592652","0.994522","0.046265","1.705752"
"380","20","50.802747","0.995092","0.04684","1.704319"
"390","20","50.036664","0.995627","0.047411","1.702958"
"400","20","49.293343","0.99613","0.047979","1.701666"
"410","20","48.571784","0.996604","0.048545","1.700438"
"420","20","47.871044","0.99705","0.049107","1.699269"
"430","20","47.190235","0.99747","0.049667","1.698156"
"440","20","46.52852","0.997866","0.050223","1.697095"
"450","20","45.885105","0.998239","0.050777","1.696084"
"460","20","45.259243","0.998591","0.051327","1.695119"
"470","20","44.650224","0.998923","0.051875","1.694197"
"-100","30","282.834043","0.097426","0.449912","2.079531"
"-90","30","267.391288","0.094316","0.394312","2.16243"
"-80","30","253.547577","0.091723","0.346914","2.255263"
"-70","30","241.066771","0.089616","0.305901","2.361258"
"-60","30","229.757047","0.087986","0.269895","2.48524"
"-50","30","219.460966","0.086851","0.237813","2.634892"
"-40","30","210.0481","0.086271","0.208751","2.823517"
"-30","30","201.409478","0.08638","0.181871","3.077143"
"-20","30","193.453346","0.08748","0.156223","3.45779"
"-10","30","186.101898","0.684167","0.02444","3.006138"
"0","30","179.288722","0.735419","0.024747","2.623632"
"10","30","172.956788","0.77247","0.025183","2.421189"
"20","30","167.056846","0.801338","0.025684","2.290449"
"30","30","161.546147","0.824745","0.026224","2.197493"
"40","30","156.387401","0.844206","0.026789","2.127508"
"50","30","151.547933","0.860675","0.027371","2.072732"
"60","30","146.998993","0.874796","0.027965","2.028623"
"70","30","142.715181","0.88703","0.028568","1.99231"
"80","30","138.673976","0.897721","0.029177","1.961885"
"90","30","134.855334","0.907131","0.029792","1.936021"
"100","30","131.241363","0.915463","0.030409","1.913767"
"110","30","127.816037","0.92288","0.031029","1.894421"
"120","30","124.564961","0.929515","0.031649","1.877454"
"130","30","121.475169","0.935475","0.032271","1.862459"
"140","30","118.53495","0.940849","0.032893","1.849117"
"150","30","115.733698","0.945711","0.033514","1.837176"
"160","30","113.06179","0.950123","0.034134","1.826432"
"170","30","110.510469","0.954139","0.034754","1.816718"
"180","30","108.071752","0.957804","0.035371","1.8079"
"190","30","105.738345","0.961156","0.035988","1.799862"
"200","30","103.503571","0.96423","0.036602","1.792511"
"210","30","101.361305","0.967053","0.037214","1.785765"
"220","30","99.30592","0.969653","0.037824","1.779557"
"230","30","97.332236","0.97205","0.038432","1.773828"
"240","30","95.435476","0.974264","0.039037","1.768527"
"250","30","93.611229","0.976313","0.03964","1.763612"
"260","30","91.855415","0.978211","0.040241","1.759044"
"270","30","90.164254","0.979973","0.040838","1.754789"
"280","30","88.534239","0.98161","0.041433","1.750819"
"290","30","86.962114","0.983133","0.042025","1.747109"
"300","30","85.444848","0.984551","0.042615","1.743634"
"310","30","83.979618","0.985873","0.043201","1.740376"
"320","30","82.563794","0.987108","0.043785","1.737315"
"330","30","81.194917","0.988262","0.044366","1.734436"
"340","30","79.870691","0.989341","0.044944","1.731725"
"350","30","78.588966","0.990351","0.045519","1.729167"
"360","30","77.347729","0.991297","0.046092","1.726753"
"370","30","76.14509","0.992184","0.046661","1.72447"
"380","30","74.979277","0.993017","0.047228","1.72231"
"390","30","73.848623","0.993799","0.047792","1.720264"
"400","30","72.751563","0.994534","0.048353","1.718323"
"410","30","71.68662","0.995225","0.048911","1.71648"
"420","30","70.652405","0.995875","0.049467","1.71473"
"430","30","69.647606","0.996487","0.05002","1.713065"
"440","30","68.670987","0.997064","0.05057","1.71148"
"450","30","67.721378","0.997608","0.051117","1.709971"
"460","30","66.797674","0.99812","0.051662","1.708532"
"470","30","65.898829","0.998604","0.052204","1.707159"
"-100","40","374.031851","0.128611","0.453685","2.070448"
"-90","40","353.609691","0.124469","0.397956","2.151122"
"-80","40","335.302174","0.121003","0.350484","2.24097"
"-70","40","318.797022","0.118167","0.309451","2.342837"
"-60","40","303.840558","0.115944","0.273483","2.460882"
"-50","40","290.22458","0.114349","0.241509","2.60154"
"-40","40","277.776603","0.113443","0.21265","2.775517"
"-30","40","266.352519","0.113362","0.186127","3.002538"
"-20","40","255.830989","0.1144","0.161134","3.325016"
"-10","40","246.10912","0.117267","0.136548","3.862487"
"0","40","237.099085","0.582938","0.027718","4.610893"
"10","40","228.725463","0.664975","0.027312","3.261267"
"20","40","220.923128","0.716419","0.027434","2.814151"
"30","40","213.635543","0.754458","0.027743","2.571361"
"40","40","206.813396","0.784485","0.028148","2.414131"
"50","40","200.413477","0.809058","0.02861","2.302555"
"60","40","194.397764","0.829642","0.02911","2.218746"
"70","40","188.732668","0.847171","0.029637","2.153275"
"80","40","183.388404","0.862287","0.030182","2.100624"
"90","40","178.338469","0.875451","0.030742","2.05732"
"100","40","173.559199","0.887009","0.031311","2.021058"
"110","40","169.029401","0.897226","0.031889","1.990244"
"120","40","164.730039","0.906311","0.032473","1.963734"
"130","40","160.643966","0.91443","0.033061","1.940689"
"140","40","156.755694","0.921719","0.033652","1.920477"
"150","40","153.051199","0.928288","0.034245","1.902612"
"160","40","149.517754","0.93423","0.03484","1.886712"
"170","40","146.143777","0.939623","0.035435","1.872478"
"180","40","142.918713","0.944531","0.036031","1.859666"
"190","40","139.832916","0.94901","0.036627","1.848079"
"200","40","136.877555","0.953108","0.037222","1.837555"
"210","40","134.044531","0.956865","0.037816","1.827958"
"220","40","131.326402","0.960318","0.038409","1.819176"
"230","40","128.716317","0.963498","0.039001","1.811114"
"240","40","126.207961","0.966431","0.039591","1.803691"
"250","40","123.795498","0.969141","0.04018","1.796836"
"260","40","121.473535","0.971649","0.040766","1.790491"
"270","40","119.237071","0.973974","0.041351","1.784603"
"280","40","117.08147","0.976131","0.041934","1.779128"
"290","40","115.002424","0.978137","0.042514","1.774026"
"300","40","112.995926","0.980003","0.043092","1.769262"
"310","40","111.058244","0.981742","0.043668","1.764807"
"320","40","109.185897","0.983364","0.044241","1.760633"
"330","40","107.375636","0.984879","0.044812","1.756715"
"340","40","105.624423","0.986294","0.04538","1.753034"
"350","40","103.929415","0.987619","0.045946","1.749569"
"360","40","102.287949","0.988858","0.04651","1.746303"
"370","40","100.697528","0.99002","0.04707","1.743221"
"380","40","99.155806","0.99111","0.047629","1.740309"
"390","40","97.660582","0.992133","0.048185","1.737555"
"400","40","96.209782","0.993094","0.048738","1.734947"
"410","40","94.801456","0.993997","0.049289","1.732474"
"420","40","93.433766","0.994847","0.049837","1.730128"
"430","40","92.104978","0.995646","0.050383","1.7279"
"440","40","90.813454","0.996399","0.050926","1.725781"
"450","40","89.557651","0.997108","0.051466","1.723765"
"460","40","88.336104","0.997776","0.052004","1.721845"
"470","40","87.147433","0.998407","0.05254","1.720014"
"-100","50","465.229659","0.159689","0.457432","2.061632"
"-90","50","439.828094","0.154503","0.401569","2.140202"
"-80","50","417.056772","0.150147","0.354017","2.227254"
"-70","50","396.527273","0.146562","0.312955","2.325302"
"-60","50","377.92407","0.14372","0.277011","2.437945"
"-50","50","360.988194","0.14163","0.245123","2.570602"
"-40","50","345.505106","0.140348","0.216432","2.731975"
"-30","50","331.29556","0.140006","0.190201","2.93728"
"-20","50","318.208633","0.140878","0.165718","3.216627"
"-10","50","306.116342","0.143572","0.14213","3.642692"
"0","50","294.909447","0.149778","0.117907","4.472773"
"10","50","284.494139","0.475837","0.03279","10.142068"
"20","50","274.78941","0.60689","0.0303","4.088038"
"30","50","265.72494","0.671901","0.029905","3.246594"
"40","50","257.239392","0.717666","0.02994","2.859838"
"50","50","249.27902","0.753025","0.030167","2.628363"
"60","50","241.796534","0.781632","0.030501","2.471661"
"70","50","234.750154","0.805432","0.030902","2.357624"
"80","50","228.102833","0.825613","0.031348","2.270549"
"90","50","221.821604","0.842969","0.031827","2.201721"
"100","50","215.877035","0.858057","0.032329","2.145871"
"110","50","210.242765","0.87129","0.032849","2.099609"
"120","50","204.895118","0.882981","0.033383","2.060643"
"130","50","199.812763","0.893372","0.033927","2.027369"
"140","50","194.976438","0.902658","0.034479","1.998624"
"150","50","190.3687","0.910995","0.035037","1.973545"
"160","50","185.973717","0.91851","0.0356","1.95148"
"170","50","181.777086","0.92531","0.036167","1.93192"
"180","50","177.765675","0.931483","0.036736","1.914469"
"190","50","173.927487","0.937103","0.037308","1.89881"
"200","50","170.251539","0.942235","0.03788","1.884686"
"210","50","166.727756","0.946932","0.038453","1.871887"
"220","50","163.346883","0.95124","0.039027","1.860241"
"230","50","160.100398","0.955202","0.0396","1.849603"
"240","50","156.980445","0.958851","0.040173","1.839854"
"250","50","153.979768","0.962218","0.040745","1.83089"
"260","50","151.091654","0.965332","0.041316","1.822624"
"270","50","148.309888","0.968214","0.041886","1.814981"
"280","50","145.6287","0.970887","0.042455","1.807897"
"290","50","143.042734","0.973369","0.043022","1.801315"
"300","50","140.547004","0.975677","0.043588","1.795187"
"310","50","138.13687","0.977825","0.044151","1.789471"
"320","50","135.808","0.979828","0.044713","1.784127"
"330","50","133.556355","0.981697","0.045273","1.779124"
"340","50","131.378155","0.983442","0.045831","1.774432"
"350","50","129.269864","0.985074","0.046387","1.770024"
"360","50","127.228169","0.986601","0.046941","1.765877"
"370","50","125.249966","0.988031","0.047492","1.761971"
"380","50","123.332336","0.989372","0.048042","1.758285"
"390","50","121.472541","0.99063","0.048589","1.754804"
"400","50","119.668002","0.991811","0.049134","1.751513"
"410","50","117.916293","0.99292","0.049677","1.748396"
"420","50","116.215127","0.993963","0.050217","1.745443"
"430","50","114.562349","0.994945","0.050755","1.742641"
"440","50","112.955922","0.995868","0.051291","1.739979"
"450","50","111.393923","0.996738","0.051825","1.737449"
"460","50","109.874535","0.997558","0.052356","1.735042"
"470","50","108.396038","0.998331","0.052885","1.73275"
"-100","60","556.427467","0.190664","0.461154","2.053072"
"-90","60","526.046497","0.184421","0.405154","2.129647"
"-80","60","498.811369","0.179162","0.357515","2.214075"
"-70","60","474.257524","0.174809","0.316415","2.308581"
"-60","60","452.007581","0.171325","0.280483","2.416288"
"-50","60","431.751808","0.168708","0.248663","2.541785"
"-40","60","413.233609","0.167008","0.220112","2.692201"
"-30","60","396.238601","0.166347","0.194121","2.879448"
"-20","60","380.586277","0.166976","0.170042","3.125516"
"-10","60","366.123564","0.169413","0.147183","3.477604"
"0","60","352.719809","0.174898","0.124556","4.066427"
"10","60","340.262815","0.187696","0.099793","5.520735"
"20","60","328.655691","0.398765","0.040021","18.894361"
"30","60","317.814336","0.567543","0.033551","4.843907"
"40","60","307.665387","0.641007","0.032502","3.629749"
"50","60","298.144564","0.691677","0.032214","3.113395"
"60","60","289.195305","0.730509","0.032237","2.816233"
"70","60","280.767641","0.761804","0.032427","2.619946"
"80","60","272.817262","0.78779","0.032718","2.479514"
"90","60","265.304739","0.809807","0.033077","2.373617"
"100","60","258.194871","0.828736","0.033483","2.290711"
"110","60","251.456129","0.845196","0.033924","2.223944"
"120","60","245.060196","0.859637","0.034391","2.168976"
"130","60","238.98156","0.872401","0.034878","2.122912"
"140","60","233.197182","0.883755","0.035381","2.08374"
"150","60","227.686201","0.893908","0.035895","2.050021"
"160","60","222.42968","0.903029","0.036419","2.020693"
"170","60","217.410394","0.911259","0.036951","1.994955"
"180","60","212.612636","0.91871","0.037489","1.972193"
"190","60","208.022058","0.925479","0.038031","1.951925"
"200","60","203.625522","0.931648","0.038577","1.933769"
"210","60","199.410982","0.937283","0.039126","1.917417"
"220","60","195.367365","0.942445","0.039677","1.90262"
"230","60","191.48448","0.947184","0.04023","1.889172"
"240","60","187.75293","0.951544","0.040783","1.876901"
"250","60","184.164037","0.955563","0.041337","1.865665"
"260","60","180.709774","0.959274","0.041891","1.855342"
"270","60","177.382704","0.962706","0.042445","1.84583"
"280","60","174.17593","0.965886","0.042998","1.837041"
"290","60","171.083044","0.968837","0.04355","1.828899"
"300","60","168.098082","0.971578","0.044102","1.821338"
"310","60","165.215495","0.974128","0.044653","1.814302"
"320","60","162.430104","0.976504","0.045202","1.807741"
"330","60","159.737074","0.978719","0.04575","1.80161"
"340","60","157.131886","0.980786","0.046297","1.795871"
"350","60","154.610312","0.982718","0.046842","1.79049"
"360","60","152.16839","0.984526","0.047385","1.785436"
"370","60","149.802404","0.986217","0.047927","1.780682"
"380","60","147.508866","0.987802","0.048467","1.776205"
"390","60","145.2845","0.989289","0.049005","1.771982"
"400","60","143.126221","0.990684","0.049541","1.767993"
"410","60","141.031129","0.991994","0.050075","1.764222"
"420","60","138.996488","0.993225","0.050607","1.760651"
"430","60","137.01972","0.994382","0.051137","1.757268"
"440","60","135.098389","0.995472","0.051665","1.754057"
"450","60","133.230196","0.996497","0.052192","1.751008"
"460","60","131.412966","0.997463","0.052716","1.74811"
"470","60","129.644642","0.998374","0.053238","1.745353"
"-100","70","647.625275","0.221538","0.464853","2.044753"
"-90","70","612.2649","0.214228","0.40871","2.119436"
"-80","70","580.565967","0.208051","0.36098","2.201398"
"-70","70","551.987775","0.202914","0.319834","2.29261"
"-60","70","526.091093","0.198766","0.283903","2.395792"
"-50","70","502.515422","0.195595","0.252135","2.514844"
"-40","70","480.962112","0.19344","0.223698","2.655651"
"-30","70","461.181643","0.192413","0.197906","2.827651"
"-20","70","442.96392","0.192737","0.174154","3.047263"
"-10","70","426.130786","0.194857","0.15185","3.346593"
"0","70","410.530172","0.19973","0.130277","3.800752"
"10","70","396.03149","0.209885","0.108221","4.650533"
"20","70","382.521973","0.236797","0.081895","7.491701"
"30","70","369.903732","0.413824","0.043232","11.160195"
"40","70","358.091383","0.550329","0.036681","5.158908"
"50","70","347.010108","0.624197","0.035075","3.871384"
"60","70","336.594076","0.67626","0.034481","3.293804"
"70","70","326.785127","0.71649","0.034303","2.95799"
"80","70","317.53169","0.749065","0.034349","2.735872"
"90","70","308.787874","0.776204","0.034529","2.577125"
"100","70","300.512707","0.799259","0.0348","2.457619"
"110","70","292.669494","0.819126","0.035133","2.364223"
"120","70","285.225274","0.836436","0.035512","2.289135"
"130","70","278.150357","0.85165","0.035925","2.227409"
"140","70","271.417927","0.865121","0.036365","2.175751"
"150","70","265.003702","0.877121","0.036825","2.131875"
"160","70","258.885643","0.887867","0.037302","2.094147"
"170","70","253.043702","0.897535","0.037791","2.061363"
"180","70","247.459597","0.906269","0.038292","2.032616"
"190","70","242.116628","0.914186","0.0388","2.00721"
"200","70","236.999506","0.921387","0.039316","1.984603"
"210","70","232.094208","0.927955","0.039836","1.964362"
"220","70","227.387846","0.933963","0.040362","1.946143"
"230","70","222.868561","0.93947","0.04089","1.929662"
"240","70","218.525414","0.944531","0.041421","1.914689"
"250","70","214.348306","0.949191","0.041955","1.901031"
"260","70","210.327894","0.95349","0.04249","1.888528"
"270","70","206.455521","0.957463","0.043025","1.877044"
"280","70","202.723161","0.96114","0.043562","1.866465"
"290","70","199.123353","0.964549","0.044099","1.856691"
"300","70","195.649161","0.967715","0.044635","1.847637"
"310","70","192.294121","0.970657","0.045172","1.839231"
"320","70","189.052207","0.973396","0.045708","1.831409"
"330","70","185.917792","0.975949","0.046243","1.824114"
"340","70","182.885618","0.978331","0.046777","1.817299"
"350","70","179.950761","0.980555","0.047311","1.810919"
"360","70","177.10861","0.982635","0.047843","1.804937"
"370","70","174.354842","0.98458","0.048374","1.799318"
"380","70","171.685396","0.986403","0.048903","1.794034"
"390","70","169.096458","0.988111","0.049432","1.789056"
"400","70","166.584441","0.989713","0.049958","1.78436"
"410","70","164.145966","0.991218","0.050483","1.779925"
"420","70","161.77785","0.992631","0.051007","1.775731"
"430","70","159.477091","0.993959","0.051529","1.77176"
"440","70","157.240856","0.995208","0.052049","1.767996"
"450","70","155.066468","0.996384","0.052567","1.764425"
"460","70","152.951397","0.997492","0.053084","1.761034"
"470","70","150.893247","0.998535","0.053599","1.757809"
"-100","80","738.823084","0.252314","0.468528","2.036664"
"-90","80","698.483303","0.243927","0.412239","2.109551"
"-80","80","662.320564","0.236819","0.364412","2.189189"
"-70","80","629.718026","0.230882","0.323213","2.277331"
"-60","80","600.174604","0.22605","0.287274","2.376349"
"-50","80","573.279036","0.222301","0.255545","2.489574"
"-40","80","548.690615","0.219661","0.227201","2.621891"
"-30","80","526.124684","0.218227","0.201573","2.78085"
"-20","80","505.341564","0.218198","0.178089","2.978934"
"-10","80","486.138008","0.219954","0.156218","3.238741"
"0","80","468.340534","0.224256","0.135398","3.606882"
"10","80","451.800166","0.232822","0.11487","4.20078"
"20","80","436.388255","0.25072","0.093194","5.432999"
"30","80","421.993129","0.303538","0.066557","9.309169"
"40","80","408.517378","0.446243","0.044873","7.979184"
"50","80","395.875652","0.551221","0.039386","5.051994"
"60","80","383.992847","0.61962","0.037488","3.949008"
"70","80","372.802614","0.670123","0.036661","3.387677"
"80","80","362.246119","0.709947","0.036314","3.0458"
"90","80","352.271009","0.742564","0.03623","2.814613"
"100","80","342.830542","0.769947","0.036309","2.647346"
"110","80","333.882858","0.793339","0.036495","2.520476"
"120","80","325.390352","0.813585","0.036759","2.420835"
"130","80","317.319154","0.831287","0.037078","2.340451"
"140","80","309.638671","0.846893","0.037439","2.274209"
"150","80","302.321203","0.860747","0.037833","2.218668"
"160","80","295.341607","0.873118","0.038252","2.171429"
"170","80","288.67701","0.884218","0.038692","2.130763"
"180","80","282.306558","0.894224","0.039147","2.095395"
"190","80","276.211199","0.903278","0.039616","2.064359"
"200","80","270.37349","0.911498","0.040096","2.036914"
"210","80","264.777433","0.918985","0.040585","2.012478"
"220","80","259.408328","0.925824","0.041081","1.990591"
"230","80","254.252642","0.932087","0.041583","1.970882"
"240","80","249.297899","0.937835","0.042089","1.953046"
"250","80","244.532576","0.943123","0.0426","1.936837"
"260","80","239.946013","0.947997","0.043113","1.922047"
"270","80","235.528338","0.952497","0.043629","1.908504"
"280","80","231.270391","0.95666","0.044147","1.896061"
"290","80","227.163663","0.960516","0.044667","1.884594"
"300","80","223.200239","0.964094","0.045187","1.873998"
"310","80","219.372746","0.967419","0.045708","1.864181"
"320","80","215.67431","0.970512","0.046229","1.855063"
"330","80","212.098511","0.973393","0.046751","1.846576"
"340","80","208.639349","0.976079","0.047272","1.83866"
"350","80","205.291209","0.978587","0.047793","1.831262"
"360","80","202.04883","0.98093","0.048313","1.824335"
"370","80","198.90728","0.983122","0.048833","1.817839"
"380","80","195.861926","0.985174","0.049352","1.811736"
"390","80","192.908417","0.987097","0.04987","1.805995"
"400","80","190.042661","0.9889","0.050386","1.800585"
"410","80","187.260802","0.990592","0.050902","1.795481"
"420","80","184.559211","0.992181","0.051416","1.790658"
"430","80","181.934462","0.993674","0.051929","1.786097"
"440","80","179.383323","0.995078","0.052441","1.781778"
"450","80","176.902741","0.996399","0.052951","1.777683"
"460","80","174.489827","0.997642","0.05346","1.773797"
"470","80","172.141851","0.998813","0.053967","1.770105"
"-100","90","830.020892","0.282995","0.472182","2.028794"
"-90","90","784.701706","0.27352","0.415743","2.099973"
"-80","90","744.075161","0.265471","0.367813","2.177419"
"-70","90","707.448277","0.25872","0.326556","2.262694"
"-60","90","674.258116","0.253186","0.2906","2.35787"
"-50","90","644.04265","0.248836","0.258897","2.465801"
"-40","90","616.419118","0.245684","0.230628","2.590564"
"-30","90","591.067725","0.24381","0.205136","2.738251"
"-20","90","567.719208","0.243387","0.181872","2.918486"
"-10","90","546.145231","0.244742","0.160347","3.147596"
"0","90","526.150897","0.248492","0.140089","3.45607"
"10","90","507.568841","0.255887","0.120562","3.908922"
"20","90","490.254537","0.269883","0.10101","4.672148"
"30","90","474.082525","0.29944","0.080181","6.233343"
"40","90","458.943374","0.372705","0.058461","8.264768"
"50","90","444.741196","0.48018","0.046126","6.43436"
"60","90","431.391618","0.563248","0.041627","4.766879"
"70","90","418.8201","0.624135","0.039669","3.905974"
"80","90","406.960548","0.671347","0.038705","3.407036"
"90","90","395.754144","0.709517","0.038233","3.083999"
"100","90","385.148378","0.741257","0.038044","2.858051"
"110","90","375.096222","0.768177","0.038035","2.691131"
"120","90","365.55543","0.791347","0.038148","2.562751"
"130","90","356.487951","0.811517","0.038348","2.460926"
"140","90","347.859415","0.829236","0.038612","2.378182"
"150","90","339.638704","0.844919","0.038924","2.309616"
"160","90","331.79757","0.858887","0.039274","2.251877"
"170","90","324.310318","0.871394","0.039655","2.202597"
"180","90","317.15352","0.882647","0.040059","2.160053"
"190","90","310.30577","0.892813","0.040482","2.122963"
"200","90","303.747474","0.90203","0.040921","2.090351"
"210","90","297.460659","0.910415","0.041373","2.061463"
"220","90","291.42881","0.918065","0.041836","2.035705"
"230","90","285.636723","0.925063","0.042308","2.012603"
"240","90","280.070384","0.93148","0.042787","1.991775"
"250","90","274.716845","0.937379","0.043272","1.972909"
"260","90","269.564133","0.942811","0.043762","1.955746"
"270","90","264.601155","0.947824","0.044257","1.940074"
"280","90","259.817622","0.952457","0.044754","1.925711"
"290","90","255.203973","0.956747","0.045255","1.912506"
"300","90","250.751317","0.960726","0.045757","1.900329"
"310","90","246.451372","0.96442","0.046262","1.889069"
"320","90","242.296413","0.967855","0.046768","1.878631"
"330","90","238.27923","0.971054","0.047274","1.868931"
"340","90","234.393081","0.974035","0.047781","1.859898"
"350","90","230.631658","0.976817","0.048289","1.851468"
"360","90","226.989051","0.979415","0.048797","1.843586"
"370","90","223.459718","0.981845","0.049304","1.836203"
"380","90","220.038456","0.984118","0.049812","1.829276"
"390","90","216.720376","0.986248","0.050318","1.822765"
"400","90","213.50088","0.988244","0.050825","1.816638"
"410","90","210.375638","0.990117","0.05133","1.810862"
"420","90","207.340572","0.991875","0.051835","1.80541"
"430","90","204.391833","0.993527","0.052339","1.800258"
"440","90","201.52579","0.99508","0.052842","1.795383"
"450","90","198.739013","0.99654","0.053343","1.790765"
"460","90","196.028258","0.997914","0.053844","1.786385"
"470","90","193.390456","0.999208","0.054343","1.782227"
"-100","100","921.2187","0.313582","0.475814","2.021132"
"-90","100","870.920109","0.303011","0.419222","2.090686"
"-80","100","825.829759","0.294009","0.371186","2.166062"
"-70","100","785.178528","0.286431","0.329864","2.248652"
"-60","100","748.341628","0.28018","0.293882","2.340273"
"-50","100","714.806264","0.275209","0.262194","2.443375"
"-40","100","684.147621","0.27152","0.233985","2.561377"
"-30","100","656.010767","0.269177","0.208606","2.699229"
"-20","100","630.096851","0.268328","0.185523","2.864436"
"-10","100","606.152453","0.269252","0.164278","3.069036"
"0","100","583.961259","0.272456","0.144456","3.333745"
"10","100","563.337517","0.27889","0.125636","3.697521"
"20","100","544.120818","0.290507","0.107345","4.241287"
"30","100","526.171921","0.311878","0.089011","5.138352"
"40","100","509.369369","0.354379","0.070494","6.506609"
"50","100","493.60674","0.430063","0.055253","6.807654"
"60","100","478.790388","0.513305","0.047214","5.51285"
"70","100","464.837587","0.581184","0.0435","4.454433"
"80","100","451.674976","0.63471","0.041615","3.798056"
"90","100","439.237279","0.677961","0.040592","3.374818"
"100","100","427.466214","0.713794","0.04004","3.083665"
"110","100","416.309586","0.74407","0.039774","2.872255"
"120","100","405.720509","0.770041","0.039695","2.712145"
"130","100","395.656748","0.792583","0.039746","2.586832"
"140","100","386.08016","0.812336","0.03989","2.486155"
"150","100","376.956204","0.829782","0.040105","2.403541"
"160","100","368.253533","0.845291","0.040374","2.334556"
"170","100","359.943626","0.859158","0.040684","2.276108"
"180","100","352.000481","0.871615","0.041028","2.225973"
"190","100","344.400341","0.882855","0.041399","2.182511"
"200","100","337.121458","0.893035","0.041792","2.144488"
"210","100","330.143885","0.902287","0.042202","2.110957"
"220","100","323.449291","0.91072","0.042628","2.081178"
"230","100","317.020805","0.918428","0.043066","2.054566"
"240","100","310.842868","0.925491","0.043515","2.030652"
"250","100","304.901114","0.931979","0.043972","2.009054"
"260","100","299.182252","0.93795","0.044437","1.989459"
"270","100","293.673972","0.943457","0.044907","1.97161"
"280","100","288.364852","0.948545","0.045383","1.955288"
"290","100","283.244283","0.953253","0.045863","1.940314"
"300","100","278.302395","0.957617","0.046347","1.926532"
"310","100","273.529997","0.961668","0.046833","1.91381"
"320","100","268.918516","0.965433","0.047322","1.902036"
"330","100","264.459948","0.968937","0.047813","1.891111"
"340","100","260.146812","0.972202","0.048305","1.880952"
"350","100","255.972106","0.975248","0.048798","1.871484"
"360","100","251.929271","0.978091","0.049293","1.862642"
"370","100","248.012156","0.980749","0.049788","1.854369"
"380","100","244.214986","0.983236","0.050283","1.846615"
"390","100","240.532335","0.985565","0.050778","1.839335"
"400","100","236.9591","0.987747","0.051273","1.832489"
"410","100","233.490475","0.989794","0.051768","1.826042"
"420","100","230.121933","0.991714","0.052263","1.819962"
"430","100","226.849204","0.993518","0.052757","1.814221"
"440","100","223.668258","0.995214","0.053251","1.808792"
"450","100","220.575286","0.996808","0.053743","1.803653"
"460","100","217.566689","0.998308","0.054235","1.798782"
"470","100","214.639061","0.99972","0.054726","1.794161"
"-100","110","1012.416508","0.344078","0.479426","2.01367"
"-90","110","957.138512","0.332403","0.422676","2.081674"
"-80","110","907.584356","0.322438","0.37453","2.155092"
"-70","110","862.908779","0.31402","0.333138","2.235164"
"-60","110","822.425139","0.307038","0.297124","2.323486"
"-50","110","785.569879","0.301429","0.265441","2.422169"
"-40","110","751.876124","0.297182","0.237278","2.534087"
"-30","110","720.953808","0.294344","0.211991","2.663287"
"-20","110","692.474495","0.293041","0.189059","2.815678"
"-10","110","666.159675","0.293509","0.168043","3.000276"
"0","110","641.771621","0.296168","0.148564","3.23156"
"10","110","619.106193","0.301761","0.130271","3.534155"
"20","110","597.9871","0.311674","0.112821","3.952053"
"30","110","578.261318","0.328672","0.095888","4.561245"
"40","110","559.795365","0.358426","0.079385","5.423983"
"50","110","542.472283","0.409236","0.064484","6.138492"
"60","110","526.189159","0.477792","0.054009","5.782782"
"70","110","510.855073","0.545059","0.048213","4.893396"
"80","110","496.389405","0.601998","0.045105","4.168035"
"90","110","482.720414","0.649045","0.04335","3.664597"
"100","110","469.78405","0.688298","0.042325","3.312482"
"110","110","457.52295","0.721526","0.041731","3.05697"
"120","110","445.885587","0.750028","0.041412","2.864613"
"130","110","434.825545","0.774751","0.041281","2.715165"
"140","110","424.300904","0.796396","0.041282","2.595978"
"150","110","414.273705","0.815494","0.04138","2.498847"
"160","110","404.709497","0.832456","0.041553","2.41825"
"170","110","395.576934","0.847608","0.041782","2.350348"
"180","110","386.847442","0.861208","0.042057","2.2924"
"190","110","378.494912","0.87347","0.042368","2.242394"
"200","110","370.495442","0.884567","0.042708","2.198826"
"210","110","362.82711","0.894645","0.043073","2.160548"
"220","110","355.469773","0.903825","0.043457","2.126667"
"230","110","348.404886","0.912212","0.043858","2.096481"
"240","110","341.615353","0.919894","0.044273","2.069431"
"250","110","335.085384","0.926945","0.0447","2.045062"
"260","110","328.800372","0.933433","0.045136","2.023005"
"270","110","322.746789","0.939413","0.045581","2.002956"
"280","110","316.912082","0.944935","0.046033","1.984659"
"290","110","311.284593","0.950044","0.046491","1.967902"
"300","110","305.853474","0.954778","0.046954","1.952505"
"310","110","300.608623","0.95917","0.047421","1.938315"
"320","110","295.540619","0.963251","0.047892","1.9252"
"330","110","290.640667","0.967048","0.048366","1.913049"
"340","110","285.900544","0.970585","0.048843","1.901762"
"350","110","281.312555","0.973883","0.049321","1.891255"
"360","110","276.869491","0.976962","0.049801","1.881454"
"370","110","272.564594","0.979839","0.050283","1.872294"
"380","110","268.391516","0.98253","0.050765","1.863715"
"390","110","264.344294","0.985049","0.051248","1.855669"
"400","110","260.417319","0.987409","0.051732","1.848109"
"410","110","256.605311","0.989622","0.052216","1.840995"
"420","110","252.903294","0.991699","0.0527","1.834291"
"430","110","249.306575","0.993648","0.053184","1.827964"
"440","110","245.810725","0.99548","0.053668","1.821986"
"450","110","242.411558","0.997202","0.054151","1.816331"
"460","110","239.10512","0.998822","0.054635","1.810974"
"470","110","235.887665","1.000347","0.055117","1.805894"
"-100","120","1103.614317","0.374485","0.483018","2.006399"
"-90","120","1043.356915","0.361698","0.426108","2.072925"
"-80","120","989.338954","0.350761","0.377847","2.144487"
"-70","120","940.63903","0.341492","0.33638","2.222194"
"-60","120","896.508651","0.333765","0.300328","2.307448"
"-50","120","856.333493","0.327502","0.268642","2.40207"
"-40","120","819.604628","0.322678","0.240512","2.508487"
"-30","120","785.896849","0.319324","0.2153","2.630022"
"-20","120","754.852139","0.317543","0.192492","2.771362"
"-10","120","726.166897","0.317535","0.171665","2.939346"
"0","120","699.581984","0.319647","0.152462","3.144307"
"10","120","674.874868","0.324473","0.134573","3.402406"
"20","120","651.853382","0.333043","0.117724","3.739258"
"30","120","630.350714","0.347197","0.101693","4.19237"
"40","120","610.22136","0.370237","0.086421","4.789123"
"50","120","591.337827","0.407039","0.072403","5.40171"
"60","120","573.58793","0.459496","0.061104","5.553625"
"70","120","556.87256","0.519162","0.053605","5.079918"
"80","120","541.103834","0.575304","0.049153","4.44526"
"90","120","526.203549","0.624037","0.046517","3.919664"
"100","120","512.101886","0.665579","0.044911","3.527195"
"110","120","498.736315","0.701091","0.043917","3.235459"
"120","120","486.050665","0.731697","0.043309","3.014105"
"130","120","473.994342","0.758307","0.042959","2.841946"
"140","120","462.521648","0.781631","0.042791","2.7049"
"150","120","451.591206","0.802221","0.042753","2.593555"
"160","120","441.16546","0.82051","0.042815","2.501485"
"170","120","431.210242","0.836846","0.042952","2.424193"
"180","120","421.694403","0.851507","0.043148","2.358458"
"190","120","412.589483","0.864722","0.043391","2.301917"
"200","120","403.869426","0.876678","0.043673","2.252806"
"210","120","395.510336","0.887533","0.043986","2.209779"
"220","120","387.490254","0.897419","0.044324","2.171794"
"230","120","379.788967","0.906446","0.044684","2.138035"
"240","120","372.387838","0.914712","0.045063","2.107849"
"250","120","365.269653","0.922298","0.045456","2.080711"
"260","120","358.418492","0.929275","0.045862","2.056196"
"270","120","351.819606","0.935705","0.046279","2.03395"
"280","120","345.459313","0.941641","0.046705","2.013682"
"290","120","339.324903","0.947131","0.047139","1.995148"
"300","120","333.404552","0.952216","0.04758","1.978143"
"310","120","327.687248","0.956934","0.048027","1.962491"
"320","120","322.162723","0.961316","0.048479","1.948043"
"330","120","316.821386","0.965392","0.048935","1.934672"
"340","120","311.654275","0.969188","0.049395","1.922266"
"350","120","306.653003","0.972727","0.049857","1.910728"
"360","120","301.809712","0.97603","0.050322","1.899976"
"370","120","297.117032","0.979116","0.05079","1.889935"
"380","120","292.568045","0.982001","0.051259","1.88054"
"390","120","288.156253","0.984702","0.051729","1.871734"
"400","120","283.875539","0.987232","0.052201","1.863467"
"410","120","279.720148","0.989603","0.052673","1.855693"
"420","120","275.684655","0.991828","0.053146","1.848372"
"430","120","271.763946","0.993917","0.05362","1.841467"
"440","120","267.953192","0.995879","0.054093","1.834947"
"450","120","264.247831","0.997723","0.054567","1.828782"
"460","120","260.64355","0.999457","0.055041","1.822945"
"470","120","257.13627","1.001089","0.055515","1.817413"
"-100","130","1194.812125","0.404806","0.486591","1.999309"
"-90","130","1129.575317","0.390898","0.429518","2.064424"
"-80","130","1071.093551","0.378981","0.381139","2.134226"
"-70","130","1018.369281","0.368851","0.339593","2.209706"
"-60","130","970.592162","0.360366","0.303495","2.2921"
"-50","130","927.097107","0.353435","0.271798","2.382981"
"-40","130","887.333131","0.348017","0.243691","2.484402"
"-30","130","850.839891","0.344128","0.218539","2.599103"
"-20","130","817.229782","0.341849","0.195834","2.730824"
"-10","130","786.174119","0.341346","0.175162","2.884802"
"0","130","757.392346","0.342909","0.156184","3.06853"
"10","130","730.643544","0.347018","0.138614","3.292896"
"20","130","705.719664","0.354459","0.122214","3.573498"
"30","130","682.44011","0.366538","0.10681","3.930159"
"40","130","660.647356","0.385376","0.092349","4.374424"
"50","130","640.203371","0.413972","0.079076","4.852259"
"60","130","620.986701","0.454544","0.067747","5.142671"
"70","130","602.890046","0.504379","0.059256","5.009508"
"80","130","585.818262","0.55609","0.053617","4.576401"
"90","130","569.686684","0.60404","0.050052","4.104883"
"100","130","554.419722","0.646399","0.04779","3.707773"
"110","130","539.949679","0.683296","0.046331","3.396018"
"120","130","526.215743","0.715427","0.045386","3.153401"
"130","130","513.163139","0.743529","0.044784","2.962475"
"140","130","500.742392","0.76825","0.044419","2.809714"
"150","130","488.908707","0.790122","0.044226","2.68539"
"160","130","477.621423","0.809578","0.044161","2.582596"
"170","130","466.84355","0.826972","0.044193","2.49639"
"180","130","456.541365","0.842592","0.044301","2.423182"
"190","130","446.684054","0.856676","0.044469","2.360324"
"200","130","437.24341","0.869422","0.044686","2.305824"
"210","130","428.193562","0.880995","0.044941","2.258163"
"220","130","419.510736","0.891534","0.04523","2.216162"
"230","130","411.173049","0.901159","0.045545","2.178897"
"240","130","403.160322","0.909972","0.045883","2.145631"
"250","130","395.453922","0.918058","0.04624","2.11577"
"260","130","388.036611","0.925495","0.046613","2.088834"
"270","130","380.892423","0.932348","0.047","2.064425"
"280","130","374.006543","0.938674","0.047399","2.042215"
"290","130","367.365212","0.944523","0.047807","2.021931"
"300","130","360.95563","0.949941","0.048225","2.00334"
"310","130","354.765874","0.954966","0.04865","1.986247"
"320","130","348.784826","0.959633","0.049081","1.970485"
"330","130","343.002105","0.963973","0.049518","1.955911"
"340","130","337.408007","0.968015","0.04996","1.942402"
"350","130","331.993452","0.971782","0.050406","1.929848"
"360","130","326.749932","0.975298","0.050856","1.918159"
"370","130","321.66947","0.978582","0.051308","1.90725"
"380","130","316.744575","0.981652","0.051763","1.897051"
"390","130","311.968211","0.984525","0.05222","1.887498"
"400","130","307.333758","0.987216","0.052679","1.878535"
"410","130","302.834984","0.989738","0.053139","1.870111"
"420","130","298.466017","0.992104","0.053601","1.862183"
"430","130","294.221317","0.994324","0.054064","1.854709"
"440","130","290.095659","0.99641","0.054527","1.847655"
"450","130","286.084103","0.99837","0.054991","1.840989"
"460","130","282.181981","1.000212","0.055455","1.83468"
"470","130","278.384874","1.001946","0.055919","1.828703"
"-100","140","1286.009933","0.435042","0.490144","1.992394"
"-90","140","1215.79372","0.420008","0.432906","2.05616"
"-80","140","1152.848149","0.407101","0.384406","2.12429"
"-70","140","1096.099532","0.396101","0.342776","2.197671"
"-60","140","1044.675674","0.386847","0.306628","2.277393"
"-50","140","997.860721","0.379233","0.274912","2.364816"
"-40","140","955.061634","0.373207","0.246819","2.461682"
"-30","140","915.782932","0.368765","0.221713","2.570255"
"-20","140","879.607426","0.36597","0.199093","2.693534"
"-10","140","846.181341","0.364958","0.17855","2.835557"
"0","140","815.202709","0.365969","0.159756","3.00182"
"10","140","786.412219","0.369393","0.14244","3.199794"
"20","140","759.585945","0.375847","0.126386","3.439246"
"30","140","734.529506","0.386293","0.111442","3.731023"
"40","140","711.073351","0.402187","0.09755","4.079377"
"50","140","689.068915","0.425489","0.084837","4.455427"
"60","140","668.385472","0.45794","0.073715","4.749122"
"70","140","648.907533","0.498993","0.064777","4.795106"
"80","140","630.532691","0.544571","0.058276","4.563448"
"90","140","613.169819","0.589676","0.053859","4.199651"
"100","140","596.737558","0.631323","0.05092","3.837226"
"110","140","581.163043","0.668582","0.048958","3.527307"
"120","140","566.380821","0.701549","0.047638","3.275101"
"130","140","552.331936","0.730668","0.046751","3.071817"
"140","140","538.963137","0.756445","0.046166","2.907022"
"150","140","526.226208","0.779346","0.045798","2.771938"
"160","140","514.077386","0.799777","0.045591","2.659818"
"170","140","502.476859","0.818078","0.045507","2.565614"
"180","140","491.388326","0.834537","0.045517","2.48556"
"190","140","480.778624","0.849392","0.045601","2.416824"
"200","140","470.617394","0.862847","0.045746","2.357254"
"210","140","460.876788","0.87507","0.045939","2.305196"
"220","140","451.531217","0.886206","0.046173","2.259361"
"230","140","442.55713","0.896379","0.046439","2.218731"
"240","140","433.932807","0.905695","0.046734","2.182497"
"250","140","425.638192","0.914245","0.047052","2.150005"
"260","140","417.654731","0.922109","0.04739","2.120723"
"270","140","409.96524","0.929355","0.047744","2.094214"
"280","140","402.553774","0.936044","0.048114","2.070116"
"290","140","395.405522","0.94223","0.048495","2.048126"
"300","140","388.506708","0.947959","0.048888","2.02799"
"310","140","381.8445","0.953273","0.04929","2.009491"
"320","140","375.406929","0.958208","0.0497","1.992446"
"330","140","369.182823","0.962797","0.050117","1.976697"
"340","140","363.161738","0.96707","0.05054","1.962109"
"350","140","357.3339","0.971052","0.050968","1.948562"
"360","140","351.690152","0.974768","0.051401","1.935955"
"370","140","346.221908","0.978239","0.051838","1.924198"
"380","140","340.921105","0.981484","0.052278","1.913212"
"390","140","335.78017","0.98452","0.052721","1.902928"
"400","140","330.791978","0.987363","0.053167","1.893283"
"410","140","325.949821","0.990027","0.053615","1.884223"
"420","140","321.247378","0.992526","0.054064","1.8757"
"430","140","316.678689","0.994871","0.054516","1.86767"
"440","140","312.238126","0.997074","0.054968","1.860093"
"450","140","307.920376","0.999143","0.055421","1.852936"
"460","140","303.720412","1.001088","0.055876","1.846165"
"470","140","299.633479","1.002918","0.056331","1.839753"
"-100","150","1377.207741","0.465195","0.49368","1.985645"
"-90","150","1302.012123","0.449027","0.436274","2.048121"
"-80","150","1234.602746","0.435124","0.387649","2.114661"
"-70","150","1173.829783","0.423244","0.345931","2.186061"
"-60","150","1118.759185","0.413211","0.309728","2.26328"
"-50","150","1068.624335","0.404904","0.277988","2.3475"
"-40","150","1022.790137","0.398254","0.249899","2.440197"
"-30","150","980.725973","0.393246","0.224829","2.543247"
"-20","150","941.98507","0.389919","0.202277","2.659063"
"-10","150","906.188563","0.388385","0.181841","2.790773"
"0","150","873.013071","0.38884","0.163198","2.94244"
"10","150","842.180895","0.391604","0.146088","3.119245"
"20","150","813.452227","0.397166","0.130307","3.327396"
"30","150","786.618903","0.406256","0.115711","3.572856"
"40","150","761.499347","0.41992","0.102236","3.856407"
"50","150","737.934459","0.439507","0.089941","4.159883"
"60","150","715.784242","0.46629","0.079062","4.422525"
"70","150","694.925019","0.500418","0.069968","4.541324"
"80","150","675.24712","0.539825","0.06292","4.452596"
"90","150","656.652954","0.580916","0.05781","4.207376"
"100","150","639.055394","0.620595","0.054237","3.907589"
"110","150","622.376407","0.657224","0.051762","3.621158"
"120","150","606.545899","0.690306","0.050045","3.372946"
"130","150","591.500733","0.719922","0.048851","3.165464"
"140","150","577.183881","0.746374","0.048026","2.993594"
"150","150","563.543709","0.770021","0.047466","2.850851"
"160","150","550.53335","0.791208","0.047104","2.731413"
"170","150","538.110167","0.810247","0.046891","2.630557"
"180","150","526.235287","0.827408","0.046794","2.544584"
"190","150","514.873195","0.842925","0.046788","2.47063"
"200","150","503.991378","0.856997","0.046854","2.406473"
"210","150","493.560013","0.869795","0.04698","2.350378"
"220","150","483.551699","0.881464","0.047154","2.300983"
"230","150","473.941211","0.89213","0.047368","2.257203"
"240","150","464.705292","0.901903","0.047616","2.218171"
"250","150","455.822461","0.910875","0.047891","2.183184"
"260","150","447.272851","0.91913","0.048191","2.151669"
"270","150","439.038056","0.926739","0.048512","2.123152"
"280","150","431.101004","0.933764","0.04885","2.097243"
"290","150","423.445832","0.940261","0.049203","2.073614"
"300","150","416.057787","0.946279","0.049569","2.051989"
"310","150","408.923125","0.951861","0.049946","2.032133"
"320","150","402.029032","0.957045","0.050334","2.013848"
"330","150","395.363542","0.961867","0.05073","1.996962"
"340","150","388.91547","0.966356","0.051133","1.981328"
"350","150","382.674349","0.97054","0.051543","1.966818"
"360","150","376.630373","0.974444","0.051958","1.95332"
"370","150","370.774346","0.97809","0.052379","1.940739"
"380","150","365.097635","0.981498","0.052804","1.928988"
"390","150","359.592129","0.984687","0.053232","1.917991"
"400","150","354.250197","0.987673","0.053664","1.907683"
"410","150","349.064657","0.990472","0.054099","1.898005"
"420","150","344.028739","0.993096","0.054536","1.888902"
"430","150","339.13606","0.995558","0.054976","1.880329"
"440","150","334.380594","0.99787","0.055417","1.872244"
"450","150","329.756649","1.000042","0.05586","1.864608"
"460","150","325.258843","1.002084","0.056304","1.857387"
"470","150","320.882084","1.004005","0.056749","1.85055"
"-100","160","1468.405549","0.495267","0.497198","1.979056"
"-90","160","1388.230526","0.47796","0.439622","2.040297"
"-80","160","1316.357343","0.463053","0.390869","2.105323"
"-70","160","1251.560034","0.450285","0.34906","2.17485"
"-60","160","1192.842697","0.439463","0.312798","2.249722"
"-50","160","1139.387949","0.430451","0.281026","2.330966"
"-40","160","1090.51864","0.423166","0.252934","2.419834"
"-30","160","1045.669014","0.417577","0.22789","2.517884"
"-20","160","1004.362713","0.413706","0.205392","2.627059"
"-10","160","966.195785","0.411638","0.185044","2.74979"
"0","160","930.823434","0.411534","0.166526","2.889091"
"10","160","897.94957","0.413656","0.149584","3.048575"
"20","160","867.318509","0.418394","0.13402","3.232189"
"30","160","838.708299","0.426314","0.119695","3.443109"
"40","160","811.925342","0.438192","0.106535","3.680444"
"50","160","786.800003","0.454991","0.094559","3.931491"
"60","160","763.183013","0.477641","0.083897","4.159389"
"70","160","740.942506","0.506463","0.074781","4.299856"
"80","160","719.961549","0.540434","0.06741","4.29552"
"90","160","700.136089","0.577194","0.061783","4.149728"
"100","160","681.37323","0.614109","0.057661","3.922085"
"110","160","663.589771","0.649296","0.0547","3.674688"
"120","160","646.710978","0.681823","0.052583","3.443069"
"130","160","630.66953","0.711419","0.05107","3.240029"
"140","160","615.404625","0.738152","0.049989","3.066755"
"150","160","600.86121","0.762242","0.049224","2.920078"
"160","160","586.989313","0.783952","0.048695","2.795811"
"170","160","573.743475","0.803545","0.048344","2.690006"
"180","160","561.082248","0.821262","0.048131","2.599311"
"190","160","548.967766","0.837321","0.048026","2.520999"
"200","160","537.365362","0.851912","0.048009","2.452886"
"210","160","526.243239","0.865202","0.048061","2.39323"
"220","160","515.572181","0.877335","0.048172","2.340638"
"230","160","505.325292","0.888436","0.04833","2.293992"
"240","160","495.477776","0.898614","0.048527","2.252386"
"250","160","486.00673","0.907966","0.048759","2.215085"
"260","160","476.89097","0.916574","0.049018","2.181483"
"270","160","468.110873","0.924511","0.049302","2.151081"
"280","160","459.648234","0.931842","0.049607","2.123462"
"290","160","451.486142","0.938624","0.04993","2.098279"
"300","160","443.608865","0.944907","0.050268","2.075237"
"310","160","436.001751","0.950736","0.050619","2.054087"
"320","160","428.651135","0.956151","0.050983","2.034615"
"330","160","421.544261","0.961187","0.051357","2.01664"
"340","160","414.669201","0.965877","0.051739","2.000002"
"350","160","408.014797","0.970248","0.05213","1.984565"
"360","160","401.570593","0.974327","0.052527","1.97021"
"370","160","395.326784","0.978136","0.052931","1.956834"
"380","160","389.274165","0.981697","0.05334","1.944344"
"390","160","383.404088","0.985029","0.053753","1.932659"
"400","160","377.708417","0.988148","0.054171","1.92171"
"410","160","372.179493","0.991072","0.054592","1.911432"
"420","160","366.8101","0.993813","0.055017","1.901768"
"430","160","361.593431","0.996385","0.055444","1.892669"
"440","160","356.523061","0.9988","0.055873","1.88409"
"450","160","351.592921","1.001069","0.056305","1.875989"
"460","160","346.797273","1.003201","0.056738","1.868331"
"470","160","342.130688","1.005206","0.057173","1.861082"
"-100","170","1559.603358","0.52526","0.500699","1.972621"
"-90","170","1474.448929","0.506808","0.442951","2.032677"
"-80","170","1398.111941","0.49089","0.394068","2.096261"
"-70","170","1329.290285","0.477226","0.352164","2.164014"
"-60","170","1266.926209","0.465606","0.315837","2.236682"
"-50","170","1210.151563","0.455879","0.28403","2.315153"
"-40","170","1158.247143","0.447948","0.255928","2.400495"
"-30","170","1110.612056","0.441767","0.230899","2.493998"
"-20","170","1066.740357","0.437339","0.208445","2.59723"
"-10","170","1026.203007","0.434727","0.188168","2.71208"
"0","170","988.633796","0.434062","0.169753","2.840785"
"10","170","953.718246","0.435553","0.152949","2.985856"
"20","170","921.184791","0.439518","0.137561","3.149772"
"30","170","890.797695","0.446399","0.12345","3.334057"
"40","170","862.351338","0.456784","0.110534","3.537033"
"50","170","835.665547","0.471383","0.098802","3.749191"
"60","170","810.581784","0.49088","0.088324","3.946375"
"70","170","786.959992","0.515598","0.079238","4.087029"
"80","170","764.675977","0.545031","0.071683","4.127328"
"90","170","743.619224","0.577669","0.065689","4.053049"
"100","170","723.691066","0.611481","0.061119","3.892146"
"110","170","704.803135","0.644674","0.05772","3.69056"
"120","170","686.876056","0.676097","0.05522","3.484671"
"130","170","669.838327","0.705202","0.053386","3.293757"
"140","170","653.625369","0.731838","0.052043","3.124716"
"150","170","638.178711","0.756072","0.051064","2.978067"
"160","170","623.445276","0.778066","0.050358","2.85174"
"170","170","609.376783","0.798021","0.04986","2.742937"
"180","170","595.92921","0.81614","0.049524","2.648918"
"190","170","583.062337","0.832615","0.049315","2.567269"
"200","170","570.739346","0.847622","0.049208","2.495959"
"210","170","558.926465","0.861318","0.049183","2.433315"
"220","170","547.592662","0.873841","0.049225","2.377968"
"230","170","536.709374","0.885314","0.049324","2.328801"
"240","170","526.250261","0.895845","0.049468","2.284895"
"250","170","516.190999","0.905529","0.049652","2.2455"
"260","170","506.50909","0.91445","0.049869","2.209991"
"270","170","497.18369","0.92268","0.050115","2.17785"
"280","170","488.195465","0.930286","0.050385","2.148645"
"290","170","479.526452","0.937326","0.050675","2.122012"
"300","170","471.159943","0.943849","0.050984","2.097642"
"310","170","463.080376","0.949904","0.051309","2.075272"
"320","170","455.273238","0.955529","0.051647","2.054679"
"330","170","447.724979","0.960762","0.051998","2.035669"
"340","170","440.422933","0.965635","0.052359","2.018077"
"350","170","433.355246","0.970179","0.052729","2.001757"
"360","170","426.510813","0.974419","0.053108","1.986583"
"370","170","419.879222","0.978379","0.053494","1.972446"
"380","170","413.450695","0.982081","0.053886","1.959248"
"390","170","407.216047","0.985545","0.054284","1.946903"
"400","170","401.166637","0.988789","0.054687","1.935337"
"410","170","395.29433","0.991828","0.055094","1.924482"
"420","170","389.591461","0.994678","0.055505","1.914278"
"430","170","384.050802","0.997352","0.05592","1.904672"
"440","170","378.665528","0.999863","0.056337","1.895616"
"450","170","373.429194","1.002221","0.056757","1.887067"
"460","170","368.335704","1.004438","0.05718","1.878986"
"470","170","363.379293","1.006522","0.057604","1.871338"
"-100","180","1650.801166","0.555176","0.504184","1.966333"
"-90","180","1560.667332","0.535572","0.44626","2.025253"
"-80","180","1479.866538","0.518637","0.397245","2.087461"
"-70","180","1407.020536","0.50407","0.355243","2.153532"
"-60","180","1341.00972","0.491644","0.318848","2.224125"
"-50","180","1280.915177","0.481194","0.287","2.30001"
"-40","180","1225.975646","0.472606","0.258882","2.382093"
"-30","180","1175.555097","0.465821","0.233861","2.471446"
"-20","180","1129.118001","0.460826","0.211439","2.569331"
"-10","180","1086.210229","0.457663","0.191221","2.677214"
"0","180","1046.444158","0.456432","0.172891","2.796747"
"10","180","1009.486922","0.457304","0.1562","2.92966"
"20","180","975.051072","0.460533","0.140955","3.077449"
"30","180","942.887092","0.46647","0.127015","3.240643"
"40","180","912.777333","0.475568","0.11429","3.417229"
"50","180","884.53109","0.488358","0.10275","3.599756"
"60","180","857.980555","0.505351","0.092421","3.771402"
"70","180","832.977479","0.526826","0.083382","3.904139"
"80","180","809.390406","0.552524","0.075724","3.965914"
"90","180","787.10236","0.581473","0.069474","3.938712"
"100","180","766.008902","0.612174","0.064552","3.832022"
"110","180","746.0165","0.643081","0.060775","3.675397"
"120","180","727.041134","0.673006","0.05792","3.499854"
"130","180","709.007124","0.701235","0.055777","3.326695"
"140","180","691.846114","0.727436","0.054172","3.166765"
"150","180","675.496211","0.75153","0.052975","3.023915"
"160","180","659.901239","0.773577","0.052086","2.898326"
"170","180","645.010091","0.793705","0.051436","2.788581"
"180","180","630.776171","0.81207","0.05097","2.692752"
"190","180","617.156908","0.828833","0.050652","2.608892"
"200","180","604.11333","0.844149","0.05045","2.535235"
"210","180","591.60969","0.858161","0.050343","2.470254"
"220","180","579.613144","0.870999","0.050314","2.412657"
"230","180","568.093455","0.88278","0.050349","2.361365"
"240","180","557.022746","0.893608","0.050438","2.315476"
"250","180","546.375269","0.903577","0.050572","2.274241"
"260","180","536.12721","0.912768","0.050744","2.237032"
"270","180","526.256507","0.921255","0.050949","2.203325"
"280","180","516.742695","0.929104","0.051182","2.172676"
"290","180","507.566762","0.936372","0.051439","2.144712"
"300","180","498.711021","0.943111","0.051718","2.119115"
"310","180","490.159002","0.949367","0.052014","2.095613"
"320","180","481.895342","0.955182","0.052326","2.073973"
"330","180","473.905698","0.960594","0.052653","2.053994"
"340","180","466.176665","0.965634","0.052991","2.035504"
"350","180","458.695694","0.970335","0.053341","2.01835"
"360","180","451.451033","0.974722","0.0537","2.002401"
"370","180","444.43166","0.97882","0.054068","1.987541"
"380","180","437.627225","0.982652","0.054443","1.97367"
"390","180","431.028006","0.986237","0.054824","1.960696"
"400","180","424.624856","0.989595","0.055212","1.948541"
"410","180","418.409166","0.992741","0.055604","1.937134"
"420","180","412.372822","0.995692","0.056002","1.926413"
"430","180","406.508173","0.99846","0.056403","1.916321"
"440","180","400.807995","1.001059","0.056808","1.906807"
"450","180","395.265466","1.0035","0.057217","1.897827"
"460","180","389.874135","1.005795","0.057628","1.889339"
"470","180","384.627897","1.007952","0.058042","1.881307"
"-100","190","1741.998974","0.585015","0.507653","1.960186"
"-90","190","1646.885735","0.564256","0.449552","2.018016"
"-80","190","1561.621136","0.546298","0.400401","2.078911"
"-70","190","1484.750787","0.530821","0.358298","2.143384"
"-60","190","1415.093232","0.517581","0.321832","2.212021"
"-50","190","1351.678792","0.506398","0.289938","2.285487"
"-40","190","1293.704149","0.497145","0.261799","2.364552"
"-30","190","1240.498138","0.489747","0.236779","2.450103"
"-20","190","1191.495644","0.484175","0.214381","2.543155"
"-10","190","1146.217451","0.480452","0.194208","2.644839"
"0","190","1104.254521","0.478653","0.175947","2.756366"
"10","190","1065.255597","0.478913","0.159349","2.878897"
"20","190","1028.917354","0.481437","0.144221","3.013269"
"30","190","994.976488","0.486501","0.130419","3.1594"
"40","190","963.203329","0.49446","0.117847","3.315175"
"50","190","933.396634","0.505716","0.106457","3.474572"
"60","190","905.379326","0.520655","0.096249","3.625304"
"70","190","878.994965","0.539499","0.08726","3.747684"
"80","190","854.104835","0.562112","0.079542","3.818337"
"90","190","830.585495","0.587851","0.073112","3.820528"
"100","190","808.326738","0.615619","0.067917","3.754523"
"110","190","787.229864","0.644153","0.063823","3.637414"
"120","190","767.206212","0.672345","0.060652","3.492746"
"130","190","748.175921","0.69941","0.058218","3.340476"
"140","190","730.066858","0.724895","0.056359","3.193266"
"150","190","712.813712","0.748599","0.054944","3.057422"
"160","190","696.357203","0.770483","0.053871","2.935155"
"170","190","680.643399","0.790604","0.053063","2.826471"
"180","190","665.623132","0.809064","0.052465","2.730364"
"190","190","651.251479","0.825989","0.052032","2.645465"
"200","190","637.487313","0.841507","0.051732","2.570362"
"210","190","624.292916","0.855745","0.051539","2.503742"
"220","190","611.633625","0.868821","0.051435","2.444443"
"230","190","599.477536","0.880844","0.051405","2.391461"
"240","190","587.79523","0.891913","0.051435","2.343937"
"250","190","576.559538","0.902116","0.051517","2.301144"
"260","190","565.745329","0.911535","0.051642","2.262467"
"270","190","555.329324","0.920242","0.051805","2.227384"
"280","190","545.289926","0.9283","0.051999","2.19545"
"290","190","535.607072","0.935767","0.052222","2.16629"
"300","190","526.2621","0.942694","0.052468","2.139579"
"310","190","517.237627","0.94913","0.052735","2.115041"
"320","190","508.517445","0.955114","0.05302","2.092437"
"330","190","500.086417","0.960684","0.053321","2.071562"
"340","190","491.930396","0.965875","0.053637","2.052236"
"350","190","484.036143","0.970717","0.053964","2.034304"
"360","190","476.391254","0.975237","0.054303","2.017628"
"370","190","468.984098","0.979461","0.054652","2.002089"
"380","190","461.803755","0.98341","0.055009","1.987582"
"390","190","454.839964","0.987106","0.055374","1.974014"
"400","190","448.083076","0.990568","0.055745","1.961301"
"410","190","441.524003","0.993812","0.056123","1.94937"
"420","190","435.154184","0.996854","0.056506","1.938156"
"430","190","428.965544","0.999708","0.056894","1.9276"
"440","190","422.950463","1.002388","0.057287","1.91765"
"450","190","417.101739","1.004906","0.057683","1.908257"
"460","190","411.412565","1.007272","0.058082","1.899381"
"470","190","405.876502","1.009496","0.058485","1.890981"
"-100","200","1833.196782","0.61478","0.511106","1.954175"
"-90","200","1733.104138","0.59286","0.452826","2.010958"
"-80","200","1643.375733","0.573873","0.403538","2.070596"
"-70","200","1562.481038","0.55748","0.361331","2.133553"
"-60","200","1489.176743","0.54342","0.32479","2.200342"
"-50","200","1422.442406","0.531496","0.292847","2.271541"
"-40","200","1361.432652","0.521569","0.26468","2.347804"
"-30","200","1305.44118","0.513549","0.239655","2.429861"
"-20","200","1253.873288","0.507392","0.217272","2.518524"
"-10","200","1206.224674","0.503102","0.197134","2.614662"
"0","200","1162.064883","0.500733","0.178929","2.719144"
"10","200","1121.024273","0.500388","0.162407","2.832721"
"20","200","1082.783636","0.502229","0.147375","2.955775"
"30","200","1047.065884","0.506477","0.133685","3.087854"
"40","200","1013.629324","0.513407","0.121235","3.226862"
"50","200","982.262178","0.523328","0.109965","3.367821"
"60","200","952.778096","0.536532","0.099854","3.50141"
"70","200","925.012452","0.55319","0.09091","3.613295"
"80","200","898.819263","0.573226","0.083156","3.68622"
"90","200","874.06863","0.596194","0.076598","3.706089"
"100","200","850.644574","0.621289","0.071191","3.669198"
"110","200","828.443228","0.647502","0.066836","3.584444"
"120","200","807.37129","0.673854","0.063387","3.468367"
"130","200","787.344717","0.699567","0.060687","3.337822"
"140","200","768.287602","0.724122","0.058587","3.205486"
"150","200","750.131213","0.747227","0.056959","3.079045"
"160","200","732.813166","0.768759","0.055702","2.962271"
"170","200","716.276707","0.788706","0.054737","2.856458"
"180","200","700.470093","0.807119","0.054002","2.761527"
"190","200","685.34605","0.824083","0.053452","2.676739"
"200","200","670.861297","0.839699","0.05305","2.601098"
"210","200","656.976142","0.854074","0.052769","2.533558"
"220","200","643.654107","0.867312","0.052588","2.473128"
"230","200","630.861617","0.879511","0.052488","2.418913"
"240","200","618.567715","0.890763","0.052458","2.370124"
"250","200","606.743807","0.901153","0.052485","2.326076"
"260","200","595.363449","0.910757","0.052562","2.286179"
"270","200","584.402141","0.919644","0.05268","2.249925"
"280","200","573.837156","0.927877","0.052835","2.216879"
"290","200","563.647381","0.935514","0.053021","2.186667"
"300","200","553.813178","0.942604","0.053234","2.158965"
"310","200","544.316253","0.949194","0.05347","2.133497"
"320","200","535.139548","0.955326","0.053727","2.11002"
"330","200","526.267136","0.961036","0.054003","2.088327"
"340","200","517.684128","0.96636","0.054294","2.068234"
"350","200","509.376591","0.971327","0.054599","2.049583"
"360","200","501.331474","0.975966","0.054917","2.032233"
"370","200","493.536536","0.980301","0.055246","2.016062"
"380","200","485.980285","0.984356","0.055585","2.000961"
"390","200","478.651923","0.988152","0.055932","1.986834"
"400","200","471.541295","0.991707","0.056287","1.973596"
"410","200","464.638839","0.99504","0.05665","1.961172"
"420","200","457.935545","0.998165","0.057018","1.949492"
"430","200","451.422915","1.001098","0.057393","1.938497"
"440","200","445.09293","1.003851","0.057772","1.928132"
"450","200","438.938011","1.006438","0.058156","1.918348"
"460","200","432.950996","1.008869","0.058543","1.9091"
"470","200","427.125106","1.011154","0.058935","1.900349"
"-100","210","1924.39459","0.644473","0.514544","1.948294"
"-90","210","1819.322541","0.621386","0.456084","2.004071"
"-80","210","1725.13033","0.601366","0.406656","2.062508"
"-70","210","1640.211289","0.584051","0.364343","2.12402"
"-60","210","1563.260255","0.569163","0.327724","2.189063"
"-50","210","1493.20602","0.556492","0.295726","2.258135"
"-40","210","1429.161155","0.545883","0.267528","2.331788"
"-30","210","1370.384221","0.537232","0.242492","2.410624"
"-20","210","1316.250932","0.530483","0.220116","2.495288"
"-10","210","1266.231896","0.525621","0.200006","2.586436"
"0","210","1219.875246","0.522678","0.181845","2.684679"
"10","210","1176.792948","0.521733","0.165385","2.790463"
"20","210","1136.649918","0.522911","0.15043","2.903857"
"30","210","1099.155281","0.526386","0.136831","3.024188"
"40","210","1064.05532","0.532372","0.12448","3.149442"
"50","210","1031.127722","0.541107","0.113305","3.275433"
"60","210","1000.176867","0.552811","0.103271","3.394873"
"70","210","971.029938","0.567614","0.094365","3.496996"
"80","210","943.533692","0.585464","0.086589","3.568838"
"90","210","917.551765","0.606039","0.079934","3.598952"
"100","210","892.96241","0.628736","0.074362","3.58231"
"110","210","869.656592","0.652755","0.069792","3.522882"
"120","210","847.536369","0.677258","0.066104","3.43167"
"130","210","826.513514","0.701517","0.063164","3.321965"
"140","210","806.508346","0.724991","0.060838","3.205302"
"150","210","787.448714","0.747333","0.059007","3.089768"
"160","210","769.269129","0.768354","0.05757","2.980128"
"170","210","751.910015","0.787981","0.056448","2.878696"
"180","210","735.317055","0.806216","0.055576","2.786235"
"190","210","719.44062","0.823105","0.054907","2.70263"
"200","210","704.235281","0.83872","0.054402","2.627322"
"210","210","689.659367","0.853147","0.05403","2.559568"
"220","210","675.674589","0.866472","0.053768","2.49858"
"230","210","662.245699","0.878782","0.053598","2.443598"
"240","210","649.340199","0.890162","0.053505","2.393924"
"250","210","636.928077","0.900688","0.053476","2.348933"
"260","210","624.981569","0.910433","0.053503","2.308075"
"270","210","613.474958","0.919463","0.053576","2.270867"
"280","210","602.384386","0.927839","0.053689","2.23689"
"290","210","591.687691","0.935614","0.053837","2.205779"
"300","210","581.364256","0.94284","0.054016","2.177218"
"310","210","571.394878","0.949561","0.054221","2.15093"
"320","210","561.761651","0.955819","0.054449","2.126677"
"330","210","552.447854","0.96165","0.054697","2.104249"
"340","210","543.437859","0.967089","0.054963","2.083462"
"350","210","534.71704","0.972166","0.055245","2.064155"
"360","210","526.271694","0.976908","0.055541","2.046188"
"370","210","518.088974","0.981342","0.05585","2.029434"
"380","210","510.156814","0.985491","0.05617","2.013783"
"390","210","502.463882","0.989375","0.056499","1.999138"
"400","210","494.999515","0.993014","0.056838","1.98541"
"410","210","487.753675","0.996425","0.057184","1.972523"
"420","210","480.716906","0.999625","0.057538","1.960407"
"430","210","473.880286","1.002627","0.057898","1.948998"
"440","210","467.235397","1.005447","0.058264","1.938242"
"450","210","460.774284","1.008096","0.058635","1.928088"
"460","210","454.489427","1.010585","0.059011","1.918489"
"470","210","448.373711","1.012926","0.05939","1.909405"
"-100","220","2015.592399","0.674093","0.517967","1.94254"
"-90","220","1905.540944","0.649837","0.459325","1.997348"
"-80","220","1806.884928","0.628778","0.409755","2.054635"
"-70","220","1717.94154","0.610535","0.367333","2.114772"
"-60","220","1637.343766","0.594814","0.330633","2.17816"
"-50","220","1563.969634","0.581388","0.298579","2.245231"
"-40","220","1496.889658","0.57009","0.270345","2.31645"
"-30","220","1435.327262","0.560802","0.245292","2.392309"
"-20","220","1378.628575","0.553453","0.222918","2.473314"
"-10","220","1326.239118","0.548013","0.202825","2.559953"
"0","220","1277.685608","0.544495","0.184699","2.652635"
"10","220","1232.561624","0.542954","0.168288","2.751581"
"20","220","1190.516199","0.543484","0.153397","2.856648"
"30","220","1151.244677","0.546221","0.139871","2.967031"
"40","220","1114.481315","0.551331","0.127599","3.080832"
"50","220","1079.993266","0.558994","0.116501","3.194478"
"60","220","1047.575638","0.569376","0.106527","3.302133"
"70","220","1017.047425","0.582572","0.097652","3.395496"
"80","220","988.248121","0.598539","0.08986","3.464637"
"90","220","961.0349","0.617035","0.083132","3.500372"
"100","220","935.280246","0.637594","0.077428","3.49757"
"110","220","910.869956","0.65958","0.072679","3.457419"
"120","220","887.701447","0.682286","0.068786","3.386941"
"130","220","865.682311","0.705055","0.065633","3.296148"
"140","220","844.729091","0.727357","0.0631","3.194888"
"150","220","824.766215","0.748817","0.061076","3.090934"
"160","220","805.725093","0.769199","0.059465","2.989499"
"170","220","787.543324","0.788383","0.058189","2.893599"
"180","220","770.164016","0.806324","0.057182","2.804685"
"190","220","753.535191","0.823035","0.056393","2.723204"
"200","220","737.609265","0.838557","0.055783","2.649029"
"210","220","722.342593","0.852954","0.055319","2.581728"
"220","220","707.69507","0.866295","0.054976","2.520734"
"230","220","693.62978","0.878655","0.054733","2.465442"
"240","220","680.112684","0.890107","0.054575","2.415262"
"250","220","667.112346","0.900721","0.054489","2.369644"
"260","220","654.599688","0.910565","0.054463","2.328088"
"270","220","642.547775","0.9197","0.054489","2.290147"
"280","220","630.931617","0.928184","0.05456","2.255426"
"290","220","619.728001","0.936069","0.054669","2.223575"
"300","220","608.915334","0.943404","0.054812","2.19429"
"310","220","598.473504","0.950232","0.054985","2.1673"
"320","220","588.383754","0.956594","0.055183","2.142371"
"330","220","578.628573","0.962526","0.055403","2.119296"
"340","220","569.191591","0.968062","0.055644","2.097891"
"350","220","560.057488","0.973232","0.055902","2.077996"
"360","220","551.211915","0.978065","0.056176","2.059469"
"370","220","542.641412","0.982584","0.056464","2.042184"
"380","220","534.333344","0.986814","0.056764","2.02603"
"390","220","526.275841","0.990775","0.057075","2.010908"
"400","220","518.457734","0.994487","0.057397","1.996728"
"410","220","510.868512","0.997968","0.057727","1.983411"
"420","220","503.498267","1.001233","0.058065","1.970888"
"430","220","496.337657","1.004298","0.058411","1.959093"
"440","220","489.377864","1.007176","0.058763","1.947971"
"450","220","482.610556","1.00988","0.059121","1.937468"
"460","220","476.027858","1.012421","0.059484","1.927539"
"470","220","469.622316","1.014811","0.059852","1.918141"
"-100","230","2106.790207","0.703644","0.521376","1.936907"
"-90","230","1991.759347","0.678214","0.462549","1.990783"
"-80","230","1888.639525","0.656111","0.412836","2.046967"
"-70","230","1795.671791","0.636935","0.370303","2.105792"
"-60","230","1711.427278","0.620374","0.33352","2.167612"
"-50","230","1634.733248","0.606188","0.301405","2.232799"
"-40","230","1564.618161","0.594195","0.273131","2.301742"
"-30","230","1500.270304","0.584263","0.248057","2.374841"
"-20","230","1441.006219","0.576308","0.225678","2.452488"
"-10","230","1386.24634","0.570286","0.205597","2.535035"
"0","230","1335.49597","0.566191","0.187496","2.622733"
"10","230","1288.3303","0.564056","0.171125","2.715638"
"20","230","1244.382481","0.563952","0.156284","2.81346"
"30","230","1203.334073","0.565979","0.142818","2.915326"
"40","230","1164.907311","0.570265","0.130609","3.019463"
"50","230","1128.85881","0.576946","0.119571","3.122789"
"60","230","1094.974409","0.586144","0.109646","3.220537"
"70","230","1063.064911","0.597925","0.100794","3.306157"
"80","230","1032.962549","0.612247","0.092989","3.371903"
"90","230","1004.518035","0.628919","0.086201","3.410411"
"100","230","977.598082","0.647572","0.08039","3.41695"
"110","230","952.083321","0.667694","0.075492","3.391231"
"120","230","927.866525","0.688691","0.071423","3.33757"
"130","230","904.851108","0.709982","0.068081","3.263289"
"140","230","882.949835","0.731068","0.065358","3.176442"
"150","230","862.083716","0.751566","0.063155","3.08406"
"160","230","842.181056","0.771213","0.061379","2.99137"
"170","230","823.176632","0.789852","0.059952","2.901779"
"180","230","805.010977","0.807402","0.058812","2.817238"
"190","230","787.629762","0.823843","0.057905","2.738665"
"200","230","770.983249","0.839189","0.057189","2.666321"
"210","230","755.025819","0.853481","0.056632","2.600077"
"220","230","739.715552","0.866771","0.056206","2.539592"
"230","230","725.013861","0.879121","0.05589","2.484426"
"240","230","710.885169","0.890593","0.055667","2.434107"
"250","230","697.296615","0.901249","0.055521","2.388171"
"260","230","684.217808","0.91115","0.055442","2.346178"
"270","230","671.620592","0.920353","0.05542","2.307726"
"280","230","659.478847","0.928912","0.055447","2.272448"
"290","230","647.768311","0.936877","0.055517","2.240019"
"300","230","636.466412","0.944293","0.055624","2.210148"
"310","230","625.55213","0.951205","0.055762","2.182576"
"320","230","615.005857","0.95765","0.05593","2.157074"
"330","230","604.809292","0.963664","0.056122","2.133441"
"340","230","594.945322","0.96928","0.056336","2.111497"
"350","230","585.397937","0.974527","0.056569","2.091083"
"360","230","576.152135","0.979434","0.05682","2.072058"
"370","230","567.19385","0.984026","0.057087","2.054296"
"380","230","558.509874","0.988325","0.057367","2.037687"
"390","230","550.0878","0.992352","0.05766","2.02213"
"400","230","541.915954","0.996127","0.057963","2.007536"
"410","230","533.983348","0.999667","0.058277","1.993825"
"420","230","526.279628","1.002989","0.058599","1.980926"
"430","230","518.795029","1.006108","0.05893","1.968773"
"440","230","511.520331","1.009037","0.059268","1.95731"
"450","230","504.446829","1.011789","0.059612","1.946483"
"460","230","497.566288","1.014377","0.059963","1.936244"
"470","230","490.87092","1.016809","0.060319","1.926551"
"-100","240","2197.988015","0.733126","0.524771","1.93139"
"-90","240","2077.977749","0.706518","0.465759","1.984369"
"-80","240","1970.394123","0.683367","0.4159","2.039494"
"-70","240","1873.402042","0.663253","0.373254","2.097068"
"-60","240","1785.51079","0.645848","0.336384","2.1574"
"-50","240","1705.496862","0.630895","0.304206","2.220809"
"-40","240","1632.346664","0.6182","0.275889","2.28762"
"-30","240","1565.213345","0.607619","0.250789","2.358154"
"-20","240","1503.383863","0.599053","0.2284","2.43271"
"-10","240","1446.253562","0.592443","0.208324","2.511527"
"0","240","1393.306333","0.587769","0.190241","2.594737"
"10","240","1344.098975","0.585045","0.1739","2.682272"
"20","240","1298.248763","0.584316","0.159099","2.773741"
"30","240","1255.42347","0.585658","0.14568","2.868245"
"40","240","1215.333306","0.589163","0.133521","2.964136"
"50","240","1177.724353","0.594934","0.122531","3.05873"
"60","240","1142.37318","0.603056","0.112643","3.148069"
"70","240","1109.082398","0.613571","0.103808","3.226884"
"80","240","1077.676978","0.626437","0.09599","3.289031"
"90","240","1048.00117","0.641493","0.089153","3.328571"
"100","240","1019.915918","0.658442","0.083252","3.341338"
"110","240","993.296685","0.676861","0.078229","3.326321"
"120","240","968.031603","0.696253","0.074008","3.286065"
"130","240","944.019905","0.71611","0.070498","3.225821"
"140","240","921.170579","0.735971","0.067605","3.151993"
"150","240","899.401217","0.755461","0.065234","3.070683"
"160","240","878.637019","0.774306","0.063302","2.986833"
"170","240","858.80994","0.792321","0.061732","2.90398"
"180","240","839.857938","0.8094","0.060461","2.824383"
"190","240","821.724333","0.825492","0.059437","2.749323"
"200","240","804.357233","0.840588","0.058617","2.67939"
"210","240","787.709044","0.854707","0.057967","2.61473"
"220","240","771.736033","0.867885","0.057458","2.555217"
"230","240","756.397943","0.880169","0.057068","2.500578"
"240","240","741.657653","0.89161","0.056777","2.450466"
"250","240","727.480885","0.902263","0.056572","2.404508"
"260","240","713.835928","0.912181","0.056439","2.362332"
"270","240","700.693408","0.921416","0.056367","2.323584"
"280","240","688.026078","0.930019","0.05635","2.287937"
"290","240","675.808621","0.938035","0.056379","2.255089"
"300","240","664.017491","0.945508","0.056448","2.22477"
"310","240","652.630755","0.952479","0.056553","2.196735"
"320","240","641.627961","0.958985","0.056688","2.170765"
"330","240","630.99001","0.965062","0.056851","2.146666"
"340","240","620.699054","0.97074","0.057038","2.124263"
"350","240","610.738385","0.97605","0.057247","2.1034"
"360","240","601.092355","0.981017","0.057474","2.083939"
"370","240","591.746288","0.985667","0.057719","2.065756"
"380","240","582.686404","0.990023","0.057979","2.048741"
"390","240","573.899758","0.994105","0.058252","2.032793"
"400","240","565.374173","0.997932","0.058538","2.017824"
"410","240","557.098185","1.001523","0.058834","2.003755"
"420","240","549.060989","1.004893","0.059141","1.990511"
"430","240","541.2524","1.008058","0.059456","1.97803"
"440","240","533.662799","1.01103","0.059779","1.966252"
"450","240","526.283101","1.013824","0.06011","1.955124"
"460","240","519.104719","1.01645","0.060448","1.944598"
"470","240","512.119525","1.01892","0.060791","1.934631"
"-100","250","2289.185823","0.762541","0.528152","1.925986"
"-90","250","2164.196152","0.734751","0.468953","1.978099"
"-80","250","2052.14872","0.710547","0.418947","2.03221"
"-70","250","1951.132293","0.689491","0.376186","2.088588"
"-60","250","1859.594301","0.671237","0.339228","2.147505"
"-50","250","1776.260476","0.655512","0.306983","2.209233"
"-40","250","1700.075168","0.64211","0.278619","2.274044"
"-30","250","1630.156386","0.630873","0.25349","2.34219"
"-20","250","1565.761506","0.621691","0.231086","2.41389"
"-10","250","1506.260784","0.61449","0.211009","2.489298"
"0","250","1451.116695","0.609235","0.192938","2.568446"
"10","250","1399.867651","0.605924","0.176619","2.651179"
"20","250","1352.115045","0.60458","0.161849","2.737038"
"30","250","1307.512866","0.605256","0.148467","2.825124"
"40","250","1265.759302","0.608016","0.136347","2.913908"
"50","250","1226.589897","0.612934","0.125394","3.001038"
"60","250","1189.77195","0.620067","0.115533","3.083177"
"70","250","1155.099884","0.629436","0.10671","3.156019"
"80","250","1122.391407","0.640997","0.098879","3.214612"
"90","250","1091.484305","0.654609","0.091998","3.25413"
"100","250","1062.233754","0.670023","0.086021","3.270984"
"110","250","1034.510049","0.68689","0.08089","3.263864"
"120","250","1008.196681","0.704787","0.076536","3.234181"
"130","250","983.188702","0.72327","0.072878","3.185658"
"140","250","959.391324","0.741921","0.069831","3.123297"
"150","250","936.718717","0.760385","0.067307","3.052246"
"160","250","915.092982","0.778384","0.065227","2.976996"
"170","250","894.443248","0.795719","0.06352","2.901007"
"180","250","874.7049","0.812262","0.062123","2.826692"
"190","250","855.818904","0.827939","0.060985","2.755575"
"200","250","837.731217","0.842721","0.060063","2.688504"
"210","250","820.39227","0.856607","0.05932","2.625863"
"220","250","803.756515","0.869616","0.058728","2.567724"
"230","250","787.782024","0.881783","0.058263","2.513971"
"240","250","772.430138","0.893147","0.057905","2.464382"
"250","250","757.665154","0.903755","0.057639","2.418677"
"260","250","743.454047","0.913652","0.057451","2.376558"
"270","250","729.766225","0.922885","0.05733","2.337723"
"280","250","716.573308","0.9315","0.057267","2.301887"
"290","250","703.848931","0.939539","0.057254","2.268777"
"300","250","691.568569","0.947043","0.057285","2.238147"
"310","250","679.709381","0.954051","0.057355","2.209767"
"320","250","668.250064","0.960599","0.057458","2.183433"
"330","250","657.170729","0.966719","0.057592","2.158959"
"340","250","646.452785","0.972442","0.057751","2.136177"
"350","250","636.078834","0.977797","0.057934","2.114936"
"360","250","626.032576","0.982811","0.058137","2.095103"
"370","250","616.298726","0.987507","0.05836","2.076555"
"380","250","606.862934","0.991907","0.058598","2.059183"
"390","250","597.711717","0.996033","0.058852","2.042889"
"400","250","588.832393","0.999903","0.059119","2.027586"
"410","250","580.213021","1.003535","0.059398","2.013193"
"420","250","571.842351","1.006944","0.059688","1.999639"
"430","250","563.709771","1.010146","0.059988","1.986859"
"440","250","555.805266","1.013155","0.060297","1.974793"
"450","250","548.119374","1.015983","0.060614","1.963389"
"460","250","540.64315","1.018641","0.060938","1.952598"
"470","250","533.368129","1.021142","0.061269","1.942375"
"-100","260","2380.383632","0.791889","0.53152","1.920691"
"-90","260","2250.414555","0.762914","0.472133","1.971969"
"-80","260","2133.903318","0.737655","0.421978","2.025105"
"-70","260","2028.862544","0.715652","0.3791","2.080339"
"-60","260","1933.677813","0.696542","0.342051","2.137909"
"-50","260","1847.024091","0.680042","0.309738","2.198049"
"-40","260","1767.803671","0.665927","0.281324","2.260979"
"-30","260","1695.099428","0.65403","0.25616","2.326895"
"-20","260","1628.13915","0.644226","0.233738","2.395952"
"-10","260","1566.268006","0.636431","0.213655","2.46823"
"0","260","1508.927058","0.630594","0.195589","2.543689"
"10","260","1455.636326","0.626697","0.179285","2.622105"
"20","260","1405.981326","0.624747","0.164538","2.70298"
"30","260","1359.602262","0.624773","0.151184","2.785428"
"40","260","1316.185297","0.626818","0.139095","2.868035"
"50","260","1275.455441","0.630931","0.12817","2.948721"
"60","260","1237.170721","0.637145","0.118329","3.024647"
"70","260","1201.117371","0.645465","0.109512","3.092236"
"80","260","1167.105835","0.655842","0.101667","3.147444"
"90","260","1134.96744","0.668151","0.094747","3.186315"
"100","260","1104.55159","0.682177","0.088703","3.205788"
"110","260","1075.723413","0.697624","0.083478","3.204476"
"120","260","1048.36176","0.714131","0.079008","3.183085"
"130","260","1022.357499","0.731311","0.075219","3.144237"
"140","260","997.612068","0.748786","0.072031","3.091798"
"150","260","974.036218","0.766225","0.069366","3.030034"
"160","260","951.548946","0.783355","0.067149","2.962907"
"170","260","930.076556","0.79997","0.065312","2.893677"
"180","260","909.551861","0.815928","0.063795","2.824775"
"190","260","889.913475","0.831138","0.062546","2.757864"
"200","260","871.105201","0.845552","0.061522","2.693983"
"210","260","853.075496","0.859152","0.060688","2.633704"
"220","260","835.776996","0.871943","0.060013","2.577271"
"230","260","819.166105","0.883946","0.059474","2.524716"
"240","260","803.202623","0.89519","0.059048","2.475931"
"250","260","787.849423","0.905713","0.058721","2.430731"
"260","260","773.072167","0.915554","0.058477","2.38889"
"270","260","758.839042","0.924752","0.058306","2.350164"
"280","260","745.120538","0.933349","0.058197","2.314309"
"290","260","731.889241","0.941384","0.058142","2.281089"
"300","260","719.119647","0.948895","0.058135","2.250279"
"310","260","706.788006","0.955918","0.058169","2.221671"
"320","260","694.872167","0.962486","0.058239","2.195075"
"330","260","683.351448","0.968631","0.058342","2.170316"
"340","260","672.206517","0.974383","0.058473","2.147234"
"350","260","661.419282","0.979769","0.05863","2.125687"
"360","260","650.972796","0.984815","0.058809","2.105543"
"370","260","640.851163","0.989543","0.059009","2.086685"
"380","260","631.039464","0.993977","0.059226","2.069007"
"390","260","621.523676","0.998135","0.05946","2.052413"
"400","260","612.290612","1.002037","0.059708","2.036816"
"410","260","603.327857","1.005701","0.05997","2.022136"
"420","260","594.623712","1.009141","0.060243","2.008304"
"430","260","586.167142","1.012373","0.060527","1.995254"
"440","260","577.947733","1.01541","0.060821","1.982928"
"450","260","569.955647","1.018265","0.061123","1.971272"
"460","260","562.181581","1.02095","0.061434","1.960239"
"470","260","554.616734","1.023475","0.061752","1.949783"
"-100","270","2471.58144","0.821173","0.534875","1.9155"
"-90","270","2336.632958","0.791008","0.475298","1.965973"
"-80","270","2215.657915","0.76469","0.424993","2.018171"
"-70","270","2106.592795","0.741736","0.381996","2.07231"
"-60","270","2007.761324","0.721768","0.344854","2.128599"
"-50","270","1917.787705","0.704486","0.31247","2.187233"
"-40","270","1835.532174","0.689654","0.284003","2.248391"
"-30","270","1760.042469","0.677092","0.258803","2.312223"
"-20","270","1690.516794","0.666662","0.236358","2.378826"
"-10","270","1626.275228","0.658269","0.216264","2.448224"
"0","270","1566.73742","0.651849","0.198199","2.520318"
"10","270","1511.405002","0.647368","0.181904","2.594836"
"20","270","1459.847608","0.644818","0.167172","2.671256"
"30","270","1411.691659","0.644209","0.153839","2.748717"
"40","270","1366.611293","0.645565","0.141772","2.825912"
"50","270","1324.320985","0.648912","0.130867","2.900993"
"60","270","1284.569492","0.654266","0.12104","2.971513"
"70","270","1247.134857","0.661617","0.112224","3.034471"
"80","270","1211.820264","0.67091","0.104364","3.086518"
"90","270","1178.450575","0.682031","0.097407","3.124383"
"100","270","1146.869426","0.694793","0.091303","3.145464"
"110","270","1116.936777","0.708938","0.085996","3.148417"
"120","270","1088.526838","0.724154","0.081423","3.133515"
"130","270","1061.526296","0.740103","0.077516","3.102597"
"140","270","1035.832812","0.756447","0.074202","3.058639"
"150","270","1011.353719","0.772875","0.071407","3.005136"
"160","270","988.004909","0.789129","0.069062","2.945519"
"170","270","965.709864","0.805","0.067103","2.88277"
"180","270","944.398822","0.820338","0.06547","2.819246"
"190","270","924.008046","0.835039","0.064114","2.756663"
"200","270","904.479185","0.84904","0.062992","2.696181"
"210","270","885.758721","0.86231","0.062068","2.638515"
"220","270","867.797478","0.874839","0.061312","2.584053"
"230","270","850.550186","0.886636","0.060698","2.532953"
"240","270","833.975107","0.897722","0.060205","2.485214"
"250","270","818.033693","0.908124","0.059816","2.440742"
"260","270","802.690287","0.917874","0.059517","2.399381"
"270","270","787.911859","0.927008","0.059295","2.360944"
"280","270","773.667769","0.935559","0.059139","2.325231"
"290","270","759.92955","0.943565","0.059042","2.292041"
"300","270","746.670725","0.951059","0.058995","2.261178"
"310","270","733.866632","0.958075","0.058993","2.232454"
"320","270","721.49427","0.964644","0.05903","2.205694"
"330","270","709.532167","0.970797","0.059102","2.180737"
"340","270","697.960248","0.976561","0.059205","2.157435"
"350","270","686.759731","0.981962","0.059335","2.13565"
"360","270","675.913016","0.987026","0.05949","2.115258"
"370","270","665.403601","0.991774","0.059666","2.096146"
"380","270","655.215994","0.996229","0.059861","2.078212"
"390","270","645.335635","1.00041","0.060075","2.061362"
"400","270","635.748832","1.004334","0.060304","2.045511"
"410","270","626.442694","1.00802","0.060547","2.030581"
"420","270","617.405073","1.011482","0.060804","2.016504"
"430","270","608.624513","1.014736","0.061072","2.003214"
"440","270","600.0902","1.017794","0.06135","1.990655"
"450","270","591.791919","1.02067","0.061638","1.978773"
"460","270","583.720011","1.023375","0.061935","1.967519"
"470","270","575.865338","1.025919","0.06224","1.956851"
"-100","280","2562.779248","0.850393","0.538218","1.910411"
"-90","280","2422.851361","0.819036","0.47845","1.960106"
"-80","280","2297.412512","0.791654","0.427993","2.011402"
"-70","280","2184.323046","0.767746","0.384876","2.064493"
"-60","280","2081.844836","0.746915","0.347639","2.119558"
"-50","280","1988.551319","0.728847","0.315181","2.176764"
"-40","280","1903.260677","0.713294","0.286658","2.236252"
"-30","280","1824.98551","0.700062","0.261418","2.29813"
"-20","280","1752.894437","0.689004","0.238947","2.36245"
"-10","280","1686.28245","0.68001","0.218838","2.429189"
"0","280","1624.547782","0.673005","0.200768","2.498203"
"10","280","1567.173677","0.667942","0.184477","2.569186"
"20","280","1513.71389","0.664798","0.169755","2.641605"
"30","280","1463.781055","0.663566","0.156436","2.714629"
"40","280","1417.037288","0.664253","0.144385","2.78705"
"50","280","1373.186529","0.666868","0.133493","2.857216"
"60","280","1331.968263","0.67141","0.123674","2.923003"
"70","280","1293.152344","0.677857","0.114856","2.98186"
"80","280","1256.534693","0.68615","0.106979","3.030988"
"90","280","1221.93371","0.696181","0.099988","3.067656"
"100","280","1189.187262","0.707782","0.093829","3.089652"
"110","280","1158.150142","0.720728","0.088448","3.095729"
"120","280","1128.691916","0.734746","0.083783","3.0859"
"130","280","1100.695093","0.749536","0.079769","3.061458"
"140","280","1074.053556","0.764796","0.07634","3.024693"
"150","280","1048.67122","0.78024","0.073427","2.978449"
"160","280","1024.460872","0.795621","0.070963","2.925662"
"170","280","1001.343172","0.810737","0.068888","2.869004"
"180","280","979.245783","0.825432","0.067145","2.810696"
"190","280","958.102616","0.839593","0.065686","2.752442"
"200","280","937.853169","0.853146","0.064469","2.695465"
"210","280","918.441947","0.866047","0.063457","2.640581"
"220","280","899.81796","0.878277","0.06262","2.588286"
"230","280","881.934268","0.889832","0.061933","2.538846"
"240","280","864.747592","0.900725","0.061373","2.492357"
"250","280","848.217962","0.910973","0.060924","2.448804"
"260","280","832.308406","0.920602","0.060568","2.408101"
"270","280","816.984676","0.929641","0.060295","2.370115"
"280","280","802.214999","0.938121","0.060093","2.334692"
"290","280","787.96986","0.946073","0.059952","2.301665"
"300","280","774.221804","0.953529","0.059866","2.270866"
"310","280","760.945257","0.960517","0.059828","2.242131"
"320","280","748.116373","0.967069","0.059831","2.215302"
"330","280","735.712885","0.973211","0.059872","2.190233"
"340","280","723.71398","0.978971","0.059945","2.166784"
"350","280","712.100179","0.984374","0.060049","2.144829"
"360","280","700.853237","0.989442","0.060178","2.12425"
"370","280","689.956039","0.994198","0.06033","2.104939"
"380","280","679.392524","0.998663","0.060504","2.086798"
"390","280","669.147594","1.002855","0.060697","2.069735"
"400","280","659.207052","1.006792","0.060906","2.05367"
"410","280","649.55753","1.010491","0.061131","2.038527"
"420","280","640.186434","1.013967","0.06137","2.024237"
"430","280","631.081884","1.017235","0.061622","2.010738"
"440","280","622.232667","1.020308","0.061885","1.997973"
"450","280","613.628192","1.023197","0.062159","1.985889"
"460","280","605.258442","1.025915","0.062442","1.974439"
"470","280","597.113943","1.028473","0.062733","1.963578"
"-100","290","2653.977056","0.87955","0.541548","1.90542"
"-90","290","2509.069764","0.846998","0.481588","1.954363"
"-80","290","2379.16711","0.818549","0.430978","2.004792"
"-70","290","2262.053297","0.793683","0.387739","2.056876"
"-60","290","2155.928348","0.771985","0.350405","2.110775"
"-50","290","2059.314933","0.753128","0.317871","2.166624"
"-40","290","1970.98918","0.736849","0.289291","2.224534"
"-30","290","1889.928551","0.722944","0.264008","2.284577"
"-20","290","1815.272081","0.711253","0.241507","2.346769"
"-10","290","1746.289672","0.701655","0.22138","2.411047"
"0","290","1682.358145","0.694065","0.2033","2.477232"
"10","290","1622.942353","0.688422","0.187008","2.544997"
"20","290","1567.580172","0.684688","0.172291","2.613804"
"30","290","1515.870451","0.682845","0.158981","2.682858"
"40","290","1467.463284","0.682882","0.146939","2.751041"
"50","290","1422.052073","0.684793","0.136055","2.816869"
"60","290","1379.367034","0.688564","0.126239","2.878485"
"70","290","1339.16983","0.694162","0.117415","2.9337"
"80","290","1301.249122","0.701524","0.109519","2.980147"
"90","290","1265.416845","0.710547","0.102495","3.01553"
"100","290","1231.505098","0.721076","0.096286","3.037964"
"110","290","1199.363506","0.732913","0.090837","3.04632"
"120","290","1168.856994","0.745814","0.086089","3.040464"
"130","290","1139.86389","0.759515","0.081979","3.021303"
"140","290","1112.274301","0.773741","0.078445","2.990607"
"150","290","1085.988721","0.788232","0.075422","2.950689"
"160","290","1060.916835","0.802754","0.072848","2.904036"
"170","290","1036.97648","0.817113","0.070664","2.853015"
"180","290","1014.092745","0.83115","0.068817","2.799675"
"190","290","992.197187","0.844749","0.067259","2.745659"
"200","290","971.227153","0.857827","0.06595","2.692207"
"210","290","951.125173","0.87033","0.064853","2.640194"
"220","290","931.838441","0.882228","0.063937","2.590201"
"230","290","913.318349","0.89351","0.063177","2.542577"
"240","290","895.520077","0.904178","0.062552","2.497499"
"250","290","878.402231","0.914242","0.062041","2.455026"
"260","290","861.926526","0.923723","0.06163","2.415134"
"270","290","846.057493","0.932642","0.061305","2.377743"
"280","290","830.76223","0.941026","0.061056","2.342741"
"290","290","816.01017","0.948901","0.060872","2.309997"
"300","290","801.772882","0.956296","0.060746","2.279373"
"310","290","788.023883","0.963238","0.060671","2.250726"
"320","290","774.738476","0.969754","0.060641","2.223918"
"330","290","761.893604","0.97587","0.06065","2.198816"
"340","290","749.467711","0.981611","0.060694","2.175294"
"350","290","737.440628","0.987","0.06077","2.153234"
"360","290","725.793457","0.99206","0.060873","2.132526"
"370","290","714.508477","0.996812","0.061002","2.113068"
"380","290","703.569053","1.001275","0.061154","2.094767"
"390","290","692.959553","1.005469","0.061325","2.077537"
"400","290","682.665271","1.009409","0.061515","2.061297"
"410","290","672.672367","1.013113","0.061722","2.045976"
"420","290","662.967795","1.016594","0.061943","2.031506"
"430","290","653.539255","1.019868","0.062178","2.017827"
"440","290","644.375135","1.022948","0.062426","2.004883"
"450","290","635.464464","1.025845","0.062684","1.992622"
"460","290","626.796873","1.02857","0.062953","1.980997"
"470","290","618.362548","1.031135","0.063231","1.969966"
"-100","300","2745.174864","0.908645","0.544866","1.900523"
"-90","300","2595.288167","0.874896","0.484713","1.94874"
"-80","300","2460.921707","0.845377","0.433948","1.998332"
"-70","300","2339.783548","0.819549","0.390585","2.049452"
"-60","300","2230.011859","0.796981","0.353153","2.102236"
"-50","300","2130.078547","0.77733","0.320542","2.156795"
"-40","300","2038.717683","0.760322","0.291901","2.213213"
"-30","300","1954.871593","0.74574","0.266573","2.271531"
"-20","300","1877.649725","0.733413","0.244039","2.331734"
"-10","300","1806.296894","0.72321","0.22389","2.393727"
"0","300","1740.168507","0.715032","0.205798","2.457307"
"10","300","1678.711029","0.70881","0.189499","2.52213"
"20","300","1621.446453","0.704492","0.174783","2.587664"
"30","300","1567.959847","0.702046","0.161476","2.653148"
"40","300","1517.889279","0.701449","0.149439","2.717547"
"50","300","1470.917616","0.70268","0.138558","2.779525"
"60","300","1426.765804","0.705715","0.12874","2.837441"
"70","300","1385.187317","0.710511","0.119907","2.889407"
"80","300","1345.96355","0.717001","0.111992","2.9334"
"90","300","1308.89998","0.725084","0.104935","2.967476"
"100","300","1273.822934","0.734619","0.098679","2.990023"
"110","300","1240.57687","0.745424","0.093168","3.000031"
"120","300","1209.022072","0.757284","0.088343","2.99729"
"130","300","1179.032687","0.769958","0.084146","2.982437"
"140","300","1150.495045","0.783201","0.080516","2.95685"
"150","300","1123.306222","0.796773","0.077392","2.92241"
"160","300","1097.372799","0.810456","0.074714","2.881221"
"170","300","1072.609788","0.824063","0.072428","2.835355"
"180","300","1048.939706","0.837437","0.070482","2.786676"
"190","300","1026.291758","0.85046","0.068831","2.736738"
"200","300","1004.601137","0.863042","0.067432","2.68676"
"210","300","983.808399","0.875123","0.066252","2.637648"
"220","300","963.858923","0.886663","0.06526","2.590035"
"230","300","944.70243","0.897645","0.064429","2.544334"
"240","300","926.292561","0.90806","0.063738","2.500792"
"250","300","908.586501","0.917915","0.063167","2.459529"
"260","300","891.544646","0.927221","0.0627","2.420576"
"270","300","875.13031","0.935996","0.062325","2.383903"
"280","300","859.30946","0.944261","0.062028","2.349439"
"290","300","844.05048","0.952039","0.061801","2.317088"
"300","300","829.32396","0.959354","0.061636","2.286737"
"310","300","815.102508","0.966231","0.061523","2.258269"
"320","300","801.36058","0.972695","0.061458","2.231564"
"330","300","788.074323","0.978769","0.061436","2.206506"
"340","300","775.221443","0.984476","0.06145","2.182979"
"350","300","762.781076","0.989838","0.061498","2.160876"
"360","300","750.733677","0.994877","0.061576","2.140096"
"370","300","739.060915","0.999613","0.061681","2.120543"
"380","300","727.745583","1.004064","0.06181","2.102128"
"390","300","716.771511","1.008249","0.06196","2.084771"
"400","300","706.123491","1.012183","0.06213","2.068395"
"410","300","695.787203","1.015882","0.062318","2.052931"
"420","300","685.749156","1.019362","0.062521","2.038313"
"430","300","675.996626","1.022635","0.06274","2.024483"
"440","300","666.517602","1.025714","0.062971","2.011387"
"450","300","657.300737","1.028611","0.063215","1.998973"
"460","300","648.335304","1.031338","0.063469","1.987197"
"470","300","639.611152","1.033904","0.063734","1.976014"
"-90","310","2681.50657","0.90273","0.487825","1.943233"
"-80","310","2542.676305","0.872139","0.436905","1.992018"
"-70","310","2417.513799","0.845346","0.393417","2.042212"
"-60","310","2304.095371","0.821904","0.355885","2.093929"
"-50","310","2200.842161","0.801456","0.323194","2.14726"
"-40","310","2106.446186","0.783715","0.294491","2.202265"
"-30","310","2019.814634","0.768452","0.269115","2.258958"
"-20","310","1940.027368","0.755486","0.246545","2.317298"
"-10","310","1866.304117","0.744675","0.226371","2.377167"
"0","310","1797.97887","0.735911","0.208262","2.438341"
"10","310","1734.479704","0.729109","0.191954","2.500467"
"20","310","1675.312735","0.724211","0.177233","2.563022"
"30","310","1620.049244","0.721171","0.163925","2.62528"
"40","310","1568.315275","0.719953","0.151888","2.686285"
"50","310","1519.78316","0.720527","0.141006","2.744824"
"60","310","1474.164575","0.722855","0.131183","2.799444"
"70","310","1431.204803","0.726889","0.122339","2.848498"
"80","310","1390.677979","0.732557","0.114403","2.890249"
"90","310","1352.383115","0.73976","0.107314","2.923034"
"100","310","1316.14077","0.748365","0.101013","2.94547"
"110","310","1281.790234","0.758207","0.095443","2.956665"
"120","310","1249.187151","0.76909","0.090549","2.95637"
"130","310","1218.201484","0.780798","0.086271","2.945038"
"140","310","1188.715789","0.793106","0.082552","2.923748"
"150","310","1160.623723","0.805796","0.079334","2.894037"
"160","310","1133.828762","0.818663","0.076561","2.857682"
"170","310","1108.243097","0.831528","0.074179","2.816489"
"180","310","1083.786667","0.84424","0.07214","2.772136"
"190","310","1060.386329","0.856678","0.070398","2.726069"
"200","310","1037.97512","0.868751","0.068914","2.679463"
"210","310","1016.491624","0.88039","0.067654","2.633226"
"220","310","995.879404","0.891553","0.066586","2.588021"
"230","310","976.086511","0.902211","0.065686","2.544311"
"240","310","957.065046","0.912352","0.06493","2.502392"
"250","310","938.77077","0.921974","0.0643","2.462438"
"260","310","921.162765","0.931083","0.063778","2.42453"
"270","310","904.203127","0.939692","0.063352","2.388679"
"280","310","887.85669","0.947817","0.063009","2.354854"
"290","310","872.09079","0.955478","0.062739","2.32299"
"300","310","856.875038","0.962695","0.062532","2.293002"
"310","310","842.181134","0.96949","0.062383","2.264797"
"320","310","827.982683","0.975884","0.062284","2.238272"
"330","310","814.255041","0.981901","0.062229","2.213326"
"340","310","800.975175","0.98756","0.062214","2.189858"
"350","310","788.121525","0.992883","0.062234","2.167771"
"360","310","775.673898","0.99789","0.062286","2.146972"
"370","310","763.613353","1.002598","0.062366","2.127372"
"380","310","751.922113","1.007027","0.062472","2.108889"
"390","310","740.58347","1.011193","0.062601","2.091446"
"400","310","729.58171","1.015112","0.062751","2.074971"
"410","310","718.902039","1.018799","0.062919","2.059397"
"420","310","708.530518","1.022268","0.063105","2.044663"
"430","310","698.453997","1.025532","0.063306","2.03071"
"440","310","688.660069","1.028604","0.063522","2.017487"
"450","310","679.137009","1.031496","0.06375","2.004945"
"460","310","669.873734","1.034218","0.06399","1.993039"
"470","310","660.859757","1.036781","0.064241","1.981726"
"-90","320","2767.724973","0.930502","0.490925","1.937836"
"-80","320","2624.430902","0.898836","0.439847","1.985845"
"-70","320","2495.24405","0.871075","0.396233","2.035148"
"-60","320","2378.178882","0.846756","0.358599","2.085844"
"-50","320","2271.605775","0.825508","0.325827","2.138005"
"-40","320","2174.174689","0.80703","0.29706","2.191669"
"-30","320","2084.757675","0.791084","0.271633","2.246829"
"-20","320","2002.405012","0.777476","0.249026","2.303423"
"-10","320","1926.311339","0.766056","0.228823","2.36131"
"0","320","1855.789232","0.756702","0.210695","2.420256"
"10","320","1790.24838","0.749324","0.194374","2.479901"
"20","320","1729.179017","0.743849","0.179645","2.539735"
"30","320","1672.13864","0.740222","0.166332","2.599068"
"40","320","1618.74127","0.738396","0.154291","2.657011"
"50","320","1568.648704","0.73833","0.143404","2.712465"
"60","320","1521.563346","0.739978","0.133573","2.764132"
"70","320","1477.22229","0.743283","0.124714","2.810568"
"80","320","1435.392408","0.748172","0.116757","2.850269"
"90","320","1395.86625","0.754545","0.109635","2.881804"
"100","320","1358.458606","0.762278","0.103292","2.903981"
"110","320","1323.003598","0.771217","0.097668","2.916013"
"120","320","1289.352229","0.781182","0.092708","2.917644"
"130","320","1257.370281","0.791977","0.088356","2.909195"
"140","320","1226.936533","0.803397","0.084555","2.89152"
"150","320","1197.941224","0.81524","0.08125","2.865884"
"160","320","1170.284725","0.827315","0.078387","2.833788"
"170","320","1143.876405","0.839454","0.075915","2.796805"
"180","320","1118.633628","0.851509","0.073786","2.756431"
"190","320","1094.4809","0.86336","0.071959","2.713998"
"200","320","1071.349104","0.874914","0.070393","2.670623"
"210","320","1049.17485","0.8861","0.069055","2.627194"
"220","320","1027.899886","0.896867","0.067915","2.584389"
"230","320","1007.470593","0.907183","0.066946","2.542698"
"240","320","987.83753","0.917029","0.066127","2.502459"
"250","320","968.955039","0.926398","0.065438","2.463887"
"260","320","950.780885","0.935291","0.064863","2.427104"
"270","320","933.275944","0.943715","0.064386","2.39216"
"280","320","916.403921","0.951682","0.063996","2.359058"
"290","320","900.1311","0.959207","0.063683","2.327764"
"300","320","884.426117","0.966309","0.063437","2.298219"
"310","320","869.25976","0.973005","0.06325","2.270349"
"320","320","854.604786","0.979316","0.063116","2.244074"
"330","320","840.43576","0.985261","0.063029","2.219305"
"340","320","826.728906","0.99086","0.062984","2.195956"
"350","320","813.461973","0.996131","0.062976","2.17394"
"360","320","800.614118","1.001093","0.063002","2.153172"
"370","320","788.165791","1.005763","0.063058","2.133571"
"380","320","776.098643","1.01016","0.06314","2.115062"
"390","320","764.395429","1.014297","0.063248","2.097572"
"400","320","753.03993","1.018192","0.063377","2.081033"
"410","320","742.016876","1.021859","0.063526","2.065382"
"420","320","731.311879","1.02531","0.063694","2.05056"
"430","320","720.911368","1.028559","0.063878","2.036513"
"440","320","710.802536","1.031618","0.064077","2.023189"
"450","320","700.973282","1.034497","0.06429","2.010542"
"460","320","691.412165","1.037209","0.064515","1.998527"
"470","320","682.108361","1.039762","0.064752","1.987104"
"-90","330","2853.943376","0.958213","0.494013","1.932548"
"-80","330","2706.1855","0.925469","0.442777","1.979806"
"-70","330","2572.974301","0.896737","0.399035","2.028252"
"-60","330","2452.262394","0.871538","0.361298","2.077971"
"-50","330","2342.369389","0.849487","0.328443","2.129016"
"-40","330","2241.903192","0.83027","0.299609","2.181406"
"-30","330","2149.700717","0.813637","0.274131","2.235118"
"-20","330","2064.782656","0.799385","0.251483","2.29007"
"-10","330","1986.318561","0.787353","0.231249","2.346108"
"0","330","1913.599595","0.77741","0.213098","2.402984"
"10","330","1846.017055","0.769456","0.196761","2.460341"
"20","330","1783.045298","0.763407","0.182021","2.517681"
"30","330","1724.228036","0.7592","0.168699","2.57435"
"40","330","1669.167266","0.756777","0.156651","2.629521"
"50","330","1617.514248","0.756087","0.145756","2.682193"
"60","330","1568.962117","0.757077","0.135913","2.731203"
"70","330","1523.239776","0.759684","0.127038","2.775277"
"80","330","1480.106836","0.76383","0.119057","2.813101"
"90","330","1439.349385","0.769418","0.111905","2.843439"
"100","330","1400.776442","0.776327","0.105519","2.865259"
"110","330","1364.216963","0.784415","0.099844","2.877869"
"120","330","1329.517307","0.793514","0.094823","2.881017"
"130","330","1296.539078","0.803446","0.090401","2.874935"
"140","330","1265.157278","0.81402","0.086524","2.860307"
"150","330","1235.258724","0.825052","0.083137","2.838179"
"160","330","1206.740689","0.836363","0.08019","2.809827"
"170","330","1179.509713","0.847792","0.077633","2.776616"
"180","330","1153.48059","0.859198","0.075421","2.739879"
"190","330","1128.575471","0.870464","0.073512","2.700831"
"200","330","1104.723088","0.881495","0.071867","2.660519"
"210","330","1081.858076","0.892218","0.070455","2.619802"
"220","330","1059.920368","0.902577","0.069244","2.579354"
"230","330","1038.854674","0.912537","0.068209","2.539682"
"240","330","1018.610015","0.922072","0.067328","2.50115"
"250","330","999.139309","0.931171","0.066581","2.464007"
"260","330","980.399004","0.939829","0.065952","2.428408"
"270","330","962.34876","0.94805","0.065425","2.394438"
"280","330","944.951151","0.955842","0.064989","2.362129"
"290","330","928.171409","0.963216","0.064633","2.331474"
"300","330","911.977195","0.970187","0.064347","2.302439"
"310","330","896.338385","0.97677","0.064123","2.274972"
"320","330","881.226889","0.982983","0.063955","2.249008"
"330","330","866.616479","0.988844","0.063836","2.224475"
"340","330","852.482638","0.994369","0.06376","2.201299"
"350","330","838.802422","0.999576","0.063724","2.179403"
"360","330","825.554338","1.004483","0.063724","2.158713"
"370","330","812.718229","1.009105","0.063755","2.139156"
"380","330","800.275173","1.013459","0.063814","2.12066"
"390","330","788.207388","1.01756","0.0639","2.103159"
"400","330","776.498149","1.021423","0.064008","2.086591"
"410","330","765.131712","1.025061","0.064138","2.070894"
"420","330","754.09324","1.028487","0.064287","2.056014"
"430","330","743.36874","1.031713","0.064454","2.041899"
"440","330","732.945004","1.034752","0.064637","2.028498"
"450","330","722.809554","1.037614","0.064834","2.015768"
"460","330","712.950596","1.040309","0.065044","2.003666"
"470","330","703.356966","1.042847","0.065267","1.992152"
"-90","340","2940.161779","0.985865","0.497089","1.927362"
"-80","340","2787.940097","0.952039","0.445693","1.973896"
"-70","340","2650.704552","0.922334","0.401823","2.021519"
"-60","340","2526.345905","0.896253","0.363981","2.0703"
"-50","340","2413.133004","0.873395","0.331042","2.120279"
"-40","340","2309.631695","0.853436","0.30214","2.171459"
"-30","340","2214.643758","0.836114","0.276607","2.223801"
"-20","340","2127.160299","0.821216","0.253916","2.277208"
"-10","340","2046.325783","0.80857","0.23365","2.331513"
"0","340","1971.409957","0.798038","0.215473","2.386464"
"10","340","1901.785731","0.789507","0.199117","2.441704"
"20","340","1836.91158","0.782889","0.184362","2.496751"
"30","340","1776.317433","0.778106","0.171029","2.550985"
"40","340","1719.593261","0.775096","0.15897","2.603637"
"50","340","1666.379792","0.773797","0.148064","2.65379"
"60","340","1616.360888","0.774149","0.138208","2.700399"
"70","340","1569.257263","0.776083","0.129315","2.742332"
"80","340","1524.821265","0.779518","0.12131","2.778438"
"90","340","1482.83252","0.784359","0.114125","2.807639"
"100","340","1443.094278","0.790488","0.1077","2.82904"
"110","340","1405.430327","0.79777","0.101975","2.842031"
"120","340","1369.682385","0.806051","0.096897","2.846376"
"130","340","1335.707875","0.815163","0.09241","2.842243"
"140","340","1303.378022","0.824933","0.088461","2.830188"
"150","340","1272.576225","0.835187","0.084998","2.811084"
"160","340","1243.196652","0.84576","0.081972","2.786017"
"170","340","1215.143021","0.856498","0.079335","2.756177"
"180","340","1188.327551","0.867267","0.077043","2.722746"
"190","340","1162.670042","0.877953","0.075055","2.686829"
"200","340","1138.097072","0.88846","0.073336","2.6494"
"210","340","1114.541301","0.898713","0.071851","2.611276"
"220","340","1091.940849","0.908656","0.070572","2.573118"
"230","340","1070.238755","0.918247","0.069472","2.535437"
"240","340","1049.3825","0.927458","0.068531","2.498617"
"250","340","1029.323578","0.936272","0.067728","2.462928"
"260","340","1010.017124","0.944681","0.067045","2.428554"
"270","340","991.421577","0.952685","0.06647","2.395608"
"280","340","973.498382","0.960286","0.065988","2.364146"
"290","340","956.211719","0.967494","0.065589","2.334188"
"300","340","939.528273","0.97432","0.065263","2.305721"
"310","340","923.417011","0.980776","0.065002","2.278712"
"320","340","907.848992","0.986878","0.064799","2.253114"
"330","340","892.797198","0.992642","0.064648","2.228869"
"340","340","878.236369","0.998082","0.064542","2.205915"
"350","340","864.14287","1.003214","0.064478","2.184187"
"360","340","850.494559","1.008055","0.064451","2.163618"
"370","340","837.270667","1.012619","0.064457","2.144143"
"380","340","824.451703","1.016922","0.064493","2.125698"
"390","340","812.019347","1.020978","0.064557","2.108222"
"400","340","799.956369","1.0248","0.064645","2.091656"
"410","340","788.246549","1.028402","0.064755","2.075944"
"420","340","776.874601","1.031795","0.064886","2.061033"
"430","340","765.826111","1.034993","0.065035","2.046874"
"440","340","755.087471","1.038005","0.065201","2.033421"
"450","340","744.645827","1.040843","0.065382","2.02063"
"460","340","734.489026","1.043516","0.065578","2.008461"
"470","340","724.605571","1.046034","0.065786","1.996875"
"-90","350","3026.380181","1.013457","0.500153","1.922278"
"-80","350","2869.694694","0.978548","0.448597","1.968111"
"-70","350","2728.434803","0.947867","0.404597","2.01494"
"-60","350","2600.429417","0.920901","0.366649","2.062822"
"-50","350","2483.896618","0.897234","0.333624","2.111782"
"-40","350","2377.360198","0.87653","0.304653","2.161811"
"-30","350","2279.586799","0.858516","0.279064","2.212855"
"-20","350","2189.537943","0.842969","0.256328","2.264805"
"-10","350","2106.333005","0.829709","0.236026","2.317486"
"0","350","2029.220319","0.818586","0.217822","2.370641"
"10","350","1957.554407","0.809481","0.201444","2.423918"
"20","350","1890.777862","0.802295","0.186672","2.47685"
"30","350","1828.406829","0.796943","0.173324","2.528851"
"40","350","1770.019257","0.793354","0.161252","2.579204"
"50","350","1715.245336","0.791458","0.150332","2.627068"
"60","350","1663.759659","0.791189","0.14046","2.671499"
"70","350","1615.274749","0.792473","0.131547","2.711487"
"80","350","1569.535694","0.795227","0.123517","2.746016"
"90","350","1526.315655","0.799353","0.1163","2.774143"
"100","350","1485.412114","0.80474","0.109836","2.795087"
"110","350","1446.643691","0.811258","0.104064","2.808313"
"120","350","1409.847463","0.818761","0.098931","2.813603"
"130","350","1374.876672","0.827094","0.094382","2.81108"
"140","350","1341.598766","0.836096","0.090366","2.801202"
"150","350","1309.893726","0.845605","0.086832","2.784706"
"160","350","1279.652615","0.855465","0.083731","2.762522"
"170","350","1250.776329","0.865532","0.081018","2.735687"
"180","350","1223.174512","0.875678","0.07865","2.705252"
"190","350","1196.764612","0.885789","0.076589","2.672217"
"200","350","1171.471056","0.895774","0.074797","2.637482"
"210","350","1147.224527","0.905556","0.073242","2.601818"
"220","350","1123.961331","0.915076","0.071897","2.565864"
"230","350","1101.622837","0.92429","0.070735","2.53013"
"240","350","1080.154984","0.933166","0.069735","2.495005"
"250","350","1059.507847","0.941684","0.068876","2.460777"
"260","350","1039.635244","0.949831","0.068142","2.427651"
"270","350","1020.494394","0.957603","0.067518","2.395762"
"280","350","1002.045612","0.965001","0.06699","2.365189"
"290","350","984.252029","0.972029","0.066549","2.335974"
"300","350","967.079351","0.978697","0.066184","2.308123"
"310","350","950.495636","0.985014","0.065886","2.28162"
"320","350","934.471095","0.990994","0.065649","2.256435"
"330","350","918.977916","0.996648","0.065465","2.232524"
"340","350","903.990101","1.001992","0.065329","2.209837"
"350","350","889.483319","1.00704","0.065237","2.188318"
"360","350","875.434779","1.011805","0.065183","2.167909"
"370","350","861.823105","1.016302","0.065164","2.148554"
"380","350","848.628233","1.020545","0.065177","2.130195"
"390","350","835.831305","1.024547","0.065218","2.112776"
"400","350","823.414588","1.028321","0.065286","2.096242"
"410","350","811.361385","1.031879","0.065376","2.080542"
"420","350","799.655962","1.035233","0.065488","2.065627"
"430","350","788.283482","1.038395","0.06562","2.051449"
"440","350","777.229938","1.041375","0.065769","2.037966"
"450","350","766.482099","1.044184","0.065935","2.025135"
"460","350","756.027457","1.04683","0.066115","2.012918"
"470","350","745.854175","1.049323","0.06631","2.001278"
"-90","360","3112.598584","1.040991","0.503206","1.91729"
"-80","360","2951.449292","1.004998","0.451489","1.962447"
"-70","360","2806.165054","0.973338","0.407357","2.008511"
"-60","360","2674.512929","0.945484","0.369303","2.055529"
"-50","360","2554.660232","0.921005","0.33619","2.103514"
"-40","360","2445.088701","0.899554","0.307148","2.152446"
"-30","360","2344.529841","0.880846","0.281501","2.202258"
"-20","360","2251.915587","0.864649","0.258719","2.252833"
"-10","360","2166.340227","0.850772","0.238379","2.303988"
"0","360","2087.030682","0.839058","0.220145","2.355465"
"10","360","2013.323082","0.82938","0.203743","2.406917"
"20","360","1944.644144","0.821628","0.188951","2.457895"
"30","360","1880.496225","0.815712","0.175586","2.507842"
"40","360","1820.445252","0.811551","0.163498","2.55609"
"50","360","1764.11088","0.809071","0.152562","2.601866"
"60","360","1711.158429","0.808196","0.142672","2.644313"
"70","360","1661.292236","0.80885","0.133738","2.682526"
"80","360","1614.250122","0.810946","0.125682","2.715606"
"90","360","1569.79879","0.814388","0.118433","2.742723"
"100","360","1527.72995","0.819066","0.11193","2.763191"
"110","360","1487.857055","0.824855","0.106113","2.776541"
"120","360","1450.012542","0.831617","0.100928","2.782575"
"130","360","1414.045469","0.839209","0.096321","2.781386"
"140","360","1379.81951","0.847476","0.092241","2.773358"
"150","360","1347.211227","0.85627","0.088639","2.759114"
"160","360","1316.108578","0.865443","0.085468","2.739461"
"170","360","1286.409637","0.874859","0.082683","2.715303"
"180","360","1258.021474","0.884395","0.080244","2.687576"
"190","360","1230.859183","0.893942","0.078111","2.657184"
"200","360","1204.84504","0.903409","0.076249","2.624953"
"210","360","1179.907753","0.912719","0.074628","2.591609"
"220","360","1155.981812","0.921813","0.073219","2.557762"
"230","360","1133.006918","0.930643","0.071996","2.523912"
"240","360","1110.927469","0.939176","0.070938","2.49045"
"250","360","1089.692116","0.947387","0.070025","2.457674"
"260","360","1069.253363","0.955262","0.06924","2.425804"
"270","360","1049.567211","0.962791","0.068568","2.394992"
"280","360","1030.592842","0.969974","0.067996","2.365338"
"290","360","1012.292339","0.976811","0.067513","2.3369"
"300","360","994.63043","0.983309","0.067109","2.309703"
"310","360","977.574262","0.989476","0.066774","2.283747"
"320","360","961.093199","0.995321","0.066503","2.259016"
"330","360","945.158635","1.000857","0.066287","2.235479"
"340","360","929.743832","1.006095","0.066121","2.213096"
"350","360","914.823768","1.011047","0.066","2.191823"
"360","360","900.374999","1.015728","0.06592","2.171612"
"370","360","886.375543","1.020149","0.065876","2.15241"
"380","360","872.804763","1.024323","0.065865","2.134168"
"390","360","859.643264","1.028264","0.065885","2.116836"
"400","360","846.872808","1.031982","0.065931","2.100362"
"410","360","834.476222","1.03549","0.066002","2.084701"
"420","360","822.437323","1.038799","0.066095","2.069806"
"430","360","810.740853","1.041919","0.066209","2.055633"
"440","360","799.372405","1.04486","0.066342","2.04214"
"450","360","788.318372","1.047634","0.066491","2.029289"
"460","360","777.565888","1.050248","0.066657","2.017043"
"470","360","767.10278","1.052711","0.066836","2.005366"
"-90","370","3198.816987","1.068469","0.506248","1.912395"
"-80","370","3033.203889","1.031388","0.454369","1.956898"
"-70","370","2883.895305","0.998748","0.410105","2.002225"
"-60","370","2748.59644","0.970003","0.371943","2.048413"
"-50","370","2625.423846","0.94471","0.338741","2.095465"
"-40","370","2512.817204","0.92251","0.309626","2.14335"
"-30","370","2409.472882","0.903106","0.28392","2.191993"
"-20","370","2314.29323","0.886256","0.261089","2.241267"
"-10","370","2226.347449","0.871761","0.24071","2.290987"
"0","370","2144.841044","0.859457","0.222444","2.340892"
"10","370","2069.091758","0.849205","0.206015","2.390644"
"20","370","1998.510425","0.840891","0.191201","2.43981"
"30","370","1932.585622","0.834415","0.177817","2.487862"
"40","370","1870.871248","0.829689","0.165711","2.534177"
"50","370","1812.976423","0.826633","0.154757","2.578041"
"60","370","1758.5572","0.825167","0.144847","2.618676"
"70","370","1707.309722","0.825208","0.13589","2.655267"
"80","370","1658.964551","0.82667","0.127807","2.687012"
"90","370","1613.281925","0.829453","0.120527","2.713178"
"100","370","1570.047786","0.833451","0.113986","2.733164"
"110","370","1529.070419","0.838543","0.108125","2.746555"
"120","370","1490.17762","0.844599","0.10289","2.753174"
"130","370","1453.214266","0.85148","0.098227","2.753095"
"140","370","1418.040255","0.859046","0.094087","2.746641"
"150","370","1384.528728","0.867152","0.09042","2.734349"
"160","370","1352.564542","0.875663","0.087183","2.716918"
"170","370","1322.042945","0.884447","0.08433","2.695145"
"180","370","1292.868435","0.893388","0.081822","2.669862"
"190","370","1264.953754","0.902381","0.079621","2.641885"
"200","370","1238.219024","0.911335","0.077693","2.611974"
"210","370","1212.590978","0.920176","0.076008","2.580806"
"220","370","1188.002294","0.928841","0.074537","2.548962"
"230","370","1164.390999","0.937284","0.073255","2.516923"
"240","370","1141.699954","0.945468","0.072141","2.485079"
"250","370","1119.876386","0.953365","0.071175","2.453733"
"260","370","1098.871483","0.960958","0.07034","2.423114"
"270","370","1078.640028","0.968235","0.069621","2.393388"
"280","370","1059.140073","0.975192","0.069005","2.364671"
"290","370","1040.332649","0.981828","0.06848","2.337035"
"300","370","1022.181508","0.988146","0.068037","2.310521"
"310","370","1004.652887","0.994152","0.067666","2.285144"
"320","370","987.715302","0.999853","0.06736","2.2609"
"330","370","971.339354","1.00526","0.067113","2.237771"
"340","370","955.497564","1.010382","0.066917","2.215727"
"350","370","940.164216","1.015231","0.066768","2.194734"
"360","370","925.315219","1.019818","0.066661","2.17475"
"370","370","910.927981","1.024155","0.066592","2.155733"
"380","370","896.981293","1.028253","0.066558","2.137638"
"390","370","883.455223","1.032125","0.066555","2.12042"
"400","370","870.331028","1.035781","0.06658","2.104033"
"410","370","857.591058","1.039231","0.066631","2.088435"
"420","370","845.218685","1.042488","0.066706","2.073582"
"430","370","833.198224","1.04556","0.066802","2.059435"
"440","370","821.514872","1.048458","0.066918","2.045954"
"450","370","810.154645","1.051191","0.067051","2.033102"
"460","370","799.104319","1.053768","0.067201","2.020845"
"470","370","788.351384","1.056196","0.067367","2.009148"
"-90","380","3285.03539","1.095891","0.509279","1.907592"
"-80","380","3114.958487","1.05772","0.457237","1.951461"
"-70","380","2961.625556","1.024097","0.41284","1.996077"
"-60","380","2822.679952","0.99446","0.374568","2.041467"
"-50","380","2696.18746","0.968351","0.341277","2.087625"
"-40","380","2580.545708","0.945399","0.312088","2.134511"
"-30","380","2474.415923","0.925297","0.286321","2.182041"
"-20","380","2376.670874","0.907793","0.26344","2.230085"
"-10","380","2286.354671","0.892679","0.24302","2.27845"
"0","380","2202.651407","0.879783","0.224719","2.326882"
"10","380","2124.860433","0.868959","0.208263","2.375046"
"20","380","2052.376707","0.860084","0.193424","2.422528"
"30","380","1984.675018","0.853052","0.180019","2.468828"
"40","380","1921.297243","0.847768","0.167893","2.513361"
"50","380","1861.841967","0.844146","0.156919","2.555471"
"60","380","1805.955971","0.8421","0.146988","2.594444"
"70","380","1753.327209","0.841546","0.138007","2.629547"
"80","380","1703.67898","0.842391","0.129896","2.66006"
"90","380","1656.76506","0.84454","0.122583","2.685335"
"100","380","1612.365622","0.847884","0.116005","2.70484"
"110","380","1570.283784","0.852307","0.110102","2.718211"
"120","380","1530.342698","0.857686","0.104818","2.725288"
"130","380","1492.383063","0.863888","0.100102","2.726134"
"140","380","1456.260999","0.870779","0.095904","2.721025"
"150","380","1421.846229","0.878225","0.092177","2.710427"
"160","380","1389.020505","0.886096","0.088876","2.694952"
"170","380","1357.676253","0.894268","0.085958","2.675302"
"180","380","1327.715396","0.902629","0.083385","2.652223"
"190","380","1299.048325","0.911078","0.081119","2.626451"
"200","380","1271.593008","0.919527","0.079127","2.598683"
"210","380","1245.274204","0.927902","0.07738","2.569548"
"220","380","1220.022775","0.93614","0.075849","2.539595"
"230","380","1195.77508","0.944193","0.07451","2.509289"
"240","380","1172.472438","0.952023","0.073342","2.479009"
"250","380","1150.060655","0.9596","0.072324","2.44906"
"260","380","1128.489603","0.966904","0.07144","2.419677"
"270","380","1107.712845","0.973921","0.070675","2.391036"
"280","380","1087.687303","0.980644","0.070015","2.363263"
"290","380","1068.372959","0.987069","0.06945","2.336446"
"300","380","1049.732586","0.993198","0.068968","2.310637"
"310","380","1031.731513","0.999034","0.068562","2.285863"
"320","380","1014.337405","1.004582","0.068222","2.262134"
"330","380","997.520072","1.009851","0.067942","2.239441"
"340","380","981.251295","1.014849","0.067717","2.217765"
"350","380","965.504665","1.019586","0.067539","2.19708"
"360","380","950.25544","1.024071","0.067406","2.177353"
"370","380","935.480419","1.028316","0.067312","2.158547"
"380","380","921.157822","1.032331","0.067255","2.140625"
"390","380","907.267182","1.036127","0.067229","2.123546"
"400","380","893.789247","1.039713","0.067234","2.10727"
"410","380","880.705894","1.043101","0.067265","2.091757"
"420","380","868.000046","1.046299","0.06732","2.076969"
"430","380","855.655595","1.049318","0.067399","2.062868"
"440","380","843.65734","1.052167","0.067497","2.049418"
"450","380","831.990917","1.054854","0.067615","2.036583"
"460","380","820.642749","1.057388","0.067749","2.024331"
"470","380","809.599989","1.059778","0.0679","2.01263"
"-90","390","3371.253793","1.123257","0.5123","1.902876"
"-80","390","3196.713084","1.083995","0.460094","1.946133"
"-70","390","3039.355807","1.049387","0.415563","1.990062"
"-60","390","2896.763463","1.018855","0.37718","2.034683"
"-50","390","2766.951074","0.991929","0.343798","2.079984"
"-40","390","2648.274211","0.968222","0.314534","2.125915"
"-30","390","2539.358964","0.94742","0.288704","2.172387"
"-20","390","2439.048517","0.929261","0.265772","2.219263"
"-10","390","2346.361893","0.913528","0.245309","2.266351"
"0","390","2260.461769","0.900039","0.226973","2.313397"
"10","390","2180.629109","0.888643","0.210486","2.360076"
"20","390","2106.242989","0.879209","0.195621","2.40599"
"30","390","2036.764414","0.871625","0.182192","2.450665"
"40","390","1971.723239","0.865789","0.170045","2.493554"
"50","390","1910.707511","0.861609","0.159049","2.534047"
"60","390","1853.354742","0.858995","0.149095","2.571493"
"70","390","1799.344695","0.857859","0.140089","2.605226"
"80","390","1748.393408","0.858106","0.13195","2.634601"
"90","390","1700.248196","0.85964","0.124605","2.65904"
"100","390","1654.683458","0.862353","0.11799","2.678071"
"110","390","1611.497148","0.866134","0.112045","2.691375"
"120","390","1570.507776","0.870862","0.106715","2.69881"
"130","390","1531.55186","0.876412","0.101948","2.700429"
"140","390","1494.481743","0.882655","0.097695","2.696473"
"150","390","1459.16373","0.889465","0.09391","2.68735"
"160","390","1425.476468","0.896718","0.090548","2.673598"
"170","390","1393.309562","0.904297","0.087568","2.655843"
"180","390","1362.562357","0.912094","0.084932","2.63475"
"190","390","1333.142896","0.92001","0.082604","2.610988"
"200","390","1304.966992","0.927962","0.080552","2.585194"
"210","390","1277.95743","0.935874","0.078744","2.557953"
"220","390","1252.043257","0.943687","0.077156","2.529781"
"230","390","1227.159162","0.95135","0.075761","2.501122"
"240","390","1203.244923","0.958823","0.07454","2.472346"
"250","390","1180.244924","0.966075","0.073471","2.443753"
"260","390","1158.107722","0.973085","0.07254","2.415582"
"270","390","1136.785662","0.979835","0.071729","2.388015"
"280","390","1116.234533","0.986316","0.071027","2.361188"
"290","390","1096.413269","0.992524","0.070421","2.335197"
"300","390","1077.283664","0.998455","0.069902","2.310106"
"310","390","1058.810138","1.004113","0.06946","2.285955"
"320","390","1040.959508","1.0095","0.069086","2.262761"
"330","390","1023.700791","1.014623","0.068775","2.240528"
"340","390","1007.005027","1.019488","0.068519","2.219244"
"350","390","990.845113","1.024105","0.068314","2.198892"
"360","390","975.19566","1.028482","0.068155","2.179446"
"370","390","960.032857","1.032628","0.068036","2.160876"
"380","390","945.334352","1.036552","0.067955","2.14315"
"390","390","931.079141","1.040265","0.067907","2.126233"
"400","390","917.247467","1.043776","0.06789","2.110089"
"410","390","903.820731","1.047094","0.067901","2.094683"
"420","390","890.781407","1.050229","0.067938","2.07998"
"430","390","878.112966","1.053189","0.067999","2.065944"
"440","390","865.799807","1.055983","0.06808","2.052541"
"450","390","853.82719","1.05862","0.068182","2.03974"
"460","390","842.18118","1.061108","0.068301","2.027509"
"470","390","830.848593","1.063453","0.068437","2.015819"
"-90","400","3457.472196","1.15057","0.515311","1.898246"
"-80","400","3278.467682","1.110214","0.46294","1.940908"
"-70","400","3117.086058","1.07462","0.418273","1.984174"
"-60","400","2970.846975","1.043191","0.37978","2.028056"
"-50","400","2837.714688","1.015444","0.346305","2.072533"
"-40","400","2716.002714","0.990982","0.316964","2.117551"
"-30","400","2604.302006","0.969479","0.291071","2.163014"
"-20","400","2501.426161","0.950662","0.268086","2.208783"
"-10","400","2406.369115","0.934308","0.247578","2.254663"
"0","400","2318.272131","0.920228","0.229205","2.300405"
"10","400","2236.397785","0.90826","0.212686","2.345692"
"20","400","2160.109271","0.89827","0.197794","2.390143"
"30","400","2088.853811","0.890136","0.18434","2.433307"
"40","400","2022.149234","0.883753","0.172169","2.474672"
"50","400","1959.573055","0.879023","0.161149","2.513673"
"60","400","1900.753513","0.875851","0.151171","2.549711"
"70","400","1845.362182","0.874145","0.14214","2.582181"
"80","400","1793.107837","0.87381","0.133972","2.610502"
"90","400","1743.731331","0.874747","0.126595","2.634156"
"100","400","1697.001294","0.876851","0.119943","2.652726"
"110","400","1652.710512","0.880012","0.113957","2.665929"
"120","400","1610.672854","0.884114","0.108582","2.67364"
"130","400","1570.720657","0.889036","0.103766","2.675907"
"140","400","1532.702487","0.894656","0.09946","2.672942"
"150","400","1496.481231","0.900852","0.095619","2.665107"
"160","400","1461.932431","0.907508","0.092199","2.652878"
"170","400","1428.94287","0.914511","0.08916","2.636813"
"180","400","1397.409319","0.921758","0.086464","2.617511"
"190","400","1367.237467","0.929154","0.084077","2.59558"
"200","400","1338.340976","0.936617","0.081965","2.571602"
"210","400","1310.640655","0.944073","0.0801","2.546121"
"220","400","1284.063739","0.951464","0.078456","2.519621"
"230","400","1258.543243","0.958737","0.077008","2.492523"
"240","400","1234.017408","0.965851","0.075734","2.465185"
"250","400","1210.429194","0.972776","0.074617","2.437903"
"260","400","1187.725842","0.979486","0.073638","2.410913"
"270","400","1165.858479","0.985964","0.072784","2.384402"
"280","400","1144.781764","0.992198","0.072039","2.358513"
"290","400","1124.453578","0.99818","0.071394","2.33335"
"300","400","1104.834743","1.003908","0.070837","2.308986"
"310","400","1085.888764","1.009379","0.07036","2.285469"
"320","400","1067.581611","1.014598","0.069953","2.262828"
"330","400","1049.88151","1.019568","0.06961","2.241071"
"340","400","1032.758758","1.024294","0.069325","2.2202"
"350","400","1016.185562","1.028784","0.069092","2.200201"
"360","400","1000.13588","1.033045","0.068906","2.181057"
"370","400","984.585295","1.037085","0.068763","2.162745"
"380","400","969.510882","1.040912","0.068658","2.145236"
"390","400","954.8911","1.044537","0.068588","2.128501"
"400","400","940.705686","1.047966","0.06855","2.11251"
"410","400","926.935567","1.051209","0.068542","2.097229"
"420","400","913.562768","1.054274","0.068559","2.082628"
"430","400","900.570337","1.057171","0.068602","2.068674"
"440","400","887.942274","1.059906","0.068666","2.055336"
"450","400","875.663462","1.062487","0.068751","2.042585"
"460","400","863.719611","1.064924","0.068855","2.03039"
"470","400","852.097198","1.067221","0.068976","2.018724"
"-90","410","3543.690599","1.177829","0.518311","1.893697"
"-80","410","3360.222279","1.136378","0.465775","1.935785"
"-70","410","3194.816309","1.099796","0.420972","1.97841"
"-60","410","3044.930486","1.067469","0.382367","2.021579"
"-50","410","2908.478302","1.0389","0.348798","2.065265"
"-40","410","2783.731217","1.01368","0.31938","2.109409"
"-30","410","2669.245047","0.991473","0.293422","2.15391"
"-20","410","2563.803805","0.971998","0.270382","2.198626"
"-10","410","2466.376337","0.955023","0.249829","2.243363"
"0","410","2376.082494","0.94035","0.231417","2.287875"
"10","410","2292.16646","0.927812","0.214864","2.331856"
"20","410","2213.975552","0.917266","0.199943","2.374938"
"30","410","2140.943207","0.908586","0.186462","2.416695"
"40","410","2072.57523","0.901661","0.174266","2.456645"
"50","410","2008.438599","0.896387","0.163222","2.494264"
"60","410","1948.152283","0.892666","0.153219","2.529001"
"70","410","1891.379668","0.890403","0.14416","2.560303"
"80","410","1837.822266","0.889499","0.135963","2.587646"
"90","410","1787.214466","0.889857","0.128553","2.610564"
"100","410","1739.31913","0.891371","0.121865","2.628687"
"110","410","1693.923876","0.893933","0.115839","2.641764"
"120","410","1650.837933","0.897429","0.11042","2.649686"
"130","410","1609.889454","0.901746","0.105557","2.652498"
"140","410","1570.923232","0.906764","0.1012","2.650388"
"150","410","1533.798731","0.912368","0.097305","2.643679"
"160","410","1498.388395","0.918446","0.09383","2.632798"
"170","410","1464.576178","0.924891","0.090734","2.618244"
"180","410","1432.25628","0.931602","0.087981","2.60056"
"190","410","1401.332038","0.93849","0.085536","2.580295"
"200","410","1371.71496","0.945472","0.083368","2.557988"
"210","410","1343.323881","0.952479","0.081447","2.534139"
"220","410","1316.08422","0.959451","0.079749","2.509203"
"230","410","1289.927324","0.966335","0.078248","2.48358"
"240","410","1264.789892","0.973092","0.076925","2.457613"
"250","410","1240.613463","0.979687","0.07576","2.43159"
"260","410","1217.343962","0.986095","0.074735","2.405746"
"270","410","1194.931296","0.992297","0.073837","2.380268"
"280","410","1173.328994","0.998278","0.073052","2.355304"
"290","410","1152.493888","1.004029","0.072368","2.330964"
"300","410","1132.385821","1.009546","0.071774","2.307329"
"310","410","1112.967389","1.014826","0.071261","2.284454"
"320","410","1094.203714","1.019869","0.070822","2.262375"
"330","410","1076.062229","1.024679","0.070448","2.241111"
"340","410","1058.51249","1.029259","0.070134","2.220667"
"350","410","1041.52601","1.033616","0.069873","2.201039"
"360","410","1025.076101","1.037754","0.069661","2.182215"
"370","410","1009.137733","1.041682","0.069492","2.164177"
"380","410","993.687412","1.045407","0.069364","2.146904"
"390","410","978.703058","1.048937","0.069272","2.130369"
"400","410","964.163906","1.052279","0.069213","2.114548"
"410","410","950.050404","1.055442","0.069185","2.09941"
"420","410","936.344129","1.058433","0.069184","2.084927"
"430","410","923.027708","1.06126","0.069208","2.071071"
"440","410","910.084741","1.063931","0.069255","2.057814"
"450","410","897.499735","1.066453","0.069324","2.045126"
"460","410","885.258042","1.068834","0.069413","2.032982"
"470","410","873.345803","1.07108","0.069519","2.021354"
"-90","420","3629.909002","1.205035","0.521302","1.889229"
"-80","420","3441.976876","1.162488","0.468599","1.930758"
"-70","420","3272.54656","1.124915","0.42366","1.972764"
"-60","420","3119.013998","1.091688","0.384941","2.015246"
"-50","420","2979.241917","1.062295","0.351279","2.058172"
"-40","420","2851.45972","1.036317","0.321782","2.101478"
"-30","420","2734.188088","1.013405","0.295758","2.145061"
"-20","420","2626.181448","0.993271","0.272662","2.188775"
"-10","420","2526.383559","0.975673","0.252062","2.232428"
"0","420","2433.892856","0.960407","0.233609","2.275779"
"10","420","2347.935136","0.947299","0.217022","2.318531"
"20","420","2267.841834","0.936199","0.202069","2.360331"
"30","420","2193.032603","0.926977","0.188561","2.400775"
"40","420","2123.001225","0.919514","0.176338","2.439409"
"50","420","2057.304143","0.913702","0.165268","2.475745"
"60","420","1995.551054","0.909441","0.155238","2.509276"
"70","420","1937.397155","0.90663","0.146152","2.539496"
"80","420","1882.536695","0.905172","0.137925","2.565929"
"90","420","1830.697601","0.904964","0.130483","2.588157"
"100","420","1781.636966","0.905905","0.123759","2.605849"
"110","420","1735.13724","0.907886","0.117694","2.618782"
"120","420","1691.003011","0.910798","0.112232","2.626863"
"130","420","1649.05825","0.914529","0.107322","2.630133"
"140","420","1609.143976","0.918966","0.102916","2.628763"
"150","420","1571.116232","0.923998","0.09897","2.623044"
"160","420","1534.844358","0.929516","0.095441","2.613358"
"170","420","1500.209486","0.935418","0.092291","2.600158"
"180","420","1467.103241","0.941608","0.089483","2.583934"
"190","420","1435.426608","0.947998","0.086983","2.565188"
"200","420","1405.088944","0.95451","0.08476","2.544414"
"210","420","1376.007107","0.961075","0.082786","2.522078"
"220","420","1348.104702","0.967631","0.081035","2.498604"
"230","420","1321.311406","0.97413","0.079484","2.47437"
"240","420","1295.562377","0.980529","0.078111","2.449706"
"250","420","1270.797732","0.986794","0.076899","2.424889"
"260","420","1246.962081","0.992898","0.07583","2.40015"
"270","420","1224.004112","0.998819","0.07489","2.375678"
"280","420","1201.876225","1.004543","0.074064","2.351622"
"290","420","1180.534198","1.010059","0.073341","2.328096"
"300","420","1159.936899","1.01536","0.072711","2.305186"
"310","420","1140.046015","1.020443","0.072164","2.282956"
"320","420","1120.825818","1.025305","0.071692","2.261446"
"330","420","1102.242947","1.02995","0.071288","2.240683"
"340","420","1084.266221","1.034378","0.070944","2.220678"
"350","420","1066.866459","1.038595","0.070656","2.201435"
"360","420","1050.016321","1.042606","0.070417","2.182945"
"370","420","1033.690171","1.046416","0.070225","2.165198"
"380","420","1017.863942","1.050033","0.070073","2.148176"
"390","420","1002.515017","1.053462","0.069959","2.131858"
"400","420","987.622125","1.056712","0.069879","2.116221"
"410","420","973.16524","1.059789","0.06983","2.101242"
"420","420","959.12549","1.062701","0.069811","2.086893"
"430","420","945.48508","1.065455","0.069817","2.07315"
"440","420","932.227208","1.068058","0.069847","2.059986"
"450","420","919.336007","1.070516","0.0699","2.047376"
"460","420","906.796472","1.072837","0.069973","2.035295"
"470","420","894.594407","1.075027","0.070064","2.023717"
"-90","430","3716.127405","1.23219","0.524283","1.884838"
"-80","430","3523.731474","1.188545","0.471413","1.925827"
"-70","430","3350.276811","1.14998","0.426336","1.967233"
"-60","430","3193.09751","1.115852","0.387503","2.009051"
"-50","430","3050.005531","1.085633","0.353746","2.051247"
"-40","430","2919.188223","1.058894","0.324169","2.093749"
"-30","430","2799.13113","1.035276","0.298078","2.136454"
"-20","430","2688.559092","1.014481","0.274926","2.179214"
"-10","430","2586.390782","0.99626","0.254277","2.22184"
"0","430","2491.703219","0.980401","0.235783","2.264093"
"10","430","2403.703811","0.966724","0.219159","2.305687"
"20","430","2321.708116","0.955072","0.204174","2.346283"
"30","430","2245.122","0.945309","0.190636","2.385498"
"40","430","2173.427221","0.937312","0.178386","2.422905"
"50","430","2106.169686","0.930969","0.167289","2.458048"
"60","430","2042.949825","0.926175","0.157232","2.490459"
"70","430","1983.414641","0.922827","0.148117","2.519674"
"80","430","1927.251123","0.920824","0.13986","2.54526"
"90","430","1874.180736","0.920066","0.132384","2.56684"
"100","430","1823.954801","0.920448","0.125625","2.584117"
"110","430","1776.350605","0.921866","0.119521","2.596894"
"120","430","1731.168089","0.924212","0.114018","2.605091"
"130","430","1688.227047","0.927376","0.109063","2.608747"
"140","430","1647.36472","0.93125","0.10461","2.608021"
"150","430","1608.433733","0.935727","0.100614","2.603173"
"160","430","1571.300321","0.940702","0.097034","2.594551"
"170","430","1535.842794","0.946077","0.093831","2.582565"
"180","430","1501.950202","0.951759","0.090969","2.567661"
"190","430","1469.521179","0.957664","0.088416","2.5503"
"200","430","1438.462928","0.963714","0.08614","2.530935"
"210","430","1408.690333","0.969843","0.084115","2.509999"
"220","430","1380.125183","0.97599","0.082313","2.487888"
"230","430","1352.695487","0.982107","0.080713","2.464961"
"240","430","1326.334861","0.988149","0.079293","2.441531"
"250","430","1300.982002","0.994084","0.078035","2.417865"
"260","430","1276.580201","0.999882","0.076923","2.394191"
"270","430","1253.076929","1.005521","0.07594","2.370694"
"280","430","1230.423455","1.010985","0.075075","2.347523"
"290","430","1208.574508","1.016262","0.074315","2.324797"
"300","430","1187.487977","1.021343","0.073649","2.302606"
"310","430","1167.124641","1.026223","0.073068","2.281019"
"320","430","1147.447921","1.030899","0.072564","2.260081"
"330","430","1128.423666","1.035373","0.072129","2.239825"
"340","430","1110.019953","1.039644","0.071756","2.220269"
"350","430","1092.206907","1.043716","0.071441","2.20142"
"360","430","1074.956541","1.047593","0.071176","2.183277"
"370","430","1058.242609","1.051281","0.070959","2.165833"
"380","430","1042.040472","1.054784","0.070784","2.149075"
"390","430","1026.326976","1.058109","0.070648","2.132987"
"400","430","1011.080345","1.061261","0.070547","2.117549"
"410","430","996.280076","1.064248","0.070479","2.102741"
"420","430","981.906852","1.067077","0.07044","2.08854"
"430","430","967.942451","1.069752","0.070428","2.074922"
"440","430","954.369676","1.072282","0.070442","2.061865"
"450","430","941.17228","1.074673","0.070478","2.049345"
"460","430","928.334903","1.07693","0.070535","2.037338"
"470","430","915.843012","1.07906","0.070612","2.025823"
"-90","440","3802.345808","1.259294","0.527255","1.880523"
"-80","440","3605.486071","1.21455","0.474217","1.920986"
"-70","440","3428.007062","1.174992","0.429002","1.961812"
"-60","440","3267.181021","1.139959","0.390054","2.00299"
"-50","440","3120.769145","1.108914","0.356201","2.044482"
"-40","440","2986.916726","1.081412","0.326543","2.086214"
"-30","440","2864.074171","1.057087","0.300384","2.128079"
"-20","440","2750.936736","1.035631","0.277174","2.169929"
"-10","440","2646.398004","1.016786","0.256476","2.211578"
"0","440","2549.513581","1.000334","0.237938","2.252792"
"10","440","2459.472487","0.986088","0.221277","2.293293"
"20","440","2375.574398","0.973885","0.206259","2.332758"
"30","440","2297.211396","0.963584","0.19269","2.370821"
"40","440","2223.853216","0.955058","0.180411","2.407081"
"50","440","2155.03523","0.948188","0.169286","2.441113"
"60","440","2090.348596","0.942868","0.159201","2.472481"
"70","440","2029.432128","0.938991","0.150057","2.500761"
"80","440","1971.965552","0.936455","0.141768","2.525556"
"90","440","1917.663871","0.935158","0.13426","2.546527"
"100","440","1866.272637","0.934996","0.127466","2.563406"
"110","440","1817.563969","0.935866","0.121324","2.576019"
"120","440","1771.333167","0.937661","0.115779","2.584298"
"130","440","1727.395844","0.940276","0.110781","2.588281"
"140","440","1685.585465","0.943605","0.106282","2.588114"
"150","440","1645.751234","0.947543","0.102238","2.584036"
"160","440","1607.756285","0.951991","0.098608","2.576363"
"170","440","1571.476102","0.956854","0.095354","2.565469"
"180","440","1536.797164","0.962041","0.092441","2.551761"
"190","440","1503.61575","0.967471","0.089837","2.535663"
"200","440","1471.836911","0.973069","0.08751","2.517593"
"210","440","1441.373558","0.978769","0.085434","2.497952"
"220","440","1412.145665","0.984513","0.083584","2.477112"
"230","440","1384.079568","0.99025","0.081936","2.455412"
"240","440","1357.107346","0.995939","0.08047","2.433148"
"250","440","1331.166271","1.001544","0.079168","2.410579"
"260","440","1306.198321","1.007035","0.078012","2.387925"
"270","440","1282.149746","1.012391","0.076989","2.365368"
"280","440","1258.970685","1.017592","0.076085","2.343059"
"290","440","1236.614818","1.022627","0.075287","2.321116"
"300","440","1215.039056","1.027484","0.074586","2.299634"
"310","440","1194.203266","1.032157","0.073972","2.278684"
"320","440","1174.070024","1.036644","0.073436","2.258318"
"330","440","1154.604385","1.040941","0.072971","2.238572"
"340","440","1135.773685","1.045051","0.07257","2.219469"
"350","440","1117.547356","1.048973","0.072227","2.201022"
"360","440","1099.896762","1.052713","0.071937","2.183235"
"370","440","1082.795047","1.056272","0.071696","2.166105"
"380","440","1066.217002","1.059657","0.071498","2.149622"
"390","440","1050.138935","1.062872","0.071339","2.133776"
"400","440","1034.538564","1.065923","0.071218","2.118549"
"410","440","1019.394913","1.068815","0.07113","2.103924"
"420","440","1004.688213","1.071556","0.071072","2.089882"
"430","440","990.399822","1.074149","0.071042","2.076402"
"440","440","976.512143","1.076602","0.071038","2.063464"
"450","440","963.008552","1.078921","0.071058","2.051044"
"460","440","949.873334","1.081111","0.0711","2.039123"
"470","440","937.091616","1.083178","0.071162","2.02768"
"-90","450","3888.564211","1.286348","0.530218","1.87628"
"-80","450","3687.240669","1.240503","0.477011","1.916233"
"-70","450","3505.737313","1.19995","0.431657","1.956497"
"-60","450","3341.264533","1.164013","0.392594","1.997058"
"-50","450","3191.532759","1.132139","0.358643","2.037872"
"-40","450","3054.645229","1.103874","0.328904","2.078864"
"-30","450","2929.017212","1.07884","0.302676","2.119924"
"-20","450","2813.314379","1.056721","0.279407","2.160907"
"-10","450","2706.405226","1.037252","0.258658","2.201626"
"0","450","2607.323943","1.020206","0.240077","2.241855"
"10","450","2515.241162","1.005392","0.223377","2.281324"
"20","450","2429.440679","0.99264","0.208324","2.319724"
"30","450","2349.300792","0.981804","0.194723","2.356706"
"40","450","2274.279212","0.972751","0.182414","2.391892"
"50","450","2203.900774","0.96536","0.17126","2.424885"
"60","450","2137.747367","0.959519","0.161146","2.455281"
"70","450","2075.449614","0.955122","0.151972","2.482688"
"80","450","2016.679981","0.952062","0.143653","2.506745"
"90","450","1961.147006","0.950238","0.136112","2.527142"
"100","450","1908.590473","0.949545","0.129282","2.54364"
"110","450","1858.777333","0.949881","0.123102","2.556085"
"120","450","1811.498245","0.951141","0.117517","2.564418"
"130","450","1766.564641","0.953222","0.112476","2.568678"
"140","450","1723.806209","0.95602","0.107932","2.568999"
"150","450","1683.068735","0.959436","0.103842","2.565603"
"160","450","1644.212248","0.963372","0.100164","2.558778"
"170","450","1607.10941","0.967735","0.096861","2.548867"
"180","450","1571.644125","0.97244","0.093899","2.536245"
"190","450","1537.710321","0.977406","0.091245","2.5213"
"200","450","1505.210895","0.982561","0.088869","2.504419"
"210","450","1474.056784","0.98784","0.086744","2.485977"
"220","450","1444.166147","0.993186","0.084846","2.466322"
"230","450","1415.463649","0.998548","0.083152","2.445771"
"240","450","1387.879831","1.003886","0.081641","2.424609"
"250","450","1361.35054","1.009162","0.080295","2.403082"
"260","450","1335.81644","1.014347","0.079099","2.381404"
"270","450","1311.222563","1.019418","0.078035","2.359753"
"280","450","1287.517916","1.024356","0.077093","2.338278"
"290","450","1264.655128","1.029145","0.076259","2.3171"
"300","450","1242.590134","1.033775","0.075523","2.296313"
"310","450","1221.281892","1.038239","0.074876","2.275992"
"320","450","1200.692127","1.042531","0.074309","2.256193"
"330","450","1180.785103","1.046649","0.073814","2.236957"
"340","450","1161.527416","1.050592","0.073385","2.218311"
"350","450","1142.887804","1.054361","0.073015","2.200271"
"360","450","1124.836982","1.057958","0.0727","2.182847"
"370","450","1107.347485","1.061385","0.072434","2.166038"
"380","450","1090.393532","1.064647","0.072213","2.14984"
"390","450","1073.950894","1.067749","0.072033","2.134244"
"400","450","1057.996784","1.070693","0.07189","2.119239"
"410","450","1042.509749","1.073487","0.071782","2.104808"
"420","450","1027.469574","1.076135","0.071706","2.090935"
"430","450","1012.857193","1.078643","0.071658","2.077603"
"440","450","998.65461","1.081016","0.071638","2.064793"
"450","450","984.844825","1.083259","0.071641","2.052485"
"460","450","971.411765","1.085378","0.071667","2.040659"
"470","450","958.340221","1.087379","0.071714","2.029298"
"-90","460","3974.782613","1.313353","0.533171","1.872108"
"-80","460","3768.995266","1.266405","0.479796","1.911567"
"-70","460","3583.467564","1.224856","0.434302","1.951286"
"-60","460","3415.348044","1.188013","0.395122","1.99125"
"-50","460","3262.296373","1.155309","0.361074","2.03141"
"-40","460","3122.373732","1.126279","0.331253","2.071691"
"-30","460","2993.960254","1.100535","0.304954","2.11198"
"-20","460","2875.692023","1.077753","0.281625","2.152134"
"-10","460","2766.412448","1.057659","0.260824","2.191968"
"0","460","2665.134306","1.04002","0.242198","2.231262"
"10","460","2571.009838","1.024638","0.225459","2.269755"
"20","460","2483.306961","1.011338","0.210369","2.307149"
"30","460","2401.390189","0.999969","0.196736","2.343114"
"40","460","2324.705207","0.990392","0.184396","2.377294"
"50","460","2252.766318","0.982485","0.173212","2.409315"
"60","460","2185.146137","0.97613","0.163068","2.438802"
"70","460","2121.467101","0.971219","0.153864","2.465394"
"80","460","2061.394409","0.967645","0.145513","2.488759"
"90","460","2004.630141","0.965303","0.137939","2.508617"
"100","460","1950.908309","0.964092","0.131074","2.524751"
"110","460","1899.990697","0.963906","0.124857","2.537026"
"120","460","1851.663324","0.964645","0.119233","2.545389"
"130","460","1805.733438","0.966206","0.114151","2.549883"
"140","460","1762.026953","0.968489","0.109563","2.550633"
"150","460","1720.386236","0.971396","0.105427","2.547842"
"160","460","1680.668211","0.974833","0.101703","2.541778"
"170","460","1642.742718","0.978711","0.098353","2.532755"
"180","460","1606.491086","0.982945","0.095343","2.521118"
"190","460","1571.804892","0.987457","0.09264","2.507228"
"200","460","1538.584879","0.992178","0.090217","2.491442"
"210","460","1506.74001","0.997043","0.088045","2.47411"
"220","460","1476.186628","1.001997","0.0861","2.455557"
"230","460","1446.847731","1.006989","0.084361","2.436084"
"240","460","1418.652315","1.011978","0.082806","2.415959"
"250","460","1391.53481","1.016927","0.081419","2.395421"
"260","460","1365.43456","1.021807","0.080181","2.374674"
"270","460","1340.29538","1.026593","0.079079","2.353893"
"280","460","1316.065146","1.031265","0.078099","2.333225"
"290","460","1292.695438","1.035808","0.07723","2.312788"
"300","460","1270.141212","1.040209","0.07646","2.292681"
"310","460","1248.360517","1.04446","0.07578","2.272979"
"320","460","1227.31423","1.048555","0.075182","2.253742"
"330","460","1206.965822","1.052489","0.074657","2.235013"
"340","460","1187.281148","1.056263","0.0742","2.216823"
"350","460","1168.228253","1.059874","0.073804","2.199194"
"360","460","1149.777202","1.063324","0.073463","2.182136"
"370","460","1131.899923","1.066615","0.073173","2.165654"
"380","460","1114.570061","1.069751","0.07293","2.149748"
"390","460","1097.762853","1.072734","0.072728","2.134412"
"400","460","1081.455004","1.075569","0.072565","2.119635"
"410","460","1065.624586","1.07826","0.072437","2.105407"
"420","460","1050.250935","1.080813","0.072342","2.091714"
"430","460","1035.314564","1.083231","0.072277","2.078539"
"440","460","1020.797077","1.085519","0.072239","2.065866"
"450","460","1006.681097","1.087684","0.072226","2.053678"
"460","460","992.950195","1.089729","0.072237","2.041957"
"470","460","979.588825","1.09166","0.072269","2.030686"
"-90","470","4061.001016","1.340309","0.536116","1.868005"
"-80","470","3850.749864","1.292258","0.482571","1.906983"
"-70","470","3661.197815","1.249711","0.436937","1.946175"
"-60","470","3489.431556","1.21196","0.39764","1.98556"
"-50","470","3333.059987","1.178426","0.363493","2.025091"
"-40","470","3190.102235","1.14863","0.333589","2.064687"
"-30","470","3058.903295","1.122175","0.307219","2.104238"
"-20","470","2938.069667","1.098728","0.283829","2.143599"
"-10","470","2826.41967","1.078009","0.262976","2.182589"
"0","470","2722.944668","1.059777","0.244304","2.220994"
"10","470","2626.778514","1.043827","0.227523","2.258562"
"20","470","2537.173243","1.029981","0.212397","2.295007"
"30","470","2453.479585","1.01808","0.19873","2.330015"
"40","470","2375.131203","1.007983","0.186358","2.363249"
"50","470","2301.631862","0.999563","0.175144","2.394359"
"60","470","2232.544908","0.9927","0.164969","2.422995"
"70","470","2167.484587","0.987283","0.155734","2.448823"
"80","470","2106.108838","0.983202","0.147352","2.47154"
"90","470","2048.113276","0.980353","0.139745","2.49089"
"100","470","1993.226145","0.978632","0.132845","2.506677"
"110","470","1941.204061","0.977938","0.126591","2.518779"
"120","470","1891.828402","0.978167","0.120928","2.527156"
"130","470","1844.902235","0.979222","0.115805","2.531849"
"140","470","1800.247697","0.981003","0.111175","2.532975"
"150","470","1757.703737","0.983415","0.106995","2.530724"
"160","470","1717.124174","0.986366","0.103225","2.525343"
"170","470","1678.376026","0.98977","0.099829","2.517123"
"180","470","1641.338047","0.993544","0.096772","2.506384"
"190","470","1605.899463","0.997613","0.094023","2.493458"
"200","470","1571.958863","1.001909","0.091553","2.478681"
"210","470","1539.423235","1.006367","0.089336","2.462376"
"220","470","1508.20711","1.010934","0.087347","2.444849"
"230","470","1478.231812","1.015561","0.085563","2.426385"
"240","470","1449.4248","1.020204","0.083966","2.407239"
"250","470","1421.719079","1.024829","0.082537","2.387637"
"260","470","1395.05268","1.029405","0.08126","2.367777"
"270","470","1369.368197","1.033906","0.08012","2.34783"
"280","470","1344.612377","1.038312","0.079103","2.327938"
"290","470","1320.735747","1.042607","0.078198","2.308221"
"300","470","1297.69229","1.046777","0.077395","2.288776"
"310","470","1275.439143","1.050813","0.076683","2.269681"
"320","470","1253.936333","1.054707","0.076054","2.250996"
"330","470","1233.146541","1.058456","0.075501","2.23277"
"340","470","1213.034879","1.062056","0.075016","2.215035"
"350","470","1193.568701","1.065506","0.074594","2.197816"
"360","470","1174.717423","1.068806","0.074228","2.181127"
"370","470","1156.452361","1.071958","0.073914","2.164977"
"380","470","1138.746591","1.074963","0.073648","2.149368"
"390","470","1121.574811","1.077825","0.073425","2.134296"
"400","470","1104.913223","1.080547","0.073241","2.119757"
"410","470","1088.739422","1.083132","0.073094","2.105739"
"420","470","1073.032296","1.085585","0.07298","2.092232"
"430","470","1057.771935","1.08791","0.072897","2.079222"
"440","470","1042.939544","1.090111","0.072842","2.066695"
"450","470","1028.51737","1.092193","0.072813","2.054635"
"460","470","1014.488626","1.094162","0.072808","2.043027"
"470","470","1000.83743","1.09602","0.072825","2.031854"
"-90","480","4147.219419","1.367217","0.539053","1.863969"
"-80","480","3932.504461","1.318061","0.485337","1.902479"
"-70","480","3738.928066","1.274516","0.439562","1.941159"
"-60","480","3563.515067","1.235856","0.400147","1.979987"
"-50","480","3403.823601","1.20149","0.365901","2.018909"
"-40","480","3257.830738","1.170926","0.335913","2.057847"
"-30","480","3123.846336","1.14376","0.309471","2.096688"
"-20","480","3000.44731","1.119648","0.28602","2.13529"
"-10","480","2886.426892","1.098303","0.265113","2.173476"
"0","480","2780.755031","1.079478","0.246394","2.211036"
"10","480","2682.547189","1.062961","0.229571","2.247726"
"20","480","2591.039525","1.048569","0.214408","2.283273"
"30","480","2505.568981","1.036139","0.200706","2.317378"
"40","480","2425.557198","1.025525","0.188301","2.349721"
"50","480","2350.497406","1.016596","0.177055","2.379975"
"60","480","2279.943679","1.00923","0.16685","2.407814"
"70","480","2213.502074","1.003312","0.157584","2.432926"
"80","480","2150.823267","0.998732","0.149169","2.455035"
"90","480","2091.596411","0.995384","0.141529","2.473904"
"100","480","2035.543981","0.993165","0.134594","2.489359"
"110","480","1982.417426","0.991972","0.128304","2.501292"
"120","480","1931.99348","0.991704","0.122602","2.509668"
"130","480","1884.071032","0.992264","0.117439","2.514528"
"140","480","1838.468442","0.993556","0.112767","2.515985"
"150","480","1795.021237","0.995485","0.108545","2.514217"
"160","480","1753.580138","0.997962","0.104731","2.509452"
"170","480","1714.009335","1.000904","0.10129","2.501961"
"180","480","1676.185009","1.004229","0.098189","2.49204"
"190","480","1639.994034","1.007864","0.095394","2.479999"
"200","480","1605.332847","1.011742","0.09288","2.46615"
"210","480","1572.106461","1.015802","0.090618","2.450796"
"220","480","1540.227591","1.019988","0.088584","2.434226"
"230","480","1509.615893","1.024254","0.086759","2.416707"
"240","480","1480.197285","1.028556","0.08512","2.39848"
"250","480","1451.903348","1.032859","0.083651","2.379765"
"260","480","1424.670799","1.037132","0.082334","2.360749"
"270","480","1398.441014","1.041349","0.081157","2.341599"
"280","480","1373.159607","1.045489","0.080104","2.322454"
"290","480","1348.776057","1.049534","0.079165","2.303433"
"300","480","1325.243368","1.053472","0.078329","2.284631"
"310","480","1302.517768","1.057291","0.077585","2.266128"
"320","480","1280.558437","1.060983","0.076927","2.247987"
"330","480","1259.32726","1.064543","0.076345","2.230256"
"340","480","1238.788611","1.067967","0.075833","2.212972"
"350","480","1218.90915","1.071253","0.075384","2.196162"
"360","480","1199.657643","1.0744","0.074994","2.179844"
"370","480","1181.004799","1.077409","0.074656","2.164028"
"380","480","1162.923121","1.08028","0.074367","2.148719"
"390","480","1145.38677","1.083017","0.074123","2.133917"
"400","480","1128.371443","1.085622","0.073918","2.119619"
"410","480","1111.854258","1.088098","0.073752","2.105818"
"420","480","1095.813657","1.090448","0.073619","2.092504"
"430","480","1080.229306","1.092677","0.073518","2.079666"
"440","480","1065.082012","1.094788","0.073446","2.067292"
"450","480","1050.353643","1.096785","0.073401","2.055368"
"460","480","1036.027057","1.098673","0.073381","2.043879"
"470","480","1022.086035","1.100456","0.073384","2.032812"
"-90","490","4233.437822","1.394078","0.54198","1.859998"
"-80","490","4014.259058","1.343816","0.488094","1.898054"
"-70","490","3816.658317","1.299271","0.442177","1.936238"
"-60","490","3637.598579","1.259702","0.402644","1.974524"
"-50","490","3474.587215","1.224502","0.368298","2.01286"
"-40","490","3325.559241","1.19317","0.338225","2.051163"
"-30","490","3188.789377","1.165291","0.311711","2.089323"
"-20","490","3062.824954","1.140514","0.288197","2.127199"
"-10","490","2946.434114","1.118542","0.267235","2.164616"
"0","490","2838.565393","1.099124","0.248468","2.20137"
"10","490","2738.315865","1.082041","0.231604","2.237227"
"20","490","2644.905806","1.067104","0.216402","2.271924"
"30","490","2557.658377","1.054146","0.202664","2.305175"
"40","490","2475.983194","1.043018","0.190226","2.33668"
"50","490","2399.362949","1.033584","0.178948","2.366128"
"60","490","2327.34245","1.025719","0.168711","2.393217"
"70","490","2259.51956","1.019307","0.159413","2.417658"
"80","490","2195.537695","1.014234","0.150966","2.439193"
"90","490","2135.079546","1.010396","0.143292","2.45761"
"100","490","2077.861817","1.007687","0.136323","2.472748"
"110","490","2023.63079","1.006005","0.129997","2.484513"
"120","490","1972.158558","1.005252","0.124257","2.492875"
"130","490","1923.239829","1.005329","0.119055","2.497878"
"140","490","1876.689186","1.006142","0.114343","2.499628"
"150","490","1832.338738","1.007599","0.110078","2.498292"
"160","490","1790.036101","1.009614","0.106222","2.494083"
"170","490","1749.642643","1.012104","0.102737","2.487254"
"180","490","1711.03197","1.01499","0.099592","2.478081"
"190","490","1674.088604","1.0182","0.096754","2.466853"
"200","490","1638.706831","1.021669","0.094195","2.45386"
"210","490","1604.789687","1.025337","0.09189","2.439389"
"220","490","1572.248073","1.029149","0.089814","2.423709"
"230","490","1540.999974","1.033058","0.087947","2.407074"
"240","490","1510.969769","1.037023","0.086268","2.389714"
"250","490","1482.087618","1.041006","0.084759","2.371836"
"260","490","1454.288919","1.044978","0.083405","2.353623"
"270","490","1427.513831","1.048912","0.08219","2.335234"
"280","490","1401.706837","1.052787","0.081103","2.316806"
"290","490","1376.816367","1.056583","0.08013","2.298455"
"300","490","1352.794447","1.060287","0.079261","2.280277"
"310","490","1329.596394","1.063888","0.078487","2.262351"
"320","490","1307.18054","1.067375","0.077798","2.244742"
"330","490","1285.507978","1.070744","0.077188","2.227498"
"340","490","1264.542342","1.07399","0.076649","2.21066"
"350","490","1244.249598","1.077109","0.076175","2.194257"
"360","490","1224.597863","1.0801","0.07576","2.178307"
"370","490","1205.557237","1.082963","0.075399","2.162826"
"380","490","1187.099651","1.085698","0.075088","2.14782"
"390","490","1169.198729","1.088307","0.074822","2.133292"
"400","490","1151.829662","1.090792","0.074597","2.11924"
"410","490","1134.969095","1.093156","0.074411","2.10566"
"420","490","1118.595019","1.0954","0.07426","2.092544"
"430","490","1102.686677","1.09753","0.074141","2.079884"
"440","490","1087.224479","1.099548","0.074053","2.067669"
"450","490","1072.189915","1.101457","0.073991","2.055886"
"460","490","1057.565487","1.103262","0.073956","2.044524"
"470","490","1043.334639","1.104966","0.073944","2.033569"
"-90","500","4319.656225","1.420893","0.5449","1.85609"
"-80","500","4096.013656","1.369524","0.490843","1.893704"
"-70","500","3894.388568","1.323978","0.444783","1.931406"
"-60","500","3711.682091","1.283497","0.405131","1.969169"
"-50","500","3545.35083","1.247463","0.370685","2.006937"
"-40","500","3393.287744","1.215362","0.340526","2.04463"
"-30","500","3253.732419","1.186769","0.313939","2.082135"
"-20","500","3125.202598","1.161326","0.290361","2.119314"
"-10","500","3006.441336","1.138728","0.269345","2.155996"
"0","500","2896.375756","1.118716","0.250529","2.191983"
"10","500","2794.08454","1.101067","0.233621","2.227047"
"20","500","2698.772088","1.085587","0.218379","2.260937"
"30","500","2609.747774","1.072104","0.204606","2.293382"
"40","500","2526.409189","1.060463","0.192133","2.324094"
"50","500","2448.228493","1.050528","0.180822","2.352785"
"60","500","2374.741221","1.042169","0.170553","2.379168"
"70","500","2305.537047","1.035267","0.161223","2.402976"
"80","500","2240.252124","1.029709","0.152744","2.423973"
"90","500","2178.562681","1.025387","0.145036","2.441961"
"100","500","2120.179653","1.022197","0.138033","2.456797"
"110","500","2064.844154","1.020036","0.13167","2.468396"
"120","500","2012.323636","1.018806","0.125894","2.476737"
"130","500","1962.408626","1.01841","0.120653","2.48186"
"140","500","1914.90993","1.018755","0.115901","2.483869"
"150","500","1869.656239","1.019752","0.111595","2.482921"
"160","500","1826.492064","1.021315","0.107697","2.479216"
"170","500","1785.275951","1.023363","0.10417","2.47299"
"180","500","1745.878931","1.025819","0.100982","2.464502"
"190","500","1708.183175","1.028614","0.098101","2.45402"
"200","500","1672.080815","1.031682","0.0955","2.441819"
"210","500","1637.472912","1.034964","0.093153","2.428167"
"220","500","1604.268554","1.038407","0.091036","2.413317"
"230","500","1572.384056","1.041965","0.089128","2.39751"
"240","500","1541.742254","1.045596","0.087409","2.380964"
"250","500","1512.271887","1.049264","0.085862","2.363878"
"260","500","1483.907039","1.052937","0.084471","2.346426"
"270","500","1456.586648","1.056589","0.08322","2.328764"
"280","500","1430.254068","1.060198","0.082098","2.311023"
"290","500","1404.856677","1.063745","0.081092","2.293318"
"300","500","1380.345525","1.067215","0.080191","2.275743"
"310","500","1356.675019","1.070596","0.079387","2.258378"
"320","500","1333.802643","1.073878","0.078669","2.241287"
"330","500","1311.688697","1.077055","0.078031","2.224522"
"340","500","1290.296074","1.08012","0.077465","2.208123"
"350","500","1269.590047","1.083069","0.076966","2.192122"
"360","500","1249.538084","1.085902","0.076526","2.176539"
"370","500","1230.109675","1.088616","0.076142","2.161392"
"380","500","1211.276181","1.091213","0.075809","2.14669"
"390","500","1193.010688","1.093691","0.075522","2.132437"
"400","500","1175.287882","1.096053","0.075277","2.118634"
"410","500","1158.083931","1.098302","0.075072","2.105279"
"420","500","1141.37638","1.100438","0.074902","2.092366"
"430","500","1125.144048","1.102466","0.074766","2.079889"
"440","500","1109.366946","1.104387","0.07466","2.067837"
"450","500","1094.026188","1.106206","0.074583","2.056202"
"460","500","1079.103918","1.107926","0.074532","2.044971"
"470","500","1064.583244","1.109549","0.074505","2.034134"
"-100","0","9.240618","0.973089","0.014199","1.70584"
"-90","0","8.73608","0.977464","0.014884","1.700615"
"-80","0","8.283785","0.980876","0.015576","1.696347"
"-70","0","7.876018","0.983594","0.016273","1.692846"
"-60","0","7.506512","0.985796","0.016973","1.689946"
"-50","0","7.170123","0.987606","0.017677","1.687516"
"-40","0","6.862591","0.98911","0.018382","1.685457"
"-30","0","6.580354","0.990375","0.01909","1.683694"
"-20","0","6.320415","0.991447","0.019798","1.682172"
"-10","0","6.080232","0.992365","0.020507","1.680847"
"0","0","5.857635","0.993156","0.021216","1.679686"
"10","0","5.650761","0.993842","0.021924","1.678661"
"20","0","5.458001","0.994441","0.022632","1.677753"
"30","0","5.277958","0.994966","0.023338","1.676943"
"40","0","5.109414","0.99543","0.024043","1.676218"
"50","0","4.951301","0.995841","0.024745","1.675565"
"60","0","4.80268","0.996207","0.025446","1.674976"
"70","0","4.662722","0.996533","0.026145","1.674443"
"80","0","4.530689","0.996826","0.026841","1.673958"
"90","0","4.405929","0.99709","0.027534","1.673515"
"100","0","4.287855","0.997328","0.028224","1.673111"
"110","0","4.175944","0.997543","0.028911","1.67274"
"120","0","4.069727","0.997739","0.029595","1.672399"
"130","0","3.968778","0.997917","0.030276","1.672086"
"140","0","3.872717","0.998079","0.030953","1.671796"
"150","0","3.781196","0.998227","0.031627","1.671528"
"160","0","3.6939","0.998363","0.032297","1.671279"
"170","0","3.610545","0.998488","0.032963","1.671049"
"180","0","3.530868","0.998602","0.033626","1.670834"
"190","0","3.454632","0.998708","0.034285","1.670634"
"200","0","3.381619","0.998805","0.03494","1.670447"
"210","0","3.311628","0.998895","0.035591","1.670273"
"220","0","3.244475","0.998979","0.036239","1.67011"
"230","0","3.179992","0.999056","0.036882","1.669956"
"240","0","3.118022","0.999127","0.037522","1.669813"
"250","0","3.058421","0.999194","0.038158","1.669678"
"260","0","3.001056","0.999256","0.03879","1.669551"
"270","0","2.945803","0.999313","0.039419","1.669431"
"280","0","2.892548","0.999367","0.040043","1.669319"
"290","0","2.841184","0.999417","0.040664","1.669212"
"300","0","2.791613","0.999464","0.041281","1.669111"
"310","0","2.743742","0.999508","0.041895","1.669016"
"320","0","2.697485","0.999549","0.042504","1.668926"
"330","0","2.652761","0.999587","0.04311","1.668841"
"340","0","2.609497","0.999623","0.043713","1.66876"
"350","0","2.567621","0.999657","0.044311","1.668683"
"360","0","2.527068","0.999688","0.044907","1.66861"
"370","0","2.487776","0.999718","0.045498","1.668541"
"380","0","2.449687","0.999746","0.046087","1.668475"
"390","0","2.412747","0.999773","0.046671","1.668412"
"400","0","2.376904","0.999797","0.047253","1.668352"
"410","0","2.342111","0.999821","0.047831","1.668295"
"420","0","2.308321","0.999843","0.048406","1.66824"
"430","0","2.275493","0.999863","0.048977","1.668188"
"440","0","2.243585","0.999883","0.049545","1.668139"
"450","0","2.21256","0.999901","0.05011","1.668091"
"460","0","2.182381","0.999919","0.050672","1.668046"
"470","0","2.153015","0.999935","0.051231","1.668002"
"-100","1","18.360399","0.006358","0.438817","2.107527"
"-90","1","17.35792","0.954009","0.014978","1.738413"
"-80","1","16.459244","0.961213","0.015669","1.729035"
"-70","1","15.649043","0.96686","0.016365","1.721308"
"-60","1","14.914863","0.97139","0.017064","1.714943"
"-50","1","14.246485","0.975088","0.017766","1.709659"
"-40","1","13.635441","0.97815","0.01847","1.705226"
"-30","1","13.074658","0.980714","0.019176","1.701468"
"-20","1","12.558179","0.982883","0.019883","1.698248"
"-10","1","12.080954","0.984734","0.02059","1.695466"
"0","1","11.638671","0.986327","0.021297","1.693043"
"10","1","11.227629","0.987706","0.022004","1.690916"
"20","1","10.844629","0.988908","0.02271","1.689039"
"30","1","10.486898","0.989962","0.023415","1.687372"
"40","1","10.152014","0.990891","0.024118","1.685884"
"50","1","9.837856","0.991714","0.024819","1.684549"
"60","1","9.542558","0.992445","0.025519","1.683348"
"70","1","9.26447","0.993099","0.026216","1.682262"
"80","1","9.002132","0.993684","0.02691","1.681277"
"90","1","8.754242","0.99421","0.027602","1.68038"
"100","1","8.519638","0.994685","0.028291","1.679561"
"110","1","8.297281","0.995115","0.028976","1.678812"
"120","1","8.086234","0.995504","0.029659","1.678124"
"130","1","7.885658","0.995859","0.030338","1.677492"
"140","1","7.694791","0.996182","0.031014","1.676908"
"150","1","7.512946","0.996477","0.031687","1.676369"
"160","1","7.339497","0.996748","0.032356","1.675869"
"170","1","7.173876","0.996996","0.033021","1.675406"
"180","1","7.015564","0.997224","0.033682","1.674975"
"190","1","6.864089","0.997434","0.03434","1.674574"
"200","1","6.719017","0.997628","0.034994","1.6742"
"210","1","6.57995","0.997807","0.035645","1.673851"
"220","1","6.446523","0.997972","0.036291","1.673524"
"230","1","6.3184","0.998126","0.036934","1.673217"
"240","1","6.19527","0.998268","0.037573","1.67293"
"250","1","6.076848","0.9984","0.038208","1.67266"
"260","1","5.962868","0.998523","0.038839","1.672407"
"270","1","5.853085","0.998638","0.039467","1.672168"
"280","1","5.747271","0.998744","0.04009","1.671943"
"290","1","5.645215","0.998844","0.040711","1.67173"
"300","1","5.546721","0.998937","0.041327","1.671529"
"310","1","5.451604","0.999024","0.041939","1.67134"
"320","1","5.359695","0.999105","0.042548","1.67116"
"330","1","5.270833","0.999182","0.043154","1.67099"
"340","1","5.18487","0.999253","0.043755","1.670828"
"350","1","5.101666","0.99932","0.044353","1.670675"
"360","1","5.02109","0.999383","0.044948","1.67053"
"370","1","4.94302","0.999442","0.045539","1.670392"
"380","1","4.86734","0.999497","0.046127","1.67026"
"390","1","4.793943","0.99955","0.046711","1.670135"
"400","1","4.722726","0.999599","0.047291","1.670016"
"410","1","4.653594","0.999645","0.047869","1.669902"
"420","1","4.586458","0.999689","0.048443","1.669793"
"430","1","4.52123","0.99973","0.049014","1.66969"
"440","1","4.457832","0.999769","0.049582","1.669591"
"450","1","4.396188","0.999805","0.050146","1.669496"
"460","1","4.336225","0.99984","0.050707","1.669406"
"470","1","4.277875","0.999873","0.051266","1.669319"
"-100","2","27.48018","0.009515","0.439204","2.106518"
"-90","2","25.97976","0.009219","0.383934","2.196382"
"-80","2","24.634704","0.940581","0.015764","1.765429"
"-70","2","23.422068","0.949497","0.016458","1.752644"
"-60","2","22.323214","0.956551","0.017156","1.742153"
"-50","2","21.322846","0.962262","0.017856","1.733509"
"-40","2","20.408291","0.966962","0.018559","1.726322"
"-30","2","19.568962","0.970883","0.019263","1.720282"
"-20","2","18.795943","0.974189","0.019967","1.71515"
"-10","2","18.081676","0.977004","0.020673","1.710747"
"0","2","17.419707","0.979421","0.021378","1.706934"
"10","2","16.804496","0.98151","0.022083","1.703608"
"20","2","16.231257","0.983329","0.022787","1.700684"
"30","2","15.695837","0.984922","0.02349","1.698098"
"40","2","15.194613","0.986324","0.024192","1.695797"
"50","2","14.72441","0.987565","0.024892","1.693741"
"60","2","14.282435","0.988667","0.025589","1.691894"
"70","2","13.866219","0.98965","0.026285","1.690229"
"80","2","13.473575","0.990531","0.026978","1.688721"
"90","2","13.102556","0.991323","0.027668","1.687352"
"100","2","12.751422","0.992036","0.028356","1.686104"
"110","2","12.418617","0.992682","0.02904","1.684963"
"120","2","12.102742","0.993267","0.029721","1.683917"
"130","2","11.802538","0.993799","0.030399","1.682956"
"140","2","11.516866","0.994284","0.031074","1.682071"
"150","2","11.244696","0.994727","0.031745","1.681253"
"160","2","10.985093","0.995133","0.032413","1.680497"
"170","2","10.737207","0.995505","0.033077","1.679796"
"180","2","10.500261","0.995847","0.033738","1.679145"
"190","2","10.273547","0.996162","0.034394","1.678539"
"200","2","10.056416","0.996452","0.035047","1.677974"
"210","2","9.848273","0.99672","0.035697","1.677447"
"220","2","9.648572","0.996968","0.036342","1.676954"
"230","2","9.456808","0.997198","0.036984","1.676493"
"240","2","9.272519","0.997411","0.037622","1.67606"
"250","2","9.095275","0.997609","0.038256","1.675653"
"260","2","8.92468","0.997793","0.038887","1.675272"
"270","2","8.760367","0.997964","0.039513","1.674912"
"280","2","8.601994","0.998124","0.040136","1.674573"
"290","2","8.449246","0.998273","0.040755","1.674254"
"300","2","8.301829","0.998412","0.041371","1.673952"
"310","2","8.159467","0.998542","0.041983","1.673667"
"320","2","8.021905","0.998664","0.042591","1.673397"
"330","2","7.888905","0.998778","0.043195","1.673141"
"340","2","7.760243","0.998885","0.043796","1.672899"
"350","2","7.635711","0.998985","0.044394","1.672669"
"360","2","7.515112","0.999079","0.044988","1.672451"
"370","2","7.398263","0.999167","0.045578","1.672244"
"380","2","7.284993","0.99925","0.046165","1.672046"
"390","2","7.175138","0.999328","0.046748","1.671858"
"400","2","7.068548","0.999402","0.047329","1.67168"
"410","2","6.965078","0.999471","0.047905","1.671509"
"420","2","6.864594","0.999536","0.048479","1.671346"
"430","2","6.766967","0.999598","0.049049","1.671191"
"440","2","6.672079","0.999656","0.049616","1.671043"
"450","2","6.579815","0.999711","0.05018","1.670901"
"460","2","6.490068","0.999762","0.050741","1.670765"
"470","2","6.402736","0.999811","0.051299","1.670636"
"-100","3","36.59996","0.01267","0.43959","2.105512"
"-90","3","34.601601","0.012276","0.38431","2.195106"
"-80","3","32.810164","0.011952","0.337072","2.297099"
"-70","3","31.195093","0.931396","0.016555","1.787266"
"-60","3","29.731565","0.941226","0.01725","1.771844"
"-50","3","28.399207","0.949097","0.017948","1.759249"
"-40","3","27.181141","0.955531","0.018648","1.748871"
"-30","3","26.063266","0.960872","0.01935","1.740225"
"-20","3","25.033708","0.96536","0.020053","1.732939"
"-10","3","24.082398","0.969171","0.020756","1.726732"
"0","3","23.200744","0.972436","0.02146","1.721392"
"10","3","22.381364","0.975254","0.022163","1.716757"
"20","3","21.617886","0.977703","0.022865","1.712703"
"30","3","20.904777","0.979845","0.023566","1.709132"
"40","3","20.237213","0.981728","0.024266","1.705967"
"50","3","19.610964","0.983393","0.024964","1.703147"
"60","3","19.022312","0.984871","0.02566","1.70062"
"70","3","18.467968","0.986189","0.026354","1.698348"
"80","3","17.945018","0.987368","0.027045","1.696295"
"90","3","17.450869","0.988427","0.027734","1.694433"
"100","3","16.983206","0.989382","0.02842","1.692739"
"110","3","16.539953","0.990245","0.029103","1.691193"
"120","3","16.11925","0.991027","0.029783","1.689778"
"130","3","15.719417","0.991738","0.03046","1.688479"
"140","3","15.33894","0.992386","0.031133","1.687284"
"150","3","14.976446","0.992977","0.031803","1.686182"
"160","3","14.630689","0.993518","0.03247","1.685163"
"170","3","14.300537","0.994015","0.033133","1.684219"
"180","3","13.984957","0.994471","0.033792","1.683343"
"190","3","13.683004","0.99489","0.034448","1.682529"
"200","3","13.393814","0.995277","0.0351","1.68177"
"210","3","13.116596","0.995635","0.035748","1.681062"
"220","3","12.85062","0.995965","0.036393","1.680401"
"230","3","12.595216","0.996272","0.037033","1.679782"
"240","3","12.349767","0.996556","0.03767","1.679202"
"250","3","12.113702","0.996819","0.038304","1.678657"
"260","3","11.886492","0.997064","0.038933","1.678146"
"270","3","11.667648","0.997293","0.039559","1.677664"
"280","3","11.456717","0.997505","0.040181","1.677211"
"290","3","11.253277","0.997704","0.0408","1.676783"
"300","3","11.056936","0.997889","0.041414","1.67638"
"310","3","10.867329","0.998062","0.042025","1.675998"
"320","3","10.684116","0.998224","0.042633","1.675638"
"330","3","10.506977","0.998376","0.043236","1.675296"
"340","3","10.335616","0.998518","0.043837","1.674972"
"350","3","10.169756","0.998652","0.044433","1.674665"
"360","3","10.009134","0.998777","0.045027","1.674374"
"370","3","9.853507","0.998894","0.045616","1.674097"
"380","3","9.702646","0.999005","0.046203","1.673833"
"390","3","9.556334","0.999109","0.046786","1.673583"
"400","3","9.41437","0.999207","0.047365","1.673344"
"410","3","9.276562","0.999299","0.047941","1.673116"
"420","3","9.14273","0.999386","0.048514","1.672899"
"430","3","9.012704","0.999467","0.049084","1.672692"
"440","3","8.886326","0.999545","0.049651","1.672494"
"450","3","8.763442","0.999617","0.050214","1.672305"
"460","3","8.643911","0.999686","0.050774","1.672124"
"470","3","8.527596","0.999751","0.051331","1.671951"
"-100","4","45.719741","0.015824","0.439976","2.104509"
"-90","4","43.223441","0.015332","0.384685","2.193836"
"-80","4","40.985624","0.014926","0.337442","2.295457"
"-70","4","38.968118","0.912421","0.016656","1.825832"
"-60","4","37.139916","0.925347","0.017348","1.804376"
"-50","4","35.475569","0.935558","0.018043","1.787104"
"-40","4","33.953992","0.943836","0.018741","1.773021"
"-30","4","32.55757","0.950669","0.01944","1.761397"
"-20","4","31.271472","0.956389","0.02014","1.751684"
"-10","4","30.083121","0.961231","0.020841","1.74347"
"0","4","28.98178","0.965369","0.021542","1.736449"
"10","4","27.958231","0.968934","0.022243","1.73039"
"20","4","27.004514","0.972028","0.022944","1.725115"
"30","4","26.113717","0.97473","0.023643","1.720489"
"40","4","25.279812","0.977103","0.024341","1.716403"
"50","4","24.497519","0.979198","0.025037","1.712773"
"60","4","23.762189","0.981057","0.025731","1.709531"
"70","4","23.069716","0.982713","0.026424","1.706622"
"80","4","22.416461","0.984194","0.027113","1.703999"
"90","4","21.799183","0.985524","0.027801","1.701625"
"100","4","21.214989","0.986722","0.028485","1.699469"
"110","4","20.66129","0.987804","0.029167","1.697505"
"120","4","20.135758","0.988784","0.029845","1.695709"
"130","4","19.636297","0.989675","0.030521","1.694062"
"140","4","19.161015","0.990486","0.031193","1.692549"
"150","4","18.708196","0.991226","0.031861","1.691155"
"160","4","18.276286","0.991904","0.032527","1.689867"
"170","4","17.863868","0.992525","0.033188","1.688675"
"180","4","17.469653","0.993096","0.033847","1.68757"
"190","4","17.092461","0.993621","0.034501","1.686543"
"200","4","16.731212","0.994105","0.035152","1.685587"
"210","4","16.384918","0.994552","0.035799","1.684696"
"220","4","16.052668","0.994965","0.036443","1.683864"
"230","4","15.733625","0.995347","0.037083","1.683085"
"240","4","15.427016","0.995702","0.037719","1.682355"
"250","4","15.132129","0.996032","0.038351","1.681671"
"260","4","14.848304","0.996338","0.03898","1.681029"
"270","4","14.57493","0.996623","0.039605","1.680424"
"280","4","14.31144","0.996889","0.040226","1.679855"
"290","4","14.057308","0.997137","0.040843","1.679319"
"300","4","13.812044","0.997368","0.041457","1.678812"
"310","4","13.575192","0.997585","0.042068","1.678334"
"320","4","13.346326","0.997787","0.042674","1.677882"
"330","4","13.125049","0.997976","0.043277","1.677454"
"340","4","12.910989","0.998154","0.043877","1.677048"
"350","4","12.7038","0.99832","0.044473","1.676663"
"360","4","12.503156","0.998477","0.045065","1.676298"
"370","4","12.308751","0.998623","0.045654","1.675951"
"380","4","12.120299","0.998761","0.04624","1.675621"
"390","4","11.93753","0.998891","0.046822","1.675307"
"400","4","11.760192","0.999013","0.047401","1.675008"
"410","4","11.588045","0.999128","0.047977","1.674724"
"420","4","11.420866","0.999236","0.048549","1.674452"
"430","4","11.258442","0.999338","0.049118","1.674193"
"440","4","11.100572","0.999435","0.049684","1.673945"
"450","4","10.947069","0.999526","0.050247","1.673709"
"460","4","10.797754","0.999611","0.050807","1.673483"
"470","4","10.652457","0.999692","0.051364","1.673266"
"-100","5","54.839522","0.018977","0.440362","2.103509"
"-90","5","51.845281","0.018386","0.385059","2.19257"
"-80","5","49.161083","0.017898","0.337812","2.293822"
"-70","5","46.741143","0.01751","0.296801","2.411755"
"-60","5","44.548268","0.908837","0.01745","1.840248"
"-50","5","42.55193","0.921607","0.018142","1.817358"
"-40","5","40.726842","0.931855","0.018836","1.79895"
"-30","5","39.051874","0.940262","0.019532","1.783915"
"-20","5","37.509237","0.947267","0.020229","1.771463"
"-10","5","36.083843","0.953178","0.020928","1.761015"
"0","5","34.762816","0.958217","0.021627","1.752144"
"10","5","33.535099","0.962549","0.022325","1.744532"
"20","5","32.391142","0.966302","0.023023","1.737939"
"30","5","31.322656","0.969576","0.02372","1.73218"
"40","5","30.322412","0.972447","0.024416","1.727114"
"50","5","29.384073","0.97498","0.025111","1.722628"
"60","5","28.502066","0.977225","0.025803","1.718632"
"70","5","27.671465","0.979224","0.026494","1.715055"
"80","5","26.887904","0.98101","0.027182","1.711837"
"90","5","26.147496","0.982613","0.027867","1.708931"
"100","5","25.446773","0.984055","0.02855","1.706296"
"110","5","24.782626","0.985358","0.02923","1.703899"
"120","5","24.152266","0.986538","0.029907","1.70171"
"130","5","23.553177","0.98761","0.030581","1.699706"
"140","5","22.983089","0.988585","0.031252","1.697866"
"150","5","22.439946","0.989476","0.03192","1.696173"
"160","5","21.921882","0.99029","0.032584","1.69461"
"170","5","21.427199","0.991036","0.033244","1.693165"
"180","5","20.954349","0.991722","0.033901","1.691826"
"190","5","20.501918","0.992352","0.034554","1.690583"
"200","5","20.068611","0.992933","0.035204","1.689426"
"210","5","19.653241","0.99347","0.03585","1.688349"
"220","5","19.254716","0.993966","0.036493","1.687343"
"230","5","18.872033","0.994425","0.037132","1.686402"
"240","5","18.504264","0.994851","0.037767","1.685522"
"250","5","18.150556","0.995246","0.038398","1.684696"
"260","5","17.810116","0.995614","0.039026","1.683921"
"270","5","17.482212","0.995956","0.03965","1.683192"
"280","5","17.166163","0.996275","0.04027","1.682506"
"290","5","16.861339","0.996572","0.040887","1.68186"
"300","5","16.567152","0.996849","0.0415","1.68125"
"310","5","16.283055","0.997109","0.04211","1.680674"
"320","5","16.008536","0.997351","0.042716","1.680129"
"330","5","15.743121","0.997578","0.043318","1.679614"
"340","5","15.486363","0.997791","0.043917","1.679126"
"350","5","15.237845","0.997991","0.044512","1.678663"
"360","5","14.997178","0.998178","0.045104","1.678224"
"370","5","14.763995","0.998354","0.045692","1.677806"
"380","5","14.537952","0.998519","0.046277","1.67741"
"390","5","14.318726","0.998675","0.046859","1.677033"
"400","5","14.106014","0.998821","0.047437","1.676673"
"410","5","13.899529","0.998959","0.048012","1.676331"
"420","5","13.699002","0.999088","0.048584","1.676005"
"430","5","13.504179","0.999211","0.049153","1.675693"
"440","5","13.314819","0.999326","0.049718","1.675396"
"450","5","13.130697","0.999435","0.05028","1.675112"
"460","5","12.951597","0.999538","0.050839","1.67484"
"470","5","12.777317","0.999635","0.051396","1.674581"
"-100","6","63.959303","0.022129","0.440747","2.102513"
"-90","6","60.467121","0.021439","0.385433","2.191309"
"-80","6","57.336543","0.020869","0.338181","2.292195"
"-70","6","54.514168","0.020416","0.297171","2.4096"
"-60","6","51.956619","0.891595","0.017558","1.880167"
"-50","6","49.628292","0.907195","0.018244","1.850372"
"-40","6","47.499692","0.919565","0.018934","1.826871"
"-30","6","45.546178","0.929636","0.019627","1.807913"
"-20","6","43.747001","0.937987","0.020321","1.792365"
"-10","6","42.084565","0.945008","0.021016","1.779426"
"0","6","40.543852","0.950976","0.021712","1.768517"
"10","6","39.111966","0.956097","0.022408","1.759212"
"20","6","37.77777","0.960525","0.023104","1.751194"
"30","6","36.531596","0.964382","0.023799","1.744222"
"40","6","35.365011","0.967761","0.024493","1.738111"
"50","6","34.270628","0.970739","0.025185","1.732718"
"60","6","33.241943","0.973375","0.025876","1.727929"
"70","6","32.273214","0.975721","0.026564","1.723652"
"80","6","31.359347","0.977815","0.027251","1.719813"
"90","6","30.49581","0.979694","0.027934","1.716353"
"100","6","29.678556","0.981383","0.028616","1.713221"
"110","6","28.903963","0.982909","0.029294","1.710376"
"120","6","28.168773","0.984289","0.02997","1.707782"
"130","6","27.470057","0.985543","0.030642","1.70541"
"140","6","26.805163","0.986684","0.031312","1.703235"
"150","6","26.171696","0.987725","0.031978","1.701235"
"160","6","25.567478","0.988676","0.032641","1.699392"
"170","6","24.99053","0.989548","0.0333","1.697688"
"180","6","24.439045","0.990349","0.033956","1.696111"
"190","6","23.911375","0.991085","0.034608","1.694648"
"200","6","23.406009","0.991764","0.035257","1.693287"
"210","6","22.921563","0.99239","0.035902","1.69202"
"220","6","22.456764","0.992969","0.036543","1.690838"
"230","6","22.010441","0.993505","0.037181","1.689734"
"240","6","21.581513","0.994002","0.037815","1.6887"
"250","6","21.168983","0.994463","0.038446","1.687731"
"260","6","20.771928","0.994892","0.039072","1.686822"
"270","6","20.389493","0.995291","0.039695","1.685968"
"280","6","20.020886","0.995662","0.040315","1.685164"
"290","6","19.66537","0.996009","0.040931","1.684406"
"300","6","19.32226","0.996333","0.041543","1.683692"
"310","6","18.990917","0.996635","0.042152","1.683018"
"320","6","18.670747","0.996918","0.042757","1.68238"
"330","6","18.361193","0.997182","0.043358","1.681777"
"340","6","18.061736","0.997431","0.043957","1.681206"
"350","6","17.77189","0.997663","0.044551","1.680665"
"360","6","17.4912","0.997881","0.045142","1.680151"
"370","6","17.219239","0.998086","0.04573","1.679663"
"380","6","16.955605","0.998279","0.046314","1.679199"
"390","6","16.699922","0.99846","0.046895","1.678758"
"400","6","16.451836","0.998631","0.047473","1.678338"
"410","6","16.211013","0.998791","0.048047","1.677939"
"420","6","15.977138","0.998942","0.048619","1.677557"
"430","6","15.749916","0.999085","0.049187","1.677194"
"440","6","15.529066","0.999219","0.049751","1.676846"
"450","6","15.314324","0.999346","0.050313","1.676515"
"460","6","15.10544","0.999466","0.050872","1.676197"
"470","6","14.902178","0.999579","0.051427","1.675894"
"-100","7","73.079084","0.02528","0.441132","2.10152"
"-90","7","69.088962","0.02449","0.385807","2.190054"
"-80","7","65.512003","0.023839","0.33855","2.290576"
"-70","7","62.287193","0.023319","0.297542","2.407456"
"-60","7","59.36497","0.873498","0.017672","1.925171"
"-50","7","56.704653","0.892265","0.018352","1.886617"
"-40","7","54.272543","0.906936","0.019036","1.85704"
"-30","7","52.040483","0.918777","0.019725","1.833545"
"-20","7","49.984765","0.92854","0.020415","1.814488"
"-10","7","48.085287","0.936715","0.021107","1.798768"
"0","7","46.324889","0.943644","0.0218","1.785612"
"10","7","44.688834","0.949575","0.022493","1.77446"
"20","7","43.164398","0.954695","0.023186","1.764902"
"30","7","41.740536","0.959147","0.023879","1.756628"
"40","7","40.407611","0.963044","0.02457","1.749405"
"50","7","39.157182","0.966473","0.02526","1.743052"
"60","7","37.98182","0.969507","0.025949","1.737427"
"70","7","36.874962","0.972203","0.026636","1.732416"
"80","7","35.83079","0.97461","0.02732","1.72793"
"90","7","34.844123","0.976766","0.028002","1.723893"
"100","7","33.91034","0.978705","0.028682","1.720246"
"110","7","33.025299","0.980455","0.029359","1.716938"
"120","7","32.185281","0.982038","0.030033","1.713927"
"130","7","31.386936","0.983474","0.030704","1.711177"
"140","7","30.627238","0.984781","0.031372","1.708658"
"150","7","29.903446","0.985973","0.032037","1.706344"
"160","7","29.213075","0.987063","0.032698","1.704213"
"170","7","28.553861","0.988061","0.033356","1.702245"
"180","7","27.923741","0.988977","0.034011","1.700425"
"190","7","27.320832","0.98982","0.034662","1.698737"
"200","7","26.743408","0.990596","0.035309","1.69717"
"210","7","26.189886","0.991312","0.035953","1.69571"
"220","7","25.658812","0.991974","0.036593","1.69435"
"230","7","25.148849","0.992587","0.03723","1.693079"
"240","7","24.658761","0.993155","0.037863","1.69189"
"250","7","24.18741","0.993682","0.038493","1.690777"
"260","7","23.73374","0.994172","0.039119","1.689732"
"270","7","23.296775","0.994628","0.039741","1.688751"
"280","7","22.875609","0.995052","0.04036","1.687828"
"290","7","22.469401","0.995448","0.040975","1.686959"
"300","7","22.077368","0.995818","0.041586","1.686139"
"310","7","21.69878","0.996163","0.042194","1.685366"
"320","7","21.332957","0.996486","0.042798","1.684635"
"330","7","20.979264","0.996788","0.043399","1.683943"
"340","7","20.637109","0.997072","0.043996","1.683288"
"350","7","20.305935","0.997337","0.04459","1.682668"
"360","7","19.985222","0.997586","0.045181","1.682079"
"370","7","19.674482","0.99782","0.045768","1.681521"
"380","7","19.373258","0.99804","0.046351","1.68099"
"390","7","19.081118","0.998247","0.046932","1.680485"
"400","7","18.797658","0.998442","0.047509","1.680004"
"410","7","18.522496","0.998625","0.048083","1.679546"
"420","7","18.255274","0.998797","0.048653","1.67911"
"430","7","17.995653","0.99896","0.049221","1.678693"
"440","7","17.743313","0.999113","0.049785","1.678296"
"450","7","17.497951","0.999258","0.050346","1.677917"
"460","7","17.259283","0.999395","0.050904","1.677554"
"470","7","17.027038","0.999524","0.051459","1.677207"
"-100","8","82.198864","0.028429","0.441517","2.10053"
"-90","8","77.710802","0.02754","0.386181","2.188802"
"-80","8","73.687463","0.026807","0.338918","2.288964"
"-70","8","70.060218","0.026221","0.297911","2.405325"
"-60","8","66.773321","0.025783","0.261766","2.544679"
"-50","8","63.781015","0.876751","0.018464","1.92672"
"-40","8","61.045393","0.893934","0.019143","1.889777"
"-30","8","58.534787","0.907665","0.019826","1.860996"
"-20","8","56.22253","0.918914","0.020512","1.837945"
"-10","8","54.086009","0.928293","0.0212","1.819114"
"0","8","52.105925","0.936216","0.02189","1.803477"
"10","8","50.265702","0.942982","0.02258","1.790309"
"20","8","48.551026","0.948811","0.02327","1.779085"
"30","8","46.949475","0.953871","0.02396","1.769415"
"40","8","45.45021","0.958294","0.024649","1.761007"
"50","8","44.043736","0.962182","0.025337","1.753638"
"60","8","42.721697","0.965619","0.026023","1.747132"
"70","8","41.476711","0.968671","0.026708","1.741352"
"80","8","40.302232","0.971393","0.02739","1.736189"
"90","8","39.192437","0.973831","0.028071","1.731554"
"100","8","38.142124","0.976021","0.028749","1.727373"
"110","8","37.146635","0.977997","0.029424","1.723586"
"120","8","36.201789","0.979783","0.030096","1.720145"
"130","8","35.303816","0.981404","0.030766","1.717005"
"140","8","34.449312","0.982878","0.031432","1.714133"
"150","8","33.635196","0.984222","0.032096","1.711498"
"160","8","32.858671","0.98545","0.032756","1.709073"
"170","8","32.117191","0.986575","0.033412","1.706836"
"180","8","31.408437","0.987607","0.034066","1.704768"
"190","8","30.730289","0.988556","0.034716","1.702852"
"200","8","30.080806","0.98943","0.035362","1.701074"
"210","8","29.458208","0.990236","0.036005","1.699419"
"220","8","28.860861","0.990981","0.036644","1.697878"
"230","8","28.287257","0.991671","0.03728","1.696438"
"240","8","27.73601","0.99231","0.037912","1.695093"
"250","8","27.205837","0.992903","0.03854","1.693833"
"260","8","26.695552","0.993454","0.039165","1.692651"
"270","8","26.204057","0.993967","0.039787","1.691542"
"280","8","25.730332","0.994444","0.040404","1.690499"
"290","8","25.273432","0.99489","0.041018","1.689517"
"300","8","24.832476","0.995305","0.041629","1.688591"
"310","8","24.406642","0.995693","0.042236","1.687717"
"320","8","23.995167","0.996056","0.04284","1.686892"
"330","8","23.597336","0.996396","0.04344","1.686112"
"340","8","23.212482","0.996715","0.044036","1.685373"
"350","8","22.83998","0.997013","0.044629","1.684673"
"360","8","22.479244","0.997293","0.045219","1.684009"
"370","8","22.129726","0.997556","0.045805","1.683379"
"380","8","21.790911","0.997803","0.046388","1.68278"
"390","8","21.462314","0.998036","0.046968","1.682211"
"400","8","21.14348","0.998254","0.047545","1.68167"
"410","8","20.83398","0.99846","0.048118","1.681154"
"420","8","20.53341","0.998654","0.048688","1.680662"
"430","8","20.24139","0.998837","0.049255","1.680193"
"440","8","19.957559","0.999009","0.049818","1.679745"
"450","8","19.681578","0.999172","0.050379","1.679318"
"460","8","19.413126","0.999325","0.050936","1.678909"
"470","8","19.151899","0.99947","0.051491","1.678519"
"-100","9","91.318645","0.031577","0.441902","2.099544"
"-90","9","86.332642","0.030589","0.386554","2.187556"
"-80","9","81.862922","0.029773","0.339286","2.287359"
"-70","9","77.833244","0.029121","0.29828","2.403206"
"-60","9","74.181672","0.028633","0.262143","2.54178"
"-50","9","70.857376","0.860568","0.018583","1.971538"
"-40","9","67.818243","0.880522","0.019254","1.925479"
"-30","9","65.029091","0.896282","0.019931","1.890483"
"-20","9","62.460294","0.9091","0.020612","1.862867"
"-10","9","60.086732","0.919735","0.021296","1.840546"
"0","9","57.886961","0.928689","0.021982","1.822167"
"10","9","55.842569","0.936314","0.022668","1.806795"
"20","9","53.937655","0.94287","0.023356","1.793768"
"30","9","52.158415","0.948553","0.024043","1.7826"
"40","9","50.49281","0.953512","0.024729","1.77293"
"50","9","48.930291","0.957867","0.025414","1.764484"
"60","9","47.461574","0.961713","0.026098","1.757051"
"70","9","46.07846","0.965125","0.026781","1.750465"
"80","9","44.773675","0.968166","0.027462","1.744596"
"90","9","43.54075","0.970887","0.02814","1.739337"
"100","9","42.373907","0.973332","0.028816","1.734602"
"110","9","41.267972","0.975535","0.029489","1.730322"
"120","9","40.218297","0.977526","0.03016","1.726437"
"130","9","39.220696","0.979332","0.030828","1.722897"
"140","9","38.271387","0.980974","0.031493","1.719663"
"150","9","37.366947","0.98247","0.032155","1.716698"
"160","9","36.504267","0.983837","0.032814","1.713973"
"170","9","35.680522","0.985089","0.033469","1.711461"
"180","9","34.893133","0.986237","0.034121","1.709141"
"190","9","34.139746","0.987293","0.03477","1.706993"
"200","9","33.418204","0.988265","0.035415","1.705"
"210","9","32.726531","0.989162","0.036057","1.703147"
"220","9","32.062909","0.98999","0.036695","1.701422"
"230","9","31.425665","0.990757","0.037329","1.699812"
"240","9","30.813258","0.991467","0.03796","1.698307"
"250","9","30.224263","0.992126","0.038588","1.696899"
"260","9","29.657364","0.992738","0.039212","1.695579"
"270","9","29.111338","0.993308","0.039832","1.69434"
"280","9","28.585055","0.993838","0.040449","1.693176"
"290","9","28.077463","0.994333","0.041062","1.69208"
"300","9","27.587583","0.994794","0.041672","1.691047"
"310","9","27.114505","0.995226","0.042278","1.690073"
"320","9","26.657377","0.995629","0.042881","1.689153"
"330","9","26.215408","0.996006","0.04348","1.688283"
"340","9","25.787855","0.99636","0.044076","1.68746"
"350","9","25.374025","0.996691","0.044669","1.68668"
"360","9","24.973266","0.997002","0.045258","1.685941"
"370","9","24.58497","0.997294","0.045843","1.685239"
"380","9","24.208564","0.997568","0.046426","1.684572"
"390","9","23.84351","0.997826","0.047005","1.683938"
"400","9","23.489302","0.998069","0.04758","1.683335"
"410","9","23.145464","0.998297","0.048153","1.682761"
"420","9","22.811546","0.998512","0.048722","1.682214"
"430","9","22.487127","0.998715","0.049289","1.681692"
"440","9","22.171806","0.998906","0.049852","1.681194"
"450","9","21.865206","0.999086","0.050412","1.680719"
"460","9","21.566969","0.999257","0.050969","1.680264"
"470","9","21.276759","0.999417","0.051523","1.67983"
"-100","10","100.438426","0.034724","0.442286","2.09856"
"-90","10","94.954483","0.033637","0.386927","2.186315"
"-80","10","90.038382","0.032738","0.339653","2.285762"
"-70","10","85.606269","0.032019","0.298648","2.401098"
"-60","10","81.590023","0.03148","0.262519","2.538902"
"-50","10","77.933737","0.84361","0.018709","2.022272"
"-40","10","74.591094","0.866653","0.01937","1.964652"
"-30","10","71.523395","0.884604","0.02004","1.922266"
"-20","10","68.698058","0.899085","0.020715","1.889403"
"-10","10","66.087454","0.911035","0.021394","1.863156"
"0","10","63.667997","0.921057","0.022076","1.841738"
"10","10","61.419437","0.92957","0.022759","1.823957"
"20","10","59.324283","0.936872","0.023443","1.808978"
"30","10","57.367354","0.94319","0.024127","1.796201"
"40","10","55.53541","0.948697","0.02481","1.785185"
"50","10","53.816845","0.953527","0.025493","1.775599"
"60","10","52.201451","0.957787","0.026175","1.76719"
"70","10","50.680208","0.961564","0.026855","1.759759"
"80","10","49.245118","0.964927","0.027533","1.753153"
"90","10","47.889064","0.967935","0.02821","1.747246"
"100","10","46.605691","0.970636","0.028884","1.741938"
"110","10","45.389308","0.973068","0.029556","1.737146"
"120","10","44.234805","0.975266","0.030225","1.732804"
"130","10","43.137575","0.977258","0.030891","1.728853"
"140","10","42.093461","0.979069","0.031554","1.725247"
"150","10","41.098697","0.980719","0.032215","1.721945"
"160","10","40.149864","0.982225","0.032872","1.718912"
"170","10","39.243853","0.983605","0.033526","1.71612"
"180","10","38.37783","0.984869","0.034177","1.713543"
"190","10","37.549203","0.986032","0.034824","1.711158"
"200","10","36.755603","0.987102","0.035468","1.708948"
"210","10","35.994854","0.988089","0.036109","1.706894"
"220","10","35.264957","0.989001","0.036746","1.704982"
"230","10","34.564073","0.989844","0.037379","1.703199"
"240","10","33.890507","0.990626","0.038009","1.701534"
"250","10","33.24269","0.991351","0.038636","1.699976"
"260","10","32.619176","0.992025","0.039259","1.698516"
"270","10","32.01862","0.992651","0.039878","1.697147"
"280","10","31.439779","0.993234","0.040494","1.69586"
"290","10","30.881494","0.993778","0.041106","1.694649"
"300","10","30.342691","0.994286","0.041715","1.693508"
"310","10","29.822367","0.99476","0.042321","1.692433"
"320","10","29.319588","0.995203","0.042923","1.691417"
"330","10","28.83348","0.995618","0.043521","1.690457"
"340","10","28.363228","0.996006","0.044116","1.689549"
"350","10","27.908069","0.996371","0.044708","1.688689"
"360","10","27.467288","0.996712","0.045296","1.687873"
"370","10","27.040214","0.997033","0.045881","1.687099"
"380","10","26.626217","0.997335","0.046463","1.686364"
"390","10","26.224706","0.997618","0.047041","1.685666"
"400","10","25.835124","0.997885","0.047616","1.685001"
"410","10","25.456947","0.998135","0.048188","1.684369"
"420","10","25.089683","0.998372","0.048757","1.683766"
"430","10","24.732864","0.998595","0.049323","1.683191"
"440","10","24.386053","0.998805","0.049885","1.682643"
"450","10","24.048833","0.999003","0.050445","1.682119"
"460","10","23.720812","0.99919","0.051001","1.681619"
"470","10","23.401619","0.999366","0.051555","1.68114"
