"1.01","Butane","C4 H10","15/05/2015"
"-100","0","4.090736","0.005849","0.792834","1.389588"
"-90","0","3.867382","0.005605","0.65646","1.393969"
"-80","0","3.667155","0.005388","0.553648","1.39755"
"-70","0","3.48664","0.005196","0.473754","1.400362"
"-60","0","3.323064","0.005024","0.410178","1.402492"
"-50","0","3.174147","0.00487","0.358604","1.40407"
"-40","0","3.038006","0.004732","0.316086","1.405251"
"-30","0","2.913062","0.00461","0.280545","1.406215"
"-20","0","2.797989","0.0045","0.250468","1.40716"
"-10","0","2.691663","0.004403","0.224731","1.408298"
"0","0","2.593121","0.959099","0.006769","1.118825"
"10","0","2.50154","0.964003","0.007025","1.112853"
"20","0","2.416207","0.968128","0.007279","1.107632"
"30","0","2.336503","0.971631","0.007531","1.103007"
"40","0","2.26189","0.974628","0.007781","1.098869"
"50","0","2.191895","0.977213","0.00803","1.095134"
"60","0","2.126102","0.979456","0.008277","1.09174"
"70","0","2.064144","0.981413","0.008523","1.08864"
"80","0","2.005694","0.983132","0.008768","1.085795"
"90","0","1.950464","0.984648","0.009011","1.083174"
"100","0","1.898194","0.985991","0.009253","1.080749"
"110","0","1.848652","0.987187","0.009495","1.078501"
"120","0","1.80163","0.988255","0.009735","1.07641"
"130","0","1.756942","0.989213","0.009974","1.074462"
"140","0","1.714416","0.990075","0.010213","1.072642"
"150","0","1.6739","0.990853","0.01045","1.070939"
"160","0","1.635256","0.991557","0.010687","1.069342"
"170","0","1.598355","0.992196","0.010922","1.067842"
"180","0","1.563083","0.992777","0.011157","1.066431"
"190","0","1.529334","0.993308","0.011392","1.065101"
"200","0","1.497012","0.993793","0.011625","1.063846"
"210","0","1.466027","0.994238","0.011858","1.062659"
"220","0","1.436299","0.994646","0.01209","1.061537"
"-100","10","44.463165","0.063528","0.79907","1.388053"
"-90","10","42.035474","0.060871","0.661658","1.392335"
"-80","10","39.859161","0.058514","0.558117","1.395796"
"-70","10","37.897105","0.056415","0.477687","1.398467"
"-60","10","36.119151","0.054542","0.413704","1.400433"
"-50","10","34.500547","0.052867","0.361814","1.40182"
"-40","10","33.020789","0.051367","0.319047","1.402779"
"-30","10","31.662747","0.050025","0.283307","1.403482"
"-20","10","30.411997","0.048827","0.253072","1.404117"
"-10","10","29.256306","0.04776","0.227208","1.404884"
"0","10","28.185235","0.046817","0.204856","1.406001"
"10","10","27.189818","0.04599","0.185349","1.407703"
"20","10","26.262313","0.045277","0.168164","1.410258"
"30","10","25.395999","0.044674","0.152883","1.413985"
"40","10","24.585014","0.044184","0.139166","1.41928"
"50","10","23.824221","0.043811","0.126732","1.426668"
"60","10","23.109101","0.043565","0.115343","1.436901"
"70","10","22.435661","0.043464","0.10479","1.451138"
"80","10","21.80036","0.043534","0.094877","1.471345"
"90","10","21.200047","0.799677","0.009375","1.199279"
"100","10","20.631909","0.821886","0.009595","1.173998"
"110","10","20.093428","0.840464","0.00982","1.155296"
"120","10","19.58234","0.856264","0.010048","1.140897"
"130","10","19.096607","0.869875","0.010278","1.129474"
"140","10","18.634387","0.881722","0.010508","1.120182"
"150","10","18.194014","0.892124","0.010739","1.112461"
"160","10","17.773974","0.901323","0.010969","1.105935"
"170","10","17.372892","0.90951","0.0112","1.100338"
"180","10","16.989511","0.916834","0.011431","1.095482"
"190","10","16.622686","0.923416","0.011661","1.091225"
"200","10","16.271366","0.929358","0.01189","1.08746"
"210","10","15.93459","0.93474","0.012119","1.084105"
"220","10","15.611471","0.939633","0.012348","1.081096"
"-100","20","84.835593","0.121118","0.805319","1.386542"
"-90","20","80.203565","0.116043","0.666861","1.390727"
"-80","20","76.051167","0.111541","0.562586","1.394073"
"-70","20","72.307571","0.107531","0.481617","1.396609"
"-60","20","68.915238","0.10395","0.417225","1.398419"
"-50","20","65.826946","0.100745","0.365017","1.399624"
"-40","20","63.003573","0.097874","0.321999","1.400372"
"-30","20","60.412433","0.095304","0.286059","1.400829"
"-20","20","58.026004","0.093004","0.255663","1.401174"
"-10","20","55.82095","0.090955","0.229671","1.401596"
"0","20","53.777349","0.089138","0.207217","1.402296"
"10","20","51.878096","0.08754","0.187633","1.40349"
"20","20","50.108419","0.086152","0.170393","1.405414"
"30","20","48.455494","0.084971","0.155078","1.408342"
"40","20","46.908137","0.083997","0.141348","1.412602"
"50","20","45.456546","0.083236","0.128924","1.418613"
"60","20","44.0921","0.082702","0.117573","1.426944"
"70","20","42.807178","0.082419","0.107092","1.438431"
"80","20","41.595025","0.082427","0.097301","1.45439"
"90","20","40.44963","0.082794","0.088024","1.477122"
"100","20","39.365625","0.083638","0.079074","1.511187"
"110","20","38.338204","0.085193","0.070201","1.567508"
"120","20","37.36305","0.666004","0.011114","1.399211"
"130","20","36.436272","0.709923","0.011147","1.296615"
"140","20","35.554358","0.743685","0.011246","1.240475"
"150","20","34.714127","0.771052","0.011382","1.204441"
"160","20","33.912693","0.793934","0.011541","1.179093"
"170","20","33.147429","0.81346","0.011715","1.160185"
"180","20","32.415939","0.830369","0.0119","1.145492"
"190","20","31.716038","0.845178","0.012092","1.133725"
"200","20","31.045721","0.858264","0.01229","1.124077"
"210","20","30.403152","0.869911","0.012492","1.116015"
"220","20","29.786643","0.880342","0.012698","1.109173"
"-100","30","125.208022","0.17862","0.81158","1.385053"
"-90","30","118.371657","0.171123","0.67207","1.389146"
"-80","30","112.243173","0.164471","0.567056","1.392381"
"-70","30","106.718036","0.158544","0.485544","1.394787"
"-60","30","101.711325","0.153249","0.420741","1.396447"
"-50","30","97.153345","0.148508","0.368214","1.397479"
"-40","30","92.986356","0.144258","0.324943","1.398028"
"-30","30","89.162118","0.140448","0.2888","1.398253"
"-20","30","85.640012","0.137038","0.258242","1.398325"
"-10","30","82.385594","0.133992","0.23212","1.398426"
"0","30","79.369463","0.131285","0.209563","1.398741"
"10","30","76.566375","0.128898","0.189898","1.399469"
"20","30","73.954525","0.126815","0.172599","1.400821"
"30","30","71.514989","0.125029","0.157245","1.403035"
"40","30","69.23126","0.123538","0.143496","1.406384"
"50","30","67.088872","0.122348","0.131075","1.411207"
"60","30","65.075098","0.121473","0.11975","1.417943"
"70","30","63.178694","0.120941","0.109324","1.427202"
"80","30","61.38969","0.120795","0.099625","1.439892"
"90","30","59.699212","0.121108","0.090496","1.457479"
"100","30","58.099341","0.122001","0.08178","1.482576"
"110","30","56.58298","0.123685","0.073301","1.520503"
"120","30","55.143759","0.126587","0.064813","1.584419"
"130","30","53.775937","0.131783","0.055837","1.719897"
"140","30","52.474329","0.50987","0.013849","2.29635"
"150","30","51.234241","0.600811","0.01303","1.554974"
"160","30","50.051412","0.655569","0.012783","1.37991"
"170","30","48.921965","0.696332","0.012714","1.295286"
"180","30","47.842368","0.728933","0.012734","1.244205"
"190","30","46.80939","0.756012","0.012806","1.209687"
"200","30","45.820076","0.779049","0.012912","1.184681"
"210","30","44.871715","0.798977","0.013041","1.165682"
"220","30","43.961815","0.816431","0.013188","1.150733"
"-100","40","165.58045","0.236034","0.817854","1.383586"
"-90","40","156.539749","0.226112","0.677285","1.38759"
"-80","40","148.43518","0.217305","0.571527","1.390718"
"-70","40","141.128501","0.209457","0.48947","1.392999"
"-60","40","134.507412","0.202442","0.424254","1.394516"
"-50","40","128.479744","0.196157","0.371405","1.395383"
"-40","40","122.96914","0.19052","0.327879","1.395742"
"-30","40","117.911803","0.185463","0.291533","1.395748"
"-20","40","113.254019","0.18093","0.26081","1.395565"
"-10","40","108.950237","0.176876","0.234555","1.395365"
"0","40","104.961578","0.173266","0.211892","1.395325"
"10","40","101.254653","0.170072","0.192145","1.395625"
"20","40","97.800631","0.167273","0.174784","1.396457"
"30","40","94.574484","0.164858","0.159387","1.398028"
"40","40","91.554383","0.162822","0.145614","1.400572"
"50","40","88.721197","0.161167","0.133187","1.404363"
"60","40","86.058097","0.159907","0.121878","1.409744"
"70","40","83.550211","0.159069","0.111493","1.41717"
"80","40","81.184355","0.158698","0.101866","1.427278"
"90","40","78.948795","0.158862","0.09285","1.441035"
"100","40","76.833056","0.159675","0.084306","1.460017"
"110","40","74.827757","0.161322","0.076097","1.487077"
"120","40","72.924469","0.164133","0.068061","1.528098"
"130","40","71.115602","0.168771","0.059968","1.597656"
"140","40","69.3943","0.176909","0.051371","1.744941"
"150","40","67.754354","0.195651","0.040758","2.314564"
"160","40","66.19013","0.413423","0.01777","3.583522"
"170","40","64.696502","0.537684","0.015156","1.779299"
"180","40","63.268796","0.60426","0.014414","1.489561"
"190","40","61.902742","0.652339","0.014083","1.364101"
"200","40","60.594431","0.690261","0.013935","1.292754"
"210","40","59.340277","0.721528","0.013888","1.246373"
"220","40","58.136987","0.748017","0.013905","1.213687"
"-100","50","205.952879","0.293363","0.824142","1.382142"
"-90","50","194.70784","0.281012","0.682506","1.386059"
"-80","50","184.627186","0.270046","0.576","1.389084"
"-70","50","175.538966","0.260271","0.493395","1.391245"
"-60","50","167.3035","0.25153","0.427762","1.392624"
"-50","50","159.806144","0.243695","0.374589","1.393335"
"-40","50","152.951923","0.236664","0.330808","1.393514"
"-30","50","146.661488","0.230351","0.294256","1.393312"
"-20","50","140.868027","0.224685","0.263367","1.392889"
"-10","50","135.514881","0.219612","0.236978","1.392409"
"0","50","130.553692","0.215085","0.214207","1.392037"
"10","50","125.942931","0.211069","0.194375","1.391944"
"20","50","121.646737","0.207537","0.176949","1.392302"
"30","50","117.63398","0.204471","0.161505","1.393295"
"40","50","113.877506","0.201863","0.147703","1.395122"
"50","50","110.353523","0.199712","0.135265","1.398009"
"60","50","107.041095","0.19803","0.123964","1.40223"
"70","50","103.921728","0.196839","0.113609","1.408125"
"80","50","100.97902","0.196183","0.104036","1.416152"
"90","50","98.198378","0.196124","0.095106","1.426961"
"100","50","95.566772","0.196765","0.086693","1.441543"
"110","50","93.072533","0.198265","0.078679","1.461527"
"120","50","90.705178","0.200883","0.070941","1.489874"
"130","50","88.455267","0.205078","0.063341","1.532613"
"140","50","86.314271","0.211756","0.055682","1.604095"
"150","50","84.274468","0.223098","0.047607","1.747499"
"160","50","82.328849","0.246563","0.038237","2.150104"
"170","50","80.471039","0.320468","0.026067","3.156209"
"180","50","78.695224","0.446088","0.018915","2.258745"
"190","50","76.996094","0.532004","0.016718","1.713822"
"200","50","75.368786","0.592305","0.015765","1.49377"
"210","50","73.80884","0.638772","0.015268","1.378745"
"220","50","72.312158","0.676504","0.014997","1.308376"
"-100","60","246.325307","0.350607","0.830444","1.380718"
"-90","60","232.875932","0.335823","0.687733","1.384551"
"-80","60","220.819192","0.322694","0.580475","1.387477"
"-70","60","209.949431","0.310987","0.497318","1.389524"
"-60","60","200.099587","0.300515","0.431267","1.390771"
"-50","60","191.132543","0.291125","0.377769","1.391332"
"-40","60","182.934707","0.282692","0.333729","1.391339"
"-30","60","175.411174","0.275114","0.29697","1.390941"
"-20","60","168.482034","0.268308","0.265913","1.390292"
"-10","60","162.079525","0.262204","0.239388","1.38955"
"0","60","156.145806","0.256748","0.216508","1.388871"
"10","60","150.631209","0.251895","0.196589","1.388415"
"20","60","145.492843","0.247613","0.179094","1.38834"
"30","60","140.693475","0.243878","0.1636","1.388809"
"40","60","136.200629","0.240675","0.149765","1.389995"
"50","60","131.985848","0.238","0.137311","1.392088"
"60","60","128.024094","0.235862","0.126011","1.395305"
"70","60","124.293245","0.234279","0.115675","1.399906"
"80","60","120.773685","0.233289","0.106144","1.406226"
"90","60","117.447961","0.232949","0.097281","1.41471"
"100","60","114.300488","0.233348","0.088968","1.425996"
"110","60","111.317309","0.234622","0.081099","1.441057"
"120","60","108.485888","0.236978","0.073573","1.461498"
"130","60","105.794932","0.240751","0.066289","1.490182"
"140","60","103.234242","0.24652","0.059134","1.532698"
"150","60","100.794581","0.255381","0.051957","1.601184"
"160","60","98.467568","0.269729","0.044536","1.72492"
"170","60","96.245576","0.2957","0.036551","1.968208"
"180","60","94.121653","0.346979","0.028291","2.251017"
"190","60","92.089446","0.423338","0.022281","2.090091"
"200","60","90.14314","0.497135","0.019179","1.776362"
"210","60","88.277402","0.557515","0.017593","1.565288"
"220","60","86.48733","0.606445","0.016704","1.436721"
"-100","70","286.697735","0.407767","0.836759","1.379314"
"-90","70","271.044023","0.390546","0.692967","1.383067"
"-80","70","257.011198","0.37525","0.584951","1.385897"
"-70","70","244.359896","0.361608","0.50124","1.387834"
"-60","70","232.895674","0.349399","0.434768","1.388955"
"-50","70","222.458942","0.338447","0.380943","1.389372"
"-40","70","212.91749","0.328606","0.336643","1.389217"
"-30","70","204.160859","0.319756","0.299675","1.388633"
"-20","70","196.096041","0.3118","0.26845","1.387771"
"-10","70","188.644168","0.304656","0.241787","1.386783"
"0","70","181.73792","0.298259","0.218796","1.385819"
"10","70","175.319488","0.292557","0.198786","1.385027"
"20","70","169.338949","0.28751","0.181222","1.384555"
"30","70","163.75297","0.283086","0.165675","1.384549"
"40","70","158.523752","0.279268","0.151803","1.38516"
"50","70","153.618174","0.276045","0.139328","1.386549"
"60","70","149.007093","0.273422","0.128023","1.388892"
"70","70","144.664761","0.271412","0.117698","1.39239"
"80","70","140.56835","0.270048","0.108197","1.397288"
"90","70","136.697543","0.269379","0.099386","1.403898"
"100","70","133.034203","0.269482","0.09115","1.412639"
"110","70","129.562085","0.270471","0.083392","1.424108"
"120","70","126.266598","0.272513","0.076021","1.439217"
"130","70","123.134597","0.275863","0.068957","1.459442"
"140","70","120.154213","0.280921","0.062119","1.487313"
"150","70","117.314694","0.28835","0.055424","1.527391"
"160","70","114.606286","0.299327","0.048777","1.588094"
"170","70","112.020113","0.316092","0.042083","1.683224"
"180","70","109.548081","0.342827","0.035347","1.817444"
"190","70","107.182798","0.384526","0.029066","1.90959"
"200","70","104.917495","0.438869","0.024253","1.843983"
"210","70","102.745965","0.495698","0.021155","1.695644"
"220","70","100.662502","0.54794","0.019261","1.556395"
"-100","80","327.070164","0.464844","0.843089","1.377931"
"-90","80","309.212115","0.445184","0.698207","1.381606"
"-80","80","293.203204","0.427717","0.58943","1.384344"
"-70","80","278.770361","0.412134","0.50516","1.386174"
"-60","80","265.691761","0.398184","0.438266","1.387174"
"-50","80","253.785341","0.385665","0.384111","1.387454"
"-40","80","242.900274","0.374409","0.339551","1.387144"
"-30","80","232.910544","0.36428","0.302373","1.386385"
"-20","80","223.710049","0.355165","0.270977","1.385322"
"-10","80","215.208812","0.346972","0.244175","1.384104"
"0","80","207.330034","0.339624","0.22107","1.382873"
"10","80","200.007766","0.33306","0.20097","1.381771"
"20","80","193.185055","0.327233","0.183333","1.380933"
"30","80","186.812465","0.322105","0.16773","1.380495"
"40","80","180.846875","0.317653","0.153818","1.380589"
"50","80","175.250499","0.313861","0.141318","1.381352"
"60","80","169.990091","0.310727","0.130002","1.382928"
"70","80","165.036278","0.308261","0.119682","1.385476"
"80","80","160.363015","0.306488","0.110202","1.389177"
"90","80","155.947126","0.305451","0.101429","1.394251"
"100","80","151.767919","0.305214","0.093254","1.400977"
"110","80","147.806861","0.305871","0.085581","1.409728"
"120","80","144.047307","0.30756","0.078328","1.421037"
"130","80","140.474262","0.310477","0.071423","1.435703"
"140","80","137.074183","0.314914","0.064803","1.454973"
"150","80","133.834808","0.321312","0.058409","1.480837"
"160","80","130.745005","0.330364","0.052187","1.516424"
"170","80","127.794649","0.343195","0.046096","1.565981"
"180","80","124.974509","0.361601","0.040133","1.631727"
"190","80","122.27615","0.387992","0.034433","1.699953"
"200","80","119.69185","0.423797","0.029375","1.72587"
"210","80","117.214527","0.466735","0.025393","1.681821"
"220","80","114.837674","0.512002","0.022551","1.598223"
"-100","90","367.442592","0.521839","0.849433","1.376567"
"-90","90","347.380207","0.499736","0.703454","1.380167"
"-80","90","329.39521","0.480095","0.593911","1.382816"
"-70","90","313.180826","0.462567","0.50908","1.384543"
"-60","90","298.487848","0.446872","0.441761","1.385428"
"-50","90","285.11174","0.43278","0.387275","1.385577"
"-40","90","272.883058","0.420103","0.342452","1.385119"
"-30","90","261.66023","0.408688","0.305063","1.384193"
"-20","90","251.324056","0.398407","0.273495","1.382941"
"-10","90","241.773456","0.389155","0.246553","1.381506"
"0","90","232.922149","0.380846","0.223333","1.380027"
"10","90","224.696044","0.373409","0.203139","1.378637"
"20","90","217.031161","0.36679","0.185427","1.377464"
"30","90","209.871961","0.360943","0.169766","1.376631"
"40","90","203.169998","0.355839","0.155811","1.376257"
"50","90","196.882825","0.351457","0.143282","1.376461"
"60","90","190.97309","0.347791","0.131951","1.377361"
"70","90","185.407795","0.344843","0.12163","1.379084"
"80","90","180.157681","0.342633","0.112163","1.381767"
"90","90","175.196709","0.341194","0.10342","1.385564"
"100","90","170.501634","0.34058","0.09529","1.390663"
"110","90","166.051637","0.34087","0.087683","1.397298"
"120","90","161.828017","0.342174","0.080521","1.405785"
"130","90","157.813927","0.344647","0.073736","1.416567"
"140","90","153.994154","0.348509","0.067273","1.430287"
"150","90","150.354921","0.354069","0.061085","1.447886"
"160","90","146.883724","0.361779","0.055132","1.47069"
"170","90","143.569186","0.372301","0.049389","1.500267"
"180","90","140.400938","0.386585","0.043853","1.537338"
"190","90","137.369502","0.405873","0.038575","1.578176"
"200","90","134.466205","0.431301","0.033704","1.608742"
"210","90","131.68309","0.462877","0.02948","1.608723"
"220","90","129.012846","0.498793","0.026088","1.573639"
"-100","100","407.815021","0.578754","0.855792","1.375222"
"-90","100","385.548298","0.554205","0.708709","1.378749"
"-80","100","365.587216","0.532386","0.598394","1.381312"
"-70","100","347.591291","0.512909","0.513","1.382941"
"-60","100","331.283936","0.495463","0.445253","1.383714"
"-50","100","316.43814","0.479793","0.390435","1.383738"
"-40","100","302.865841","0.465691","0.345348","1.38314"
"-30","100","290.409915","0.452983","0.307745","1.382056"
"-20","100","278.938064","0.441529","0.276004","1.380625"
"-10","100","268.338099","0.43121","0.24892","1.378987"
"0","100","258.514263","0.42193","0.225584","1.377275"
"10","100","249.384322","0.41361","0.205295","1.375618"
"20","100","240.877267","0.406185","0.187506","1.374135"
"30","100","232.931456","0.399606","0.171785","1.372941"
"40","100","225.493121","0.393835","0.157784","1.372143"
"50","100","218.51515","0.388847","0.145223","1.371845"
"60","100","211.956088","0.384627","0.133873","1.372147"
"70","100","205.779312","0.381175","0.123546","1.373149"
"80","100","199.952346","0.378501","0.114085","1.374956"
"90","100","194.446292","0.376633","0.105362","1.377679"
"100","100","189.23535","0.375613","0.097268","1.381442"
"110","100","184.296414","0.375505","0.089713","1.386393"
"120","100","179.608727","0.376399","0.08262","1.392717"
"130","100","175.153593","0.378418","0.075927","1.40066"
"140","100","170.914125","0.381728","0.069582","1.410558"
"150","100","166.875035","0.386557","0.063541","1.422871"
"160","100","163.022442","0.393216","0.057773","1.438196"
"170","100","159.343723","0.402133","0.052255","1.457159"
"180","100","155.827366","0.413876","0.046983","1.479947"
"190","100","152.462854","0.42916","0.04198","1.50506"
"200","100","149.24056","0.448704","0.037312","1.527241"
"210","100","146.151652","0.472863","0.033101","1.537006"
"220","100","143.188018","0.50115","0.029483","1.526452"
"-100","110","448.187449","0.635588","0.862165","1.373896"
"-90","110","423.71639","0.608591","0.713971","1.377353"
"-80","110","401.779223","0.58459","0.602881","1.379833"
"-70","110","382.001757","0.563161","0.516919","1.381367"
"-60","110","364.080023","0.543961","0.448742","1.382033"
"-50","110","347.764539","0.526708","0.39359","1.381938"
"-40","110","332.848625","0.511173","0.348237","1.381205"
"-30","110","319.1596","0.497167","0.310421","1.379971"
"-20","110","306.552071","0.484533","0.278504","1.378371"
"-10","110","294.902743","0.473139","0.251277","1.376542"
"0","110","284.106377","0.46288","0.227823","1.374612"
"10","110","274.072601","0.453666","0.207438","1.372706"
"20","110","264.723373","0.445426","0.189571","1.370938"
"30","110","255.990951","0.438102","0.173787","1.369413"
"40","110","247.816244","0.43165","0.159738","1.368229"
"50","110","240.147476","0.426038","0.147142","1.367479"
"60","110","232.939087","0.421248","0.135769","1.367247"
"70","110","226.150829","0.417271","0.125431","1.367617"
"80","110","219.747011","0.414112","0.115971","1.368666"
"90","110","213.695875","0.411791","0.107262","1.370475"
"100","110","207.969066","0.410339","0.099194","1.373127"
"110","110","202.54119","0.409809","0.091678","1.376712"
"120","110","197.389436","0.410272","0.08464","1.381336"
"130","110","192.493258","0.411825","0.078019","1.387131"
"140","110","187.834096","0.414597","0.071763","1.394268"
"150","110","183.395148","0.418759","0.065832","1.40297"
"160","110","179.161161","0.424533","0.060197","1.413504"
"170","110","175.11826","0.432211","0.054836","1.426118"
"180","110","171.253794","0.442162","0.049741","1.440807"
"190","110","167.556206","0.45483","0.044922","1.456795"
"200","110","164.014915","0.470674","0.040412","1.471701"
"210","110","160.620215","0.490012","0.036273","1.481039"
"220","110","157.363189","0.512781","0.03259","1.479598"
"-100","120","488.559878","0.692343","0.868554","1.372588"
"-90","120","461.884482","0.662894","0.71924","1.375977"
"-80","120","437.971229","0.636709","0.60737","1.378376"
"-70","120","416.412222","0.613325","0.520838","1.37982"
"-60","120","396.87611","0.592365","0.45223","1.380383"
"-50","120","379.090938","0.573525","0.396741","1.380173"
"-40","120","362.831408","0.556553","0.351121","1.379313"
"-30","120","347.909286","0.541243","0.313089","1.377935"
"-20","120","334.166079","0.527421","0.280997","1.376176"
"-10","120","321.467387","0.514946","0.253625","1.374166"
"0","120","309.698491","0.503699","0.230052","1.372034"
"10","120","298.760879","0.493583","0.209569","1.369896"
"20","120","288.569479","0.484516","0.191622","1.367863"
"30","120","279.050446","0.476436","0.175774","1.366033"
"40","120","270.139367","0.46929","0.161674","1.364498"
"50","120","261.779801","0.463041","0.14904","1.36334"
"60","120","253.922086","0.457663","0.137641","1.362631"
"70","120","246.522345","0.453144","0.127288","1.362441"
"80","120","239.541676","0.449481","0.117825","1.36283"
"90","120","232.945457","0.446685","0.109123","1.363855"
"100","120","226.702781","0.444781","0.101073","1.365571"
"110","120","220.785966","0.443807","0.093588","1.368031"
"120","120","215.170146","0.443821","0.086593","1.371291"
"130","120","209.832923","0.444899","0.080026","1.375416"
"140","120","204.754067","0.447142","0.07384","1.380485"
"150","120","199.915261","0.450677","0.067993","1.386598"
"160","120","195.29988","0.455669","0.062457","1.393863"
"170","120","190.892797","0.462323","0.057209","1.402361"
"180","120","186.680223","0.47089","0.05224","1.412021"
"190","120","182.649558","0.481663","0.04755","1.422372"
"200","120","178.789269","0.494944","0.043156","1.432171"
"210","120","175.088777","0.51097","0.039091","1.439105"
"220","120","171.538361","0.529789","0.035404","1.440129"
"-100","130","528.932306","0.749021","0.874959","1.371297"
"-90","130","500.052573","0.717118","0.724517","1.374621"
"-80","130","474.163235","0.688745","0.611862","1.376943"
"-70","130","450.822687","0.663401","0.524757","1.378298"
"-60","130","429.672197","0.640678","0.455715","1.378763"
"-50","130","410.417337","0.620246","0.399888","1.378443"
"-40","130","392.814192","0.601833","0.354","1.377461"
"-30","130","376.658971","0.585212","0.315751","1.375948"
"-20","130","361.780086","0.570198","0.283482","1.374037"
"-10","130","348.03203","0.556634","0.255964","1.371858"
"0","130","335.290605","0.544392","0.232271","1.369534"
"10","130","323.449157","0.533364","0.211688","1.367181"
"20","130","312.415585","0.523462","0.19366","1.364902"
"30","130","302.109942","0.514613","0.177745","1.362793"
"40","130","292.46249","0.506762","0.163593","1.360936"
"50","130","283.412127","0.499862","0.150919","1.359407"
"60","130","274.905084","0.493884","0.139491","1.358271"
"70","130","266.893862","0.488806","0.12912","1.357584"
"80","130","259.336341","0.484621","0.119649","1.357393"
"90","130","252.19504","0.481333","0.110948","1.357741"
"100","130","245.436497","0.478957","0.102911","1.358661"
"110","130","239.030742","0.477523","0.095449","1.360182"
"120","130","232.950855","0.477073","0.088486","1.362329"
"130","130","227.172588","0.477668","0.081963","1.365127"
"140","130","221.674038","0.479384","0.07583","1.368603"
"150","130","216.435375","0.482319","0.070048","1.372788"
"160","130","211.438598","0.486596","0.064587","1.377714"
"170","130","206.667333","0.492362","0.059425","1.383384"
"180","130","202.106651","0.499793","0.054547","1.389709"
"190","130","197.74291","0.509089","0.049951","1.396374"
"200","130","193.563624","0.520454","0.045643","1.402654"
"210","130","189.55734","0.534056","0.041639","1.407255"
"220","130","185.713533","0.549963","0.037969","1.408383"
"-100","140","569.304735","0.805621","0.881379","1.370024"
"-90","140","538.220665","0.771261","0.729802","1.373284"
"-80","140","510.355241","0.740698","0.616358","1.375532"
"-70","140","485.233152","0.71339","0.528676","1.376802"
"-60","140","462.468284","0.688902","0.459197","1.377172"
"-50","140","441.743737","0.666874","0.403032","1.376747"
"-40","140","422.796975","0.647013","0.356873","1.375649"
"-30","140","405.408656","0.629077","0.318406","1.374006"
"-20","140","389.394094","0.612864","0.285959","1.371952"
"-10","140","374.596674","0.598205","0.258294","1.369613"
"0","140","360.882719","0.58496","0.234479","1.36711"
"10","140","348.137435","0.573013","0.213796","1.364555"
"20","140","336.261691","0.562266","0.195685","1.362049"
"30","140","325.169437","0.552641","0.179703","1.359681"
"40","140","314.785613","0.544072","0.165496","1.35753"
"50","140","305.044452","0.53651","0.152779","1.355665"
"60","140","295.888083","0.529917","0.14132","1.354143"
"70","140","287.265379","0.524267","0.130927","1.353012"
"80","140","279.131006","0.519546","0.121445","1.352311"
"90","140","271.444623","0.515749","0.112742","1.352068"
"100","140","264.170213","0.512886","0.104712","1.352305"
"110","140","257.275518","0.510975","0.097265","1.353034"
"120","140","250.731565","0.510049","0.090327","1.35426"
"130","140","244.512253","0.510153","0.083838","1.355984"
"140","140","238.594009","0.511345","0.077747","1.358203"
"150","140","232.955488","0.513699","0.072016","1.360913"
"160","140","227.577317","0.517307","0.066613","1.364103"
"170","140","222.44187","0.522275","0.061515","1.367744"
"180","140","217.533079","0.52873","0.056707","1.371744"
"190","140","212.836262","0.536811","0.05218","1.375879"
"200","140","208.337979","0.546656","0.047935","1.379695"
"210","140","204.025903","0.558386","0.043981","1.38241"
"220","140","199.888705","0.572057","0.040332","1.382931"
"-100","150","609.677163","0.862145","0.887815","1.368768"
"-90","150","576.388757","0.825325","0.735096","1.371966"
"-80","150","546.547247","0.792569","0.620857","1.374142"
"-70","150","519.643617","0.763295","0.532596","1.37533"
"-60","150","495.264372","0.737036","0.462679","1.375609"
"-50","150","473.070136","0.713408","0.406171","1.375084"
"-40","150","452.779759","0.692097","0.359742","1.373874"
"-30","150","434.158342","0.67284","0.321056","1.372109"
"-20","150","417.008101","0.655422","0.288429","1.369919"
"-10","150","401.161318","0.639662","0.260616","1.367429"
"0","150","386.474834","0.625408","0.236679","1.364758"
"10","150","372.825714","0.612534","0.215894","1.362014"
"20","150","360.107797","0.600934","0.197698","1.359296"
"30","150","348.228932","0.590522","0.181646","1.356689"
"40","150","337.108736","0.581227","0.167383","1.354268"
"50","150","326.676778","0.572992","0.154622","1.352097"
"60","150","316.871081","0.565772","0.143129","1.350226"
"70","150","307.636896","0.559537","0.132712","1.348698"
"80","150","298.925671","0.554265","0.123215","1.347544"
"90","150","290.694206","0.549946","0.114506","1.346785"
"100","150","282.903928","0.546581","0.106478","1.346431"
"110","150","275.520294","0.544182","0.099042","1.346485"
"120","150","268.512275","0.542768","0.092122","1.346939"
"130","150","261.851918","0.542374","0.085658","1.347781"
"140","150","255.51398","0.543043","0.0796","1.34899"
"150","150","249.475602","0.544829","0.073908","1.350543"
"160","150","243.716036","0.547801","0.068551","1.352409"
"170","150","238.216407","0.552035","0.063502","1.354542"
"180","150","232.959507","0.557623","0.058747","1.356858"
"190","150","227.929614","0.564662","0.054273","1.359191"
"200","150","223.112334","0.573248","0.050077","1.361236"
"210","150","218.494465","0.583462","0.04616","1.362496"
"220","150","214.063877","0.595349","0.042529","1.362275"
"-100","160","650.049592","0.918593","0.894267","1.367529"
"-90","160","614.556848","0.879312","0.740397","1.370667"
"-80","160","582.739253","0.844359","0.625359","1.372773"
"-70","160","554.054082","0.813117","0.536516","1.373883"
"-60","160","528.060459","0.785084","0.466158","1.374074"
"-50","160","504.396535","0.759852","0.409308","1.373452"
"-40","160","482.762542","0.737085","0.362606","1.372136"
"-30","160","462.908027","0.716503","0.323699","1.370254"
"-20","160","444.622109","0.697876","0.290892","1.367935"
"-10","160","427.725962","0.681008","0.26293","1.365302"
"0","160","412.066948","0.665738","0.238869","1.362473"
"10","160","397.513992","0.65193","0.217981","1.359553"
"20","160","383.953903","0.63947","0.199699","1.356637"
"30","160","371.288427","0.628263","0.183577","1.35381"
"40","160","359.431859","0.618232","0.169256","1.351141"
"50","160","348.309103","0.609313","0.156449","1.348689"
"60","160","337.85408","0.601457","0.144919","1.346503"
"70","160","328.008413","0.594624","0.134476","1.344618"
"80","160","318.720336","0.58879","0.124961","1.343061"
"90","160","309.943788","0.583936","0.116243","1.341846"
"100","160","301.637644","0.580058","0.108214","1.340978"
"110","160","293.765071","0.577157","0.100783","1.340452"
"120","160","286.292984","0.575247","0.093875","1.340253"
"130","160","279.191583","0.574349","0.087431","1.340361"
"140","160","272.433951","0.574494","0.081398","1.340745"
"150","160","265.995715","0.575722","0.075737","1.341373"
"160","160","259.854754","0.578082","0.070414","1.342204"
"170","160","253.990944","0.581629","0.065405","1.343187"
"180","160","248.385936","0.586428","0.06069","1.344246"
"190","160","243.022966","0.592545","0.056256","1.345254"
"200","160","237.886689","0.600048","0.052096","1.345996"
"210","160","232.963028","0.608992","0.048208","1.346142"
"220","160","228.239049","0.619404","0.044593","1.345232"
"-100","170","690.42202","0.974966","0.900736","1.366306"
"-90","170","652.72494","0.933221","0.745708","1.369386"
"-80","170","618.931259","0.89607","0.629866","1.371424"
"-70","170","588.464547","0.862855","0.540437","1.372458"
"-60","170","560.856546","0.833046","0.469636","1.372565"
"-50","170","535.722934","0.806206","0.412442","1.37185"
"-40","170","512.745326","0.781979","0.365465","1.370432"
"-30","170","491.657712","0.760068","0.326337","1.368439"
"-20","170","472.236116","0.740226","0.293348","1.365998"
"-10","170","454.290605","0.722246","0.265237","1.36323"
"0","170","437.659062","0.705954","0.24105","1.360252"
"10","170","422.20227","0.691205","0.220058","1.357167"
"20","170","407.800009","0.677877","0.20169","1.354068"
"30","170","394.347923","0.665867","0.185495","1.351035"
"40","170","381.754982","0.655092","0.171115","1.348137"
"50","170","369.941429","0.64548","0.15826","1.34543"
"60","170","358.837079","0.636976","0.146692","1.342956"
"70","170","348.379929","0.629537","0.136221","1.34075"
"80","170","338.515001","0.623129","0.126685","1.338832"
"90","170","329.193371","0.61773","0.117955","1.337214"
"100","170","320.371359","0.613326","0.10992","1.335896"
"110","170","312.009847","0.609915","0.10249","1.334868"
"120","170","304.073694","0.607499","0.095591","1.334112"
"130","170","296.531248","0.606092","0.08916","1.333602"
"140","170","289.353922","0.605713","0.083147","1.333304"
"150","170","282.515828","0.60639","0.077509","1.33318"
"160","170","275.993473","0.608156","0.072213","1.333187"
"170","170","269.765481","0.61105","0.067234","1.333273"
"180","170","263.812364","0.615117","0.06255","1.33337"
"190","170","258.116318","0.620402","0.058147","1.333378"
"200","170","252.661044","0.626948","0.054015","1.333141"
"210","170","247.43159","0.634792","0.050149","1.33243"
"220","170","242.41422","0.64395","0.046546","1.330932"
"-100","180","730.794448","1.031266","0.907221","1.365098"
"-90","180","690.893032","0.987054","0.751027","1.368122"
"-80","180","655.123266","0.947702","0.634376","1.370096"
"-70","180","622.875012","0.912513","0.544359","1.371056"
"-60","180","593.652633","0.880923","0.473113","1.371082"
"-50","180","567.049333","0.852472","0.415572","1.370278"
"-40","180","542.72811","0.826782","0.368321","1.368763"
"-30","180","520.407398","0.803537","0.32897","1.366664"
"-20","180","499.850123","0.782475","0.295798","1.364106"
"-10","180","480.855249","0.763377","0.267536","1.361211"
"0","180","463.251176","0.746058","0.243223","1.358093"
"10","180","446.890548","0.730362","0.222126","1.354853"
"20","180","431.646115","0.716159","0.203669","1.351582"
"30","180","417.407418","0.70334","0.187402","1.34836"
"40","180","404.078106","0.691811","0.172961","1.345251"
"50","180","391.573754","0.681498","0.160056","1.342308"
"60","180","379.820077","0.672339","0.148449","1.339573"
"70","180","368.751446","0.664283","0.137947","1.337076"
"80","180","358.309667","0.657291","0.128389","1.334835"
"90","180","348.442954","0.651336","0.119643","1.332858"
"100","180","339.105075","0.646398","0.1116","1.331143"
"110","180","330.254623","0.642467","0.104168","1.329678"
"120","180","321.854404","0.639538","0.097273","1.328443"
"130","180","313.870913","0.637617","0.090851","1.327408"
"140","180","306.273893","0.636714","0.084851","1.326539"
"150","180","299.035942","0.636844","0.079231","1.325796"
"160","180","292.132191","0.638031","0.073957","1.325136"
"170","180","285.540017","0.640299","0.069","1.324509"
"180","180","279.238792","0.643677","0.064341","1.323854"
"190","180","273.20967","0.648193","0.059961","1.323092"
"200","180","267.435398","0.653877","0.05585","1.322106"
"210","180","261.900153","0.660746","0.052","1.320731"
"220","180","256.589392","0.668809","0.048406","1.318748"
"-100","190","771.166877","1.087492","0.913724","1.363906"
"-90","190","729.061123","1.040813","0.756355","1.366876"
"-80","190","691.315272","0.999257","0.638891","1.368786"
"-70","190","657.285477","0.962089","0.548281","1.369676"
"-60","190","626.44872","0.928717","0.476588","1.369624"
"-50","190","598.375733","0.898652","0.4187","1.368734"
"-40","190","572.710893","0.871494","0.371172","1.367127"
"-30","190","549.157083","0.846911","0.331597","1.364926"
"-20","190","527.464131","0.824625","0.298242","1.362258"
"-10","190","507.419893","0.804404","0.269827","1.359242"
"0","190","488.84329","0.786052","0.245388","1.355992"
"10","190","471.578827","0.769404","0.224184","1.352606"
"20","190","455.492222","0.75432","0.205639","1.349176"
"30","190","440.466913","0.740683","0.189297","1.345777"
"40","190","426.401229","0.728395","0.174794","1.342472"
"50","190","413.20608","0.717373","0.161838","1.339314"
"60","190","400.803076","0.707549","0.15019","1.33634"
"70","190","389.122963","0.698867","0.139655","1.333579"
"80","190","378.104332","0.691284","0.130072","1.331047"
"90","190","367.692537","0.684764","0.121309","1.32875"
"100","190","357.838791","0.679283","0.113255","1.326685"
"110","190","348.499399","0.674824","0.105818","1.324837"
"120","190","339.635113","0.671376","0.098923","1.323186"
"130","190","331.210579","0.668936","0.092507","1.321702"
"140","190","323.193864","0.667507","0.086517","1.32035"
"150","190","315.556055","0.667096","0.080909","1.319091"
"160","190","308.27091","0.667715","0.075651","1.317884"
"170","190","301.314554","0.669377","0.070712","1.316681"
"180","190","294.665221","0.672099","0.06607","1.31543"
"190","190","288.303022","0.675898","0.061709","1.314064"
"200","190","282.209753","0.680788","0.057613","1.312494"
"210","190","276.368715","0.686777","0.053775","1.310599"
"220","190","270.764564","0.693866","0.050187","1.308222"
"-100","200","811.539305","1.143647","0.920243","1.362729"
"-90","200","767.229215","1.094497","0.761692","1.365646"
"-80","200","727.507278","1.050735","0.64341","1.367496"
"-70","200","691.695943","1.011587","0.552205","1.368317"
"-60","200","659.244808","0.976428","0.480063","1.36819"
"-50","200","629.702132","0.944746","0.421825","1.367219"
"-40","200","602.693677","0.916117","0.374019","1.365522"
"-30","200","577.906768","0.890192","0.33422","1.363225"
"-20","200","555.078138","0.866678","0.30068","1.360452"
"-10","200","533.984536","0.84533","0.272112","1.357322"
"0","200","514.435404","0.825939","0.247545","1.353946"
"10","200","496.267105","0.808333","0.226234","1.350425"
"20","200","479.338328","0.792362","0.207599","1.346845"
"30","200","463.526408","0.777902","0.191181","1.343281"
"40","200","448.724352","0.764847","0.176616","1.339796"
"50","200","434.838405","0.753109","0.163607","1.336438"
"60","200","421.786075","0.742613","0.151916","1.333246"
"70","200","409.49448","0.733298","0.141347","1.330245"
"80","200","397.898997","0.725114","0.131738","1.327451"
"90","200","386.94212","0.718022","0.122955","1.324867"
"100","200","376.572506","0.71199","0.114887","1.32249"
"110","200","366.744175","0.706996","0.107443","1.320306"
"120","200","357.415823","0.703022","0.100545","1.318292"
"130","200","348.550244","0.70006","0.094131","1.31642"
"140","200","340.113834","0.698105","0.088146","1.314657"
"150","200","332.076169","0.697155","0.082548","1.312965"
"160","200","324.409629","0.697214","0.0773","1.311303"
"170","200","317.089091","0.698287","0.072374","1.30963"
"180","200","310.091649","0.70038","0.067746","1.307897"
"190","200","303.396374","0.7035","0.063398","1.30605"
"200","200","296.984108","0.707651","0.059314","1.30402"
"210","200","290.837278","0.712833","0.055484","1.301714"
"220","200","284.939736","0.719038","0.051899","1.299018"
"-100","210","851.911734","1.199729","0.92678","1.361567"
"-90","210","805.397307","1.148107","0.767038","1.364433"
"-80","210","763.699284","1.102137","0.647933","1.366224"
"-70","210","726.106408","1.061007","0.55613","1.366979"
"-60","210","692.040895","1.024059","0.483536","1.366779"
"-50","210","661.028531","0.990756","0.424948","1.365729"
"-40","210","632.67646","0.960653","0.376863","1.363948"
"-30","210","606.656454","0.933382","0.336837","1.361558"
"-20","210","582.692146","0.908636","0.303112","1.358685"
"-10","210","560.54918","0.886155","0.27439","1.355447"
"0","210","540.027519","0.865723","0.249695","1.351954"
"10","210","520.955383","0.847153","0.228276","1.348304"
"20","210","503.184434","0.830289","0.20955","1.344584"
"30","210","486.585904","0.815","0.193055","1.340867"
"40","210","471.047475","0.801172","0.178425","1.337214"
"50","210","456.470731","0.78871","0.165363","1.333674"
"60","210","442.769073","0.777535","0.153628","1.330281"
"70","210","429.865997","0.76758","0.143023","1.327062"
"80","210","417.693662","0.758789","0.133386","1.32403"
"90","210","406.191702","0.751116","0.124581","1.321189"
"100","210","395.306222","0.744527","0.116498","1.318534"
"110","210","384.988951","0.738991","0.109043","1.316051"
"120","210","375.196532","0.734487","0.10214","1.313719"
"130","210","365.889909","0.731","0.095725","1.311511"
"140","210","357.033805","0.728516","0.089743","1.309395"
"150","210","348.596282","0.72703","0.08415","1.307334"
"160","210","340.548347","0.726537","0.07891","1.305292"
"170","210","332.863628","0.727034","0.073993","1.303229"
"180","210","325.518077","0.728519","0.069375","1.301104"
"190","210","318.489726","0.730991","0.065036","1.29887"
"200","210","311.758463","0.734446","0.06096","1.296471"
"210","210","305.30584","0.738877","0.057135","1.293838"
"220","210","299.114908","0.74427","0.053551","1.290884"
"-100","220","892.284162","1.255741","0.933335","1.360419"
"-90","220","843.565398","1.201645","0.772394","1.363236"
"-80","220","799.89129","1.153464","0.652461","1.36497"
"-70","220","760.516873","1.110349","0.560057","1.365661"
"-60","220","724.836982","1.07161","0.487009","1.365392"
"-50","220","692.35493","1.036683","0.428068","1.364266"
"-40","220","662.659244","1.005103","0.379703","1.362403"
"-30","220","635.406139","0.976483","0.33945","1.359925"
"-20","220","610.306153","0.9505","0.305539","1.356957"
"-10","220","587.113824","0.926884","0.276662","1.353617"
"0","220","565.619633","0.905403","0.251837","1.350012"
"10","220","545.643661","0.885865","0.230309","1.346242"
"20","220","527.03054","0.868104","0.211491","1.34239"
"30","220","509.645399","0.85198","0.194919","1.338531"
"40","220","493.370598","0.837373","0.180224","1.334723"
"50","220","478.103056","0.824182","0.167107","1.331013"
"60","220","463.752072","0.812321","0.155327","1.327436"
"70","220","450.237513","0.801719","0.144685","1.324018"
"80","220","437.488327","0.792313","0.135017","1.32077"
"90","220","425.441285","0.784054","0.126189","1.317697"
"100","220","414.039938","0.7769","0.118088","1.314793"
"110","220","403.233728","0.770818","0.110622","1.312045"
"120","220","392.977242","0.765779","0.103711","1.309434"
"130","220","383.229574","0.761762","0.097292","1.306932"
"140","220","373.953776","0.758751","0.091309","1.30451"
"150","220","365.116395","0.75673","0.085719","1.302135"
"160","220","356.687066","0.755691","0.080484","1.299771"
"170","220","348.638165","0.755622","0.075573","1.297383"
"180","220","340.944506","0.756517","0.070962","1.294934"
"190","220","333.583078","0.758366","0.066629","1.292384"
"200","220","326.532818","0.76116","0.062558","1.289688"
"210","220","319.774403","0.764885","0.058735","1.286791"
"220","220","313.290079","0.769522","0.055151","1.283628"
"-100","230","932.656591","1.311683","0.939908","1.359286"
"-90","230","881.73349","1.25511","0.777759","1.362055"
"-80","230","836.083296","1.204718","0.656994","1.363733"
"-70","230","794.927338","1.159615","0.563985","1.364363"
"-60","230","757.633069","1.119082","0.490482","1.364026"
"-50","230","723.68133","1.082529","0.431186","1.362828"
"-40","230","692.642027","1.049468","0.38254","1.360886"
"-30","230","664.155824","1.019495","0.342059","1.358325"
"-20","230","637.920161","0.992273","0.30796","1.355267"
"-10","230","613.678467","0.967516","0.278928","1.351829"
"0","230","591.211747","0.944984","0.253973","1.348119"
"10","230","570.33194","0.924473","0.232335","1.344235"
"20","230","550.876646","0.905809","0.213424","1.340261"
"30","230","532.704894","0.888845","0.196774","1.336268"
"40","230","515.693721","0.873453","0.182012","1.332315"
"50","230","499.735382","0.859527","0.16884","1.328449"
"60","230","484.73507","0.846975","0.157013","1.324703"
"70","230","470.60903","0.835719","0.146332","1.321102"
"80","230","457.282992","0.825693","0.136633","1.317658"
"90","230","444.690868","0.816842","0.12778","1.314375"
"100","230","432.773653","0.809118","0.11966","1.311248"
"110","230","421.478504","0.802484","0.112179","1.308264"
"120","230","410.757952","0.796906","0.105259","1.305405"
"130","230","400.569239","0.792357","0.098834","1.302646"
"140","230","390.873747","0.788816","0.092849","1.299958"
"150","230","381.636509","0.786263","0.087258","1.297312"
"160","230","372.825785","0.784682","0.082025","1.294674"
"170","230","364.412702","0.784057","0.077118","1.292012"
"180","230","356.370934","0.784376","0.07251","1.289294"
"190","230","348.67643","0.785623","0.06818","1.286484"
"200","230","341.307173","0.787783","0.064112","1.283546"
"210","230","334.242965","0.790838","0.060291","1.280436"
"220","230","327.465251","0.794767","0.056704","1.277104"
"-100","240","973.029019","1.367555","0.946499","1.358166"
"-90","240","919.901582","1.308505","0.783135","1.360889"
"-80","240","872.275302","1.255899","0.661531","1.362513"
"-70","240","829.337803","1.208807","0.567915","1.363084"
"-60","240","790.429156","1.166477","0.493954","1.362683"
"-50","240","755.007729","1.128294","0.434303","1.361415"
"-40","240","722.624811","1.09375","0.385373","1.359398"
"-30","240","692.90551","1.062421","0.344663","1.356756"
"-20","240","665.534168","1.033956","0.310376","1.353612"
"-10","240","640.243111","1.008055","0.281188","1.350081"
"0","240","616.803861","0.984467","0.256101","1.346273"
"10","240","595.020218","0.962979","0.234353","1.342281"
"20","240","574.722752","0.943408","0.215348","1.338192"
"30","240","555.764389","0.925598","0.198619","1.334074"
"40","240","538.016844","0.909417","0.18379","1.329987"
"50","240","521.367707","0.894751","0.170561","1.325976"
"60","240","505.718069","0.881502","0.158686","1.322075"
"70","240","490.980547","0.869587","0.147966","1.318306"
"80","240","477.077657","0.858935","0.138234","1.314683"
"90","240","463.940451","0.849485","0.129355","1.31121"
"100","240","451.507369","0.841186","0.121214","1.307882"
"110","240","439.72328","0.833995","0.113717","1.304687"
"120","240","428.538661","0.827874","0.106785","1.301608"
"130","240","417.908904","0.822791","0.100352","1.298622"
"140","240","407.793718","0.81872","0.094362","1.295702"
"150","240","398.156622","0.815635","0.08877","1.292821"
"160","240","388.964503","0.813516","0.083536","1.289948"
"170","240","380.187238","0.812344","0.07863","1.287054"
"180","240","371.797362","0.812098","0.074023","1.28411"
"190","240","363.769782","0.81276","0.069695","1.281085"
"200","240","356.081527","0.81431","0.065628","1.277948"
"210","240","348.711528","0.816726","0.061805","1.274664"
"220","240","341.640423","0.819982","0.058215","1.271194"
"-100","250","1013.401448","1.423359","0.953108","1.357061"
"-90","250","958.069673","1.36183","0.78852","1.359738"
"-80","250","908.467309","1.307007","0.666074","1.361311"
"-70","250","863.748268","1.257923","0.571847","1.361824"
"-60","250","823.225243","1.213795","0.497426","1.36136"
"-50","250","786.334128","1.17398","0.437417","1.360025"
"-40","250","752.607594","1.13795","0.388203","1.357936"
"-30","250","721.655195","1.105263","0.347263","1.355218"
"-20","250","693.148176","1.07555","0.312787","1.351991"
"-10","250","666.807755","1.048502","0.283442","1.348373"
"0","250","642.395975","1.023855","0.258223","1.34447"
"10","250","619.708496","1.001385","0.236364","1.340378"
"20","250","598.568858","0.980902","0.217265","1.33618"
"30","250","578.823885","0.962243","0.200455","1.331947"
"40","250","560.339967","0.945267","0.185558","1.327734"
"50","250","543.000033","0.929855","0.172271","1.323589"
"60","250","526.701068","0.915904","0.160348","1.319544"
"70","250","511.352064","0.903325","0.149587","1.315622"
"80","250","496.872322","0.892041","0.139821","1.311835"
"90","250","483.190033","0.881989","0.130914","1.308189"
"100","250","470.241084","0.87311","0.122751","1.30468"
"110","250","457.968056","0.865358","0.115237","1.301296"
"120","250","446.319371","0.858691","0.108292","1.298021"
"130","250","435.248569","0.853072","0.101849","1.294834"
"140","250","424.713689","0.848469","0.095852","1.291711"
"150","250","414.676736","0.844854","0.090256","1.288625"
"160","250","405.103222","0.842201","0.08502","1.285549"
"170","250","395.961775","0.840487","0.080112","1.282457"
"180","250","387.22379","0.839687","0.075505","1.279321"
"190","250","378.863134","0.839778","0.071177","1.276117"
"200","250","370.855882","0.840737","0.067108","1.272816"
"210","250","363.18009","0.842538","0.063283","1.26939"
"220","250","355.815595","0.845154","0.059689","1.265808"
"-100","260","1053.773876","1.479095","0.959736","1.355968"
"-90","260","996.237765","1.415085","0.793916","1.358602"
"-80","260","944.659315","1.358044","0.670622","1.360124"
"-70","260","898.158733","1.306967","0.575781","1.360582"
"-60","260","856.021331","1.261037","0.500897","1.360058"
"-50","260","817.660527","1.219588","0.44053","1.358658"
"-40","260","782.590378","1.182069","0.391031","1.3565"
"-30","260","750.40488","1.14802","0.34986","1.353708"
"-20","260","720.762183","1.117058","0.315194","1.350404"
"-10","260","693.372398","1.088858","0.28569","1.346703"
"0","260","667.988089","1.063148","0.260339","1.342711"
"10","260","644.396774","1.039693","0.238368","1.338524"
"20","260","622.414964","1.018294","0.219174","1.334224"
"30","260","601.88338","0.998781","0.202283","1.329881"
"40","260","582.66309","0.981006","0.187317","1.325552"
"50","260","564.632358","0.964844","0.173972","1.321282"
"60","260","547.684066","0.950186","0.161999","1.317104"
"70","260","531.72358","0.936938","0.151196","1.313041"
"80","260","516.666988","0.925019","0.141395","1.309105"
"90","260","502.439616","0.914358","0.132459","1.305302"
"100","260","488.9748","0.904896","0.124273","1.301628"
"110","260","476.212832","0.896579","0.11674","1.298074"
"120","260","464.10008","0.889362","0.109779","1.294624"
"130","260","452.588234","0.883204","0.103325","1.291259"
"140","260","441.63366","0.87807","0.09732","1.287956"
"150","260","431.196849","0.873925","0.091718","1.284691"
"160","260","421.241941","0.870742","0.086478","1.28144"
"170","260","411.736312","0.868491","0.081567","1.278178"
"180","260","402.650219","0.867145","0.076958","1.27488"
"190","260","393.956486","0.866678","0.072627","1.271524"
"200","260","385.630237","0.867063","0.068556","1.268087"
"210","260","377.648653","0.868271","0.064727","1.264544"
"220","260","369.990767","0.870271","0.061128","1.260871"
"-100","270","1094.146305","1.534763","0.966383","1.354888"
"-90","270","1034.405857","1.468271","0.799321","1.35748"
"-80","270","980.851321","1.409011","0.675175","1.358954"
"-70","270","932.569198","1.355938","0.579717","1.359357"
"-60","270","888.817418","1.308205","0.504369","1.358775"
"-50","270","848.986926","1.26512","0.443641","1.357313"
"-40","270","812.573162","1.226109","0.393856","1.35509"
"-30","270","779.154566","1.190695","0.352453","1.352228"
"-20","270","748.37619","1.15848","0.317596","1.348849"
"-10","270","719.937042","1.129127","0.287933","1.345068"
"0","270","693.580204","1.102349","0.262449","1.340992"
"10","270","669.085053","1.077906","0.240365","1.336715"
"20","270","646.26107","1.055587","0.221075","1.33232"
"30","270","624.942875","1.035216","0.204103","1.327875"
"40","270","604.986213","1.016638","0.189067","1.323437"
"50","270","586.264684","0.999721","0.175662","1.319052"
"60","270","568.667065","0.984352","0.163639","1.314751"
"70","270","552.095097","0.97043","0.152793","1.310557"
"80","270","536.461653","0.95787","0.142957","1.306485"
"90","270","521.689199","0.946598","0.133991","1.302539"
"100","270","507.708516","0.936548","0.125779","1.298716"
"110","270","494.457608","0.927663","0.118226","1.295008"
"120","270","481.88079","0.919894","0.111249","1.291401"
"130","270","469.927899","0.913196","0.104782","1.287877"
"140","270","458.553631","0.907528","0.098768","1.284415"
"150","270","447.716962","0.902855","0.093157","1.280994"
"160","270","437.380659","0.899144","0.087912","1.277589"
"170","270","427.510849","0.896361","0.082997","1.27418"
"180","270","418.076647","0.894477","0.078384","1.270744"
"190","270","409.049838","0.893463","0.07405","1.26726"
"200","270","400.404592","0.893287","0.069975","1.263709"
"210","270","392.117215","0.893918","0.066141","1.260071"
"220","270","384.165939","0.895326","0.062536","1.256324"
"-100","280","1134.518733","1.590365","0.973049","1.353822"
"-90","280","1072.573948","1.521389","0.804738","1.356372"
"-80","280","1017.043327","1.459908","0.679734","1.357798"
"-70","280","966.979663","1.404837","0.583656","1.35815"
"-60","280","921.613505","1.3553","0.507841","1.357512"
"-50","280","880.313326","1.310575","0.446751","1.35599"
"-40","280","842.555945","1.27007","0.396678","1.353703"
"-30","280","807.904251","1.233289","0.355042","1.350774"
"-20","280","775.990198","1.199818","0.319993","1.347324"
"-10","280","746.501686","1.169308","0.290171","1.343468"
"0","280","719.172318","1.141461","0.264553","1.339312"
"10","280","693.773331","1.116024","0.242355","1.334951"
"20","280","670.107176","1.092782","0.222969","1.330465"
"30","280","648.00237","1.071549","0.205914","1.325925"
"40","280","627.309336","1.052164","0.190808","1.321386"
"50","280","607.897009","1.034489","0.177343","1.316892"
"60","280","589.650063","1.018404","0.165269","1.312478"
"70","280","572.466614","1.003805","0.154379","1.308165"
"80","280","556.256318","0.9906","0.144506","1.303967"
"90","280","540.938782","0.978712","0.135509","1.29989"
"100","280","526.442231","0.968071","0.127271","1.295931"
"110","280","512.702384","0.958615","0.119697","1.292084"
"120","280","499.6615","0.950291","0.112703","1.288336"
"130","280","487.267564","0.943051","0.106222","1.28467"
"140","280","475.473602","0.93685","0.100196","1.281068"
"150","280","464.237076","0.931649","0.094577","1.277508"
"160","280","453.519378","0.927411","0.089324","1.27397"
"170","280","443.285386","0.924102","0.084403","1.270434"
"180","280","433.503075","0.921686","0.079785","1.266879"
"190","280","424.14319","0.920133","0.075446","1.263287"
"200","280","415.178947","0.919408","0.071366","1.259641"
"210","280","406.585778","0.91948","0.067527","1.255923"
"220","280","398.34111","0.920313","0.063914","1.252116"
"-100","290","1174.891161","1.6459","0.979735","1.352767"
"-90","290","1110.74204","1.57444","0.810165","1.355278"
"-80","290","1053.235333","1.510736","0.684298","1.356659"
"-70","290","1001.390128","1.453666","0.587597","1.35696"
"-60","290","954.409592","1.402321","0.511313","1.356268"
"-50","290","911.639725","1.355956","0.449859","1.354688"
"-40","290","872.538729","1.313954","0.399497","1.352341"
"-30","290","836.653936","1.275804","0.357627","1.349347"
"-20","290","803.604205","1.241074","0.322386","1.345829"
"-10","290","773.066329","1.209403","0.292404","1.341902"
"0","290","744.764432","1.180483","0.266651","1.337671"
"10","290","718.461609","1.154051","0.244339","1.333229"
"20","290","693.953282","1.129883","0.224856","1.328659"
"30","290","671.061866","1.107784","0.207718","1.324029"
"40","290","649.632459","1.087588","0.192541","1.319395"
"50","290","629.529335","1.06915","0.179015","1.314801"
"60","290","610.633062","1.052346","0.166889","1.310281"
"70","290","592.838131","1.037065","0.155954","1.305857"
"80","290","576.050983","1.023213","0.146043","1.301544"
"90","290","560.188365","1.010706","0.137014","1.297347"
"100","290","545.175947","0.99947","0.12875","1.293266"
"110","290","530.947161","0.98944","0.121153","1.289293"
"120","290","517.442209","0.980559","0.11414","1.285418"
"130","290","504.60723","0.972775","0.107644","1.281625"
"140","290","492.393573","0.96604","0.101606","1.277897"
"150","290","480.757189","0.960312","0.095976","1.274215"
"160","290","469.658097","0.95555","0.090715","1.27056"
"170","290","459.059922","0.951717","0.085787","1.266913"
"180","290","448.929504","0.948775","0.081163","1.263256"
"190","290","439.236542","0.946691","0.076819","1.259572"
"200","290","429.953301","0.945428","0.072732","1.255845"
"210","290","421.05434","0.944952","0.068887","1.252062"
"220","290","412.516282","0.945228","0.065267","1.248207"
"-100","300","1215.26359","1.701371","0.98644","1.351725"
"-90","300","1148.910131","1.627424","0.815603","1.354197"
"-80","300","1089.427339","1.561496","0.688868","1.355534"
"-70","300","1035.800594","1.502425","0.59154","1.355786"
"-60","300","987.205679","1.449271","0.514785","1.355042"
"-50","300","942.966124","1.401263","0.452967","1.353407"
"-40","300","902.521512","1.357762","0.402314","1.351001"
"-30","300","865.403622","1.318239","0.360209","1.347946"
"-20","300","831.218213","1.282249","0.324775","1.344364"
"-10","300","799.630973","1.249415","0.294632","1.340368"
"0","300","770.356546","1.219419","0.268744","1.336065"
"10","300","743.149887","1.191988","0.246317","1.331548"
"20","300","717.799388","1.16689","0.226736","1.326898"
"30","300","694.121361","1.143922","0.209515","1.322183"
"40","300","671.955582","1.122912","0.194266","1.317461"
"50","300","651.16166","1.103708","0.180679","1.312774"
"60","300","631.616061","1.086181","0.168499","1.308156"
"70","300","613.209648","1.070215","0.15752","1.30363"
"80","300","595.845648","1.055711","0.14757","1.299211"
"90","300","579.437947","1.042581","0.138508","1.294904"
"100","300","563.909663","1.030748","0.130216","1.290711"
"110","300","549.191937","1.020141","0.122595","1.286624"
"120","300","535.222919","1.010701","0.115563","1.282634"
"130","300","521.946895","1.002372","0.10905","1.278727"
"140","300","509.313544","0.995103","0.102998","1.274887"
"150","300","497.277303","0.988848","0.097358","1.271097"
"160","300","485.796815","0.983564","0.092087","1.267339"
"170","300","474.834459","0.97921","0.087151","1.263595"
"180","300","464.355932","0.975748","0.08252","1.25985"
"190","300","454.329894","0.97314","0.078168","1.256087"
"200","300","444.727656","0.971348","0.074075","1.252293"
"210","300","435.522903","0.970337","0.070222","1.248456"
"220","300","426.691454","0.970068","0.066594","1.244562"
"-100","310","1255.636018","1.756777","0.993165","1.350695"
"-90","310","1187.078223","1.680342","0.821052","1.35313"
"-80","310","1125.619345","1.612188","0.693444","1.354423"
"-70","310","1070.211059","1.551115","0.595486","1.354629"
"-60","310","1020.001767","1.49615","0.518258","1.353834"
"-50","310","974.292523","1.446497","0.456073","1.352146"
"-40","310","932.504296","1.401496","0.405129","1.349683"
"-30","310","894.153307","1.360598","0.362789","1.34657"
"-20","310","858.83222","1.323344","0.32716","1.342925"
"-10","310","826.195617","1.289345","0.296856","1.338865"
"0","310","795.94866","1.25827","0.270831","1.334494"
"10","310","767.838166","1.229837","0.248289","1.329905"
"20","310","741.645494","1.203805","0.22861","1.32518"
"30","310","717.180856","1.179966","0.211304","1.320387"
"40","310","694.278705","1.158138","0.195983","1.315581"
"50","310","672.793986","1.138165","0.182334","1.310808"
"60","310","652.599059","1.119911","0.1701","1.306099"
"70","310","633.581164","1.103257","0.159075","1.301479"
"80","310","615.640313","1.088099","0.149085","1.296962"
"90","310","598.68753","1.074343","0.13999","1.292555"
"100","310","582.643378","1.061909","0.131669","1.288258"
"110","310","567.436713","1.050724","0.124024","1.284068"
"120","310","553.003629","1.040723","0.116971","1.279974"
"130","310","539.28656","1.031847","0.110441","1.275965"
"140","310","526.233515","1.024043","0.104375","1.272025"
"150","310","513.797416","1.017262","0.098722","1.268139"
"160","310","501.935534","1.011458","0.093441","1.264289"
"170","310","490.608996","1.006587","0.088496","1.260461"
"180","310","479.78236","1.002608","0.083856","1.256639"
"190","310","469.423246","0.999482","0.079497","1.252809"
"200","310","459.502011","0.997169","0.075396","1.248959"
"210","310","449.991466","0.995632","0.071536","1.245077"
"220","310","440.866626","0.994832","0.067899","1.241152"
"-100","320","1296.008447","1.812118","0.99991","1.349677"
"-90","320","1225.246315","1.733195","0.826512","1.352075"
"-80","320","1161.811352","1.662814","0.698026","1.353327"
"-70","320","1104.621524","1.599737","0.599435","1.353487"
"-60","320","1052.797854","1.54296","0.521731","1.352643"
"-50","320","1005.618923","1.491659","0.459178","1.350904"
"-40","320","962.487079","1.445155","0.407942","1.348388"
"-30","320","922.902992","1.402881","0.365365","1.345217"
"-20","320","886.446228","1.364361","0.329542","1.341514"
"-10","320","852.760261","1.329193","0.299075","1.337392"
"0","320","821.540775","1.297037","0.272914","1.332957"
"10","320","792.526444","1.2676","0.250256","1.328301"
"20","320","765.4916","1.240632","0.230477","1.323505"
"30","320","740.240351","1.215917","0.213087","1.318637"
"40","320","716.601828","1.193268","0.197693","1.313754"
"50","320","694.426311","1.172523","0.18398","1.308899"
"60","320","673.582058","1.15354","0.171693","1.304106"
"70","320","653.952681","1.136195","0.160621","1.299398"
"80","320","635.434978","1.120378","0.150591","1.294791"
"90","320","617.937113","1.105994","0.141461","1.290292"
"100","320","601.377094","1.092957","0.13311","1.285902"
"110","320","585.681489","1.081191","0.12544","1.281617"
"120","320","570.784338","1.070627","0.118366","1.27743"
"130","320","556.626225","1.061204","0.111818","1.273328"
"140","320","543.153486","1.052865","0.105736","1.269298"
"150","320","530.317529","1.045558","0.10007","1.265326"
"160","320","518.074253","1.039235","0.094778","1.261397"
"170","320","506.383533","1.033849","0.089822","1.257494"
"180","320","495.208789","1.029358","0.085174","1.253606"
"190","320","484.516598","1.02572","0.080806","1.249718"
"200","320","474.276366","1.022893","0.076697","1.24582"
"210","320","464.460028","1.020839","0.072828","1.241901"
"220","320","455.041798","1.019518","0.069182","1.237952"
"-100","330","1336.380875","1.867396","1.006676","1.348671"
"-90","330","1263.414406","1.785983","0.831984","1.351033"
"-80","330","1198.003358","1.713374","0.702615","1.352244"
"-70","330","1139.031989","1.648291","0.603387","1.35236"
"-60","330","1085.593941","1.5897","0.525206","1.35147"
"-50","330","1036.945322","1.53675","0.462282","1.349681"
"-40","330","992.469863","1.488742","0.410753","1.347113"
"-30","330","951.652678","1.445088","0.367938","1.343889"
"-20","330","914.060235","1.4053","0.331919","1.340129"
"-10","330","879.324904","1.368962","0.301289","1.335949"
"0","330","847.132889","1.335722","0.274991","1.331452"
"10","330","817.214722","1.305277","0.252217","1.326732"
"20","330","789.337706","1.277371","0.232339","1.321869"
"30","330","763.299847","1.251778","0.214863","1.316932"
"40","330","738.924951","1.228305","0.199396","1.311976"
"50","330","716.058637","1.206785","0.185619","1.307045"
"60","330","694.565056","1.18707","0.173277","1.302174"
"70","330","674.324198","1.16903","0.162157","1.297385"
"80","330","655.229643","1.152553","0.152087","1.292695"
"90","330","637.186696","1.137538","0.142921","1.288111"
"100","330","620.110809","1.123896","0.134541","1.283635"
"110","330","603.926265","1.111547","0.126845","1.279264"
"120","330","588.565048","1.100419","0.119748","1.274991"
"130","330","573.96589","1.090447","0.113181","1.270806"
"140","330","560.073456","1.081572","0.107083","1.266696"
"150","330","546.837643","1.07374","0.101403","1.262648"
"160","330","534.212971","1.066899","0.096098","1.258647"
"170","330","522.15807","1.061001","0.091132","1.25468"
"180","330","510.635217","1.056001","0.086474","1.250734"
"190","330","499.60995","1.051855","0.082097","1.246797"
"200","330","489.050721","1.048522","0.077979","1.242858"
"210","330","478.928591","1.045959","0.074101","1.238909"
"220","330","469.21697","1.044126","0.070446","1.234941"
"-100","340","1376.753304","1.922611","1.013462","1.347676"
"-90","340","1301.582498","1.838707","0.837467","1.350003"
"-80","340","1234.195364","1.763868","0.707209","1.351175"
"-70","340","1173.442454","1.696779","0.607341","1.351249"
"-60","340","1118.390028","1.636372","0.528681","1.350313"
"-50","340","1068.271721","1.581772","0.465386","1.348476"
"-40","340","1022.452646","1.532256","0.413562","1.345858"
"-30","340","980.402363","1.487222","0.370508","1.342583"
"-20","340","941.674243","1.446164","0.334293","1.338769"
"-10","340","905.889548","1.408653","0.3035","1.334533"
"0","340","872.725003","1.374326","0.277064","1.329978"
"10","340","841.903","1.342872","0.254172","1.325197"
"20","340","813.183812","1.314024","0.234194","1.320271"
"30","340","786.359342","1.28755","0.216633","1.315269"
"40","340","761.248074","1.263251","0.201091","1.310245"
"50","340","737.690962","1.240953","0.187251","1.305244"
"60","340","715.548055","1.220503","0.174853","1.300299"
"70","340","694.695715","1.201766","0.163685","1.295435"
"80","340","675.024308","1.184626","0.153573","1.290668"
"90","340","656.436278","1.168978","0.144372","1.286006"
"100","340","638.844525","1.154728","0.13596","1.281452"
"110","340","622.171041","1.141794","0.128238","1.277003"
"120","340","606.345757","1.1301","0.121118","1.272653"
"130","340","591.305555","1.119579","0.114531","1.268392"
"140","340","576.993427","1.110169","0.108416","1.26421"
"150","340","563.357756","1.101812","0.102721","1.260093"
"160","340","550.35169","1.094454","0.097403","1.256029"
"170","340","537.932606","1.088046","0.092426","1.252005"
"180","340","526.061645","1.082541","0.087757","1.248009"
"190","340","514.703302","1.077892","0.08337","1.244029"
"200","340","503.825076","1.074056","0.079243","1.240057"
"210","340","493.397153","1.070991","0.075355","1.236084"
"220","340","483.392141","1.068656","0.07169","1.232101"
"-100","350","1417.125732","1.977764","1.020269","1.346691"
"-90","350","1339.75059","1.891368","0.842962","1.348985"
"-80","350","1270.38737","1.814298","0.71181","1.35012"
"-70","350","1207.852919","1.745201","0.611299","1.350152"
"-60","350","1151.186115","1.682976","0.532157","1.349172"
"-50","350","1099.59812","1.626724","0.468489","1.347289"
"-40","350","1052.43543","1.5757","0.416369","1.344624"
"-30","350","1009.152048","1.529283","0.373076","1.341298"
"-20","350","969.28825","1.486952","0.336664","1.337434"
"-10","350","932.454192","1.448266","0.305706","1.333144"
"0","350","898.317117","1.412851","0.279132","1.328534"
"10","350","866.591279","1.380385","0.256123","1.323696"
"20","350","837.029918","1.350592","0.236044","1.318711"
"30","350","809.418837","1.323236","0.218396","1.313647"
"40","350","783.571198","1.298108","0.20278","1.308559"
"50","350","759.323288","1.275029","0.188875","1.303492"
"60","350","736.531054","1.253841","0.176421","1.298479"
"70","350","715.067232","1.234406","0.165205","1.293546"
"80","350","694.818974","1.2166","0.155051","1.288707"
"90","350","675.685861","1.200316","0.145813","1.283974"
"100","350","657.578241","1.185457","0.13737","1.279347"
"110","350","640.415818","1.171936","0.129619","1.274827"
"120","350","624.126467","1.159676","0.122477","1.270406"
"130","350","608.64522","1.148605","0.115869","1.266077"
"140","350","593.913398","1.138658","0.109736","1.26183"
"150","350","579.87787","1.129776","0.104025","1.257652"
"160","350","566.490409","1.121903","0.098694","1.253532"
"170","350","553.707143","1.114987","0.093704","1.249458"
"180","350","541.488074","1.108979","0.089024","1.245418"
"190","350","529.796654","1.103832","0.084627","1.241402"
"200","350","518.59943","1.099499","0.08049","1.237402"
"210","350","507.865716","1.095939","0.076592","1.233409"
"220","350","497.567313","1.093108","0.072917","1.229416"
"-100","360","1457.498161","2.032855","1.027097","1.345718"
"-90","360","1377.918681","1.943966","0.848469","1.34798"
"-80","360","1306.579376","1.864664","0.716418","1.349077"
"-70","360","1242.263384","1.793557","0.615261","1.349069"
"-60","360","1183.982203","1.729514","0.535634","1.348047"
"-50","360","1130.924519","1.671608","0.471592","1.34612"
"-40","360","1082.418214","1.619074","0.419175","1.343409"
"-30","360","1037.901734","1.571272","0.375641","1.340036"
"-20","360","996.902258","1.527667","0.339031","1.336122"
"-10","360","959.018835","1.487804","0.307908","1.331782"
"0","360","923.909231","1.451297","0.281195","1.327119"
"10","360","891.279557","1.417817","0.258068","1.322227"
"20","360","860.876024","1.387079","0.237888","1.317186"
"30","360","832.478333","1.358837","0.220153","1.312063"
"40","360","805.894321","1.332878","0.204462","1.306916"
"50","360","780.955613","1.309016","0.190492","1.301787"
"60","360","757.514052","1.287088","0.177982","1.296711"
"70","360","735.438748","1.26695","0.166717","1.291713"
"80","360","714.613639","1.248477","0.15652","1.286809"
"90","360","694.935444","1.231556","0.147245","1.282009"
"100","360","676.311956","1.216085","0.138769","1.277317"
"110","360","658.660594","1.201977","0.130991","1.27273"
"120","360","641.907177","1.189148","0.123824","1.268246"
"130","360","625.984885","1.177526","0.117195","1.263856"
"140","360","610.833369","1.167043","0.111043","1.25955"
"150","360","596.397983","1.157637","0.105317","1.255317"
"160","360","582.629127","1.14925","0.099971","1.251148"
"170","360","569.48168","1.141828","0.094968","1.247029"
"180","360","556.914502","1.13532","0.090277","1.242951"
"190","360","544.890006","1.129677","0.085869","1.238904"
"200","360","533.373785","1.124852","0.081721","1.23488"
"210","360","522.334278","1.120802","0.077813","1.230872"
"220","360","511.742485","1.117482","0.074127","1.226872"
"-100","370","1497.870589","2.087885","1.033946","1.344756"
"-90","370","1416.086773","1.996502","0.853988","1.346986"
"-80","370","1342.771382","1.914967","0.721032","1.348047"
"-70","370","1276.673849","1.841849","0.619225","1.348001"
"-60","370","1216.77829","1.775986","0.539112","1.346937"
"-50","370","1162.250919","1.716425","0.474694","1.344968"
"-40","370","1112.400997","1.662379","0.421979","1.342212"
"-30","370","1066.651419","1.613191","0.378204","1.338794"
"-20","370","1024.516265","1.568309","0.341395","1.334833"
"-10","370","985.583479","1.527267","0.310107","1.330444"
"0","370","949.501345","1.489668","0.283254","1.325732"
"10","370","915.967835","1.455171","0.260009","1.320789"
"20","370","884.72213","1.423484","0.239727","1.315694"
"30","370","855.537828","1.394354","0.221905","1.310518"
"40","370","828.217444","1.367561","0.206138","1.305314"
"50","370","802.587939","1.342914","0.192102","1.300127"
"60","370","778.497051","1.320244","0.179535","1.294993"
"70","370","755.810265","1.299403","0.16822","1.289935"
"80","370","734.408304","1.28026","0.15798","1.28497"
"90","370","714.185027","1.262699","0.148667","1.280109"
"100","370","695.045672","1.246616","0.140159","1.275356"
"110","370","676.90537","1.231917","0.132352","1.27071"
"120","370","659.687886","1.21852","0.12516","1.266167"
"130","370","643.32455","1.206346","0.11851","1.261721"
"140","370","627.75334","1.195327","0.112339","1.257362"
"150","370","612.918096","1.185397","0.106595","1.253081"
"160","370","598.767846","1.176496","0.101235","1.248866"
"170","370","585.256217","1.16857","0.096219","1.244709"
"180","370","572.34093","1.161564","0.091515","1.240598"
"190","370","559.983358","1.155429","0.087095","1.236525"
"200","370","548.14814","1.150118","0.082937","1.232481"
"210","370","536.802841","1.145583","0.079018","1.22846"
"220","370","525.917657","1.14178","0.075322","1.224456"
"-100","380","1538.243017","2.142854","1.040817","1.343804"
"-90","380","1454.254865","2.048976","0.859519","1.346003"
"-80","380","1378.963388","1.965207","0.725653","1.34703"
"-70","380","1311.084314","1.890078","0.623193","1.346946"
"-60","380","1249.574377","1.822393","0.542591","1.345843"
"-50","380","1193.577318","1.761175","0.477796","1.343832"
"-40","380","1142.383781","1.705616","0.424782","1.341034"
"-30","380","1095.401104","1.65504","0.380764","1.337572"
"-20","380","1052.130272","1.60888","0.343757","1.333566"
"-10","380","1012.148123","1.566657","0.312302","1.329132"
"0","380","975.09346","1.527962","0.285309","1.324372"
"10","380","940.656113","1.492447","0.261944","1.31938"
"20","380","908.568236","1.45981","0.241561","1.314236"
"30","380","878.597323","1.42979","0.223651","1.309008"
"40","380","850.540567","1.402162","0.207808","1.303751"
"50","380","824.220265","1.376727","0.193706","1.298511"
"60","380","799.480049","1.353312","0.181081","1.293321"
"70","380","776.181782","1.331765","0.169716","1.288207"
"80","380","754.202969","1.311951","0.159433","1.283186"
"90","380","733.43461","1.293749","0.150082","1.278269"
"100","380","713.779388","1.277051","0.14154","1.27346"
"110","380","695.150146","1.261762","0.133704","1.268759"
"120","380","677.468596","1.247794","0.126486","1.264164"
"130","380","660.664215","1.235068","0.119813","1.259667"
"140","380","644.673311","1.223512","0.113623","1.25526"
"150","380","629.43821","1.213059","0.107862","1.250935"
"160","380","614.906565","1.203646","0.102486","1.246681"
"170","380","601.030754","1.195217","0.097456","1.242489"
"180","380","587.767358","1.187716","0.092739","1.23835"
"190","380","575.076711","1.181092","0.088308","1.234254"
"200","380","562.922495","1.175297","0.084138","1.230194"
"210","380","551.271403","1.170282","0.080208","1.226165"
"220","380","540.092829","1.166003","0.076501","1.222159"
"-100","390","1578.615446","2.197763","1.04771","1.342862"
"-90","390","1492.422956","2.101389","0.865062","1.345031"
"-80","390","1415.155395","2.015386","0.730281","1.346024"
"-70","390","1345.49478","1.938243","0.627165","1.345904"
"-60","390","1282.370464","1.868736","0.546072","1.344763"
"-50","390","1224.903717","1.80586","0.480898","1.342712"
"-40","390","1172.366564","1.748786","0.427583","1.339873"
"-30","390","1124.150789","1.69682","0.383322","1.336369"
"-20","390","1079.74428","1.64938","0.346115","1.332321"
"-10","390","1038.712766","1.605974","0.314493","1.327843"
"0","390","1000.685574","1.566183","0.28736","1.323038"
"10","390","965.344392","1.529647","0.263876","1.318"
"20","390","932.414342","1.496057","0.24339","1.312809"
"30","390","901.656818","1.465146","0.225391","1.307532"
"40","390","872.86369","1.43668","0.209471","1.302226"
"50","390","845.85259","1.410455","0.195303","1.296936"
"60","390","820.463048","1.386295","0.182621","1.291695"
"70","390","796.553299","1.36404","0.171205","1.286529"
"80","390","773.997634","1.343552","0.160877","1.281456"
"90","390","752.684192","1.324707","0.151488","1.276487"
"100","390","732.513103","1.307393","0.142912","1.271626"
"110","390","713.394922","1.291512","0.135046","1.266876"
"120","390","695.249306","1.276973","0.127803","1.262231"
"130","390","678.003881","1.263695","0.121107","1.257688"
"140","390","661.593282","1.251602","0.114896","1.253239"
"150","390","645.958323","1.240626","0.109117","1.248875"
"160","390","631.045283","1.230702","0.103725","1.244586"
"170","390","616.80529","1.221771","0.098681","1.240364"
"180","390","603.193787","1.213777","0.093951","1.236199"
"190","390","590.170063","1.206667","0.089507","1.232084"
"200","390","577.69685","1.200391","0.085326","1.228012"
"210","390","565.739966","1.194901","0.081385","1.223975"
"220","390","554.268001","1.19015","0.077667","1.219969"
"-100","400","1618.987874","2.252612","1.054625","1.341931"
"-90","400","1530.591048","2.153742","0.870618","1.344071"
"-80","400","1451.347401","2.065503","0.734916","1.345031"
"-70","400","1379.905245","1.986346","0.63114","1.344875"
"-60","400","1315.166551","1.915015","0.549554","1.343697"
"-50","400","1256.230116","1.85048","0.483999","1.341609"
"-40","400","1202.349348","1.791889","0.430383","1.33873"
"-30","400","1152.900475","1.738532","0.385878","1.335186"
"-20","400","1107.358287","1.689811","0.34847","1.331097"
"-10","400","1065.27741","1.645221","0.316681","1.326577"
"0","400","1026.277688","1.604331","0.289407","1.321729"
"10","400","990.03267","1.566773","0.265802","1.316648"
"20","400","956.260448","1.532228","0.245214","1.311412"
"30","400","924.716314","1.500423","0.227126","1.30609"
"40","400","895.186813","1.471117","0.211129","1.300737"
"50","400","867.484916","1.444102","0.196895","1.2954"
"60","400","841.446047","1.419193","0.184153","1.290111"
"70","400","816.924816","1.396228","0.172687","1.284897"
"80","400","793.792299","1.375065","0.162314","1.279776"
"90","400","771.933775","1.355576","0.152886","1.274759"
"100","400","751.246819","1.337645","0.144276","1.269851"
"110","400","731.639698","1.321171","0.13638","1.265054"
"120","400","713.030015","1.30606","0.129109","1.260366"
"130","400","695.343546","1.292229","0.12239","1.255781"
"140","400","678.513253","1.279599","0.116159","1.251293"
"150","400","662.478437","1.2681","0.110362","1.246894"
"160","400","647.184002","1.257666","0.104953","1.242574"
"170","400","632.579827","1.248235","0.099894","1.238325"
"180","400","618.620215","1.23975","0.09515","1.234139"
"190","400","605.263415","1.232157","0.090694","1.230008"
"200","400","592.471205","1.225404","0.086501","1.225925"
"210","400","580.208528","1.219442","0.082548","1.221884"
"220","400","568.443172","1.214224","0.078819","1.21788"
"-100","410","1659.360303","2.307403","1.061562","1.341009"
"-90","410","1568.75914","2.206035","0.876186","1.343121"
"-80","410","1487.539407","2.115559","0.739558","1.344049"
"-70","410","1414.31571","2.034387","0.635119","1.34386"
"-60","410","1347.962639","1.961231","0.553038","1.342646"
"-50","410","1287.556515","1.895035","0.487101","1.34052"
"-40","410","1232.332131","1.834927","0.433182","1.337604"
"-30","410","1181.65016","1.780177","0.388432","1.334022"
"-20","410","1134.972295","1.730173","0.350823","1.329893"
"-10","410","1091.842054","1.684397","0.318866","1.325333"
"0","410","1051.869802","1.642407","0.29145","1.320445"
"10","410","1014.720948","1.603825","0.267725","1.315322"
"20","410","980.106554","1.568324","0.247033","1.310044"
"30","410","947.775809","1.535623","0.228856","1.304679"
"40","410","917.509936","1.505476","0.212782","1.299283"
"50","410","889.117241","1.477667","0.19848","1.293901"
"60","410","862.429045","1.452008","0.18568","1.288568"
"70","410","837.296332","1.428333","0.174162","1.28331"
"80","410","813.586964","1.406493","0.163744","1.278144"
"90","410","791.183358","1.386358","0.154276","1.273082"
"100","410","769.980534","1.367809","0.145631","1.268131"
"110","410","749.884475","1.350741","0.137704","1.263293"
"120","410","730.810725","1.335057","0.130407","1.258564"
"130","410","712.683211","1.320672","0.123664","1.253942"
"140","410","695.433224","1.307506","0.117412","1.249418"
"150","410","678.99855","1.295484","0.111596","1.244987"
"160","410","663.322721","1.28454","0.10617","1.24064"
"170","410","648.354364","1.274611","0.101096","1.236368"
"180","410","634.046643","1.265637","0.096338","1.232163"
"190","410","620.356767","1.257563","0.091869","1.228019"
"200","410","607.245559","1.250335","0.087663","1.223928"
"210","410","594.677091","1.243906","0.083699","1.219885"
"220","410","582.618344","1.238225","0.079958","1.215884"
"-100","420","1699.732731","2.362134","1.068522","1.340097"
"-90","420","1606.927231","2.258269","0.881768","1.342181"
"-80","420","1523.731413","2.165555","0.744207","1.343079"
"-70","420","1448.726175","2.082367","0.639102","1.342856"
"-60","420","1380.758726","2.007385","0.556524","1.341608"
"-50","420","1318.882915","1.939527","0.490203","1.339447"
"-40","420","1262.314915","1.8779","0.43598","1.336494"
"-30","420","1210.399845","1.821756","0.390985","1.332875"
"-20","420","1162.586302","1.770467","0.353173","1.328709"
"-10","420","1118.406697","1.723504","0.321048","1.324111"
"0","420","1077.461916","1.680412","0.293489","1.319184"
"10","420","1039.409226","1.640804","0.269643","1.314022"
"20","420","1003.95266","1.604346","0.248847","1.308704"
"30","420","970.835304","1.570747","0.230581","1.303299"
"40","420","939.833059","1.539757","0.214429","1.297862"
"50","420","910.749567","1.511153","0.200059","1.292439"
"60","420","883.412044","1.484743","0.1872","1.287064"
"70","420","857.667849","1.460355","0.17563","1.281764"
"80","420","833.381629","1.437837","0.165167","1.276557"
"90","420","810.432941","1.417055","0.155659","1.271455"
"100","420","788.71425","1.397886","0.146979","1.266464"
"110","420","768.129251","1.380223","0.139021","1.261587"
"120","420","748.591434","1.363967","0.131696","1.256822"
"130","420","730.022876","1.349028","0.124929","1.252165"
"140","420","712.353195","1.335324","0.118655","1.24761"
"150","420","695.518663","1.322781","0.11282","1.24315"
"160","420","679.461439","1.311328","0.107377","1.238778"
"170","420","664.128901","1.300901","0.102286","1.234486"
"180","420","649.473072","1.29144","0.097515","1.230266"
"190","420","635.450119","1.282887","0.093032","1.22611"
"200","420","622.019914","1.275188","0.088814","1.222014"
"210","420","609.145653","1.268294","0.084837","1.217969"
"220","420","596.793516","1.262155","0.081085","1.213973"
"-100","430","1740.10516","2.416808","1.075505","1.339195"
"-90","430","1645.095323","2.310444","0.887362","1.341252"
"-80","430","1559.923419","2.215492","0.748864","1.34212"
"-70","430","1483.13664","2.130286","0.643089","1.341865"
"-60","430","1413.554813","2.053477","0.560011","1.340583"
"-50","430","1350.209314","1.983957","0.493305","1.338388"
"-40","430","1292.297699","1.920809","0.438776","1.335401"
"-30","430","1239.149531","1.86327","0.393535","1.331746"
"-20","430","1190.20031","1.810695","0.35552","1.327544"
"-10","430","1144.971341","1.762543","0.323226","1.32291"
"0","430","1103.05403","1.718347","0.295525","1.317946"
"10","430","1064.097505","1.677712","0.271557","1.312747"
"20","430","1027.798767","1.640295","0.250657","1.307392"
"30","430","993.894799","1.605797","0.232301","1.301949"
"40","430","962.156182","1.573962","0.216071","1.296474"
"50","430","932.381892","1.544562","0.201633","1.291012"
"60","430","904.395042","1.517399","0.188714","1.285598"
"70","430","878.039366","1.492297","0.177092","1.280259"
"80","430","853.176295","1.469099","0.166583","1.275014"
"90","430","829.682523","1.447669","0.157034","1.269874"
"100","430","807.447966","1.42788","0.148319","1.264846"
"110","430","786.374027","1.409621","0.140329","1.259934"
"120","430","766.372144","1.392791","0.132977","1.255135"
"130","430","747.362541","1.377297","0.126185","1.250447"
"140","430","729.273166","1.363057","0.119889","1.245864"
"150","430","712.038777","1.349992","0.114034","1.241379"
"160","430","695.600158","1.338031","0.108573","1.236985"
"170","430","679.903438","1.327108","0.103467","1.232675"
"180","430","664.8995","1.31716","0.098681","1.228442"
"190","430","650.543471","1.308131","0.094184","1.224277"
"200","430","636.794269","1.299964","0.089953","1.220176"
"210","430","623.614216","1.292608","0.085965","1.216133"
"220","430","610.968688","1.286014","0.0822","1.212142"
"-100","440","1780.477588","2.471424","1.08251","1.338302"
"-90","440","1683.263415","2.362561","0.89297","1.340334"
"-80","440","1596.115425","2.26537","0.753529","1.341172"
"-70","440","1517.547105","2.178146","0.64708","1.340886"
"-60","440","1446.3509","2.099509","0.5635","1.339572"
"-50","440","1381.535713","2.028324","0.496407","1.337343"
"-40","440","1322.280482","1.963655","0.441572","1.334322"
"-30","440","1267.899216","1.904719","0.396083","1.330633"
"-20","440","1217.814317","1.850858","0.357865","1.326398"
"-10","440","1171.535985","1.801515","0.325402","1.321729"
"0","440","1128.646145","1.756215","0.297557","1.316731"
"10","440","1088.785783","1.714551","0.273468","1.311496"
"20","440","1051.644873","1.676172","0.252463","1.306105"
"30","440","1016.954295","1.640774","0.234016","1.300626"
"40","440","984.479305","1.608092","0.217708","1.295115"
"50","440","954.014218","1.577895","0.203201","1.289617"
"60","440","925.378041","1.549977","0.190223","1.284168"
"70","440","898.410883","1.524159","0.178548","1.278793"
"80","440","872.97096","1.500282","0.167993","1.273512"
"90","440","848.932106","1.478201","0.158403","1.268337"
"100","440","826.181681","1.457791","0.149651","1.263276"
"110","440","804.618803","1.438935","0.14163","1.258331"
"120","440","784.152854","1.421531","0.134249","1.253502"
"130","440","764.702206","1.405483","0.127432","1.248786"
"140","440","746.193137","1.390706","0.121114","1.244177"
"150","440","728.55889","1.37712","0.115239","1.239669"
"160","440","711.738877","1.364651","0.10976","1.235257"
"170","440","695.677974","1.353233","0.104638","1.230931"
"180","440","680.325928","1.342801","0.099836","1.226686"
"190","440","665.636823","1.333297","0.095326","1.222515"
"200","440","651.568624","1.324664","0.091081","1.218411"
"210","440","638.082778","1.316849","0.087081","1.214369"
"220","440","625.14386","1.309804","0.083304","1.210385"
"-100","450","1820.850017","2.525983","1.089539","1.337418"
"-90","450","1721.431506","2.414621","0.898591","1.339425"
"-80","450","1632.307431","2.315189","0.758201","1.340235"
"-70","450","1551.95757","2.225947","0.651075","1.339919"
"-60","450","1479.146987","2.14548","0.566991","1.338573"
"-50","450","1412.862112","2.072631","0.499509","1.336313"
"-40","450","1352.263266","2.006439","0.444368","1.333259"
"-30","450","1296.648901","1.946105","0.39863","1.329538"
"-20","450","1245.428325","1.890955","0.360208","1.325269"
"-10","450","1198.100628","1.84042","0.327574","1.320567"
"0","450","1154.238259","1.794014","0.299586","1.315536"
"10","450","1113.474061","1.75132","0.275374","1.310268"
"20","450","1075.490979","1.711979","0.254265","1.304844"
"30","450","1040.01379","1.675679","0.235727","1.299332"
"40","450","1006.802428","1.64215","0.21934","1.293787"
"50","450","975.646543","1.611153","0.204764","1.288255"
"60","450","946.36104","1.582479","0.191725","1.282772"
"70","450","918.782399","1.555945","0.179998","1.277364"
"80","450","892.765625","1.531385","0.169396","1.27205"
"90","450","868.181689","1.508654","0.159765","1.266843"
"100","450","844.915397","1.487622","0.150977","1.26175"
"110","450","822.863579","1.468169","0.142924","1.256776"
"120","450","801.933563","1.45019","0.135514","1.251919"
"130","450","782.041871","1.433587","0.128672","1.247177"
"140","450","763.113108","1.418273","0.12233","1.242545"
"150","450","745.079004","1.404166","0.116435","1.238018"
"160","450","727.877595","1.391191","0.110938","1.233588"
"170","450","711.452511","1.379279","0.105799","1.22925"
"180","450","695.752357","1.368364","0.100982","1.224995"
"190","450","680.730175","1.358387","0.096457","1.220818"
"200","450","666.342979","1.34929","0.0922","1.216713"
"210","450","652.551341","1.34102","0.088186","1.212674"
"220","450","639.319031","1.333525","0.084397","1.208697"
"-100","460","1861.222445","2.580486","1.096591","1.336544"
"-90","460","1759.599598","2.466623","0.904225","1.338526"
"-80","460","1668.499438","2.36495","0.762881","1.339308"
"-70","460","1586.368035","2.273688","0.655075","1.338963"
"-60","460","1511.943075","2.191392","0.570484","1.337587"
"-50","460","1444.188512","2.116876","0.502612","1.335296"
"-40","460","1382.246049","2.049161","0.447162","1.332211"
"-30","460","1325.398587","1.987428","0.401176","1.328459"
"-20","460","1273.042332","1.930989","0.362549","1.324159"
"-10","460","1224.665272","1.879261","0.329744","1.319425"
"0","460","1179.830373","1.831747","0.301612","1.314363"
"10","460","1138.162339","1.788021","0.277277","1.309063"
"20","460","1099.337085","1.747717","0.256062","1.303608"
"30","460","1063.073285","1.710514","0.237433","1.298063"
"40","460","1029.125551","1.676135","0.220967","1.292487"
"50","460","997.278869","1.644338","0.206322","1.286923"
"60","460","967.344038","1.614907","0.193223","1.281409"
"70","460","939.153916","1.587654","0.181442","1.275969"
"80","460","912.56029","1.562412","0.170793","1.270625"
"90","460","887.431272","1.53903","0.16112","1.265388"
"100","460","863.649113","1.517374","0.152296","1.260268"
"110","460","841.108355","1.497323","0.14421","1.255266"
"120","460","819.714273","1.478769","0.136771","1.250384"
"130","460","799.381536","1.461611","0.129903","1.245619"
"140","460","780.033078","1.445761","0.123539","1.240966"
"150","460","761.599117","1.431133","0.117623","1.236421"
"160","460","744.016314","1.417652","0.112107","1.231977"
"170","460","727.227048","1.405246","0.10695","1.227627"
"180","460","711.178785","1.39385","0.102118","1.223364"
"190","460","695.823527","1.383402","0.097579","1.219183"
"200","460","681.117334","1.373844","0.093308","1.215078"
"210","460","667.019903","1.36512","0.089281","1.211043"
"220","460","653.494203","1.35718","0.08548","1.207073"
"-100","470","1901.594874","2.634932","1.103668","1.335678"
"-90","470","1797.76769","2.518568","0.909873","1.337636"
"-80","470","1704.691444","2.414655","0.767569","1.338392"
"-70","470","1620.7785","2.321372","0.659079","1.338018"
"-60","470","1544.739162","2.237245","0.573979","1.336613"
"-50","470","1475.514911","2.161062","0.505716","1.334292"
"-40","470","1412.228833","2.091822","0.449956","1.331178"
"-30","470","1354.148272","2.028689","0.40372","1.327395"
"-20","470","1300.65634","1.970959","0.364887","1.323065"
"-10","470","1251.229916","1.918037","0.331911","1.318302"
"0","470","1205.422487","1.869414","0.303634","1.313209"
"10","470","1162.850618","1.824656","0.279177","1.30788"
"20","470","1123.183191","1.783386","0.257856","1.302394"
"30","470","1086.13278","1.745279","0.239135","1.29682"
"40","470","1051.448674","1.71005","0.222589","1.291214"
"50","470","1018.911194","1.67745","0.207875","1.285621"
"60","470","988.327037","1.647262","0.194715","1.280077"
"70","470","959.525433","1.61929","0.18288","1.274609"
"80","470","932.354955","1.593364","0.172184","1.269236"
"90","470","906.680855","1.569329","0.16247","1.263973"
"100","470","882.382828","1.547049","0.153608","1.258826"
"110","470","859.353132","1.5264","0.145489","1.253799"
"120","470","837.494982","1.50727","0.138021","1.248894"
"130","470","816.721201","1.489558","0.131127","1.244108"
"140","470","796.953049","1.47317","0.124739","1.239437"
"150","470","778.11923","1.458022","0.118802","1.234876"
"160","470","760.155033","1.444036","0.113267","1.230419"
"170","470","743.001585","1.431138","0.108093","1.226059"
"180","470","726.605213","1.419262","0.103245","1.22179"
"190","470","710.916879","1.408345","0.098691","1.217607"
"200","470","695.891688","1.398326","0.094406","1.213502"
"210","470","681.488466","1.389152","0.090367","1.209472"
"220","470","667.669375","1.380769","0.086553","1.205511"
"-100","480","1941.967302","2.689323","1.110768","1.334821"
"-90","480","1835.935781","2.570458","0.915535","1.336756"
"-80","480","1740.88345","2.464302","0.772264","1.337486"
"-70","480","1655.188965","2.368999","0.663087","1.337085"
"-60","480","1577.535249","2.28304","0.577476","1.335651"
"-50","480","1506.84131","2.205189","0.50882","1.333301"
"-40","480","1442.211616","2.134424","0.45275","1.330158"
"-30","480","1382.897957","2.069889","0.406262","1.326347"
"-20","480","1328.270347","2.010867","0.367224","1.321988"
"-10","480","1277.79456","1.956749","0.334075","1.317196"
"0","480","1231.014601","1.907017","0.305654","1.312075"
"10","480","1187.538896","1.861225","0.281073","1.306718"
"20","480","1147.029297","1.818989","0.259645","1.301204"
"30","480","1109.192276","1.779975","0.240833","1.295602"
"40","480","1073.771797","1.743895","0.224207","1.289968"
"50","480","1040.54352","1.710492","0.209423","1.284347"
"60","480","1009.310036","1.679544","0.196202","1.278776"
"70","480","979.89695","1.650853","0.184313","1.273281"
"80","480","952.14962","1.624241","0.173569","1.267882"
"90","480","925.930437","1.599554","0.163813","1.262593"
"100","480","901.116544","1.576649","0.154914","1.257422"
"110","480","877.597908","1.555401","0.146762","1.252374"
"120","480","855.275692","1.535695","0.139264","1.247448"
"130","480","834.060867","1.517428","0.132343","1.242643"
"140","480","813.87302","1.500503","0.125932","1.237955"
"150","480","794.639344","1.484836","0.119973","1.23338"
"160","480","776.293751","1.470345","0.114419","1.228912"
"170","480","758.776122","1.456956","0.109228","1.224544"
"180","480","742.031641","1.444601","0.104363","1.22027"
"190","480","726.010231","1.433216","0.099795","1.216085"
"200","480","710.666043","1.42274","0.095496","1.211982"
"210","480","695.957029","1.413117","0.091443","1.207957"
"220","480","681.844547","1.404294","0.087616","1.204005"
"-100","490","1982.33973","2.743659","1.117893","1.333973"
"-90","490","1874.103873","2.622291","0.92121","1.335885"
"-80","490","1777.075456","2.513893","0.776968","1.33659"
"-70","490","1689.599431","2.416568","0.6671","1.336162"
"-60","490","1610.331336","2.328777","0.580976","1.334701"
"-50","490","1538.167709","2.249257","0.511925","1.332324"
"-40","490","1472.1944","2.176965","0.455543","1.329153"
"-30","490","1411.647643","2.111029","0.408803","1.325313"
"-20","490","1355.884354","2.050714","0.369558","1.320927"
"-10","490","1304.359203","1.995399","0.336237","1.316108"
"0","490","1256.606715","1.944556","0.30767","1.310961"
"10","490","1212.227174","1.897729","0.282965","1.305576"
"20","490","1170.875403","1.854525","0.261431","1.300036"
"30","490","1132.251771","1.814605","0.242527","1.294407"
"40","490","1096.09492","1.777672","0.225821","1.288747"
"50","490","1062.175845","1.743465","0.210967","1.283101"
"60","490","1030.293034","1.711757","0.197683","1.277504"
"70","490","1000.268467","1.682344","0.185741","1.271984"
"80","490","971.944285","1.655047","0.174949","1.266561"
"90","490","945.18002","1.629705","0.16515","1.261249"
"100","490","919.850259","1.606175","0.156213","1.256056"
"110","490","895.842684","1.584328","0.148027","1.250987"
"120","490","873.056402","1.564046","0.1405","1.246042"
"130","490","851.400532","1.545223","0.133552","1.24122"
"140","490","830.792991","1.527762","0.127117","1.236518"
"150","490","811.159457","1.511575","0.121137","1.23193"
"160","490","792.43247","1.49658","0.115563","1.227452"
"170","490","774.550659","1.482701","0.110354","1.223078"
"180","490","757.45807","1.469869","0.105473","1.2188"
"190","490","741.103583","1.458017","0.100889","1.214614"
"200","490","725.440398","1.447085","0.096576","1.210514"
"210","490","710.425591","1.437015","0.09251","1.206495"
"220","490","696.019719","1.427754","0.088671","1.202552"
"-100","500","2022.712159","2.797939","1.125042","1.333133"
"-90","500","1912.271965","2.67407","0.9269","1.335023"
"-80","500","1813.267462","2.563429","0.781681","1.335704"
"-70","500","1724.009896","2.464081","0.671118","1.33525"
"-60","500","1643.127423","2.374457","0.584478","1.333762"
"-50","500","1569.494108","2.293268","0.51503","1.331358"
"-40","500","1502.177183","2.219448","0.458335","1.32816"
"-30","500","1440.397328","2.152108","0.411343","1.324295"
"-20","500","1383.498362","2.0905","0.37189","1.319883"
"-10","500","1330.923847","2.033988","0.338397","1.315038"
"0","500","1282.19883","1.982032","0.309684","1.309864"
"10","500","1236.915452","1.934168","0.284854","1.304455"
"20","500","1194.721509","1.889996","0.263214","1.298889"
"30","500","1155.311266","1.849168","0.244217","1.293236"
"40","500","1118.418043","1.811381","0.22743","1.287551"
"50","500","1083.808171","1.77637","0.212506","1.28188"
"60","500","1051.276033","1.7439","0.19916","1.27626"
"70","500","1020.639983","1.713765","0.187163","1.270717"
"80","500","991.73895","1.685781","0.176323","1.265272"
"90","500","964.429603","1.659785","0.166481","1.259939"
"100","500","938.583975","1.63563","0.157506","1.254726"
"110","500","914.08746","1.613182","0.149287","1.249637"
"120","500","890.837111","1.592324","0.14173","1.244675"
"130","500","868.740197","1.572945","0.134755","1.239838"
"140","500","847.712962","1.554949","0.128295","1.235123"
"150","500","827.679571","1.538243","0.122293","1.230525"
"160","500","808.571189","1.522744","0.116699","1.226038"
"170","500","790.325195","1.508376","0.111472","1.221658"
"180","500","772.884498","1.495066","0.106575","1.217378"
"190","500","756.196935","1.482749","0.101976","1.213193"
"200","500","740.214753","1.471363","0.097648","1.209096"
"210","500","724.894154","1.460849","0.093569","1.205083"
"220","500","710.194891","1.451153","0.089717","1.20115"
"-100","0","4.090736","0.005849","0.792834","1.389588"
"-90","0","3.867382","0.005605","0.65646","1.393969"
"-80","0","3.667155","0.005388","0.553648","1.39755"
"-70","0","3.48664","0.005196","0.473754","1.400362"
"-60","0","3.323064","0.005024","0.410178","1.402492"
"-50","0","3.174147","0.00487","0.358604","1.40407"
"-40","0","3.038006","0.004732","0.316086","1.405251"
"-30","0","2.913062","0.00461","0.280545","1.406215"
"-20","0","2.797989","0.0045","0.250468","1.40716"
"-10","0","2.691663","0.004403","0.224731","1.408298"
"0","0","2.593121","0.959099","0.006769","1.118825"
"10","0","2.50154","0.964003","0.007025","1.112853"
"20","0","2.416207","0.968128","0.007279","1.107632"
"30","0","2.336503","0.971631","0.007531","1.103007"
"40","0","2.26189","0.974628","0.007781","1.098869"
"50","0","2.191895","0.977213","0.00803","1.095134"
"60","0","2.126102","0.979456","0.008277","1.09174"
"70","0","2.064144","0.981413","0.008523","1.08864"
"80","0","2.005694","0.983132","0.008768","1.085795"
"90","0","1.950464","0.984648","0.009011","1.083174"
"100","0","1.898194","0.985991","0.009253","1.080749"
"110","0","1.848652","0.987187","0.009495","1.078501"
"120","0","1.80163","0.988255","0.009735","1.07641"
"130","0","1.756942","0.989213","0.009974","1.074462"
"140","0","1.714416","0.990075","0.010213","1.072642"
"150","0","1.6739","0.990853","0.01045","1.070939"
"160","0","1.635256","0.991557","0.010687","1.069342"
"170","0","1.598355","0.992196","0.010922","1.067842"
"180","0","1.563083","0.992777","0.011157","1.066431"
"190","0","1.529334","0.993308","0.011392","1.065101"
"200","0","1.497012","0.993793","0.011625","1.063846"
"210","0","1.466027","0.994238","0.011858","1.062659"
"220","0","1.436299","0.994646","0.01209","1.061537"
"-100","1","8.127979","0.011621","0.793457","1.389433"
"-90","1","7.684191","0.011136","0.65698","1.393804"
"-80","1","7.286356","0.010705","0.554095","1.397373"
"-70","1","6.927687","0.010322","0.474148","1.400171"
"-60","1","6.602672","0.009981","0.410531","1.402284"
"-50","1","6.306787","0.009675","0.358925","1.403842"
"-40","1","6.036284","0.009402","0.316383","1.405001"
"-30","1","5.78803","0.009157","0.280821","1.405938"
"-20","1","5.55939","0.008939","0.250729","1.406851"
"-10","1","5.348127","0.008746","0.224979","1.407951"
"0","1","5.152332","0.008575","0.202716","1.409471"
"10","1","4.970368","0.008426","0.183276","1.411672"
"20","1","4.800817","0.934292","0.007262","1.125468"
"30","1","4.642453","0.941821","0.00752","1.117777"
"40","1","4.494203","0.948193","0.007775","1.111265"
"50","1","4.355128","0.953636","0.008028","1.105658"
"60","1","4.224402","0.958323","0.008279","1.100764"
"70","1","4.101296","0.96239","0.008528","1.096445"
"80","1","3.985161","0.965939","0.008775","1.092601"
"90","1","3.875422","0.969057","0.009021","1.08915"
"100","1","3.771565","0.971809","0.009265","1.086029"
"110","1","3.67313","0.974251","0.009509","1.083191"
"120","1","3.579701","0.976426","0.00975","1.080598"
"130","1","3.490908","0.978371","0.009991","1.078219"
"140","1","3.406413","0.980117","0.01023","1.076028"
"150","1","3.325912","0.98169","0.010469","1.074003"
"160","1","3.249128","0.983112","0.010706","1.072125"
"170","1","3.175809","0.9844","0.010943","1.070379"
"180","1","3.105726","0.985571","0.011178","1.068751"
"190","1","3.038669","0.986638","0.011413","1.067229"
"200","1","2.974447","0.987613","0.011647","1.065803"
"210","1","2.912883","0.988505","0.01188","1.064465"
"220","1","2.853816","0.989324","0.012112","1.063206"
"-100","2","12.165222","0.017392","0.79408","1.389279"
"-90","2","11.501","0.016666","0.657499","1.39364"
"-80","2","10.905556","0.016021","0.554542","1.397197"
"-70","2","10.368733","0.015448","0.474541","1.39998"
"-60","2","9.882281","0.014936","0.410884","1.402077"
"-50","2","9.439427","0.014479","0.359246","1.403615"
"-40","2","9.034562","0.01407","0.316679","1.404751"
"-30","2","8.662999","0.013704","0.281098","1.405662"
"-20","2","8.320791","0.013377","0.25099","1.406543"
"-10","2","8.004591","0.013087","0.225228","1.407605"
"0","2","7.711544","0.012831","0.202954","1.409079"
"10","2","7.439195","0.012608","0.183507","1.411222"
"20","2","7.185428","0.012416","0.166364","1.414331"
"30","2","6.948402","0.012254","0.151107","1.418767"
"40","2","6.726515","0.920124","0.007778","1.12648"
"50","2","6.51836","0.928813","0.008034","1.118231"
"60","2","6.322702","0.936228","0.008287","1.111307"
"70","2","6.138447","0.942612","0.008539","1.105398"
"80","2","5.964627","0.948151","0.008788","1.100287"
"90","2","5.800381","0.952991","0.009035","1.09581"
"100","2","5.644937","0.957245","0.009281","1.091848"
"110","2","5.497607","0.961005","0.009526","1.088309"
"120","2","5.357772","0.964344","0.009768","1.08513"
"130","2","5.224875","0.967322","0.01001","1.082255"
"140","2","5.09841","0.96999","0.01025","1.079642"
"150","2","4.977923","0.972388","0.01049","1.077254"
"160","2","4.862999","0.974551","0.010728","1.075063"
"170","2","4.753262","0.976509","0.010965","1.073045"
"180","2","4.648369","0.978285","0.011201","1.071179"
"190","2","4.548004","0.979902","0.011436","1.069448"
"200","2","4.451882","0.981377","0.01167","1.067838"
"210","2","4.35974","0.982726","0.011903","1.066336"
"220","2","4.271334","0.983963","0.012136","1.064932"
"-100","3","16.202465","0.023163","0.794704","1.389125"
"-90","3","15.317809","0.022195","0.658019","1.393476"
"-80","3","14.524757","0.021337","0.554989","1.39702"
"-70","3","13.80978","0.020573","0.474934","1.399789"
"-60","3","13.16189","0.019891","0.411237","1.40187"
"-50","3","12.572067","0.019281","0.359568","1.403389"
"-40","3","12.032841","0.018736","0.316975","1.404503"
"-30","3","11.537967","0.018249","0.281375","1.405387"
"-20","3","11.082192","0.017814","0.251251","1.406236"
"-10","3","10.661056","0.017427","0.225476","1.40726"
"0","3","10.270755","0.017086","0.203193","1.408688"
"10","3","9.908023","0.016788","0.183738","1.410774"
"20","3","9.570039","0.016531","0.16659","1.413812"
"30","3","9.254352","0.016316","0.15133","1.418156"
"40","3","8.958827","0.016143","0.137618","1.424261"
"50","3","8.681593","0.902533","0.008048","1.133511"
"60","3","8.421002","0.91303","0.008303","1.123783"
"70","3","8.175599","0.921986","0.008555","1.115766"
"80","3","7.944094","0.929702","0.008806","1.109031"
"90","3","7.725339","0.936404","0.009054","1.103277"
"100","3","7.518308","0.942267","0.009301","1.098289"
"110","3","7.322085","0.947428","0.009546","1.093916"
"120","3","7.135843","0.951995","0.00979","1.090047"
"130","3","6.958841","0.956057","0.010032","1.0866"
"140","3","6.790407","0.959685","0.010273","1.083505"
"150","3","6.629935","0.96294","0.010512","1.080709"
"160","3","6.476871","0.96587","0.010751","1.078169"
"170","3","6.330716","0.968518","0.010988","1.075849"
"180","3","6.191011","0.970917","0.011224","1.073723"
"190","3","6.057339","0.973098","0.011459","1.071764"
"200","3","5.929318","0.975085","0.011694","1.069955"
"210","3","5.806596","0.976901","0.011927","1.068277"
"220","3","5.688851","0.978563","0.01216","1.066717"
"-100","4","20.239708","0.028932","0.795327","1.388971"
"-90","4","19.134619","0.027723","0.658539","1.393312"
"-80","4","18.143957","0.026651","0.555436","1.396845"
"-70","4","17.250826","0.025696","0.475328","1.399599"
"-60","4","16.441498","0.024844","0.411589","1.401663"
"-50","4","15.704707","0.024083","0.359889","1.403163"
"-40","4","15.031119","0.023402","0.317271","1.404254"
"-30","4","14.412936","0.022792","0.281651","1.405112"
"-20","4","13.843592","0.022249","0.251511","1.40593"
"-10","4","13.31752","0.021766","0.225724","1.406917"
"0","4","12.829967","0.021339","0.203431","1.408299"
"10","4","12.376851","0.020966","0.183969","1.410329"
"20","4","11.954649","0.020644","0.166815","1.413296"
"30","4","11.560301","0.020375","0.151553","1.417548"
"40","4","11.19114","0.020158","0.13784","1.423533"
"50","4","10.844826","0.019996","0.125395","1.431857"
"60","4","10.519302","0.88855","0.008326","1.138779"
"70","4","10.212751","0.900398","0.008579","1.12791"
"80","4","9.92356","0.910516","0.00883","1.119065"
"90","4","9.650297","0.919246","0.009078","1.111703"
"100","4","9.39168","0.92684","0.009325","1.105457"
"110","4","9.146562","0.933494","0.009571","1.10008"
"120","4","8.913914","0.939361","0.009814","1.0954"
"130","4","8.692808","0.944561","0.010057","1.091288"
"140","4","8.482404","0.949194","0.010297","1.087643"
"150","4","8.281946","0.95334","0.010537","1.084385"
"160","4","8.090743","0.957065","0.010776","1.081455"
"170","4","7.90817","0.960425","0.011013","1.078802"
"180","4","7.733654","0.963464","0.011249","1.076389"
"190","4","7.566675","0.966223","0.011484","1.074183"
"200","4","7.406753","0.968735","0.011719","1.072157"
"210","4","7.253452","0.971027","0.011952","1.07029"
"220","4","7.106368","0.973124","0.012184","1.068563"
"-100","5","24.276951","0.0347","0.79595","1.388817"
"-90","5","22.951428","0.03325","0.659059","1.393148"
"-80","5","21.763158","0.031964","0.555883","1.396669"
"-70","5","20.691873","0.030819","0.475721","1.39941"
"-60","5","19.721107","0.029797","0.411942","1.401457"
"-50","5","18.837347","0.028883","0.36021","1.402938"
"-40","5","18.029397","0.028066","0.317568","1.404007"
"-30","5","17.287905","0.027335","0.281927","1.404839"
"-20","5","16.604993","0.026682","0.251772","1.405626"
"-10","5","15.973984","0.026102","0.225971","1.406575"
"0","5","15.389178","0.02559","0.203669","1.407912"
"10","5","14.845679","0.025141","0.184199","1.409886"
"20","5","14.33926","0.024756","0.167041","1.412782"
"30","5","13.866251","0.024431","0.151775","1.416945"
"40","5","13.423452","0.02417","0.138062","1.42281"
"50","5","13.008058","0.023974","0.125619","1.430972"
"60","5","12.617602","0.862557","0.00836","1.157154"
"70","5","12.249902","0.8777","0.008611","1.142333"
"80","5","11.903027","0.890499","0.00886","1.130695"
"90","5","11.575255","0.901453","0.009108","1.121283"
"100","5","11.265052","0.910921","0.009354","1.113479"
"110","5","10.97104","0.919176","0.009599","1.106889"
"120","5","10.691985","0.926422","0.009842","1.101247"
"130","5","10.426774","0.932822","0.010084","1.096361"
"140","5","10.174402","0.938507","0.010325","1.092084"
"150","5","9.933957","0.943581","0.010564","1.088304"
"160","5","9.704615","0.948131","0.010802","1.084936"
"170","5","9.485623","0.952226","0.011039","1.081915"
"180","5","9.276297","0.955925","0.011275","1.079187"
"190","5","9.07601","0.959278","0.01151","1.07671"
"200","5","8.884189","0.962326","0.011744","1.07445"
"210","5","8.700308","0.965105","0.011977","1.07238"
"220","5","8.523885","0.967645","0.01221","1.070474"
"-100","6","28.314193","0.040468","0.796574","1.388664"
"-90","6","26.768237","0.038776","0.659578","1.392985"
"-80","6","25.382359","0.037276","0.556329","1.396494"
"-70","6","24.132919","0.03594","0.476114","1.39922"
"-60","6","23.000716","0.034748","0.412294","1.401252"
"-50","6","21.969987","0.033682","0.360531","1.402714"
"-40","6","21.027676","0.032729","0.317864","1.40376"
"-30","6","20.162873","0.031875","0.282203","1.404566"
"-20","6","19.366394","0.031114","0.252032","1.405322"
"-10","6","18.630449","0.030437","0.226219","1.406234"
"0","6","17.948389","0.029839","0.203906","1.407527"
"10","6","17.314507","0.029315","0.18443","1.409445"
"20","6","16.72387","0.028864","0.167266","1.412272"
"30","6","16.172201","0.028485","0.151997","1.416345"
"40","6","15.655764","0.028178","0.138284","1.422093"
"50","6","15.171291","0.027948","0.125843","1.430095"
"60","6","14.715901","0.027801","0.114435","1.441193"
"70","6","14.287054","0.853707","0.008652","1.159751"
"80","6","13.882494","0.869535","0.008899","1.144339"
"90","6","13.500214","0.882951","0.009145","1.132271"
"100","6","13.138423","0.894463","0.009389","1.122517"
"110","6","12.795518","0.904439","0.009632","1.114447"
"120","6","12.470056","0.913155","0.009874","1.107658"
"130","6","12.160741","0.920824","0.010115","1.101866"
"140","6","11.866399","0.927613","0.010355","1.096861"
"150","6","11.585969","0.933656","0.010594","1.092488"
"160","6","11.318487","0.939062","0.010831","1.08863"
"170","6","11.063077","0.943917","0.011068","1.085199"
"180","6","10.81894","0.948296","0.011303","1.082124"
"190","6","10.585345","0.952259","0.011538","1.079352"
"200","6","10.361624","0.955858","0.011771","1.076839"
"210","6","10.147165","0.959134","0.012004","1.074549"
"220","6","9.941402","0.962126","0.012236","1.072452"
"-100","7","32.351436","0.046234","0.797198","1.388511"
"-90","7","30.585046","0.044301","0.660098","1.392822"
"-80","7","29.001559","0.042587","0.556776","1.396319"
"-70","7","27.573966","0.041061","0.476507","1.399031"
"-60","7","26.280325","0.039698","0.412647","1.401046"
"-50","7","25.102627","0.03848","0.360852","1.402489"
"-40","7","24.025954","0.03739","0.31816","1.403514"
"-30","7","23.037842","0.036415","0.282479","1.404294"
"-20","7","22.127795","0.035544","0.252292","1.405019"
"-10","7","21.286913","0.03477","0.226467","1.405895"
"0","7","20.507601","0.034086","0.204144","1.407143"
"10","7","19.783335","0.033487","0.18466","1.409006"
"20","7","19.108481","0.032971","0.167491","1.411764"
"30","7","18.47815","0.032536","0.152219","1.415749"
"40","7","17.888077","0.032184","0.138505","1.421382"
"50","7","17.334523","0.031919","0.126066","1.429226"
"60","7","16.814201","0.031748","0.114663","1.440102"
"70","7","16.324206","0.828172","0.008705","1.181235"
"80","7","15.86196","0.847479","0.008946","1.160575"
"90","7","15.425172","0.863651","0.009188","1.145005"
"100","7","15.011795","0.877407","0.009429","1.132774"
"110","7","14.619995","0.889248","0.00967","1.122882"
"120","7","14.248127","0.899537","0.009911","1.114715"
"130","7","13.894707","0.908551","0.01015","1.107857"
"140","7","13.558396","0.916501","0.010388","1.102012"
"150","7","13.23798","0.923557","0.010626","1.096964"
"160","7","12.932359","0.929853","0.010862","1.092555"
"170","7","12.640531","0.935496","0.011098","1.088668"
"180","7","12.361583","0.940576","0.011332","1.085212"
"190","7","12.09468","0.945166","0.011566","1.082117"
"200","7","11.83906","0.949328","0.011799","1.079329"
"210","7","11.594021","0.953113","0.012031","1.076801"
"220","7","11.35892","0.956565","0.012262","1.0745"
"-100","8","36.388679","0.052","0.797822","1.388358"
"-90","8","34.401855","0.049825","0.660618","1.392659"
"-80","8","32.62076","0.047897","0.557223","1.396144"
"-70","8","31.015012","0.04618","0.4769","1.398843"
"-60","8","29.559933","0.044647","0.412999","1.400842"
"-50","8","28.235267","0.043277","0.361172","1.402266"
"-40","8","27.024232","0.04205","0.318455","1.403268"
"-30","8","25.91281","0.040953","0.282755","1.404023"
"-20","8","24.889195","0.039973","0.252552","1.404718"
"-10","8","23.943377","0.039102","0.226714","1.405557"
"0","8","23.066812","0.038331","0.204382","1.40676"
"10","8","22.252162","0.037657","0.18489","1.40857"
"20","8","21.493092","0.037075","0.167716","1.41126"
"30","8","20.7841","0.036584","0.152441","1.415158"
"40","8","20.120389","0.036187","0.138726","1.420676"
"50","8","19.497756","0.035886","0.126288","1.428366"
"60","8","18.912501","0.035691","0.11489","1.439023"
"70","8","18.361357","0.035617","0.10432","1.453889"
"80","8","17.841427","0.82414","0.009005","1.180243"
"90","8","17.35013","0.84344","0.00924","1.159941"
"100","8","16.885166","0.859685","0.009477","1.144517"
"110","8","16.444473","0.873558","0.009714","1.132355"
"120","8","16.026198","0.885539","0.009951","1.122519"
"130","8","15.628674","0.895982","0.010188","1.114401"
"140","8","15.250393","0.905158","0.010425","1.107581"
"150","8","14.889991","0.913275","0.01066","1.101762"
"160","8","14.546231","0.920497","0.010895","1.096732"
"170","8","14.217984","0.926957","0.01113","1.092336"
"180","8","13.904225","0.93276","0.011363","1.088459"
"190","8","13.604016","0.937995","0.011596","1.085012"
"200","8","13.316495","0.942735","0.011828","1.081924"
"210","8","13.040877","0.94704","0.01206","1.079142"
"220","8","12.776437","0.950963","0.01229","1.076621"
"-100","9","40.425922","0.057765","0.798446","1.388205"
"-90","9","38.218664","0.055349","0.661138","1.392497"
"-80","9","36.239961","0.053206","0.55767","1.39597"
"-70","9","34.456059","0.051298","0.477294","1.398655"
"-60","9","32.839542","0.049595","0.413352","1.400637"
"-50","9","31.367907","0.048072","0.361493","1.402043"
"-40","9","30.022511","0.046709","0.318751","1.403023"
"-30","9","28.787779","0.04549","0.283031","1.403752"
"-20","9","27.650596","0.044401","0.252812","1.404417"
"-10","9","26.599842","0.043432","0.226961","1.40522"
"0","9","25.626024","0.042575","0.204619","1.40638"
"10","9","24.72099","0.041825","0.18512","1.408135"
"20","9","23.877702","0.041177","0.16794","1.410758"
"30","9","23.090049","0.04063","0.152662","1.41457"
"40","9","22.352701","0.040187","0.138946","1.419975"
"50","9","21.660988","0.03985","0.126511","1.427513"
"60","9","21.010801","0.039631","0.115117","1.437956"
"70","9","20.398509","0.039543","0.104555","1.452504"
"80","9","19.820893","0.799267","0.009076","1.204607"
"90","9","19.275088","0.822176","0.009302","1.177722"
"100","9","18.758538","0.841212","0.009532","1.158099"
"110","9","18.26895","0.857317","0.009764","1.143072"
"120","9","17.804269","0.871127","0.009997","1.131196"
"130","9","17.36264","0.883098","0.010231","1.121576"
"140","9","16.94239","0.89357","0.010464","1.113618"
"150","9","16.542003","0.902801","0.010698","1.106914"
"160","9","16.160102","0.91099","0.010931","1.101183"
"170","9","15.795438","0.918296","0.011164","1.09622"
"180","9","15.446868","0.924847","0.011396","1.091878"
"190","9","15.113351","0.930746","0.011628","1.088045"
"200","9","14.793931","0.936079","0.011859","1.084633"
"210","9","14.487733","0.940917","0.012089","1.081575"
"220","9","14.193954","0.945319","0.012319","1.078818"
"-100","10","44.463165","0.063528","0.79907","1.388053"
"-90","10","42.035474","0.060871","0.661658","1.392335"
"-80","10","39.859161","0.058514","0.558117","1.395796"
"-70","10","37.897105","0.056415","0.477687","1.398467"
"-60","10","36.119151","0.054542","0.413704","1.400433"
"-50","10","34.500547","0.052867","0.361814","1.40182"
"-40","10","33.020789","0.051367","0.319047","1.402779"
"-30","10","31.662747","0.050025","0.283307","1.403482"
"-20","10","30.411997","0.048827","0.253072","1.404117"
"-10","10","29.256306","0.04776","0.227208","1.404884"
"0","10","28.185235","0.046817","0.204856","1.406001"
"10","10","27.189818","0.04599","0.185349","1.407703"
"20","10","26.262313","0.045277","0.168164","1.410258"
"30","10","25.395999","0.044674","0.152883","1.413985"
"40","10","24.585014","0.044184","0.139166","1.41928"
"50","10","23.824221","0.043811","0.126732","1.426668"
"60","10","23.109101","0.043565","0.115343","1.436901"
"70","10","22.435661","0.043464","0.10479","1.451138"
"80","10","21.80036","0.043534","0.094877","1.471345"
"90","10","21.200047","0.799677","0.009375","1.199279"
"100","10","20.631909","0.821886","0.009595","1.173998"
"110","10","20.093428","0.840464","0.00982","1.155296"
"120","10","19.58234","0.856264","0.010048","1.140897"
"130","10","19.096607","0.869875","0.010278","1.129474"
"140","10","18.634387","0.881722","0.010508","1.120182"
"150","10","18.194014","0.892124","0.010739","1.112461"
"160","10","17.773974","0.901323","0.010969","1.105935"
"170","10","17.372892","0.90951","0.0112","1.100338"
"180","10","16.989511","0.916834","0.011431","1.095482"
"190","10","16.622686","0.923416","0.011661","1.091225"
"200","10","16.271366","0.929358","0.01189","1.08746"
"210","10","15.93459","0.93474","0.012119","1.084105"
"220","10","15.611471","0.939633","0.012348","1.081096"
