"1.01","Nitrous Oxide","N2 0","15/05/2015"
"-70","0","2.640244","0.981461","0.010127","1.348199"
"-60","0","2.516376","0.984203","0.010634","1.337844"
"-50","0","2.40361","0.986385","0.01114","1.328561"
"-40","0","2.300517","0.988161","0.011644","1.320174"
"-30","0","2.205904","0.989631","0.012146","1.312551"
"-20","0","2.118766","0.990863","0.012644","1.305587"
"-10","0","2.038251","0.991907","0.01314","1.299197"
"0","0","1.96363","0.992799","0.013631","1.293309"
"10","0","1.894281","0.993567","0.014118","1.287862"
"20","0","1.829663","0.994233","0.014601","1.282806"
"30","0","1.769308","0.994813","0.01508","1.278095"
"40","0","1.712807","0.995323","0.015554","1.273691"
"50","0","1.659804","0.995771","0.016023","1.269562"
"60","0","1.609982","0.996168","0.016487","1.265679"
"70","0","1.563065","0.996521","0.016947","1.262017"
"80","0","1.518804","0.996836","0.017402","1.258555"
"90","0","1.476981","0.997117","0.017852","1.255274"
"100","0","1.4374","0.99737","0.018297","1.252158"
"110","0","1.399884","0.997598","0.018737","1.249194"
"120","0","1.364277","0.997804","0.019173","1.246368"
"130","0","1.330437","0.99799","0.019605","1.243671"
"140","0","1.298235","0.99816","0.020032","1.241092"
"150","0","1.267554","0.998313","0.020454","1.238623"
"160","0","1.238291","0.998454","0.020873","1.236257"
"170","0","1.210348","0.998582","0.021287","1.233987"
"180","0","1.183638","0.998699","0.021697","1.231808"
"190","0","1.158082","0.998807","0.022103","1.229714"
"200","0","1.133606","0.998906","0.022506","1.227699"
"210","0","1.110143","0.998997","0.022905","1.225761"
"220","0","1.087632","0.999081","0.0233","1.223894"
"230","0","1.066015","0.999158","0.023691","1.222095"
"240","0","1.045241","0.99923","0.024079","1.220361"
"250","0","1.025262","0.999296","0.024464","1.218688"
"-70","10","28.697429","0.024401","0.232865","1.855893"
"-60","10","27.35108","0.023903","0.198442","1.898471"
"-50","10","26.125399","0.02352","0.171031","1.948938"
"-40","10","25.004858","0.023255","0.1486","2.010804"
"-30","10","23.976487","0.872445","0.012564","1.480703"
"-20","10","23.029361","0.890652","0.013033","1.441732"
"-10","10","22.154219","0.905007","0.013504","1.412533"
"0","10","21.343155","0.916682","0.013973","1.389502"
"10","10","20.589379","0.926385","0.014442","1.370704"
"20","10","19.88703","0.934578","0.014908","1.354979"
"30","10","19.231017","0.94158","0.015371","1.341573"
"40","10","18.616902","0.947622","0.015831","1.32997"
"50","10","18.040795","0.952878","0.016288","1.319801"
"60","10","17.499273","0.95748","0.016741","1.310795"
"70","10","16.989313","0.961535","0.01719","1.302746"
"80","10","16.508234","0.965124","0.017635","1.295496"
"90","10","16.053649","0.968316","0.018076","1.288921"
"100","10","15.62343","0.971167","0.018512","1.282922"
"110","10","15.215667","0.973723","0.018945","1.277418"
"120","10","14.828647","0.976021","0.019374","1.272345"
"130","10","14.460828","0.978095","0.019798","1.267648"
"140","10","14.110814","0.979971","0.020219","1.263284"
"150","10","13.777343","0.981673","0.020635","1.259213"
"160","10","13.45927","0.983221","0.021048","1.255405"
"170","10","13.155552","0.984632","0.021457","1.251833"
"180","10","12.865238","0.985921","0.021862","1.248474"
"190","10","12.587461","0.987101","0.022263","1.245306"
"200","10","12.321426","0.988183","0.022661","1.242314"
"210","10","12.066403","0.989177","0.023055","1.239482"
"220","10","11.821723","0.990092","0.023446","1.236796"
"230","10","11.586769","0.990935","0.023834","1.234246"
"240","10","11.360972","0.991713","0.024219","1.23182"
"250","10","11.143807","0.992432","0.0246","1.22951"
"-70","20","54.754614","0.046486","0.234599","1.850483"
"-60","20","52.185784","0.045526","0.200035","1.891653"
"-50","20","49.847188","0.044779","0.172531","1.940114"
"-40","20","47.7092","0.044251","0.150053","1.998968"
"-30","20","45.747069","0.043965","0.131158","2.07346"
"-20","20","43.939956","0.043965","0.114774","2.173405"
"-10","20","42.270188","0.798426","0.01399","1.635609"
"0","20","40.722679","0.827591","0.014412","1.555311"
"10","20","39.284478","0.850283","0.014844","1.500843"
"20","20","37.944397","0.868615","0.01528","1.460763"
"30","20","36.692726","0.8838","0.015719","1.429715"
"40","20","35.520996","0.896604","0.016157","1.404793"
"50","20","34.421785","0.907547","0.016595","1.384253"
"60","20","33.388563","0.916997","0.017032","1.366974"
"70","20","32.415561","0.925228","0.017466","1.352199"
"80","20","31.497664","0.932449","0.017898","1.339392"
"90","20","30.630318","0.938822","0.018327","1.328163"
"100","20","29.80946","0.944477","0.018753","1.318222"
"110","20","29.03145","0.949518","0.019175","1.309347"
"120","20","28.293018","0.95403","0.019595","1.301364"
"130","20","27.591219","0.958084","0.020011","1.294138"
"140","20","26.923393","0.96174","0.020423","1.287559"
"150","20","26.287132","0.965045","0.020833","1.281538"
"160","20","25.680249","0.968042","0.021238","1.276002"
"170","20","25.100756","0.970768","0.021641","1.270892"
"180","20","24.546839","0.973252","0.02204","1.266157"
"190","20","24.016841","0.975522","0.022436","1.261755"
"200","20","23.509246","0.977599","0.022828","1.25765"
"210","20","23.022664","0.979504","0.023218","1.253811"
"220","20","22.555814","0.981255","0.023604","1.250211"
"230","20","22.107522","0.982866","0.023987","1.246829"
"240","20","21.676703","0.984351","0.024367","1.243643"
"250","20","21.262353","0.985722","0.024745","1.240637"
"-70","30","80.811799","0.068507","0.236326","1.84521"
"-60","30","77.020488","0.067073","0.20162","1.885044"
"-50","30","73.568976","0.065947","0.174021","1.931623"
"-40","30","70.413541","0.065138","0.151491","1.987696"
"-30","30","67.517652","0.064672","0.13259","2.057797"
"-20","30","64.850551","0.064605","0.116256","2.15014"
"-10","30","62.386156","0.065054","0.101634","2.281689"
"0","30","60.102204","0.713247","0.015046","1.940435"
"10","30","57.979576","0.759379","0.015382","1.742885"
"20","30","56.001764","0.793229","0.015756","1.633004"
"30","30","54.154435","0.819723","0.016148","1.56088"
"40","30","52.42509","0.841247","0.01655","1.50908"
"50","30","50.802776","0.859168","0.016959","1.469705"
"60","30","49.277854","0.874349","0.017371","1.438577"
"70","30","47.84181","0.887379","0.017784","1.413246"
"80","30","46.487093","0.898678","0.018197","1.392168"
"90","30","45.206986","0.908558","0.01861","1.374312"
"100","30","43.99549","0.917258","0.019022","1.358964"
"110","30","42.847232","0.924964","0.019432","1.345608"
"120","30","41.757388","0.931825","0.019839","1.333865"
"130","30","40.72161","0.937961","0.020245","1.323447"
"140","30","39.735972","0.943471","0.020648","1.314132"
"150","30","38.796921","0.948437","0.021048","1.305746"
"160","30","37.901228","0.952927","0.021446","1.298151"
"170","30","37.04596","0.956999","0.021841","1.291235"
"180","30","36.228439","0.960702","0.022233","1.284906"
"190","30","35.446221","0.964077","0.022622","1.27909"
"200","30","34.697067","0.967161","0.023008","1.273724"
"210","30","33.978924","0.969984","0.023392","1.268756"
"220","30","33.289906","0.972575","0.023773","1.264142"
"230","30","32.628276","0.974956","0.024151","1.259842"
"240","30","31.992433","0.977149","0.024526","1.255826"
"250","30","31.380898","0.979171","0.024899","1.252065"
"-70","40","106.868984","0.090465","0.238049","1.840066"
"-60","40","101.855192","0.088546","0.203198","1.878631"
"-50","40","97.290765","0.08703","0.175502","1.923443"
"-40","40","93.117882","0.085922","0.152915","1.97694"
"-30","40","89.288234","0.08525","0.134001","2.043057"
"-20","40","85.761146","0.085081","0.117706","2.128705"
"-10","40","82.502125","0.085542","0.103199","2.247502"
"0","40","79.481729","0.086905","0.08972","2.431553"
"10","40","76.674675","0.089851","0.07632","2.785502"
"20","40","74.059131","0.701541","0.016423","1.977431"
"30","40","71.616144","0.746163","0.016709","1.77975"
"40","40","69.329185","0.779931","0.017042","1.66492"
"50","40","67.183767","0.806872","0.0174","1.588163"
"60","40","65.167144","0.829058","0.017773","1.532556"
"70","40","63.268058","0.847722","0.018155","1.490102"
"80","40","61.476523","0.863666","0.018542","1.456466"
"90","40","59.783655","0.877449","0.018933","1.429066"
"100","40","58.18152","0.889476","0.019325","1.406258"
"110","40","56.663015","0.90005","0.019718","1.38694"
"120","40","55.221758","0.909408","0.020111","1.370342"
"130","40","53.852001","0.917735","0.020503","1.355908"
"140","40","52.548552","0.92518","0.020894","1.343227"
"150","40","51.30671","0.931865","0.021284","1.331988"
"160","40","50.122207","0.937891","0.021671","1.321951"
"170","40","48.991164","0.94334","0.022057","1.312925"
"180","40","47.910039","0.948283","0.022441","1.30476"
"190","40","46.8756","0.95278","0.022822","1.297335"
"200","40","45.884887","0.95688","0.023202","1.29055"
"210","40","44.935184","0.960629","0.023578","1.284323"
"220","40","44.023997","0.964062","0.023953","1.278586"
"230","40","43.149029","0.967214","0.024325","1.273282"
"240","40","42.308164","0.970113","0.024695","1.268362"
"250","40","41.499444","0.972783","0.025063","1.263786"
"-70","50","132.926169","0.112361","0.239766","1.835047"
"-60","50","126.689896","0.109948","0.20477","1.872406"
"-50","50","121.012553","0.108029","0.176973","1.915554"
"-40","50","115.822223","0.106605","0.154327","1.966659"
"-30","50","111.058817","0.105707","0.135394","2.029147"
"-20","50","106.671741","0.105403","0.119128","2.108858"
"-10","50","102.618093","0.105829","0.104715","2.216831"
"0","50","98.861253","0.107259","0.091446","2.377353"
"10","50","95.369773","0.11033","0.078526","2.659479"
"20","50","92.116498","0.117175","0.064419","3.411884"
"30","50","89.077854","0.655924","0.017528","2.237379"
"40","50","86.233279","0.709769","0.017696","1.92543"
"50","50","83.564757","0.74934","0.017956","1.763054"
"60","50","81.056435","0.780483","0.018262","1.660648"
"70","50","78.694307","0.805939","0.018594","1.589148"
"80","50","76.465953","0.827261","0.018943","1.535957"
"90","50","74.360323","0.845429","0.019302","1.494624"
"100","50","72.36755","0.86111","0.019669","1.461461"
"110","50","70.478798","0.87478","0.020039","1.434195"
"120","50","68.686128","0.886795","0.020413","1.411337"
"130","50","66.982392","0.897427","0.020789","1.391869"
"140","50","65.361131","0.90689","0.021165","1.375067"
"150","50","63.816498","0.915353","0.021541","1.360406"
"160","50","62.343187","0.922956","0.021917","1.347489"
"170","50","60.936368","0.929812","0.022292","1.336015"
"180","50","59.591639","0.936015","0.022666","1.325747"
"190","50","58.30498","0.941646","0.023038","1.316502"
"200","50","57.072707","0.946772","0.023409","1.308128"
"210","50","55.891444","0.951449","0.023778","1.300507"
"220","50","54.758088","0.955727","0.024146","1.293537"
"230","50","53.669783","0.959649","0.024511","1.287138"
"240","50","52.623894","0.963251","0.024875","1.28124"
"250","50","51.61799","0.966566","0.025237","1.275786"
"-70","60","158.983354","0.134196","0.241479","1.830147"
"-60","60","151.5246","0.131281","0.206335","1.866358"
"-50","60","144.734342","0.128946","0.178435","1.907938"
"-40","60","138.526564","0.127192","0.155726","1.956817"
"-30","60","132.829399","0.126047","0.13677","2.015985"
"-20","60","127.582336","0.12558","0.120524","2.090402"
"-10","60","122.734062","0.125931","0.10619","2.189088"
"0","60","118.240778","0.127368","0.093094","2.330726"
"10","60","114.064872","0.130477","0.080546","2.56291"
"20","60","110.173865","0.136911","0.067481","3.06678"
"30","60","106.539563","0.521182","0.019162","4.197051"
"40","60","103.137373","0.624521","0.018667","2.462867"
"50","60","99.945748","0.684388","0.018697","2.04695"
"60","60","96.945725","0.727737","0.018877","1.844078"
"70","60","94.120555","0.761656","0.019126","1.72035"
"80","60","91.455383","0.789312","0.019416","1.635783"
"90","60","88.936991","0.812452","0.01973","1.573809"
"100","60","86.55358","0.832163","0.02006","1.526193"
"110","60","84.29458","0.849179","0.020401","1.48833"
"120","60","82.150498","0.864021","0.02075","1.457426"
"130","60","80.112783","0.877075","0.021105","1.431677"
"140","60","78.17371","0.888636","0.021462","1.409862"
"150","60","76.326287","0.898933","0.021823","1.391122"
"160","60","74.564166","0.908151","0.022184","1.374835"
"170","60","72.881572","0.91644","0.022546","1.360539"
"180","60","71.273239","0.923921","0.022908","1.347882"
"190","60","69.734359","0.930696","0.02327","1.336591"
"200","60","68.260527","0.936852","0.023632","1.326452"
"210","60","66.847705","0.94246","0.023992","1.317295"
"220","60","65.49218","0.947582","0.024351","1.308979"
"230","60","64.190536","0.952271","0.024709","1.301393"
"240","60","62.939625","0.956573","0.025066","1.294443"
"250","60","61.736535","0.960528","0.025421","1.28805"
"-70","70","185.040539","0.155973","0.243186","1.825361"
"-60","70","176.359304","0.152546","0.207893","1.860477"
"-50","70","168.456131","0.149786","0.179889","1.900577"
"-40","70","161.230905","0.147686","0.157115","1.947381"
"-30","70","154.599982","0.146276","0.13813","2.003503"
"-20","70","148.492931","0.145622","0.121897","2.073172"
"-10","70","142.850031","0.145861","0.107627","2.163813"
"0","70","137.620302","0.147254","0.094676","2.289999"
"10","70","132.75997","0.150338","0.082423","2.485623"
"20","70","128.231232","0.156448","0.070065","2.856697"
"30","70","124.001272","0.170983","0.055609","4.091453"
"40","70","120.041468","0.503643","0.020584","4.402655"
"50","70","116.326739","0.607918","0.019786","2.5854"
"60","70","112.835016","0.669562","0.019687","2.12451"
"70","70","109.546803","0.714449","0.019789","1.899685"
"80","70","106.444813","0.749694","0.019983","1.763116"
"90","70","103.51366","0.778509","0.02023","1.670169"
"100","70","100.73961","0.802675","0.02051","1.602318"
"110","70","98.110363","0.823303","0.020811","1.550365"
"120","70","95.614869","0.841144","0.021128","1.509178"
"130","70","93.243174","0.856734","0.021455","1.475651"
"140","70","90.98629","0.870468","0.02179","1.447784"
"150","70","88.836076","0.882649","0.02213","1.424226"
"160","70","86.785145","0.893516","0.022474","1.404029"
"170","70","84.826776","0.903258","0.022821","1.386509"
"180","70","82.95484","0.912028","0.02317","1.371157"
"190","70","81.163739","0.919955","0.02352","1.357586"
"200","70","79.448347","0.927143","0.02387","1.3455"
"210","70","77.803965","0.93368","0.02422","1.334663"
"220","70","76.226271","0.939643","0.02457","1.324888"
"230","70","74.71129","0.945094","0.02492","1.316024"
"240","70","73.255355","0.95009","0.025269","1.307947"
"250","70","71.855081","0.954678","0.025617","1.300557"
"-70","80","211.097724","0.177692","0.24489","1.820683"
"-60","80","201.194008","0.173746","0.209446","1.854755"
"-50","80","192.177919","0.170549","0.181335","1.893457"
"-40","80","183.935246","0.168092","0.158492","1.938321"
"-30","80","176.370564","0.166398","0.139475","1.99164"
"-20","80","169.403526","0.165534","0.123247","2.057032"
"-10","80","162.965999","0.165631","0.10903","2.140644"
"0","80","156.999827","0.166938","0.0962","2.253979"
"10","80","151.455069","0.169945","0.084188","2.421798"
"20","80","146.288599","0.175762","0.072345","2.710891"
"30","80","141.462981","0.187825","0.059511","3.402994"
"40","80","136.945562","0.241309","0.038898","11.457913"
"50","80","132.707729","0.51085","0.021714","3.933722"
"60","80","128.724306","0.604203","0.020832","2.590374"
"70","80","124.973052","0.663908","0.020641","2.152831"
"80","80","121.434242","0.708364","0.020676","1.927633"
"90","80","118.090328","0.743669","0.020821","1.787911"
"100","80","114.92564","0.772741","0.021029","1.691827"
"110","80","111.926146","0.797248","0.021277","1.621283"
"120","80","109.079239","0.818253","0.021551","1.567085"
"130","80","106.373565","0.836481","0.021844","1.524031"
"140","80","103.798869","0.852453","0.022151","1.488941"
"150","80","101.345865","0.866558","0.022467","1.459751"
"160","80","99.006124","0.879097","0.02279","1.435066"
"170","80","96.771979","0.890306","0.023119","1.413899"
"180","80","94.63644","0.900372","0.023452","1.395537"
"190","80","92.593118","0.90945","0.023787","1.37945"
"200","80","90.636168","0.917667","0.024125","1.365233"
"210","80","88.760225","0.925129","0.024464","1.352575"
"220","80","86.960362","0.931926","0.024803","1.341228"
"230","80","85.232044","0.938132","0.025143","1.330998"
"240","80","83.571086","0.943814","0.025483","1.321726"
"250","80","81.973626","0.949026","0.025823","1.313281"
"-70","90","237.154909","0.199354","0.246589","1.816109"
"-60","90","226.028711","0.194881","0.210993","1.849186"
"-50","90","215.899708","0.191239","0.182774","1.886562"
"-40","90","206.639588","0.188412","0.15986","1.929611"
"-30","90","198.141147","0.18642","0.140806","1.980343"
"-20","90","190.314121","0.185325","0.124578","2.041863"
"-10","90","183.081968","0.185253","0.110403","2.119289"
"0","90","176.379351","0.186438","0.097674","2.221792"
"10","90","170.150167","0.189328","0.08586","2.367831"
"20","90","164.345966","0.194858","0.074412","2.601684"
"30","90","158.92469","0.205484","0.062543","3.066919"
"40","90","153.849656","0.231898","0.048227","4.661301"
"50","90","149.08872","0.380932","0.027591","7.544556"
"60","90","144.613597","0.529877","0.023086","3.420902"
"70","90","140.3993","0.609899","0.022126","2.517575"
"80","90","136.423672","0.665483","0.021812","2.14099"
"90","90","132.666997","0.708132","0.02175","1.93139"
"100","90","129.11167","0.742545","0.021817","1.796512"
"110","90","125.741928","0.771171","0.021962","1.701846"
"120","90","122.543609","0.795475","0.022156","1.631457"
"130","90","119.503956","0.81642","0.022385","1.576917"
"140","90","116.611448","0.834676","0.022639","1.533333"
"150","90","113.855654","0.850731","0.02291","1.497656"
"160","90","111.227103","0.864954","0.023195","1.467883"
"170","90","108.717183","0.877631","0.023491","1.442642"
"180","90","106.31804","0.888991","0.023794","1.420957"
"190","90","104.022498","0.899215","0.024104","1.402118"
"200","90","101.823988","0.908453","0.024417","1.385594"
"210","90","99.716485","0.916831","0.024735","1.370978"
"220","90","97.694454","0.924451","0.025055","1.357955"
"230","90","95.752797","0.931402","0.025377","1.346276"
"240","90","93.886816","0.937758","0.025701","1.335741"
"250","90","92.092172","0.943585","0.026025","1.326189"
"-70","100","263.212094","0.220961","0.248284","1.811635"
"-60","100","250.863415","0.215954","0.212535","1.84376"
"-50","100","239.621497","0.211857","0.184206","1.879882"
"-40","100","229.343929","0.208649","0.161218","1.921227"
"-30","100","219.911729","0.206344","0.142124","1.969565"
"-20","100","211.224716","0.204999","0.125889","2.027566"
"-10","100","203.197936","0.204734","0.111748","2.099512"
"0","100","195.758876","0.205768","0.099104","2.192775"
"10","100","188.845266","0.208506","0.087455","2.321348"
"20","100","182.403333","0.213751","0.076318","2.515702"
"30","100","176.386399","0.223365","0.065108","2.857881"
"40","100","170.753751","0.243199","0.052798","3.663209"
"50","100","165.469711","0.305385","0.037073","6.186278"
"60","100","160.502888","0.450221","0.026396","4.649518"
"70","100","155.825549","0.553396","0.023848","3.025748"
"80","100","151.413102","0.621649","0.022996","2.412361"
"90","100","147.243665","0.672318","0.022665","2.103506"
"100","100","143.297701","0.712393","0.02257","1.91729"
"110","100","139.557711","0.745299","0.022605","1.792274"
"120","100","136.007979","0.772986","0.02272","1.702254"
"130","100","132.634347","0.796689","0.022888","1.634181"
"140","100","129.424028","0.817244","0.023094","1.580811"
"150","100","126.365442","0.835251","0.023326","1.537791"
"160","100","123.448083","0.851153","0.023579","1.502346"
"170","100","120.662387","0.86529","0.023846","1.472617"
"180","100","117.99964","0.87793","0.024126","1.447311"
"190","100","115.451877","0.889286","0.024414","1.425501"
"200","100","113.011808","0.899531","0.02471","1.406505"
"210","100","110.672745","0.90881","0.025011","1.389806"
"220","100","108.428545","0.917239","0.025317","1.37501"
"230","100","106.273551","0.924921","0.025626","1.361806"
"240","100","104.202547","0.931939","0.025938","1.34995"
"250","100","102.210718","0.938367","0.026251","1.339245"
"-70","110","289.269279","0.242514","0.249975","1.807257"
"-60","110","275.698119","0.236966","0.214072","1.838472"
"-50","110","263.343285","0.232405","0.185631","1.873402"
"-40","110","252.04827","0.228805","0.162567","1.913148"
"-30","110","241.682312","0.226174","0.14343","1.959264"
"-20","110","232.135312","0.224563","0.127184","2.014057"
"-10","110","223.313905","0.224083","0.113067","2.081118"
"0","110","215.138401","0.224939","0.100494","2.16642"
"10","110","207.540364","0.227497","0.088984","2.280712"
"20","110","200.4607","0.232453","0.078099","2.445574"
"30","110","193.848109","0.241274","0.067371","2.711416"
"40","110","187.657845","0.257753","0.056168","3.223565"
"50","110","181.850701","0.295241","0.043512","4.4218"
"60","110","176.392178","0.388597","0.031419","5.058876"
"70","110","171.251797","0.498513","0.026277","3.600861"
"80","110","166.402532","0.578322","0.024516","2.733692"
"90","110","161.820333","0.636987","0.023777","2.302099"
"100","110","157.483731","0.682757","0.023454","2.053011"
"110","110","153.373494","0.719952","0.023343","1.89177"
"120","110","149.472349","0.751013","0.023355","1.778885"
"130","110","145.764738","0.777455","0.023448","1.695367"
"140","110","142.236607","0.800286","0.023594","1.631016"
"150","110","138.875231","0.820219","0.02378","1.579874"
"160","110","135.669062","0.837773","0.023994","1.538227"
"170","110","132.607591","0.853344","0.024229","1.503641"
"180","110","129.68124","0.86724","0.024481","1.47445"
"190","110","126.881257","0.879705","0.024746","1.449477"
"200","110","124.199628","0.890935","0.025021","1.427864"
"210","110","121.629006","0.901094","0.025305","1.408974"
"220","110","119.162636","0.910314","0.025594","1.392322"
"230","110","116.794304","0.918708","0.025888","1.37753"
"240","110","114.518278","0.926371","0.026187","1.364304"
"250","110","112.329263","0.933385","0.026489","1.352406"
"-70","120","315.326464","0.264015","0.251662","1.802972"
"-60","120","300.532823","0.257918","0.215604","1.833314"
"-50","120","287.065074","0.252886","0.187049","1.867114"
"-40","120","274.752611","0.248884","0.163908","1.905353"
"-30","120","263.452894","0.245915","0.144724","1.949405"
"-20","120","253.045907","0.244022","0.128463","2.001259"
"-10","120","243.429874","0.243309","0.114364","2.063945"
"0","120","234.517925","0.243963","0.10185","2.142324"
"10","120","226.235463","0.246318","0.090456","2.244753"
"20","120","218.518067","0.250978","0.079778","2.386855"
"30","120","211.309818","0.259133","0.06942","2.6012"
"40","120","204.561939","0.273466","0.058943","2.964619"
"50","120","198.231692","0.301254","0.047849","3.652967"
"60","120","192.281469","0.361053","0.036675","4.4647"
"70","120","186.678045","0.453726","0.029472","3.944001"
"80","120","181.391962","0.538227","0.026442","3.053266"
"90","120","176.397002","0.603346","0.025122","2.51417"
"100","120","171.669761","0.654302","0.024488","2.198811"
"110","120","167.189276","0.695548","0.024186","1.997955"
"120","120","162.936719","0.729839","0.024069","1.85997"
"130","120","158.895129","0.75892","0.024068","1.759588"
"140","120","155.049186","0.783951","0.024144","1.68334"
"150","120","151.38502","0.805747","0.024274","1.623465"
"160","120","147.890041","0.824901","0.024443","1.575201"
"170","120","144.552795","0.841862","0.024642","1.535466"
"180","120","141.362841","0.856976","0.024862","1.50218"
"190","120","138.310636","0.870515","0.0251","1.473889"
"200","120","135.387448","0.882701","0.025352","1.449547"
"210","120","132.585266","0.893712","0.025615","1.428381"
"220","120","129.896728","0.903698","0.025886","1.409808"
"230","120","127.315058","0.912783","0.026165","1.393379"
"240","120","124.834008","0.921072","0.026449","1.378743"
"250","120","122.447809","0.928653","0.026738","1.365623"
"-70","130","341.383649","0.285463","0.253345","1.798775"
"-60","130","325.367527","0.278812","0.217131","1.828282"
"-50","130","310.786863","0.273301","0.188462","1.861006"
"-40","130","297.456952","0.268888","0.16524","1.897826"
"-30","130","285.223477","0.265568","0.146007","1.939953"
"-20","130","273.956502","0.26338","0.129726","1.98911"
"-10","130","263.545842","0.262416","0.115639","2.047855"
"0","130","253.89745","0.262848","0.103174","2.12017"
"10","130","244.930561","0.264979","0.091878","2.212607"
"20","130","236.575434","0.269338","0.081372","2.33668"
"30","130","228.771527","0.276907","0.071308","2.514218"
"40","130","221.466033","0.289692","0.061349","2.789397"
"50","130","214.612683","0.312272","0.051199","3.243679"
"60","130","208.170759","0.354886","0.041073","3.84684"
"70","130","202.104294","0.425594","0.033082","3.892278"
"80","130","196.381391","0.504973","0.02877","3.275852"
"90","130","190.97367","0.573015","0.026719","2.711797"
"100","130","185.855791","0.627877","0.025687","2.34473"
"110","130","181.005059","0.672592","0.025143","2.106387"
"120","130","176.40109","0.709795","0.024868","1.943172"
"130","130","172.02552","0.741312","0.024754","1.825462"
"140","130","167.861765","0.768402","0.024746","1.736893"
"150","130","163.894809","0.791958","0.024811","1.667959"
"160","130","160.11102","0.812632","0.024928","1.612834"
"170","130","156.497999","0.830917","0.025084","1.567771"
"180","130","153.044441","0.847195","0.025269","1.530258"
"190","130","149.740016","0.861763","0.025477","1.498552"
"200","130","146.575269","0.874865","0.025703","1.471408"
"210","130","143.541526","0.886696","0.025943","1.44791"
"220","130","140.630819","0.897418","0.026195","1.427374"
"230","130","137.835811","0.907168","0.026456","1.409274"
"240","130","135.149739","0.916058","0.026724","1.393204"
"250","130","132.566355","0.924186","0.026999","1.378843"
"-70","140","367.440834","0.30686","0.255025","1.794663"
"-60","140","350.202231","0.299649","0.218653","1.82337"
"-50","140","334.508651","0.293651","0.189868","1.855069"
"-40","140","320.161293","0.288819","0.166565","1.890549"
"-30","140","306.994059","0.285138","0.14728","1.930879"
"-20","140","294.867097","0.282641","0.130975","1.977552"
"-10","140","283.661811","0.281411","0.116894","2.032734"
"0","140","273.276974","0.281604","0.104469","2.099697"
"10","140","263.62566","0.283493","0.093257","2.18362"
"20","140","254.632801","0.287544","0.082894","2.293108"
"30","140","246.233236","0.294581","0.073068","2.443195"
"40","140","238.370128","0.306157","0.063502","2.660744"
"50","140","230.993673","0.325417","0.053991","2.987302"
"60","140","224.06005","0.358574","0.044654","3.417258"
"70","140","217.530542","0.412601","0.036621","3.638034"
"80","140","211.370821","0.481217","0.031378","3.339873"
"90","140","205.550339","0.547686","0.028553","2.85915"
"100","140","200.041821","0.60442","0.027051","2.476255"
"110","140","194.820842","0.651645","0.026219","2.210589"
"120","140","189.86546","0.691239","0.025754","2.025186"
"130","140","185.155911","0.724877","0.025508","1.891107"
"140","140","180.674345","0.753816","0.025402","1.79051"
"150","140","176.404598","0.778981","0.025392","1.712586"
"160","140","172.331999","0.801063","0.02545","1.650593"
"170","140","168.443203","0.820585","0.025558","1.600173"
"180","140","164.726041","0.837956","0.025703","1.558401"
"190","140","161.169395","0.853496","0.025877","1.523251"
"200","140","157.763089","0.867466","0.026075","1.493278"
"210","140","154.497786","0.880075","0.02629","1.467429"
"220","140","151.36491","0.891499","0.02652","1.444913"
"230","140","148.356565","0.901882","0.026761","1.425132"
"240","140","145.465469","0.911347","0.027012","1.407619"
"250","140","142.6849","0.919999","0.027272","1.392009"
"-70","150","393.498019","0.328208","0.256702","1.790633"
"-60","150","375.036935","0.32043","0.220171","1.818572"
"-50","150","358.23044","0.31394","0.191269","1.849295"
"-40","150","342.865634","0.308679","0.167882","1.883509"
"-30","150","328.764642","0.304628","0.148543","1.922157"
"-20","150","315.777692","0.30181","0.132212","1.966536"
"-10","150","303.777779","0.300299","0.118132","2.018482"
"0","150","292.656499","0.300237","0.105738","2.080694"
"10","150","282.320758","0.301869","0.094596","2.157288"
"20","150","272.690168","0.305606","0.084356","2.254768"
"30","150","263.694945","0.312146","0.074726","2.383701"
"40","150","255.274222","0.322728","0.065466","2.561067"
"50","150","247.374664","0.339635","0.05642","2.809375"
"60","150","239.94934","0.366954","0.047659","3.125536"
"70","150","232.95679","0.409742","0.039842","3.362492"
"80","150","226.360251","0.4671","0.03408","3.274095"
"90","150","220.127007","0.52852","0.030567","2.932738"
"100","150","214.227851","0.584777","0.028566","2.578261"
"110","150","208.636624","0.633249","0.02741","2.302948"
"120","150","203.32983","0.67453","0.026728","2.102022"
"130","150","198.286302","0.709861","0.02633","1.954255"
"140","150","193.486924","0.740368","0.026113","1.842804"
"150","150","188.914387","0.766946","0.026018","1.756444"
"160","150","184.552979","0.790291","0.026009","1.687864"
"170","150","180.388407","0.810941","0.026063","1.632237"
"180","150","176.407641","0.829319","0.026164","1.586289"
"190","150","172.598775","0.845761","0.026301","1.547744"
"200","150","168.950909","0.860541","0.026467","1.514975"
"210","150","165.454047","0.873881","0.026655","1.486794"
"220","150","162.099002","0.885965","0.026861","1.462314"
"230","150","158.877318","0.896947","0.027082","1.44086"
"240","150","155.7812","0.906957","0.027314","1.421912"
"250","150","152.803446","0.916105","0.027557","1.40506"
"-70","160","419.555204","0.349507","0.258376","1.786682"
"-60","160","399.871639","0.341157","0.221686","1.813884"
"-50","160","381.952228","0.334167","0.192665","1.843675"
"-40","160","365.569975","0.32847","0.169193","1.87669"
"-30","160","350.535224","0.324039","0.149797","1.913763"
"-20","160","336.688287","0.32089","0.133436","1.956018"
"-10","160","323.893748","0.319085","0.119352","2.005014"
"0","160","312.036023","0.318754","0.106984","2.062984"
"10","160","301.015857","0.320115","0.095901","2.133213"
"20","160","290.747535","0.323532","0.085763","2.220659"
"30","160","281.156654","0.329602","0.076297","2.332863"
"40","160","272.178316","0.339332","0.067285","2.480847"
"50","160","263.755655","0.354449","0.058593","2.677226"
"60","160","255.838631","0.377806","0.050264","2.918574"
"70","160","248.383039","0.412999","0.042714","3.127967"
"80","160","241.349681","0.460885","0.036722","3.145148"
"90","160","234.703676","0.515724","0.03268","2.935327"
"100","160","228.413881","0.569485","0.0302","2.641047"
"110","160","222.452407","0.617842","0.028702","2.376521"
"120","160","216.7942","0.659983","0.027783","2.169597"
"130","160","211.416693","0.696489","0.027217","2.012488"
"140","160","206.299503","0.728222","0.026877","1.892276"
"150","160","201.424175","0.755976","0.026687","1.798557"
"160","160","196.773958","0.780411","0.026605","1.723982"
"170","160","192.333611","0.802057","0.026599","1.663493"
"180","160","188.089241","0.82134","0.026652","1.613582"
"190","160","184.028155","0.838603","0.026748","1.571779"
"200","160","180.138729","0.854128","0.02688","1.536304"
"210","160","176.410307","0.868143","0.027038","1.505855"
"220","160","172.833093","0.880842","0.027219","1.479456"
"230","160","169.398072","0.892384","0.027417","1.456364"
"240","160","166.09693","0.902904","0.02763","1.436007"
"250","160","162.921991","0.912519","0.027854","1.417934"
"-70","170","445.612389","0.370757","0.260046","1.782807"
"-60","170","424.706343","0.361831","0.223196","1.809301"
"-50","170","405.674017","0.354335","0.194055","1.838203"
"-40","170","388.274317","0.348195","0.170496","1.870082"
"-30","170","372.305807","0.343376","0.151043","1.905676"
"-20","170","357.598882","0.339884","0.134648","1.945959"
"-10","170","344.009717","0.337775","0.120556","1.992257"
"0","170","331.415548","0.33716","0.108207","2.046419"
"10","170","319.710955","0.338239","0.097174","2.111078"
"20","170","308.804902","0.341331","0.087124","2.190034"
"30","170","298.618364","0.34695","0.077795","2.288727"
"40","170","289.082411","0.355927","0.068986","2.414433"
"50","170","280.136645","0.369609","0.060574","2.574299"
"60","170","271.727921","0.390078","0.05258","2.764565"
"70","170","263.809287","0.419934","0.045281","2.940541"
"80","170","256.339111","0.460428","0.039223","3.001675"
"90","170","249.280344","0.508662","0.034814","2.888104"
"100","170","242.599911","0.558659","0.031915","2.664013"
"110","170","236.26819","0.605685","0.030078","2.426997"
"120","170","230.25857","0.647833","0.028911","2.224516"
"130","170","224.547084","0.684946","0.028165","2.063562"
"140","170","219.112083","0.71752","0.027691","1.93746"
"150","170","213.933964","0.746179","0.027399","1.837946"
"160","170","208.994937","0.771506","0.027237","1.758273"
"170","170","204.278815","0.794","0.027167","1.693463"
"180","170","199.770842","0.814072","0.027166","1.63993"
"190","170","195.457534","0.832065","0.027219","1.595093"
"200","170","191.32655","0.848259","0.027313","1.557067"
"210","170","187.366567","0.86289","0.02744","1.524458"
"220","170","183.567184","0.876152","0.027593","1.496219"
"230","170","179.918825","0.88821","0.027767","1.471548"
"240","170","176.412661","0.899204","0.027958","1.449826"
"250","170","173.040537","0.909254","0.028164","1.430567"
"-70","180","471.669574","0.391961","0.261714","1.779006"
"-60","180","449.541046","0.382453","0.224702","1.804819"
"-50","180","429.395806","0.374445","0.195441","1.83287"
"-40","180","410.978658","0.367854","0.171794","1.863672"
"-30","180","394.076389","0.362639","0.15228","1.897875"
"-20","180","378.509477","0.358796","0.13585","1.936323"
"-10","180","364.125685","0.35637","0.121746","1.980146"
"0","180","350.795072","0.355462","0.10941","2.030875"
"10","180","338.406054","0.356247","0.098419","2.090624"
"20","180","326.862269","0.359009","0.088444","2.162317"
"30","180","316.080073","0.364191","0.079232","2.249906"
"40","180","305.986505","0.372489","0.07059","2.358231"
"50","180","296.517636","0.384974","0.062405","2.49128"
"60","180","287.617212","0.403221","0.054677","2.645241"
"70","180","279.235536","0.429152","0.047598","2.791743"
"80","180","271.32854","0.463972","0.041556","2.866651"
"90","180","263.857012","0.506299","0.036912","2.814522"
"100","180","256.785941","0.552018","0.033667","2.654184"
"110","180","250.083972","0.596821","0.031514","2.453735"
"120","180","243.72294","0.638202","0.0301","2.264754"
"130","180","237.677475","0.675357","0.029167","2.105737"
"140","180","231.924662","0.708369","0.028551","1.977094"
"150","180","226.443753","0.737642","0.028151","1.873722"
"160","180","221.215916","0.763647","0.027903","1.790105"
"170","180","216.224019","0.786825","0.027764","1.721688"
"180","180","211.452442","0.807561","0.027707","1.664996"
"190","180","206.886914","0.826183","0.027713","1.617433"
"200","180","202.51437","0.842967","0.027767","1.577069"
"210","180","198.322827","0.858145","0.02786","1.542452"
"220","180","194.301276","0.871915","0.027983","1.512482"
"230","180","190.439579","0.884443","0.028131","1.486315"
"240","180","186.728391","0.895872","0.0283","1.463292"
"250","180","183.159083","0.906323","0.028486","1.442896"
"-70","190","497.726759","0.413118","0.263378","1.775276"
"-60","190","474.37575","0.403024","0.226205","1.800433"
"-50","190","453.117594","0.394498","0.196821","1.827672"
"-40","190","433.682999","0.387451","0.173085","1.85745"
"-30","190","415.846972","0.381831","0.153509","1.890342"
"-20","190","399.420072","0.377628","0.137041","1.927081"
"-10","190","384.241654","0.374877","0.122922","1.968626"
"0","190","370.174597","0.373664","0.110595","2.016246"
"10","190","357.101152","0.374145","0.099637","2.071639"
"20","190","344.919636","0.376572","0.089726","2.137061"
"30","190","333.541782","0.381329","0.080613","2.215387"
"40","190","322.890599","0.389002","0.072114","2.309836"
"50","190","312.898627","0.400459","0.064115","2.422508"
"60","190","303.506502","0.416921","0.056605","2.549734"
"70","190","294.661784","0.439845","0.049713","2.672192"
"80","190","286.31797","0.470265","0.043725","2.747544"
"90","190","278.433681","0.507578","0.038937","2.731598"
"100","190","270.971972","0.549039","0.035424","2.621719"
"110","190","263.899755","0.591096","0.032987","2.45936"
"120","190","257.187311","0.631098","0.031334","2.289951"
"130","190","250.807866","0.667778","0.030213","2.138025"
"140","190","244.737241","0.700834","0.029452","2.010257"
"150","190","238.953542","0.730427","0.028939","1.905158"
"160","190","233.436895","0.756887","0.0286","1.81893"
"170","190","228.169223","0.780579","0.028389","1.74776"
"180","190","223.134042","0.801845","0.028272","1.688469"
"190","190","218.316293","0.820989","0.028228","1.638563"
"200","190","213.70219","0.838276","0.02824","1.596126"
"210","190","209.279088","0.853932","0.028297","1.559692"
"220","190","205.035367","0.868151","0.028389","1.528133"
"230","190","200.960332","0.8811","0.02851","1.500575"
"240","190","197.044122","0.89292","0.028655","1.476331"
"250","190","193.277628","0.903736","0.02882","1.45486"
"-70","200","523.783944","0.43423","0.26504","1.771614"
"-60","200","499.210454","0.423544","0.227704","1.79614"
"-50","200","476.839383","0.414496","0.198198","1.822601"
"-40","200","456.38734","0.406985","0.174371","1.851406"
"-30","200","437.617554","0.400954","0.15473","1.883062"
"-20","200","420.330667","0.396383","0.138222","1.918204"
"-10","200","404.357622","0.393297","0.124085","1.957646"
"0","200","389.554122","0.39177","0.111762","2.00244"
"10","200","375.79625","0.39194","0.100832","2.053948"
"20","200","362.977003","0.394027","0.090975","2.113909"
"30","200","351.003491","0.398367","0.081947","2.18441"
"40","200","339.794694","0.405456","0.073569","2.267569"
"50","200","329.279617","0.416008","0.065726","2.364331"
"60","200","319.395793","0.430989","0.058395","2.47127"
"70","200","310.088032","0.451524","0.051664","2.574489"
"80","200","301.3074","0.47847","0.045745","2.644951"
"90","200","293.010349","0.511605","0.040875","2.649116"
"100","200","285.158002","0.549116","0.037157","2.576094"
"110","200","277.715538","0.588219","0.034477","2.448368"
"120","200","270.651681","0.626417","0.032599","2.30125"
"130","200","263.938257","0.662196","0.031295","2.160268"
"140","200","257.54982","0.694937","0.030387","2.036458"
"150","200","251.463331","0.724565","0.029758","1.931758"
"160","200","245.657874","0.75126","0.029326","1.844328"
"170","200","240.114427","0.775292","0.029039","1.771342"
"180","200","234.815642","0.796951","0.02886","1.710085"
"190","200","229.745673","0.816508","0.028764","1.658273"
"200","200","224.89001","0.834208","0.028732","1.614074"
"210","200","220.235348","0.850268","0.028751","1.576048"
"220","200","215.769458","0.864875","0.02881","1.543066"
"230","200","211.481086","0.878192","0.028903","1.514242"
"240","200","207.359853","0.89036","0.029023","1.488874"
"250","200","203.396174","0.901503","0.029165","1.466403"
"-70","210","549.841129","0.455298","0.2667","1.768018"
"-60","210","524.045158","0.444016","0.2292","1.791937"
"-50","210","500.561172","0.43444","0.19957","1.817652"
"-40","210","479.091681","0.42646","0.175651","1.845531"
"-30","210","459.388137","0.420011","0.155945","1.876019"
"-20","210","441.241262","0.415064","0.139394","1.909667"
"-10","210","424.473591","0.411635","0.125237","1.947164"
"0","210","408.933646","0.409785","0.112913","1.989379"
"10","210","394.491349","0.409635","0.102004","2.037405"
"20","210","381.03437","0.411378","0.092194","2.092574"
"30","210","368.4652","0.415307","0.083239","2.156393"
"40","210","356.698788","0.421846","0.074963","2.230216"
"50","210","345.660608","0.431586","0.067253","2.314277"
"60","210","335.285083","0.445303","0.060072","2.405428"
"70","210","325.514281","0.463883","0.05348","2.493244"
"80","210","316.29683","0.488023","0.047633","2.557076"
"90","210","307.587018","0.517686","0.042721","2.571755"
"100","210","299.344032","0.551665","0.038851","2.524416"
"110","210","291.531321","0.587831","0.035965","2.425662"
"120","210","284.116051","0.623982","0.033884","2.300796"
"130","210","277.068648","0.658534","0.032402","2.17305"
"140","210","270.3624","0.690654","0.03135","2.055649"
"150","210","263.973119","0.720059","0.030603","1.953278"
"160","210","257.878854","0.746777","0.030077","1.866027"
"170","210","252.059631","0.770981","0.029712","1.792186"
"180","210","246.497243","0.792896","0.029469","1.729635"
"190","210","241.175052","0.812755","0.029319","1.676392"
"200","210","236.07783","0.830779","0.029241","1.630773"
"210","210","231.191608","0.847167","0.02922","1.591405"
"220","210","226.50355","0.862099","0.029246","1.557187"
"230","210","222.001839","0.875731","0.029309","1.527239"
"240","210","217.675583","0.888202","0.029403","1.500856"
"250","210","213.514719","0.899632","0.029522","1.477472"
"-70","220","575.898315","0.476321","0.268357","1.764487"
"-60","220","548.879862","0.46444","0.230692","1.78782"
"-50","220","524.28296","0.45433","0.200938","1.81282"
"-40","220","501.796022","0.445877","0.176926","1.839816"
"-30","220","481.158719","0.439003","0.157153","1.8692"
"-20","220","462.151857","0.433673","0.140558","1.901447"
"-10","220","444.58956","0.429893","0.126376","1.93714"
"0","220","428.313171","0.427712","0.114049","1.976995"
"10","220","413.186447","0.427234","0.103157","2.021883"
"20","220","399.091737","0.42863","0.093385","2.07282"
"30","220","385.926909","0.432154","0.084493","2.130879"
"40","220","373.602882","0.438168","0.076305","2.196878"
"50","220","362.041599","0.447167","0.068707","2.27061"
"60","220","351.174374","0.459784","0.061654","2.34921"
"70","220","340.940529","0.476722","0.055182","2.424597"
"80","220","331.28626","0.498547","0.049405","2.481602"
"90","220","322.163686","0.525307","0.044476","2.501252"
"100","220","313.530062","0.556182","0.040495","2.47132"
"110","220","305.347103","0.589556","0.03744","2.395573"
"120","220","297.580421","0.623565","0.035176","2.29115"
"130","220","290.199039","0.656673","0.033528","2.17749"
"140","220","283.174979","0.687928","0.032335","2.068176"
"150","220","276.482908","0.716884","0.031471","1.969728"
"160","220","270.099833","0.743434","0.030849","1.883913"
"170","220","264.004835","0.767649","0.030406","1.810146"
"180","220","258.178843","0.789688","0.030097","1.746976"
"190","220","252.604432","0.80974","0.029891","1.692792"
"200","220","247.265651","0.827996","0.029766","1.646112"
"210","220","242.147868","0.844637","0.029705","1.60567"
"220","220","237.237641","0.85983","0.029695","1.570418"
"230","220","232.522593","0.873724","0.029728","1.539501"
"240","220","227.991314","0.886451","0.029794","1.512223"
"250","220","223.633265","0.898129","0.029889","1.48802"
"-70","230","601.9555","0.497302","0.270011","1.761017"
"-60","230","573.714566","0.484816","0.232182","1.783785"
"-50","230","548.004749","0.47417","0.202302","1.8081"
"-40","230","524.500363","0.465236","0.178195","1.834254"
"-30","230","502.929302","0.457932","0.158354","1.862592"
"-20","230","483.062452","0.452212","0.141713","1.893524"
"-10","230","464.705528","0.448074","0.127505","1.92754"
"0","230","447.692695","0.445555","0.11517","1.965228"
"10","230","431.881546","0.444744","0.104291","2.007277"
"20","230","417.149104","0.445789","0.094551","2.054455"
"30","230","403.388619","0.448911","0.085713","2.107505"
"40","230","390.506977","0.454421","0.077601","2.16687"
"50","230","378.422589","0.462736","0.0701","2.232069"
"60","230","367.063664","0.474374","0.063156","2.300511"
"70","230","356.366778","0.489903","0.056787","2.365763"
"80","230","346.275689","0.509782","0.051077","2.416366"
"90","230","336.740354","0.534089","0.046147","2.437852"
"100","230","327.716092","0.562254","0.042085","2.419515"
"110","230","319.162886","0.593048","0.038891","2.361466"
"120","230","311.044791","0.624921","0.036466","2.274827"
"130","230","303.32943","0.656461","0.034664","2.174992"
"140","230","295.987558","0.68667","0.033335","2.074678"
"150","230","288.992697","0.714992","0.032357","1.981337"
"160","230","282.320812","0.741203","0.03164","1.89802"
"170","230","275.950039","0.765283","0.031117","1.825176"
"180","230","269.860443","0.787322","0.030741","1.762031"
"190","230","264.033811","0.807463","0.030479","1.70739"
"200","230","258.453471","0.825863","0.030306","1.660013"
"210","230","253.104129","0.842683","0.030203","1.618772"
"220","230","247.971732","0.858074","0.030157","1.582697"
"230","230","243.043346","0.872175","0.030158","1.550974"
"240","230","238.307044","0.885112","0.030197","1.52293"
"250","230","233.751811","0.896999","0.030267","1.498009"
"-70","240","628.012685","0.51824","0.271664","1.757607"
"-60","240","598.54927","0.505146","0.233669","1.77983"
"-50","240","571.726538","0.493958","0.203662","1.803487"
"-40","240","547.204705","0.48454","0.17946","1.828837"
"-30","240","524.699884","0.4768","0.159549","1.856184"
"-20","240","503.973047","0.470684","0.14286","1.885879"
"-10","240","484.821497","0.46618","0.128624","1.918333"
"0","240","467.07222","0.463316","0.116279","1.954025"
"10","240","450.576644","0.462166","0.105407","1.993496"
"20","240","435.206471","0.462857","0.095694","2.037316"
"30","240","420.850328","0.46558","0.086902","2.085979"
"40","240","407.411071","0.470604","0.078856","2.13966"
"50","240","394.80358","0.47828","0.071438","2.197716"
"60","240","382.952955","0.489037","0.064589","2.257808"
"70","240","371.793026","0.503334","0.05831","2.314706"
"80","240","361.265119","0.521546","0.052662","2.359541"
"90","240","351.317023","0.543755","0.047739","2.381125"
"100","240","341.902122","0.569555","0.043618","2.370418"
"110","240","332.978669","0.597999","0.040311","2.325728"
"120","240","324.509162","0.627811","0.037747","2.254012"
"130","240","316.459821","0.65773","0.035803","2.167025"
"140","240","308.800138","0.686773","0.034345","2.075972"
"150","240","301.502486","0.714316","0.033256","1.988498"
"160","240","294.541791","0.740046","0.032445","1.908513"
"170","240","287.895243","0.763861","0.031842","1.837319"
"180","240","281.542043","0.785786","0.0314","1.774788"
"190","240","275.463191","0.805916","0.03108","1.720149"
"200","240","269.641291","0.824377","0.030858","1.67243"
"210","240","264.060389","0.841303","0.030714","1.630664"
"220","240","258.705824","0.856831","0.030631","1.593979"
"230","240","253.5641","0.871086","0.030599","1.561617"
"240","240","248.622775","0.884188","0.03061","1.532939"
"250","240","243.870356","0.896244","0.030655","1.507406"
"-70","250","654.06987","0.539136","0.273314","1.754255"
"-60","250","623.383974","0.525431","0.235152","1.775952"
"-50","250","595.448326","0.513697","0.205019","1.798976"
"-40","250","569.909046","0.503789","0.180721","1.823559"
"-30","250","546.470467","0.495607","0.160739","1.849965"
"-20","250","524.883642","0.48909","0.144","1.878494"
"-10","250","504.937465","0.484215","0.129733","1.90949"
"0","250","486.451744","0.481","0.117375","1.943339"
"10","250","469.271743","0.479504","0.106507","1.980461"
"20","250","453.263838","0.479838","0.096816","2.021267"
"30","250","438.312037","0.482166","0.088063","2.066061"
"40","250","424.315165","0.486718","0.080073","2.114829"
"50","250","411.184571","0.493791","0.072728","2.166837"
"60","250","398.842245","0.503742","0.06596","2.219971"
"70","250","387.219274","0.516947","0.05976","2.26991"
"80","250","376.254549","0.533707","0.054169","2.309643"
"90","250","365.893691","0.554102","0.049259","2.330394"
"100","250","356.088152","0.577828","0.045097","2.324644"
"110","250","346.794451","0.604148","0.041699","2.289937"
"120","250","337.973532","0.632012","0.039013","2.230455"
"130","250","329.590212","0.660314","0.036941","2.154964"
"140","250","321.612717","0.68812","0.035361","2.072943"
"150","250","314.012275","0.714778","0.034165","1.991717"
"160","250","306.76277","0.73991","0.033261","1.915651"
"170","250","299.840447","0.763347","0.03258","1.846698"
"180","250","293.223643","0.785057","0.032071","1.785293"
"190","250","286.89257","0.805087","0.031694","1.731076"
"200","250","280.829111","0.823529","0.031423","1.683349"
"210","250","275.016649","0.840494","0.031235","1.641324"
"220","250","269.439915","0.856098","0.031115","1.604238"
"230","250","264.084853","0.870457","0.031051","1.571404"
"240","250","258.938505","0.883678","0.031032","1.542224"
"250","250","253.988902","0.895863","0.031051","1.516187"
"-70","260","680.127055","0.559992","0.274961","1.75096"
"-60","260","648.218678","0.545671","0.236633","1.772149"
"-50","260","619.170115","0.533387","0.206372","1.794564"
"-40","260","592.613387","0.522985","0.181977","1.818413"
"-30","260","568.241049","0.514357","0.161923","1.843924"
"-20","260","545.794237","0.507433","0.145132","1.871354"
"-10","260","525.053434","0.502181","0.130833","1.900987"
"0","260","505.831269","0.498608","0.118459","1.933131"
"10","260","487.966841","0.496763","0.107593","1.968104"
"20","260","471.321205","0.496736","0.097918","2.006192"
"30","260","455.773746","0.498671","0.089198","2.047554"
"40","260","441.21926","0.502763","0.081257","2.092041"
"50","260","427.565561","0.509263","0.073975","2.138875"
"60","260","414.731536","0.51847","0.067278","2.186145"
"70","260","402.645523","0.530691","0.061148","2.230229"
"80","260","391.243979","0.546171","0.055608","2.265486"
"90","260","380.47036","0.564977","0.050715","2.284932"
"100","260","370.274182","0.586875","0.046523","2.28235"
"110","260","360.610234","0.61128","0.04305","2.255069"
"120","260","351.437902","0.637325","0.040261","2.205473"
"130","260","342.720603","0.664049","0.038072","2.140003"
"140","260","334.425296","0.690588","0.03638","2.066462"
"150","260","326.522063","0.716289","0.03508","1.99155"
"160","260","318.98375","0.740735","0.034087","1.919765"
"170","260","311.785651","0.763701","0.033328","1.853496"
"180","260","304.905244","0.785106","0.032752","1.793641"
"190","260","298.32195","0.804954","0.032319","1.740214"
"200","260","292.016931","0.823305","0.031998","1.692785"
"210","260","285.972909","0.840244","0.031767","1.65075"
"220","260","280.174006","0.85587","0.031609","1.613464"
"230","260","274.605607","0.870282","0.031512","1.580321"
"240","260","269.254236","0.88358","0.031463","1.550771"
"250","260","264.107447","0.895856","0.031456","1.524337"
"-70","270","706.18424","0.580807","0.276607","1.747718"
"-60","270","673.053382","0.565868","0.238112","1.768416"
"-50","270","642.891904","0.55303","0.207721","1.790247"
"-40","270","615.317728","0.54213","0.183228","1.813393"
"-30","270","590.011632","0.53305","0.163101","1.838053"
"-20","270","566.704832","0.525713","0.146258","1.864445"
"-10","270","545.169402","0.520079","0.131925","1.892801"
"0","270","525.210794","0.516144","0.119533","1.923363"
"10","270","506.66194","0.513944","0.108664","1.956365"
"20","270","489.378572","0.513555","0.099002","1.991992"
"30","270","473.235455","0.515097","0.09031","2.030293"
"40","270","458.123354","0.518739","0.082411","2.071024"
"50","270","443.946552","0.524692","0.075183","2.113392"
"60","270","430.620826","0.533206","0.068549","2.155668"
"70","270","418.071771","0.544531","0.062479","2.194781"
"80","270","406.233409","0.558867","0.056987","2.22612"
"90","270","395.047028","0.576266","0.052112","2.244056"
"100","270","384.460212","0.596541","0.047899","2.243445"
"110","270","374.426017","0.619218","0.044366","2.221682"
"120","270","364.902272","0.643577","0.041487","2.18001"
"130","270","355.850994","0.668787","0.039194","2.123119"
"140","270","347.237876","0.694059","0.037396","2.057324"
"150","270","339.031852","0.718761","0.035999","1.988561"
"160","270","331.204729","0.742454","0.034918","1.921218"
"170","270","323.730855","0.764874","0.034084","1.857937"
"180","270","316.586844","0.785899","0.033442","1.799965"
"190","270","309.75133","0.805494","0.032952","1.747639"
"200","270","303.204752","0.823689","0.032581","1.700779"
"210","270","296.92917","0.840543","0.032308","1.65896"
"220","270","290.908097","0.856136","0.032112","1.621663"
"230","270","285.12636","0.870555","0.031981","1.588365"
"240","270","279.569966","0.883888","0.031902","1.558573"
"250","270","274.225993","0.896219","0.031869","1.531846"
"-70","280","732.241425","0.601582","0.278251","1.74453"
"-60","280","697.888085","0.586021","0.239588","1.764753"
"-50","280","666.613692","0.572626","0.209068","1.78602"
"-40","280","638.022069","0.561223","0.184476","1.808493"
"-30","280","611.782214","0.551688","0.164274","1.832344"
"-20","280","587.615427","0.543933","0.147378","1.857754"
"-10","280","565.285371","0.537911","0.133008","1.884911"
"0","280","544.590318","0.533609","0.120596","1.914002"
"10","280","525.357038","0.53105","0.109722","1.945191"
"20","280","507.435939","0.530296","0.100069","1.978582"
"30","280","490.697164","0.531448","0.0914","2.014138"
"40","280","475.027448","0.534648","0.083538","2.051553"
"50","280","460.327543","0.540076","0.076357","2.090036"
"60","280","446.510117","0.547937","0.069777","2.128022"
"70","280","433.49802","0.55844","0.063761","2.162878"
"80","280","421.222838","0.571741","0.058311","2.190788"
"90","280","409.623697","0.587881","0.053455","2.207156"
"100","280","398.646243","0.606705","0.049227","2.207717"
"110","280","388.241799","0.627819","0.045645","2.190057"
"120","280","378.366642","0.650622","0.042689","2.154711"
"130","280","368.981385","0.674392","0.040303","2.105082"
"140","280","360.050455","0.69842","0.038409","2.046225"
"150","280","351.541641","0.722104","0.036919","1.983284"
"160","280","343.425708","0.744998","0.035754","1.920388"
"170","280","335.676059","0.766815","0.034845","1.860271"
"180","280","328.268444","0.787397","0.034139","1.804427"
"190","280","321.180709","0.806678","0.033592","1.753451"
"200","280","314.392572","0.824657","0.033172","1.707391"
"210","280","307.88543","0.841373","0.032856","1.66599"
"220","280","301.642189","0.856886","0.032622","1.628855"
"230","280","295.647114","0.871268","0.032457","1.595546"
"240","280","289.885697","0.884596","0.032349","1.565633"
"250","280","284.344539","0.896947","0.032288","1.538715"
"-70","290","758.29861","0.622318","0.279893","1.741393"
"-60","290","722.722789","0.606133","0.241061","1.761156"
"-50","290","690.335481","0.592176","0.210411","1.781881"
"-40","290","660.72641","0.580267","0.18572","1.803709"
"-30","290","633.552797","0.570271","0.165443","1.826788"
"-20","290","608.526022","0.562095","0.148491","1.851269"
"-10","290","585.40134","0.555681","0.134084","1.877299"
"0","290","563.969843","0.551006","0.12165","1.905019"
"10","290","544.052137","0.548084","0.110767","1.934536"
"20","290","525.493306","0.546963","0.10112","1.965887"
"30","290","508.158874","0.547726","0.09247","1.998973"
"40","290","491.931543","0.550492","0.084639","2.033443"
"50","290","476.708533","0.555411","0.077499","2.068522"
"60","290","462.399407","0.562656","0.070966","2.102792"
"70","290","448.924268","0.572394","0.064998","2.133975"
"80","290","436.212268","0.584752","0.059587","2.158876"
"90","290","424.200365","0.599756","0.054749","2.173703"
"100","290","412.832273","0.617271","0.050512","2.174901"
"110","290","402.057582","0.636968","0.046889","2.160298"
"120","290","391.831012","0.658334","0.043867","2.130001"
"130","290","382.111776","0.680747","0.041398","2.086475"
"140","290","372.863034","0.703567","0.039415","2.033745"
"150","290","364.05143","0.726231","0.037838","1.976205"
"160","290","355.646687","0.7483","0.036592","1.917639"
"170","290","347.621263","0.769471","0.035611","1.860757"
"180","290","339.950044","0.789559","0.034841","1.807201"
"190","290","332.610089","0.808473","0.034238","1.75777"
"200","290","325.580392","0.826187","0.03377","1.7127"
"210","290","318.84169","0.842716","0.03341","1.671892"
"220","290","312.37628","0.858104","0.033139","1.635071"
"230","290","306.167868","0.872409","0.03294","1.601884"
"240","290","300.201428","0.885696","0.032802","1.571962"
"250","290","294.463084","0.898034","0.032714","1.544948"
"-70","300","784.355795","0.643016","0.281534","1.738305"
"-60","300","747.557493","0.626202","0.242532","1.757625"
"-50","300","714.057269","0.611681","0.211752","1.777827"
"-40","300","683.430751","0.599262","0.18696","1.799036"
"-30","300","655.323379","0.588802","0.166607","1.821378"
"-20","300","629.436617","0.580199","0.149599","1.844977"
"-10","300","605.517308","0.573388","0.135152","1.869948"
"0","300","583.349367","0.568337","0.122694","1.896389"
"10","300","562.747235","0.565049","0.111801","1.924358"
"20","300","543.550673","0.563558","0.102157","1.953844"
"30","300","525.620583","0.563933","0.093521","1.984696"
"40","300","508.835637","0.566271","0.085716","2.016536"
"50","300","493.089524","0.570698","0.078612","2.048615"
"60","300","478.288698","0.577355","0.072121","2.079642"
"70","300","464.350516","0.586379","0.066195","2.107634"
"80","300","451.201698","0.597869","0.060818","2.129889"
"90","300","438.777033","0.611837","0.055999","2.143246"
"100","300","427.018303","0.628165","0.051756","2.144725"
"110","300","415.873365","0.646569","0.0481","2.132405"
"120","300","405.295383","0.666611","0.04502","2.106142"
"130","300","395.242167","0.687746","0.042478","2.067725"
"140","300","385.675613","0.709404","0.040413","2.020355"
"150","300","376.561219","0.731061","0.038754","1.967751"
"160","300","367.867666","0.752292","0.037431","1.913314"
"170","300","359.566467","0.772787","0.03638","1.859651"
"180","300","351.631644","0.792343","0.035547","1.808472"
"190","300","344.039468","0.810848","0.03489","1.760722"
"200","300","336.768212","0.828252","0.034373","1.716794"
"210","300","329.79795","0.844552","0.03397","1.676726"
"220","300","323.110371","0.859775","0.033661","1.640353"
"230","300","316.688621","0.873966","0.033429","1.607407"
"240","300","310.517158","0.887177","0.033261","1.577579"
"250","300","304.58163","0.89947","0.033146","1.550557"
"-70","310","810.41298","0.663676","0.283172","1.735266"
"-60","310","772.392197","0.646231","0.244001","1.754155"
"-50","310","737.779058","0.631142","0.21309","1.773853"
"-40","310","706.135092","0.618209","0.188196","1.794469"
"-30","310","677.093962","0.607281","0.167766","1.816108"
"-20","310","650.347212","0.598248","0.150701","1.83887"
"-10","310","625.633277","0.591036","0.136213","1.862842"
"0","310","602.728892","0.585605","0.123729","1.888085"
"10","310","581.442334","0.581947","0.112824","1.914622"
"20","310","561.60804","0.580085","0.10318","1.942395"
"30","310","543.082292","0.580071","0.094556","1.971221"
"40","310","525.739731","0.581987","0.086773","2.000702"
"50","310","509.470515","0.585935","0.079699","2.03012"
"60","310","494.177988","0.59203","0.073245","2.0583"
"70","310","479.776765","0.600382","0.067356","2.083503"
"80","310","466.191128","0.611066","0.06201","2.103421"
"90","310","453.353702","0.624084","0.057208","2.115399"
"100","310","441.204333","0.639326","0.052961","2.116924"
"110","310","429.689147","0.656546","0.049278","2.106313"
"120","310","418.759753","0.675364","0.046149","2.083284"
"130","310","408.372558","0.695301","0.04354","2.049138"
"140","310","398.488193","0.715848","0.041401","2.006427"
"150","310","389.071007","0.73652","0.039665","1.958281"
"160","310","380.088646","0.756911","0.038269","1.907721"
"170","310","371.511671","0.776711","0.03715","1.857196"
"180","310","363.313245","0.795706","0.036257","1.808424"
"190","310","355.468848","0.813767","0.035545","1.762443"
"200","310","347.956033","0.830824","0.03498","1.71977"
"210","310","340.754211","0.846859","0.034535","1.680561"
"220","310","333.844463","0.861881","0.034189","1.64475"
"230","310","327.209375","0.875924","0.033923","1.612149"
"240","310","320.832889","0.889029","0.033724","1.582508"
"250","310","314.700175","0.901248","0.033583","1.55556"
"-70","320","836.470165","0.684299","0.284809","1.732273"
"-60","320","797.226901","0.66622","0.245468","1.750746"
"-50","320","761.500847","0.65056","0.214425","1.769958"
"-40","320","728.839434","0.63711","0.189429","1.790003"
"-30","320","698.864544","0.62571","0.168921","1.81097"
"-20","320","671.257807","0.616243","0.151797","1.832938"
"-10","320","645.749245","0.608626","0.137268","1.855966"
"0","320","622.108416","0.60281","0.124756","1.880089"
"10","320","600.137432","0.598779","0.113837","1.905293"
"20","320","579.665407","0.596544","0.10419","1.931491"
"30","320","560.544001","0.596143","0.095574","1.95847"
"40","320","542.643825","0.597641","0.087809","1.985827"
"50","320","525.851505","0.601121","0.080762","2.012874"
"60","320","510.067279","0.606676","0.07434","2.03854"
"70","320","495.203013","0.614392","0.068483","2.061289"
"80","320","481.180558","0.624323","0.063165","2.079139"
"90","320","467.93037","0.636462","0.058379","2.089836"
"100","320","455.390363","0.650707","0.054131","2.091255"
"110","320","443.50493","0.666837","0.050425","2.081924"
"120","320","432.224123","0.68452","0.047253","2.061496"
"130","320","421.502949","0.703335","0.044586","2.030923"
"140","320","411.300772","0.722821","0.042378","1.992247"
"150","320","401.580796","0.742537","0.040571","1.948098"
"160","320","392.309625","0.762095","0.039105","1.901133"
"170","320","383.456875","0.781191","0.037921","1.853619"
"180","320","374.994845","0.799606","0.036968","1.807233"
"190","320","366.898227","0.817195","0.036203","1.763068"
"200","320","359.143853","0.833876","0.035591","1.72173"
"210","320","351.710471","0.849613","0.035104","1.683472"
"220","320","344.578554","0.864404","0.03472","1.648318"
"230","320","337.730128","0.878268","0.034421","1.61615"
"240","320","331.148619","0.891238","0.034193","1.586778"
"250","320","324.818721","0.903358","0.034024","1.559978"
"-70","330","862.52735","0.704885","0.286445","1.729327"
"-60","330","822.061605","0.686169","0.246933","1.747395"
"-50","330","785.222635","0.669935","0.215757","1.766138"
"-40","330","751.543775","0.655965","0.190659","1.785635"
"-30","330","720.635127","0.64409","0.170072","1.80596"
"-20","330","692.168402","0.634185","0.152888","1.827171"
"-10","330","665.865214","0.626159","0.138316","1.849308"
"0","330","641.487941","0.619956","0.125775","1.872379"
"10","330","618.832531","0.615548","0.114839","1.896344"
"20","330","597.722774","0.612938","0.105187","1.921088"
"30","330","578.00571","0.612151","0.096577","1.946381"
"40","330","559.54792","0.613236","0.088827","1.971815"
"50","330","542.232496","0.616258","0.081803","1.996739"
"60","330","525.956569","0.621292","0.075408","2.020172"
"70","330","510.629261","0.628401","0.06958","2.040753"
"80","330","496.169987","0.637625","0.064287","2.056763"
"90","330","482.507039","0.648947","0.059516","2.066281"
"100","330","469.576393","0.662268","0.055267","2.067494"
"110","330","457.320713","0.677391","0.051542","2.059125"
"120","330","445.688493","0.69402","0.048333","2.0408"
"130","330","434.63334","0.71178","0.045613","2.013221"
"140","330","424.113351","0.73026","0.043343","1.978033"
"150","330","414.090585","0.749051","0.04147","1.937445"
"160","330","404.530604","0.76779","0.039938","1.893785"
"170","330","395.402078","0.78618","0.038691","1.849122"
"180","330","386.676445","0.804001","0.03768","1.805067"
"190","330","378.327607","0.821098","0.036863","1.762728"
"200","330","370.331673","0.837378","0.036205","1.722773"
"210","330","362.666731","0.852791","0.035677","1.685536"
"220","330","355.312645","0.867323","0.035255","1.651114"
"230","330","348.250882","0.880982","0.034923","1.619455"
"240","330","341.46435","0.893792","0.034665","1.590423"
"250","330","334.937267","0.905787","0.034469","1.563836"
"-70","340","888.584535","0.725434","0.288079","1.726424"
"-60","340","846.896309","0.70608","0.248395","1.744102"
"-50","340","808.944424","0.689269","0.217087","1.76239"
"-40","340","774.248116","0.674775","0.191886","1.78136"
"-30","340","742.405709","0.662422","0.171218","1.80107"
"-20","340","713.078997","0.652075","0.153975","1.821562"
"-10","340","685.981183","0.643636","0.139358","1.842855"
"0","340","660.867466","0.637042","0.126787","1.864937"
"10","340","637.527629","0.632256","0.115833","1.887746"
"20","340","615.780141","0.629269","0.106174","1.911146"
"30","340","595.467419","0.628096","0.097567","1.934893"
"40","340","576.452014","0.628771","0.089828","1.958584"
"50","340","558.613487","0.631345","0.082823","1.981598"
"60","340","541.84586","0.635873","0.076452","2.003038"
"70","340","526.05551","0.642404","0.07065","2.021692"
"80","340","511.159417","0.65096","0.065379","2.036062"
"90","340","497.083707","0.661516","0.060621","2.044497"
"100","340","483.762423","0.673977","0.056373","2.045446"
"110","340","471.136495","0.688164","0.052632","2.037796"
"120","340","459.152863","0.70381","0.049389","2.02118"
"130","340","447.763731","0.720582","0.046623","1.996118"
"140","340","436.925931","0.738104","0.044296","1.963943"
"150","340","426.600374","0.756005","0.042361","1.926519"
"160","340","416.751583","0.773943","0.040766","1.885875"
"170","340","407.347282","0.791632","0.039459","1.843888"
"180","340","398.358045","0.808852","0.038393","1.802079"
"190","340","389.756986","0.825443","0.037525","1.761547"
"200","340","381.519493","0.841302","0.036821","1.723"
"210","340","373.622991","0.85637","0.036252","1.68683"
"220","340","366.046737","0.87062","0.035794","1.653198"
"230","340","358.771635","0.88405","0.035428","1.62211"
"240","340","351.78008","0.896677","0.035141","1.593478"
"250","340","345.055812","0.908526","0.034918","1.567161"
"-70","350","914.64172","0.745948","0.289711","1.723565"
"-60","350","871.731013","0.725952","0.249856","1.740863"
"-50","350","832.666213","0.708562","0.218414","1.758713"
"-40","350","796.952457","0.693541","0.193109","1.777176"
"-30","350","764.176292","0.680706","0.172362","1.796297"
"-20","350","733.989593","0.669914","0.155057","1.816102"
"-10","350","706.097151","0.66106","0.140394","1.836597"
"0","350","680.24699","0.654072","0.127792","1.857748"
"10","350","656.222728","0.648904","0.116818","1.879477"
"20","350","633.837508","0.645539","0.107149","1.901631"
"30","350","612.929129","0.64398","0.098543","1.923957"
"40","350","593.356108","0.64425","0.090813","1.946059"
"50","350","574.994477","0.646383","0.083824","1.967349"
"60","350","557.73515","0.65042","0.077473","1.987003"
"70","350","541.481758","0.656395","0.071693","2.003938"
"80","350","526.148847","0.664316","0.066442","2.016841"
"90","350","511.660375","0.674151","0.061697","2.024284"
"100","350","497.948453","0.685809","0.05745","2.024933"
"110","350","484.952278","0.699122","0.053695","2.017823"
"120","350","472.617233","0.71385","0.050424","2.002602"
"130","350","460.894122","0.72969","0.047615","1.979662"
"140","350","449.73851","0.746305","0.045236","1.950094"
"150","350","439.110163","0.763351","0.043244","1.915472"
"160","350","428.972562","0.780509","0.04159","1.877569"
"170","350","419.292486","0.797505","0.040226","1.838074"
"180","350","410.039645","0.814122","0.039105","1.798407"
"190","350","401.186366","0.830198","0.038188","1.759642"
"200","350","392.707313","0.845622","0.037439","1.722505"
"210","350","384.579251","0.860325","0.036829","1.68743"
"220","350","376.780828","0.874274","0.036334","1.65463"
"230","350","369.292389","0.887455","0.035936","1.624162"
"240","350","362.095811","0.899878","0.035619","1.595981"
"250","350","355.174358","0.911561","0.03537","1.569982"
"-70","360","940.698905","0.766427","0.291342","1.720747"
"-60","360","896.565717","0.745787","0.251315","1.737677"
"-50","360","856.388001","0.727814","0.219739","1.755104"
"-40","360","819.656798","0.712264","0.19433","1.773079"
"-30","360","785.946874","0.698944","0.173501","1.791634"
"-20","360","754.900188","0.687704","0.156134","1.810786"
"-10","360","726.21312","0.678432","0.141425","1.830522"
"0","360","699.626515","0.671046","0.12879","1.850797"
"10","360","674.917826","0.665495","0.117794","1.871515"
"20","360","651.894875","0.66175","0.108115","1.892511"
"30","360","630.390838","0.659806","0.099506","1.913529"
"40","360","610.260203","0.659672","0.091784","1.934179"
"50","360","591.375468","0.661371","0.084807","1.953906"
"60","360","573.624441","0.664931","0.078474","1.971954"
"70","360","556.908007","0.670369","0.072713","1.987348"
"80","360","541.138277","0.677685","0.067479","1.998933"
"90","360","526.237044","0.68684","0.062745","2.005468"
"100","360","512.134483","0.697741","0.058499","2.005802"
"110","360","498.768061","0.710235","0.054733","1.999094"
"120","360","486.081604","0.724101","0.051436","1.985019"
"130","360","474.024513","0.739064","0.048589","1.963876"
"140","360","462.551089","0.754817","0.046163","1.936565"
"150","360","451.619952","0.771043","0.044117","1.904425"
"160","360","441.193541","0.787444","0.042408","1.869003"
"170","360","431.23769","0.803759","0.040989","1.831814"
"180","360","421.721246","0.819775","0.039816","1.794177"
"190","360","412.615745","0.83533","0.038851","1.757122"
"200","360","403.895134","0.850309","0.038057","1.721378"
"210","360","395.535512","0.864635","0.037407","1.687411"
"220","360","387.514919","0.878265","0.036877","1.655471"
"230","360","379.813142","0.891181","0.036446","1.625659"
"240","360","372.411541","0.903382","0.0361","1.597969"
"250","360","365.292904","0.914881","0.035825","1.572331"
"-70","370","966.75609","0.786871","0.292972","1.71797"
"-60","370","921.40042","0.765584","0.252773","1.734543"
"-50","370","880.10979","0.747027","0.221062","1.751561"
"-40","370","842.361139","0.730945","0.195547","1.769065"
"-30","370","807.717457","0.717137","0.174637","1.787079"
"-20","370","775.810783","0.705446","0.157207","1.805606"
"-10","370","746.329088","0.695752","0.142451","1.824623"
"0","370","719.006039","0.687967","0.129781","1.84407"
"10","370","693.612925","0.682029","0.118763","1.863839"
"20","370","669.952242","0.677904","0.109071","1.883759"
"30","370","647.852547","0.675574","0.100458","1.903567"
"40","370","627.164297","0.675039","0.09274","1.922887"
"50","370","607.756459","0.676312","0.085773","1.941193"
"60","370","589.513731","0.679404","0.079455","1.957789"
"70","370","572.334255","0.684324","0.073711","1.971798"
"80","370","556.127707","0.691061","0.068492","1.982197"
"90","370","540.813712","0.699568","0.063768","1.987901"
"100","370","526.320514","0.709757","0.059524","1.987915"
"110","370","512.583843","0.721479","0.055748","1.981505"
"120","370","499.545974","0.734534","0.052428","1.968376"
"130","370","487.154904","0.748669","0.049547","1.948761"
"140","370","475.363668","0.763602","0.047077","1.92341"
"150","370","464.12974","0.779042","0.044982","1.893469"
"160","370","453.414521","0.79471","0.04322","1.860287"
"170","370","443.182894","0.810358","0.041749","1.825224"
"180","370","433.402846","0.825779","0.040526","1.789496"
"190","370","424.045125","0.840812","0.039513","1.754082"
"200","370","415.082954","0.855338","0.038676","1.719704"
"210","370","406.491772","0.869275","0.037987","1.686841"
"220","370","398.249011","0.882574","0.037421","1.655778"
"230","370","390.333896","0.895209","0.036959","1.626649"
"240","370","382.727272","0.907173","0.036583","1.599483"
"250","370","375.411449","0.918473","0.036281","1.574238"
"-70","380","992.813275","0.807281","0.294601","1.715233"
"-60","380","946.235124","0.785345","0.254228","1.731459"
"-50","380","903.831579","0.766201","0.222382","1.748081"
"-40","380","865.06548","0.749584","0.196762","1.765131"
"-30","380","829.488039","0.735285","0.175769","1.782625"
"-20","380","796.721378","0.723141","0.158276","1.800556"
"-10","380","766.445057","0.713022","0.143471","1.818888"
"0","380","738.385564","0.704834","0.130766","1.837553"
"10","380","712.308023","0.698509","0.119724","1.856433"
"20","380","688.009609","0.694001","0.110017","1.875348"
"30","380","665.314256","0.691286","0.1014","1.894037"
"40","380","644.068391","0.690354","0.093683","1.912134"
"50","380","624.137449","0.691204","0.086724","1.929145"
"60","380","605.403022","0.69384","0.080418","1.944425"
"70","380","587.760503","0.698258","0.074688","1.957183"
"80","380","571.117136","0.704437","0.069482","1.96651"
"90","380","555.390381","0.712328","0.064768","1.971456"
"100","380","540.506544","0.72184","0.060525","1.971152"
"110","380","526.399626","0.732834","0.05674","1.964961"
"120","380","513.010344","0.745123","0.0534","1.952618"
"130","380","500.285295","0.758474","0.050488","1.934308"
"140","380","488.176248","0.772628","0.047978","1.910664"
"150","380","476.639529","0.787314","0.045836","1.88267"
"160","380","465.6355","0.802273","0.044026","1.851509"
"170","380","455.128098","0.81727","0.042505","1.818401"
"180","380","445.084446","0.832104","0.041233","1.78446"
"190","380","435.474504","0.846615","0.040175","1.750611"
"200","380","426.270774","0.860684","0.039296","1.717557"
"210","380","417.448032","0.874225","0.038568","1.685787"
"220","380","408.983102","0.887182","0.037967","1.655606"
"230","380","400.854649","0.899524","0.037472","1.627177"
"240","380","393.043003","0.911238","0.037068","1.600558"
"250","380","385.529995","0.922324","0.03674","1.575735"
"-70","390","1018.87046","0.827657","0.296228","1.712535"
"-60","390","971.069828","0.805071","0.255682","1.728424"
"-50","390","927.553367","0.785336","0.223701","1.744662"
"-40","390","887.769822","0.768182","0.197975","1.761275"
"-30","390","851.258622","0.75339","0.176899","1.778269"
"-20","390","817.631973","0.740789","0.15934","1.79563"
"-10","390","786.561026","0.730244","0.144487","1.813312"
"0","390","757.765088","0.721651","0.131745","1.831237"
"10","390","731.003122","0.714935","0.120677","1.849279"
"20","390","706.066976","0.710044","0.110955","1.867255"
"30","390","682.775965","0.706944","0.10233","1.884906"
"40","390","660.972486","0.705616","0.094613","1.901878"
"50","390","640.51844","0.706049","0.08766","1.917703"
"60","390","621.292312","0.708237","0.081364","1.931787"
"70","390","603.186752","0.712167","0.075646","1.943412"
"80","390","586.106566","0.717809","0.070452","1.951768"
"90","390","569.967049","0.72511","0.065745","1.956019"
"100","390","554.692574","0.733979","0.061503","1.955406"
"110","390","540.215409","0.744282","0.05771","1.949375"
"120","390","526.474714","0.755845","0.054353","1.937688"
"130","390","513.415686","0.768452","0.051412","1.920499"
"140","390","500.988827","0.781863","0.048865","1.898345"
"150","390","489.149318","0.795828","0.046681","1.872078"
"160","390","477.856479","0.810103","0.044824","1.842741"
"170","390","467.073302","0.824464","0.043256","1.811425"
"180","390","456.766046","0.838721","0.041938","1.779151"
"190","390","446.903884","0.852714","0.040835","1.746786"
"200","390","437.458594","0.866325","0.039915","1.71501"
"210","390","428.404292","0.879464","0.039149","1.68431"
"220","390","419.717193","0.892071","0.038513","1.655008"
"230","390","411.375403","0.90411","0.037987","1.627289"
"240","390","403.358733","0.915562","0.037554","1.601233"
"250","390","395.64854","0.926423","0.037201","1.576852"
"-70","400","1044.927645","0.848","0.297854","1.709874"
"-60","400","995.904532","0.82476","0.257135","1.725436"
"-50","400","951.275156","0.804434","0.225018","1.741303"
"-40","400","910.474163","0.78674","0.199185","1.757494"
"-30","400","873.029204","0.771453","0.178025","1.774008"
"-20","400","838.542568","0.758393","0.160402","1.790822"
"-10","400","806.676994","0.747418","0.145498","1.807885"
"0","400","777.144613","0.738417","0.132719","1.825109"
"10","400","749.69822","0.73131","0.121625","1.842363"
"20","400","724.124343","0.726034","0.111885","1.859461"
"30","400","700.237674","0.722549","0.103251","1.876147"
"40","400","677.87658","0.720827","0.095532","1.892079"
"50","400","656.899431","0.720848","0.088583","1.906816"
"60","400","637.181603","0.722596","0.082295","1.919809"
"70","400","618.613","0.72605","0.076587","1.930405"
"80","400","601.095996","0.731174","0.071402","1.93788"
"90","400","584.543718","0.737908","0.066702","1.941495"
"100","400","568.878604","0.746162","0.062461","1.940584"
"110","400","554.031191","0.755809","0.058661","1.934666"
"120","400","539.939084","0.766682","0.055287","1.923532"
"130","400","526.546077","0.778581","0.052321","1.907308"
"140","400","513.801406","0.791284","0.04974","1.88646"
"150","400","501.659107","0.804557","0.047516","1.86173"
"160","400","490.077458","0.818171","0.045615","1.834037"
"170","400","479.018506","0.831915","0.044002","1.804362"
"180","400","468.447647","0.845604","0.04264","1.773637"
"190","400","458.333264","0.859085","0.041494","1.742674"
"200","400","448.646415","0.872238","0.040534","1.712123"
"210","400","439.360553","0.884971","0.03973","1.682466"
"220","400","430.451285","0.897222","0.03906","1.654033"
"230","400","421.896156","0.90895","0.038503","1.627025"
"240","400","413.674464","0.920131","0.038042","1.601544"
"250","400","405.767086","0.930758","0.037662","1.577621"
"-70","410","1070.98483","0.86831","0.299479","1.70725"
"-60","410","1020.739236","0.844415","0.258586","1.722494"
"-50","410","974.996944","0.823495","0.226332","1.738001"
"-40","410","933.178504","0.805259","0.200392","1.753785"
"-30","410","894.799787","0.789474","0.179148","1.769837"
"-20","410","859.453163","0.775952","0.161459","1.786129"
"-10","410","826.792963","0.764545","0.146504","1.802601"
"0","410","796.524137","0.755135","0.133687","1.81916"
"10","410","768.393319","0.747633","0.122565","1.835671"
"20","410","742.18171","0.741972","0.112807","1.851946"
"30","410","717.699384","0.738102","0.104163","1.867733"
"40","410","694.780674","0.735988","0.09644","1.882703"
"50","410","673.280421","0.735601","0.089493","1.89644"
"60","410","653.070893","0.736917","0.08321","1.908435"
"70","410","634.039249","0.739906","0.077511","1.918094"
"80","410","616.085426","0.744527","0.072334","1.924766"
"90","410","599.120386","0.750715","0.06764","1.927797"
"100","410","583.064634","0.758381","0.063399","1.926604"
"110","410","567.846974","0.767401","0.059593","1.920763"
"120","410","553.403455","0.777617","0.056204","1.910095"
"130","410","539.676468","0.788842","0.053214","1.894709"
"140","410","526.613986","0.800867","0.050602","1.875009"
"150","410","514.168896","0.813476","0.048341","1.851647"
"160","410","502.298437","0.826452","0.046399","1.825439"
"170","410","490.96371","0.839596","0.044743","1.797265"
"180","410","480.129247","0.85273","0.043338","1.767979"
"190","410","469.762643","0.865705","0.042151","1.738336"
"200","410","459.834235","0.878402","0.041151","1.708954"
"210","410","450.316813","0.890729","0.040312","1.680307"
"220","410","441.185376","0.90262","0.039608","1.652726"
"230","410","432.41691","0.91403","0.03902","1.626425"
"240","410","423.990194","0.924933","0.038531","1.601524"
"250","410","415.885632","0.935315","0.038125","1.57807"
"-70","420","1097.042015","0.888588","0.301104","1.704662"
"-60","420","1045.57394","0.864036","0.260035","1.719597"
"-50","420","998.718733","0.842519","0.227645","1.734756"
"-40","420","955.882845","0.823739","0.201597","1.750145"
"-30","420","916.570369","0.807453","0.180269","1.765754"
"-20","420","880.363758","0.793467","0.162513","1.781544"
"-10","420","846.908931","0.781626","0.147507","1.797453"
"0","420","815.903662","0.771805","0.13465","1.813381"
"10","420","787.088417","0.763908","0.123499","1.82919"
"20","420","760.239077","0.75786","0.113722","1.844692"
"30","420","735.161093","0.753606","0.105066","1.85964"
"40","420","711.684769","0.7511","0.097338","1.873718"
"50","420","689.661412","0.750309","0.09039","1.886533"
"60","420","668.960184","0.7512","0.084112","1.897613"
"70","420","649.465497","0.753735","0.078419","1.906416"
"80","420","631.074856","0.757866","0.073249","1.912357"
"90","420","613.697054","0.763528","0.068559","1.914852"
"100","420","597.250664","0.770629","0.064319","1.91339"
"110","420","581.662757","0.779048","0.060506","1.907602"
"120","420","566.867825","0.788636","0.057104","1.89733"
"130","420","552.806859","0.799217","0.054092","1.882673"
"140","420","539.426565","0.810594","0.051452","1.863987"
"150","420","526.678684","0.822565","0.049156","1.841846"
"160","420","514.519417","0.834925","0.047176","1.816979"
"170","420","502.908914","0.847486","0.045479","1.79018"
"180","420","491.810847","0.860077","0.044033","1.762226"
"190","420","481.192023","0.872554","0.042806","1.733821"
"200","420","471.022055","0.884799","0.041768","1.705553"
"210","420","461.273073","0.896719","0.040893","1.677878"
"220","420","451.919467","0.908247","0.040156","1.651129"
"230","420","442.937663","0.919335","0.039537","1.625527"
"240","420","434.305925","0.929953","0.03902","1.601206"
"250","420","426.004177","0.940084","0.038589","1.578228"
"-70","430","1123.0992","0.908833","0.302727","1.702109"
"-60","430","1070.408644","0.883622","0.261484","1.716743"
"-50","430","1022.440522","0.861507","0.228956","1.731564"
"-40","430","978.587186","0.842181","0.2028","1.746573"
"-30","430","938.340952","0.825392","0.181386","1.761754"
"-20","430","901.274353","0.810941","0.163563","1.777064"
"-10","430","867.0249","0.798663","0.148505","1.792435"
"0","430","835.283187","0.788428","0.135608","1.807764"
"10","430","805.783516","0.780134","0.124428","1.822909"
"20","430","778.296444","0.773699","0.11463","1.837685"
"30","430","752.622802","0.76906","0.10596","1.851849"
"40","430","728.588863","0.766165","0.098225","1.865098"
"50","430","706.042403","0.764974","0.091277","1.877061"
"60","430","684.849474","0.765444","0.085001","1.8873"
"70","430","664.891745","0.767534","0.079313","1.895319"
"80","430","646.064286","0.77119","0.074148","1.90059"
"90","430","628.273723","0.776341","0.069462","1.902594"
"100","430","611.436694","0.782897","0.065221","1.900878"
"110","430","595.47854","0.790741","0.061403","1.895122"
"120","430","580.332195","0.799728","0.057987","1.885189"
"130","430","565.93725","0.809691","0.054956","1.87117"
"140","430","552.239144","0.820447","0.052289","1.853382"
"150","430","539.188473","0.831804","0.049961","1.832335"
"160","430","526.740396","0.84357","0.047944","1.808682"
"170","430","514.854118","0.855565","0.046209","1.783139"
"180","430","503.492447","0.867626","0.044724","1.75642"
"190","430","492.621402","0.879613","0.043458","1.729176"
"200","430","482.209875","0.89141","0.042383","1.701962"
"210","430","472.229333","0.902926","0.041473","1.67522"
"220","430","462.653559","0.914089","0.040703","1.649279"
"230","430","453.458417","0.924852","0.040055","1.624365"
"240","430","444.621655","0.935179","0.03951","1.600621"
"250","430","436.122723","0.945053","0.039054","1.57812"
"-70","440","1149.156385","0.929047","0.304349","1.69959"
"-60","440","1095.243348","0.903175","0.26293","1.713931"
"-50","440","1046.16231","0.88046","0.230266","1.728424"
"-40","440","1001.291527","0.860585","0.204001","1.743066"
"-30","440","960.111534","0.843292","0.182501","1.757835"
"-20","440","922.184948","0.828372","0.164611","1.772684"
"-10","440","887.140869","0.815656","0.149499","1.787541"
"0","440","854.662711","0.805006","0.136561","1.802299"
"10","440","824.478614","0.796313","0.125351","1.816817"
"20","440","796.353811","0.78949","0.115531","1.830909"
"30","440","770.084511","0.784466","0.106847","1.844339"
"40","440","745.492957","0.781184","0.099104","1.856817"
"50","440","722.423393","0.779594","0.092152","1.867991"
"60","440","700.738765","0.779651","0.085878","1.877455"
"70","440","680.317994","0.781304","0.080192","1.884755"
"80","440","661.053715","0.784495","0.075032","1.889412"
"90","440","642.850391","0.789152","0.070348","1.890964"
"100","440","625.622724","0.795182","0.066107","1.88901"
"110","440","609.294322","0.802471","0.062283","1.88327"
"120","440","593.796565","0.810881","0.058856","1.873629"
"130","440","579.067641","0.820253","0.055806","1.860172"
"140","440","565.051723","0.830412","0.053114","1.843181"
"150","440","551.698262","0.841178","0.050756","1.823117"
"160","440","538.961375","0.852369","0.048705","1.800564"
"170","440","526.799322","0.863815","0.046933","1.776172"
"180","440","515.174047","0.875358","0.04541","1.750594"
"190","440","504.050782","0.886865","0.044108","1.724436"
"200","440","493.397695","0.89822","0.042997","1.698221"
"210","440","483.185594","0.909332","0.042052","1.672373"
"220","440","473.38765","0.920131","0.041251","1.647213"
"230","440","463.97917","0.930566","0.040573","1.622971"
"240","440","454.937386","0.9406","0.040001","1.599796"
"250","440","446.241268","0.950211","0.03952","1.577773"
"-60","450","1120.078052","0.922696","0.264376","1.711161"
"-50","450","1069.884099","0.899378","0.231573","1.725336"
"-40","450","1023.995868","0.878953","0.2052","1.739622"
"-30","450","981.882117","0.861153","0.183614","1.753994"
"-20","450","943.095543","0.845763","0.165655","1.7684"
"-10","450","907.256837","0.832606","0.150489","1.782765"
"0","450","874.042236","0.821539","0.13751","1.796981"
"10","450","843.173713","0.812446","0.126268","1.810904"
"20","450","814.411178","0.805234","0.116425","1.824352"
"30","450","787.54622","0.799825","0.107726","1.837094"
"40","450","762.397052","0.796157","0.099973","1.848851"
"50","450","738.804384","0.794172","0.093018","1.859294"
"60","450","716.628056","0.79382","0.086742","1.868043"
"70","450","695.744242","0.795043","0.081059","1.874681"
"80","450","676.043145","0.797781","0.075901","1.878775"
"90","450","657.42706","0.801957","0.07122","1.87991"
"100","450","639.808754","0.807479","0.066978","1.877733"
"110","450","623.110105","0.814233","0.063148","1.871999"
"120","450","607.260935","0.822087","0.05971","1.862611"
"130","450","592.198032","0.830889","0.056643","1.849649"
"140","450","577.864303","0.840475","0.053928","1.833371"
"150","450","564.208051","0.850671","0.051541","1.81419"
"160","450","551.182354","0.861306","0.049458","1.792636"
"170","450","538.744526","0.872219","0.047651","1.769299"
"180","450","526.855648","0.883258","0.046093","1.744778"
"190","450","515.480161","0.894292","0.044754","1.719636"
"200","450","504.585516","0.905211","0.043608","1.694364"
"210","450","494.141854","0.915924","0.04263","1.669367"
"220","450","484.121741","0.92636","0.041798","1.64496"
"230","450","474.499924","0.936466","0.041091","1.621372"
"240","450","465.253116","0.946203","0.040492","1.598758"
"250","450","456.359814","0.955548","0.039986","1.577209"
"-60","460","1144.912755","0.942183","0.265821","1.708431"
"-50","460","1093.605888","0.918262","0.232879","1.722297"
"-40","460","1046.700209","0.897284","0.206397","1.736239"
"-30","460","1003.652699","0.878976","0.184724","1.750228"
"-20","460","964.006138","0.863113","0.166696","1.764209"
"-10","460","927.372806","0.849514","0.151476","1.778104"
"0","460","893.42176","0.838028","0.138455","1.791802"
"10","460","861.868811","0.828535","0.12718","1.805161"
"20","460","832.468545","0.820932","0.117313","1.818"
"30","460","805.00793","0.815139","0.108597","1.830096"
"40","460","779.301146","0.811085","0.100835","1.841182"
"50","460","755.185375","0.808709","0.093873","1.850945"
"60","460","732.517346","0.807951","0.087596","1.859032"
"70","460","711.170491","0.808752","0.081914","1.86506"
"80","460","691.032575","0.811046","0.076758","1.868635"
"90","460","672.003728","0.814753","0.072077","1.869387"
"100","460","653.994784","0.819782","0.067833","1.867001"
"110","460","636.925888","0.82602","0.063998","1.861264"
"120","460","620.725305","0.833338","0.06055","1.852096"
"130","460","605.328423","0.841592","0.057467","1.839574"
"140","460","590.676882","0.850624","0.05473","1.823935"
"150","460","576.71784","0.86027","0.052316","1.805552"
"160","460","563.403333","0.870368","0.050203","1.784907"
"170","460","550.68973","0.880762","0.048363","1.762537"
"180","460","538.537248","0.891309","0.046771","1.738995"
"190","460","526.909541","0.901881","0.045397","1.714801"
"200","460","515.773336","0.912371","0.044218","1.690418"
"210","460","505.098114","0.922688","0.043207","1.666233"
"220","460","494.855833","0.932762","0.042344","1.64255"
"230","460","485.020677","0.942539","0.041608","1.619597"
"240","460","475.568847","0.951978","0.040983","1.597531"
"250","460","466.47836","0.961054","0.040453","1.576451"
"-60","470","1169.747459","0.961639","0.267264","1.705739"
"-50","470","1117.327676","0.937112","0.234184","1.719306"
"-40","470","1069.404551","0.91558","0.207591","1.732915"
"-30","470","1025.423282","0.896761","0.185831","1.746534"
"-20","470","984.916733","0.880424","0.167734","1.760106"
"-10","470","947.488774","0.866381","0.15246","1.773551"
"0","470","912.801285","0.854475","0.139395","1.786756"
"10","470","880.563909","0.844579","0.128087","1.79958"
"20","470","850.525912","0.836586","0.118196","1.811844"
"30","470","822.469639","0.830408","0.109462","1.823332"
"40","470","796.20524","0.82597","0.101688","1.833789"
"50","470","771.566365","0.823204","0.09472","1.842919"
"60","470","748.406637","0.822046","0.08844","1.850393"
"70","470","726.596739","0.822431","0.082757","1.855857"
"80","470","706.022005","0.824289","0.077601","1.858955"
"90","470","686.580396","0.82754","0.07292","1.859353"
"100","470","668.180815","0.832089","0.068675","1.856772"
"110","470","650.74167","0.837826","0.064835","1.851026"
"120","470","634.189676","0.844627","0.061376","1.842051"
"130","470","618.458814","0.852351","0.058278","1.829922"
"140","470","603.489461","0.860849","0.055521","1.814856"
"150","470","589.227628","0.869964","0.053083","1.797196"
"160","470","575.624313","0.879541","0.05094","1.77738"
"170","470","562.634934","0.889432","0.049069","1.755899"
"180","470","550.218848","0.899499","0.047444","1.733263"
"190","470","538.33892","0.909618","0.046037","1.709955"
"200","470","526.961156","0.919685","0.044825","1.68641"
"210","470","516.054374","0.929611","0.043783","1.662996"
"220","470","505.589924","0.939326","0.04289","1.640007"
"230","470","495.541431","0.948774","0.042126","1.617669"
"240","470","485.884578","0.957914","0.041474","1.596138"
"250","470","476.596905","0.966718","0.040919","1.57552"
"-60","480","1194.582163","0.981063","0.268706","1.703086"
"-50","480","1141.049465","0.955929","0.235487","1.716361"
"-40","480","1092.108892","0.933841","0.208785","1.729648"
"-30","480","1047.193864","0.914509","0.186937","1.74291"
"-20","480","1005.827328","0.897697","0.16877","1.75609"
"-10","480","967.604743","0.883208","0.15344","1.769102"
"0","480","932.180809","0.87088","0.140332","1.781837"
"10","480","899.259008","0.86058","0.12899","1.794151"
"20","480","868.583279","0.852196","0.119073","1.805871"
"30","480","839.931348","0.845634","0.110321","1.816788"
"40","480","813.109335","0.840812","0.102533","1.826655"
"50","480","787.947356","0.837659","0.095557","1.835195"
"60","480","764.295927","0.836104","0.089273","1.8421"
"70","480","742.022987","0.836079","0.083589","1.847043"
"80","480","721.011435","0.83751","0.078433","1.8497"
"90","480","701.157065","0.840314","0.073751","1.849771"
"100","480","682.366845","0.844396","0.069503","1.847008"
"110","480","664.557453","0.849648","0.065658","1.84125"
"120","480","647.654046","0.855948","0.06219","1.832445"
"130","480","631.589205","0.86316","0.059077","1.820668"
"140","480","616.302041","0.871141","0.056301","1.80612"
"150","480","601.737417","0.879742","0.053839","1.789116"
"160","480","587.845292","0.888814","0.05167","1.770056"
"170","480","574.580138","0.898216","0.049769","1.749394"
"180","480","561.900448","0.907814","0.048112","1.727597"
"190","480","549.7683","0.917491","0.046674","1.705116"
"200","480","538.148976","0.927142","0.04543","1.68236"
"210","480","527.010635","0.936682","0.044357","1.659678"
"220","480","516.324015","0.94604","0.043434","1.637355"
"230","480","506.062184","0.955161","0.042643","1.615609"
"240","480","496.200308","0.964002","0.041965","1.594599"
"250","480","486.715451","0.972532","0.041386","1.574434"
"-60","490","1219.416867","1.000456","0.270148","1.700469"
"-50","490","1164.771254","0.974713","0.236789","1.713462"
"-40","490","1114.813233","0.952067","0.209976","1.726437"
"-30","490","1068.964447","0.932221","0.18804","1.739354"
"-20","490","1026.737923","0.914931","0.169802","1.752155"
"-10","490","987.720712","0.899995","0.154416","1.764753"
"0","490","951.560334","0.887244","0.141264","1.777038"
"10","490","917.954106","0.876539","0.129888","1.788869"
"20","490","886.640646","0.867763","0.119944","1.800074"
"30","490","857.393057","0.860816","0.111173","1.810451"
"40","490","830.013429","0.855613","0.103372","1.819766"
"50","490","804.328347","0.852074","0.096387","1.827755"
"60","490","780.185218","0.850126","0.090098","1.834129"
"70","490","757.449236","0.849696","0.08441","1.83859"
"80","490","736.000864","0.850707","0.079253","1.84084"
"90","490","715.733733","0.853074","0.07457","1.840608"
"100","490","696.552875","0.856701","0.070319","1.837675"
"110","490","678.373236","0.861481","0.066468","1.831902"
"120","490","661.118416","0.867295","0.062991","1.823248"
"130","490","644.719596","0.874011","0.059865","1.811788"
"140","490","629.11462","0.881492","0.057071","1.797709"
"150","490","614.247206","0.889595","0.054587","1.781302"
"160","490","600.066271","0.898178","0.052392","1.762936"
"170","490","586.525342","0.907104","0.050463","1.743027"
"180","490","573.582048","0.916245","0.048776","1.722009"
"190","490","561.197679","0.925488","0.047306","1.700302"
"200","490","549.336796","0.934731","0.046032","1.678288"
"210","490","537.966895","0.94389","0.044929","1.656301"
"220","490","527.058107","0.952895","0.043978","1.634612"
"230","490","516.582938","0.961689","0.043159","1.613437"
"240","490","506.516039","0.970231","0.042456","1.592933"
"250","490","496.833996","0.978488","0.041853","1.573211"
"-80","0","2.776938","0.977903","0.009619","1.359875"
"-70","0","2.640244","0.981461","0.010127","1.348199"
"-60","0","2.516376","0.984203","0.010634","1.337844"
"-50","0","2.40361","0.986385","0.01114","1.328561"
"-40","0","2.300517","0.988161","0.011644","1.320174"
"-30","0","2.205904","0.989631","0.012146","1.312551"
"-20","0","2.118766","0.990863","0.012644","1.305587"
"-10","0","2.038251","0.991907","0.01314","1.299197"
"0","0","1.96363","0.992799","0.013631","1.293309"
"10","0","1.894281","0.993567","0.014118","1.287862"
"20","0","1.829663","0.994233","0.014601","1.282806"
"30","0","1.769308","0.994813","0.01508","1.278095"
"40","0","1.712807","0.995323","0.015554","1.273691"
"50","0","1.659804","0.995771","0.016023","1.269562"
"60","0","1.609982","0.996168","0.016487","1.265679"
"70","0","1.563065","0.996521","0.016947","1.262017"
"80","0","1.518804","0.996836","0.017402","1.258555"
"90","0","1.476981","0.997117","0.017852","1.255274"
"100","0","1.4374","0.99737","0.018297","1.252158"
"110","0","1.399884","0.997598","0.018737","1.249194"
"120","0","1.364277","0.997804","0.019173","1.246368"
"130","0","1.330437","0.99799","0.019605","1.243671"
"140","0","1.298235","0.99816","0.020032","1.241092"
"150","0","1.267554","0.998313","0.020454","1.238623"
"160","0","1.238291","0.998454","0.020873","1.236257"
"170","0","1.210348","0.998582","0.021287","1.233987"
"180","0","1.183638","0.998699","0.021697","1.231808"
"190","0","1.158082","0.998807","0.022103","1.229714"
"200","0","1.133606","0.998906","0.022506","1.227699"
"210","0","1.110143","0.998997","0.022905","1.225761"
"220","0","1.087632","0.999081","0.0233","1.223894"
"230","0","1.066015","0.999158","0.023691","1.222095"
"240","0","1.045241","0.99923","0.024079","1.220361"
"250","0","1.025262","0.999296","0.024464","1.218688"
"-70","1","5.245963","0.961864","0.010174","1.37187"
"-60","1","4.999847","0.967846","0.010678","1.357171"
"-50","1","4.775789","0.972468","0.011181","1.344676"
"-40","1","4.570951","0.976161","0.011683","1.333822"
"-30","1","4.382963","0.979181","0.012182","1.324254"
"-20","1","4.209826","0.981693","0.012679","1.315727"
"-10","1","4.049847","0.983809","0.013172","1.30806"
"0","1","3.901583","0.98561","0.013662","1.301115"
"10","1","3.763791","0.987157","0.014148","1.294784"
"20","1","3.635399","0.988495","0.01463","1.28898"
"30","1","3.515479","0.98966","0.015107","1.283632"
"40","1","3.403217","0.99068","0.01558","1.278681"
"50","1","3.297903","0.991578","0.016048","1.274078"
"60","1","3.198911","0.992371","0.016511","1.269783"
"70","1","3.105689","0.993076","0.01697","1.26576"
"80","1","3.017747","0.993704","0.017424","1.26198"
"90","1","2.934648","0.994266","0.017873","1.258418"
"100","1","2.856003","0.994771","0.018317","1.255052"
"110","1","2.781462","0.995225","0.018757","1.251865"
"120","1","2.710714","0.995635","0.019192","1.24884"
"130","1","2.643476","0.996006","0.019623","1.245963"
"140","1","2.579493","0.996343","0.02005","1.243223"
"150","1","2.518533","0.996649","0.020472","1.240608"
"160","1","2.460389","0.996928","0.020889","1.23811"
"170","1","2.404868","0.997183","0.021303","1.235719"
"180","1","2.351798","0.997417","0.021713","1.23343"
"190","1","2.30102","0.997631","0.022119","1.231235"
"200","1","2.252388","0.997828","0.022521","1.229129"
"210","1","2.205769","0.998009","0.022919","1.227106"
"220","1","2.161041","0.998175","0.023314","1.225161"
"230","1","2.118091","0.998329","0.023705","1.223291"
"240","1","2.076814","0.998471","0.024093","1.22149"
"250","1","2.037116","0.998603","0.024477","1.219756"
"-60","2","7.483317","0.950632","0.010724","1.378988"
"-50","2","7.147968","0.958028","0.011224","1.362412"
"-40","2","6.841386","0.963823","0.011723","1.348583"
"-30","2","6.560021","0.968503","0.01222","1.336751"
"-20","2","6.300885","0.972363","0.012714","1.326448"
"-10","2","6.061444","0.975596","0.013206","1.317358"
"0","2","5.839535","0.978338","0.013694","1.309254"
"10","2","5.633301","0.980685","0.014178","1.301963"
"20","2","5.441136","0.982711","0.014659","1.295356"
"30","2","5.26165","0.984472","0.015135","1.289329"
"40","2","5.093626","0.986011","0.015606","1.283799"
"50","2","4.936002","0.987364","0.016073","1.278697"
"60","2","4.78784","0.988559","0.016535","1.27397"
"70","2","4.648314","0.98962","0.016993","1.269571"
"80","2","4.51669","0.990565","0.017446","1.265461"
"90","2","4.392315","0.991409","0.017894","1.261608"
"100","2","4.274606","0.992167","0.018338","1.257985"
"110","2","4.163041","0.992848","0.018777","1.254569"
"120","2","4.057151","0.993464","0.019212","1.251339"
"130","2","3.956515","0.99402","0.019642","1.248279"
"140","2","3.86075","0.994525","0.020068","1.245373"
"150","2","3.769512","0.994985","0.020489","1.242609"
"160","2","3.682487","0.995403","0.020906","1.239976"
"170","2","3.599389","0.995786","0.02132","1.237463"
"180","2","3.519958","0.996136","0.021729","1.235062"
"190","2","3.443958","0.996456","0.022134","1.232765"
"200","2","3.37117","0.996751","0.022536","1.230566"
"210","2","3.301395","0.997022","0.022934","1.228457"
"220","2","3.23445","0.997271","0.023328","1.226434"
"230","2","3.170166","0.997502","0.023719","1.224491"
"240","2","3.108388","0.997714","0.024107","1.222623"
"250","2","3.048971","0.997911","0.024491","1.220828"
"-60","3","9.966788","0.932441","0.010772","1.403956"
"-50","3","9.520147","0.943008","0.011268","1.382072"
"-40","3","9.11182","0.951118","0.011764","1.364617"
"-30","3","8.737079","0.95758","0.012258","1.350131"
"-20","3","8.391945","0.962864","0.012751","1.337805"
"-10","3","8.073041","0.967264","0.01324","1.327127"
"0","3","7.777488","0.970979","0.013726","1.317746"
"10","3","7.50281","0.974149","0.014209","1.309414"
"20","3","7.246873","0.976879","0.014688","1.301944"
"30","3","7.00782","0.979247","0.015162","1.295193"
"40","3","6.784036","0.981315","0.015633","1.289049"
"50","3","6.574101","0.98313","0.016099","1.283423"
"60","3","6.37677","0.984732","0.01656","1.278244"
"70","3","6.190939","0.986152","0.017017","1.273452"
"80","3","6.015633","0.987416","0.017469","1.269"
"90","3","5.849981","0.988545","0.017916","1.264846"
"100","3","5.693209","0.989558","0.018359","1.260957"
"110","3","5.544619","0.990469","0.018797","1.257305"
"120","3","5.403588","0.99129","0.019231","1.253865"
"130","3","5.269554","0.992034","0.019661","1.250617"
"140","3","5.142008","0.992708","0.020086","1.247543"
"150","3","5.020491","0.99332","0.020507","1.244627"
"160","3","4.904584","0.993879","0.020924","1.241856"
"170","3","4.793909","0.994389","0.021336","1.239218"
"180","3","4.688118","0.994855","0.021745","1.236704"
"190","3","4.586896","0.995283","0.02215","1.234303"
"200","3","4.489952","0.995675","0.022551","1.232009"
"210","3","4.397021","0.996036","0.022949","1.229814"
"220","3","4.307859","0.996369","0.023343","1.227711"
"230","3","4.222241","0.996675","0.023733","1.225695"
"240","3","4.139961","0.996959","0.02412","1.22376"
"250","3","4.060825","0.997221","0.024504","1.221902"
"-50","4","11.892326","0.92734","0.011314","1.404055"
"-40","4","11.382254","0.938012","0.011807","1.382116"
"-30","4","10.914137","0.946396","0.012298","1.364502"
"-20","4","10.483004","0.953187","0.012788","1.34986"
"-10","4","10.084638","0.958806","0.013275","1.337403"
"0","4","9.71544","0.963529","0.013759","1.326617"
"10","4","9.37232","0.967547","0.01424","1.317153"
"20","4","9.05261","0.970998","0.014718","1.308753"
"30","4","8.753991","0.973986","0.015191","1.30123"
"40","4","8.474445","0.97659","0.01566","1.294436"
"50","4","8.2122","0.978875","0.016124","1.288259"
"60","4","7.965699","0.980889","0.016585","1.282606"
"70","4","7.733564","0.982672","0.01704","1.277405"
"80","4","7.514576","0.984259","0.017492","1.272597"
"90","4","7.307648","0.985675","0.017938","1.268132"
"100","4","7.111812","0.986945","0.01838","1.26397"
"110","4","6.926197","0.988086","0.018818","1.260075"
"120","4","6.750025","0.989115","0.019251","1.256419"
"130","4","6.582593","0.990046","0.01968","1.252979"
"140","4","6.423266","0.990889","0.020104","1.249732"
"150","4","6.27147","0.991656","0.020525","1.24666"
"160","4","6.126682","0.992355","0.020941","1.243749"
"170","4","5.988429","0.992992","0.021353","1.240985"
"180","4","5.856278","0.993576","0.021761","1.238355"
"190","4","5.729834","0.99411","0.022166","1.23585"
"200","4","5.608734","0.994601","0.022567","1.23346"
"210","4","5.492647","0.995052","0.022964","1.231177"
"220","4","5.381268","0.995468","0.023357","1.228994"
"230","4","5.274317","0.995851","0.023747","1.226904"
"240","4","5.171534","0.996205","0.024134","1.224901"
"250","4","5.07268","0.996532","0.024517","1.22298"
"-50","5","14.264505","0.910944","0.011362","1.428891"
"-40","5","13.652688","0.924467","0.011851","1.401325"
"-30","5","13.091196","0.934929","0.012339","1.379987"
"-20","5","12.574064","0.943319","0.012826","1.362684"
"-10","5","12.096235","0.950215","0.013311","1.348229"
"0","5","11.653393","0.955984","0.013793","1.335894"
"10","5","11.24183","0.960875","0.014272","1.325196"
"20","5","10.858346","0.965065","0.014748","1.315796"
"30","5","10.500162","0.968686","0.01522","1.307449"
"40","5","10.164855","0.971838","0.015687","1.299967"
"50","5","9.850299","0.974598","0.016151","1.293208"
"60","5","9.554628","0.977029","0.01661","1.287059"
"70","5","9.276189","0.97918","0.017065","1.281433"
"80","5","9.013519","0.981092","0.017515","1.276255"
"90","5","8.765315","0.982799","0.01796","1.271468"
"100","5","8.530415","0.984327","0.018402","1.267022"
"110","5","8.307776","0.9857","0.018839","1.262878"
"120","5","8.096462","0.986938","0.019271","1.259001"
"130","5","7.895632","0.988057","0.019699","1.255363"
"140","5","7.704524","0.989071","0.020123","1.25194"
"150","5","7.522449","0.989992","0.020543","1.24871"
"160","5","7.34878","0.990831","0.020958","1.245657"
"170","5","7.18295","0.991597","0.02137","1.242763"
"180","5","7.024438","0.992297","0.021778","1.240017"
"190","5","6.872772","0.992939","0.022182","1.237405"
"200","5","6.727516","0.993528","0.022582","1.234918"
"210","5","6.588273","0.994069","0.022979","1.232546"
"220","5","6.454677","0.994568","0.023372","1.230281"
"230","5","6.326392","0.995028","0.023761","1.228117"
"240","5","6.203107","0.995452","0.024148","1.226045"
"250","5","6.084534","0.995845","0.024531","1.22406"
"-40","6","15.923122","0.910437","0.011896","1.422547"
"-30","6","15.268254","0.923158","0.012381","1.396738"
"-20","6","14.665123","0.93325","0.012865","1.376358"
"-10","6","14.107832","0.941485","0.013348","1.359653"
"0","6","13.591345","0.94834","0.013828","1.345604"
"10","6","13.11134","0.954131","0.014305","1.333563"
"20","6","12.664083","0.95908","0.014779","1.323085"
"30","6","12.246333","0.963347","0.015249","1.313857"
"40","6","11.855264","0.967056","0.015715","1.305646"
"50","6","11.488398","0.9703","0.016177","1.298274"
"60","6","11.143557","0.973153","0.016635","1.291607"
"70","6","10.818814","0.975676","0.017089","1.285536"
"80","6","10.512462","0.977917","0.017538","1.279974"
"90","6","10.222982","0.979916","0.017983","1.274854"
"100","6","9.949018","0.981704","0.018423","1.270116"
"110","6","9.689354","0.983311","0.018859","1.265715"
"120","6","9.442899","0.984759","0.019291","1.261612"
"130","6","9.208671","0.986067","0.019719","1.257772"
"140","6","8.985782","0.987252","0.020142","1.254168"
"150","6","8.773428","0.988328","0.020561","1.250777"
"160","6","8.570878","0.989308","0.020976","1.247578"
"170","6","8.37747","0.990202","0.021387","1.244553"
"180","6","8.192598","0.99102","0.021794","1.241688"
"190","6","8.01571","0.991769","0.022198","1.238968"
"200","6","7.846298","0.992456","0.022598","1.236383"
"210","6","7.683899","0.993088","0.022994","1.233921"
"220","6","7.528087","0.99367","0.023387","1.231574"
"230","6","7.378467","0.994206","0.023776","1.229334"
"240","6","7.23468","0.994701","0.024162","1.227193"
"250","6","7.096389","0.995159","0.024545","1.225144"
"-40","7","18.193556","0.895871","0.011944","1.446173"
"-30","7","17.445312","0.911056","0.012424","1.414936"
"-20","7","16.756183","0.922964","0.012905","1.390979"
"-10","7","16.119429","0.932608","0.013385","1.37173"
"0","7","15.529298","0.940593","0.013863","1.355782"
"10","7","14.98085","0.947314","0.014338","1.342273"
"20","7","14.46982","0.95304","0.01481","1.330633"
"30","7","13.992504","0.957969","0.015279","1.320464"
"40","7","13.545673","0.962244","0.015744","1.311479"
"50","7","13.126497","0.965979","0.016204","1.303463"
"60","7","12.732486","0.969261","0.016661","1.296251"
"70","7","12.361438","0.97216","0.017114","1.289716"
"80","7","12.011405","0.974733","0.017562","1.283757"
"90","7","11.680649","0.977026","0.018006","1.278291"
"100","7","11.367621","0.979077","0.018445","1.273253"
"110","7","11.070932","0.980919","0.01888","1.268588"
"120","7","10.789336","0.982577","0.019311","1.264251"
"130","7","10.521711","0.984075","0.019738","1.260204"
"140","7","10.26704","0.985432","0.020161","1.256417"
"150","7","10.024407","0.986664","0.020579","1.252861"
"160","7","9.792976","0.987786","0.020994","1.249514"
"170","7","9.571991","0.988809","0.021404","1.246355"
"180","7","9.360758","0.989744","0.021811","1.243369"
"190","7","9.158648","0.9906","0.022214","1.24054"
"200","7","8.96508","0.991386","0.022613","1.237855"
"210","7","8.779525","0.992108","0.023009","1.235302"
"220","7","8.601496","0.992773","0.023401","1.232872"
"230","7","8.430543","0.993386","0.02379","1.230555"
"240","7","8.266253","0.993952","0.024176","1.228344"
"250","7","8.108244","0.994475","0.024558","1.226231"
"-40","8","20.46399","0.880702","0.011993","1.47271"
"-30","8","19.62237","0.898593","0.012469","1.434802"
"-20","8","18.847242","0.912448","0.012947","1.406656"
"-10","8","18.131025","0.923575","0.013424","1.38452"
"0","8","17.46725","0.932738","0.013899","1.366464"
"10","8","16.85036","0.940419","0.014372","1.351351"
"20","8","16.275556","0.946945","0.014842","1.338454"
"30","8","15.738675","0.952548","0.015309","1.327279"
"40","8","15.236083","0.957402","0.015772","1.317473"
"50","8","14.764596","0.961635","0.016232","1.308777"
"60","8","14.321415","0.965351","0.016687","1.300995"
"70","8","13.904063","0.968631","0.017139","1.293977"
"80","8","13.510348","0.971539","0.017586","1.287603"
"90","8","13.138316","0.97413","0.018029","1.28178"
"100","8","12.786224","0.976445","0.018467","1.276432"
"110","8","12.45251","0.978523","0.018902","1.271495"
"120","8","12.135773","0.980394","0.019332","1.266919"
"130","8","11.83475","0.982083","0.019758","1.262661"
"140","8","11.548298","0.983612","0.02018","1.258685"
"150","8","11.275385","0.985001","0.020598","1.254961"
"160","8","11.015074","0.986264","0.021012","1.251463"
"170","8","10.766511","0.987416","0.021422","1.248169"
"180","8","10.528918","0.988469","0.021828","1.245061"
"190","8","10.301586","0.989433","0.02223","1.24212"
"200","8","10.083862","0.990317","0.022629","1.239334"
"210","8","9.875151","0.99113","0.023024","1.236689"
"220","8","9.674905","0.991878","0.023416","1.234175"
"230","8","9.482618","0.992568","0.023805","1.231781"
"240","8","9.297826","0.993204","0.02419","1.229499"
"250","8","9.120098","0.993793","0.024572","1.227321"
"-30","9","21.799429","0.885737","0.012516","1.456611"
"-20","9","20.938302","0.901683","0.012989","1.423522"
"-10","9","20.142622","0.914378","0.013463","1.398095"
"0","9","19.405202","0.924769","0.013936","1.377688"
"10","9","18.719869","0.933444","0.014407","1.360819"
"20","9","18.081293","0.940791","0.014875","1.346564"
"30","9","17.484846","0.947086","0.01534","1.334312"
"40","9","16.926492","0.952528","0.015802","1.323634"
"50","9","16.402695","0.957268","0.01626","1.314221"
"60","9","15.910344","0.961425","0.016714","1.305842"
"70","9","15.446688","0.965089","0.017164","1.298319"
"80","9","15.009291","0.968336","0.01761","1.291516"
"90","9","14.595983","0.971226","0.018052","1.285323"
"100","9","14.204827","0.973809","0.01849","1.279655"
"110","9","13.834089","0.976125","0.018923","1.274438"
"120","9","13.48221","0.978209","0.019353","1.269617"
"130","9","13.147789","0.98009","0.019778","1.265142"
"140","9","12.829556","0.981792","0.020199","1.260974"
"150","9","12.526364","0.983337","0.020616","1.257079"
"160","9","12.237172","0.984742","0.02103","1.253427"
"170","9","11.961031","0.986024","0.021439","1.249995"
"180","9","11.697078","0.987194","0.021845","1.246762"
"190","9","11.444523","0.988266","0.022247","1.243709"
"200","9","11.202644","0.98925","0.022645","1.24082"
"210","9","10.970777","0.990153","0.02304","1.238083"
"220","9","10.748314","0.990984","0.023431","1.235483"
"230","9","10.534694","0.99175","0.023819","1.233012"
"240","9","10.329399","0.992458","0.024204","1.230658"
"250","9","10.131953","0.993112","0.024586","1.228414"
"-30","10","23.976487","0.872445","0.012564","1.480703"
"-20","10","23.029361","0.890652","0.013033","1.441732"
"-10","10","22.154219","0.905007","0.013504","1.412533"
"0","10","21.343155","0.916682","0.013973","1.389502"
"10","10","20.589379","0.926385","0.014442","1.370704"
"20","10","19.88703","0.934578","0.014908","1.354979"
"30","10","19.231017","0.94158","0.015371","1.341573"
"40","10","18.616902","0.947622","0.015831","1.32997"
"50","10","18.040795","0.952878","0.016288","1.319801"
"60","10","17.499273","0.95748","0.016741","1.310795"
"70","10","16.989313","0.961535","0.01719","1.302746"
"80","10","16.508234","0.965124","0.017635","1.295496"
"90","10","16.053649","0.968316","0.018076","1.288921"
"100","10","15.62343","0.971167","0.018512","1.282922"
"110","10","15.215667","0.973723","0.018945","1.277418"
"120","10","14.828647","0.976021","0.019374","1.272345"
"130","10","14.460828","0.978095","0.019798","1.267648"
"140","10","14.110814","0.979971","0.020219","1.263284"
"150","10","13.777343","0.981673","0.020635","1.259213"
"160","10","13.45927","0.983221","0.021048","1.255405"
"170","10","13.155552","0.984632","0.021457","1.251833"
"180","10","12.865238","0.985921","0.021862","1.248474"
"190","10","12.587461","0.987101","0.022263","1.245306"
"200","10","12.321426","0.988183","0.022661","1.242314"
"210","10","12.066403","0.989177","0.023055","1.239482"
"220","10","11.821723","0.990092","0.023446","1.236796"
"230","10","11.586769","0.990935","0.023834","1.234246"
"240","10","11.360972","0.991713","0.024219","1.23182"
"250","10","11.143807","0.992432","0.0246","1.22951"
