"1.01","Argon","Ar","14/05/2015"
"-100","0","2.811619","0.995413","0.014023","1.677008"
"-90","0","2.658104","0.99614","0.014768","1.675721"
"-80","0","2.520486","0.996734","0.015502","1.674656"
"-70","0","2.396416","0.997224","0.016225","1.673763"
"-60","0","2.283987","0.997632","0.016938","1.673009"
"-50","0","2.181635","0.997974","0.017641","1.672365"
"-40","0","2.088063","0.998264","0.018334","1.671812"
"-30","0","2.002187","0.99851","0.019018","1.671333"
"-20","0","1.923096","0.998721","0.019693","1.670916"
"-10","0","1.850016","0.998903","0.020359","1.670551"
"0","0","1.782287","0.99906","0.021017","1.670229"
"10","0","1.719342","0.999197","0.021666","1.669944"
"20","0","1.660692","0.999316","0.022307","1.66969"
"30","0","1.605911","0.999421","0.02294","1.669464"
"40","0","1.554628","0.999513","0.023565","1.669261"
"50","0","1.50652","0.999594","0.024183","1.669078"
"60","0","1.461299","0.999665","0.024793","1.668913"
"70","0","1.418714","0.999729","0.025397","1.668763"
"80","0","1.378541","0.999786","0.025994","1.668628"
"90","0","1.340581","0.999836","0.026584","1.668504"
"100","0","1.304655","0.999881","0.027167","1.668391"
"110","0","1.270604","0.999921","0.027745","1.668287"
"120","0","1.238285","0.999957","0.028316","1.668192"
"130","0","1.20757","0.999989","0.028881","1.668105"
"140","0","1.178342","1.000018","0.029441","1.668024"
"150","0","1.150495","1.000044","0.029994","1.667949"
"160","0","1.123934","1.000068","0.030543","1.667881"
"170","0","1.098571","1.000089","0.031086","1.667817"
"180","0","1.074328","1.000108","0.031624","1.667757"
"190","0","1.051132","1.000126","0.032156","1.667702"
"200","0","1.028916","1.000141","0.032684","1.667651"
"210","0","1.00762","1.000155","0.033207","1.667603"
"220","0","0.987188","1.000168","0.033725","1.667558"
"230","0","0.967568","1.000179","0.034239","1.667516"
"240","0","0.948713","1.00019","0.034748","1.667476"
"250","0","0.930578","1.000199","0.035253","1.667439"
"260","0","0.913124","1.000208","0.035753","1.667405"
"270","0","0.896312","1.000215","0.03625","1.667372"
"280","0","0.880108","1.000222","0.036742","1.667341"
"290","0","0.86448","1.000228","0.03723","1.667313"
"300","0","0.849397","1.000234","0.037715","1.667285"
"310","0","0.834831","1.000239","0.038195","1.66726"
"320","0","0.820757","1.000243","0.038672","1.667235"
"330","0","0.807149","1.000247","0.039145","1.667212"
"340","0","0.793985","1.000251","0.039615","1.66719"
"350","0","0.781243","1.000254","0.040081","1.66717"
"360","0","0.768904","1.000257","0.040544","1.66715"
"370","0","0.756949","1.000259","0.041004","1.667131"
"380","0","0.74536","1.000261","0.04146","1.667114"
"390","0","0.73412","1.000263","0.041913","1.667097"
"400","0","0.723214","1.000265","0.042363","1.667081"
"410","0","0.712628","1.000266","0.04281","1.667066"
"420","0","0.702347","1.000267","0.043254","1.667051"
"430","0","0.692358","1.000268","0.043694","1.667037"
"440","0","0.68265","1.000269","0.044133","1.667024"
"450","0","0.67321","1.00027","0.044568","1.667012"
"460","0","0.664028","1.00027","0.045","1.667"
"470","0","0.655092","1.000271","0.04543","1.666988"
"480","0","0.646394","1.000271","0.045857","1.666977"
"490","0","0.637924","1.000271","0.046282","1.666967"
"500","0","0.629673","1.000271","0.046704","1.666956"
"-100","10","30.560141","0.948794","0.014368","1.79367"
"-90","10","28.891556","0.957238","0.01509","1.775448"
"-80","10","27.395746","0.964031","0.015804","1.761004"
"-70","10","26.047199","0.969573","0.01651","1.749319"
"-60","10","24.825186","0.974146","0.017207","1.739711"
"-50","10","23.712697","0.977957","0.017896","1.7317"
"-40","10","22.69564","0.981161","0.018576","1.724943"
"-30","10","21.762239","0.983876","0.019249","1.719184"
"-20","10","20.902581","0.986192","0.019913","1.714232"
"-10","10","20.108259","0.988179","0.020569","1.709941"
"0","10","19.372097","0.989894","0.021217","1.706197"
"10","10","18.687934","0.991381","0.021858","1.70291"
"20","10","18.050447","0.992675","0.022491","1.700007"
"30","10","17.455017","0.993808","0.023116","1.69743"
"40","10","16.897616","0.994801","0.023735","1.695132"
"50","10","16.374713","0.995676","0.024347","1.693074"
"60","10","15.883201","0.996449","0.024951","1.691223"
"70","10","15.420336","0.997133","0.025549","1.689553"
"80","10","14.983685","0.997741","0.026141","1.688041"
"90","10","14.571082","0.998282","0.026726","1.686667"
"100","10","14.180593","0.998764","0.027305","1.685416"
"110","10","13.810488","0.999195","0.027878","1.684272"
"120","10","13.45921","0.999581","0.028445","1.683225"
"130","10","13.125359","0.999926","0.029006","1.682263"
"140","10","12.807669","1.000237","0.029562","1.681378"
"150","10","12.504994","1.000516","0.030112","1.680562"
"160","10","12.216296","1.000767","0.030657","1.679807"
"170","10","11.940626","1.000993","0.031197","1.679109"
"180","10","11.677123","1.001196","0.031732","1.678461"
"190","10","11.424999","1.00138","0.032262","1.677859"
"200","10","11.183533","1.001546","0.032787","1.677298"
"210","10","10.952061","1.001695","0.033307","1.676776"
"220","10","10.729978","1.00183","0.033823","1.676288"
"230","10","10.516721","1.001952","0.034334","1.675832"
"240","10","10.311777","1.002062","0.034841","1.675404"
"250","10","10.114668","1.002162","0.035343","1.675004"
"260","10","9.924952","1.002251","0.035842","1.674628"
"270","10","9.742223","1.002332","0.036336","1.674275"
"280","10","9.5661","1.002404","0.036826","1.673943"
"290","10","9.396233","1.00247","0.037313","1.67363"
"300","10","9.232292","1.002528","0.037795","1.673334"
"310","10","9.073975","1.002581","0.038274","1.673056"
"320","10","8.920995","1.002628","0.038749","1.672792"
"330","10","8.773089","1.00267","0.039221","1.672544"
"340","10","8.630006","1.002707","0.039689","1.672308"
"350","10","8.491516","1.00274","0.040154","1.672085"
"360","10","8.357401","1.00277","0.040615","1.671873"
"370","10","8.227456","1.002795","0.041073","1.671672"
"380","10","8.10149","1.002818","0.041528","1.671481"
"390","10","7.979324","1.002837","0.04198","1.6713"
"400","10","7.860786","1.002853","0.042429","1.671127"
"410","10","7.74572","1.002868","0.042874","1.670963"
"420","10","7.633973","1.002879","0.043317","1.670806"
"430","10","7.525405","1.002889","0.043757","1.670657"
"440","10","7.419881","1.002897","0.044194","1.670515"
"450","10","7.317276","1.002903","0.044628","1.670379"
"460","10","7.21747","1.002907","0.045059","1.67025"
"470","10","7.12035","1.002909","0.045488","1.670126"
"480","10","7.025809","1.002911","0.045914","1.670007"
"490","10","6.933746","1.002911","0.046338","1.669894"
"500","10","6.844064","1.002909","0.046759","1.669785"
"-100","20","58.308663","0.899511","0.014824","1.944762"
"-90","20","55.125007","0.91685","0.015504","1.89815"
"-80","20","52.271007","0.930549","0.016184","1.863215"
"-70","20","49.697982","0.941574","0.016861","1.836115"
"-60","20","47.366385","0.95058","0.017534","1.814536"
"-50","20","45.24376","0.958027","0.018201","1.796996"
"-40","20","43.303217","0.964248","0.018863","1.782499"
"-30","20","41.522291","0.969492","0.019519","1.770349"
"-20","20","39.882066","0.973946","0.020168","1.760047"
"-10","20","38.366502","0.977755","0.020811","1.751222"
"0","20","36.961907","0.981032","0.021447","1.743597"
"10","20","35.656525","0.983865","0.022077","1.736957"
"20","20","34.440201","0.986328","0.0227","1.731136"
"30","20","33.304123","0.988477","0.023317","1.726001"
"40","20","32.240603","0.99036","0.023927","1.721447"
"50","20","31.242906","0.992016","0.02453","1.717388"
"60","20","30.305103","0.993476","0.025128","1.713753"
"70","20","29.421958","0.994768","0.025719","1.710484"
"80","20","28.588829","0.995914","0.026304","1.707534"
"90","20","27.801583","0.996932","0.026884","1.704862"
"100","20","27.056532","0.99784","0.027457","1.702434"
"110","20","26.350372","0.99865","0.028025","1.700221"
"120","20","25.680135","0.999374","0.028587","1.698198"
"130","20","25.043148","1.000023","0.029144","1.696344"
"140","20","24.436996","1.000605","0.029695","1.694641"
"150","20","23.859494","1.001128","0.030241","1.693073"
"160","20","23.308657","1.001598","0.030783","1.691625"
"170","20","22.782681","1.002021","0.031319","1.690287"
"180","20","22.279918","1.002402","0.03185","1.689046"
"190","20","21.798866","1.002745","0.032376","1.687895"
"200","20","21.338149","1.003055","0.032898","1.686825"
"210","20","20.896502","1.003334","0.033416","1.685827"
"220","20","20.472767","1.003586","0.033928","1.684897"
"230","20","20.065875","1.003813","0.034437","1.684028"
"240","20","19.674842","1.004017","0.034941","1.683215"
"250","20","19.298757","1.004202","0.035441","1.682453"
"260","20","18.936781","1.004368","0.035937","1.681738"
"270","20","18.588134","1.004518","0.036429","1.681066"
"280","20","18.252093","1.004653","0.036917","1.680435"
"290","20","17.927985","1.004774","0.037402","1.67984"
"300","20","17.615188","1.004882","0.037882","1.67928"
"310","20","17.313118","1.004979","0.038359","1.678751"
"320","20","17.021234","1.005066","0.038832","1.678252"
"330","20","16.739028","1.005143","0.039302","1.67778"
"340","20","16.466028","1.005211","0.039769","1.677333"
"350","20","16.201789","1.005272","0.040232","1.67691"
"360","20","15.945897","1.005325","0.040691","1.676508"
"370","20","15.697963","1.005372","0.041148","1.676128"
"380","20","15.457621","1.005412","0.041601","1.675766"
"390","20","15.224527","1.005447","0.042052","1.675423"
"400","20","14.998358","1.005477","0.042499","1.675096"
"410","20","14.778811","1.005502","0.042943","1.674785"
"420","20","14.565599","1.005523","0.043385","1.674489"
"430","20","14.358451","1.00554","0.043823","1.674207"
"440","20","14.157113","1.005553","0.044259","1.673938"
"450","20","13.961343","1.005563","0.044692","1.673681"
"460","20","13.770913","1.005569","0.045122","1.673436"
"470","20","13.585609","1.005573","0.04555","1.673202"
"480","20","13.405225","1.005574","0.045975","1.672978"
"490","20","13.229568","1.005573","0.046397","1.672763"
"500","20","13.058456","1.00557","0.046817","1.672558"
"-100","30","86.057185","0.847076","0.015431","2.146817"
"-90","30","81.358458","0.874864","0.016035","2.051503"
"-80","30","77.146267","0.896313","0.016658","1.985043"
"-70","30","73.348765","0.913302","0.01729","1.936023"
"-60","30","69.907584","0.927018","0.017926","1.898409"
"-50","30","66.774822","0.938262","0.018563","1.868683"
"-40","30","63.910794","0.947593","0.019199","1.84465"
"-30","30","61.282342","0.955417","0.019833","1.82486"
"-20","30","58.861551","0.962033","0.020463","1.808318"
"-10","30","56.624745","0.967671","0.021088","1.794316"
"0","30","54.551717","0.972506","0.021709","1.782337"
"10","30","52.625116","0.976678","0.022325","1.771993"
"20","30","50.829956","0.980296","0.022935","1.762988"
"30","30","49.15323","0.983447","0.02354","1.755094"
"40","30","47.583591","0.986204","0.02414","1.748129"
"50","30","46.111099","0.988624","0.024734","1.74195"
"60","30","44.727005","0.990756","0.025323","1.736439"
"70","30","43.42358","0.99264","0.025906","1.731502"
"80","30","42.193973","0.994309","0.026484","1.727059"
"90","30","41.032085","0.995792","0.027056","1.723047"
"100","30","39.932471","0.997111","0.027623","1.71941"
"110","30","38.890256","0.998288","0.028185","1.716102"
"120","30","37.90106","0.99934","0.028742","1.713085"
"130","30","36.960937","1.000282","0.029293","1.710324"
"140","30","36.066324","1.001125","0.02984","1.707792"
"150","30","35.213994","1.001883","0.030381","1.705464"
"160","30","34.401019","1.002563","0.030918","1.703319"
"170","30","33.624736","1.003175","0.03145","1.701337"
"180","30","32.882713","1.003725","0.031977","1.699502"
"190","30","32.172734","1.004221","0.0325","1.697801"
"200","30","31.492765","1.004668","0.033018","1.696221"
"210","30","30.840943","1.00507","0.033532","1.69475"
"220","30","30.215556","1.005433","0.034042","1.693378"
"230","30","29.615028","1.00576","0.034547","1.692098"
"240","30","29.037906","1.006054","0.035048","1.690901"
"250","30","28.482847","1.00632","0.035546","1.68978"
"260","30","27.94861","1.006558","0.036039","1.688729"
"270","30","27.434045","1.006773","0.036528","1.687742"
"280","30","26.938085","1.006966","0.037014","1.686815"
"290","30","26.459738","1.007139","0.037496","1.685942"
"300","30","25.998083","1.007294","0.037974","1.68512"
"310","30","25.552262","1.007432","0.038449","1.684344"
"320","30","25.121473","1.007556","0.03892","1.683611"
"330","30","24.704968","1.007665","0.039388","1.682919"
"340","30","24.302049","1.007762","0.039853","1.682264"
"350","30","23.912062","1.007848","0.040314","1.681644"
"360","30","23.534394","1.007923","0.040772","1.681056"
"370","30","23.16847","1.007989","0.041227","1.680499"
"380","30","22.813751","1.008045","0.041679","1.679969"
"390","30","22.46973","1.008094","0.042127","1.679466"
"400","30","22.13593","1.008135","0.042573","1.678988"
"410","30","21.811903","1.00817","0.043016","1.678533"
"420","30","21.497225","1.008198","0.043456","1.6781"
"430","30","21.191498","1.00822","0.043893","1.677687"
"440","30","20.894344","1.008238","0.044327","1.677293"
"450","30","20.605409","1.00825","0.044759","1.676917"
"460","30","20.324356","1.008258","0.045188","1.676559"
"470","30","20.050867","1.008262","0.045615","1.676216"
"480","30","19.78464","1.008262","0.046039","1.675888"
"490","30","19.52539","1.008258","0.04646","1.675575"
"500","30","19.272847","1.008252","0.046879","1.675275"
"-100","40","113.805707","0.790913","0.016244","2.427321"
"-90","40","107.591909","0.831215","0.016714","2.246083"
"-80","40","102.021528","0.861407","0.017244","2.130959"
"-70","40","96.999548","0.884873","0.017809","2.051001"
"-60","40","92.448783","0.903576","0.018392","1.992162"
"-50","40","88.305885","0.918764","0.018987","1.94707"
"-40","40","84.518371","0.931281","0.019588","1.911454"
"-30","40","81.042394","0.941718","0.020192","1.882658"
"-20","40","77.841035","0.950507","0.020797","1.858937"
"-10","40","74.882987","0.957971","0.021401","1.839097"
"0","40","72.141527","0.964354","0.022002","1.822289"
"10","40","69.593707","0.969848","0.022601","1.807895"
"20","40","67.219711","0.974602","0.023197","1.795452"
"30","40","65.002336","0.978736","0.023788","1.784609"
"40","40","62.926579","0.982347","0.024376","1.775092"
"50","40","60.979292","0.985513","0.024959","1.766685"
"60","40","59.148906","0.988299","0.025537","1.759216"
"70","40","57.425202","0.990757","0.026111","1.752548"
"80","40","55.799117","0.992934","0.02668","1.746566"
"90","40","54.262586","0.994865","0.027244","1.741178"
"100","40","52.80841","0.996582","0.027804","1.736305"
"110","40","51.43014","0.998113","0.028359","1.731882"
"120","40","50.121984","0.99948","0.028909","1.727856"
"130","40","48.878725","1.000703","0.029454","1.724178"
"140","40","47.695651","1.001798","0.029995","1.72081"
"150","40","46.568494","1.00278","0.030531","1.717718"
"160","40","45.493381","1.003661","0.031063","1.714871"
"170","40","44.46679","1.004454","0.03159","1.712244"
"180","40","43.485508","1.005166","0.032113","1.709816"
"190","40","42.546601","1.005807","0.032632","1.707566"
"200","40","41.647381","1.006384","0.033146","1.705477"
"210","40","40.785384","1.006904","0.033656","1.703535"
"220","40","39.958346","1.007372","0.034162","1.701725"
"230","40","39.164182","1.007793","0.034664","1.700037"
"240","40","38.400971","1.008173","0.035163","1.698459"
"250","40","37.666937","1.008514","0.035657","1.696983"
"260","40","36.960439","1.008821","0.036147","1.695599"
"270","40","36.279956","1.009097","0.036634","1.6943"
"280","40","35.624077","1.009344","0.037117","1.69308"
"290","40","34.991491","1.009565","0.037596","1.691932"
"300","40","34.380979","1.009763","0.038072","1.690851"
"310","40","33.791406","1.00994","0.038545","1.689832"
"320","40","33.221711","1.010097","0.039014","1.68887"
"330","40","32.670908","1.010237","0.039479","1.687961"
"340","40","32.138071","1.01036","0.039942","1.687101"
"350","40","31.622335","1.010468","0.040401","1.686287"
"360","40","31.122891","1.010563","0.040857","1.685515"
"370","40","30.638977","1.010645","0.04131","1.684784"
"380","40","30.169882","1.010716","0.04176","1.684089"
"390","40","29.714933","1.010777","0.042207","1.68343"
"400","40","29.273502","1.010827","0.042651","1.682803"
"410","40","28.844995","1.01087","0.043092","1.682206"
"420","40","28.428851","1.010904","0.043531","1.681638"
"430","40","28.024544","1.01093","0.043967","1.681097"
"440","40","27.631576","1.01095","0.0444","1.680581"
"450","40","27.249475","1.010964","0.04483","1.680088"
"460","40","26.877799","1.010971","0.045258","1.679618"
"470","40","26.516125","1.010974","0.045683","1.679169"
"480","40","26.164055","1.010972","0.046105","1.67874"
"490","40","25.821212","1.010965","0.046526","1.678329"
"500","40","25.487238","1.010954","0.046943","1.677936"
"-100","50","141.554229","0.730433","0.017347","2.833102"
"-90","50","133.82536","0.785957","0.017578","2.495984"
"-80","50","126.896789","0.826008","0.017964","2.305922"
"-70","50","120.650331","0.856466","0.018429","2.182862"
"-60","50","114.989982","0.880404","0.018939","2.096397"
"-50","50","109.836947","0.899655","0.019478","2.032261"
"-40","50","105.125948","0.915407","0.020033","1.982814"
"-30","50","100.802446","0.928472","0.0206","1.943571"
"-20","50","96.82052","0.939429","0.021173","1.911715"
"-10","50","93.14123","0.948701","0.02175","1.885381"
"0","50","89.731337","0.95661","0.022329","1.863287"
"10","50","86.562298","0.963402","0.022907","1.844517"
"20","50","83.609465","0.969268","0.023485","1.8284"
"30","50","80.851442","0.974361","0.02406","1.814435"
"40","50","78.269566","0.978803","0.024633","1.802238"
"50","50","75.847485","0.982693","0.025203","1.79151"
"60","50","73.570808","0.986111","0.02577","1.782014"
"70","50","71.426824","0.989126","0.026333","1.773563"
"80","50","69.404261","0.991792","0.026892","1.766003"
"90","50","67.493087","0.994155","0.027447","1.75921"
"100","50","65.684349","0.996256","0.027999","1.75308"
"110","50","63.970024","0.998127","0.028546","1.747529"
"120","50","62.342909","0.999796","0.029089","1.742483"
"130","50","60.796514","1.001288","0.029627","1.737882"
"140","50","59.324978","1.002623","0.030162","1.733674"
"150","50","57.922994","1.00382","0.030692","1.729815"
"160","50","56.585743","1.004893","0.031218","1.726266"
"170","50","55.308845","1.005857","0.031741","1.722996"
"180","50","54.088303","1.006724","0.032259","1.719975"
"190","50","52.920468","1.007503","0.032773","1.717179"
"200","50","51.801997","1.008204","0.033282","1.714585"
"210","50","50.729825","1.008835","0.033789","1.712175"
"220","50","49.701135","1.009402","0.034291","1.709931"
"230","50","48.713335","1.009913","0.034789","1.707838"
"240","50","47.764035","1.010372","0.035284","1.705884"
"250","50","46.851027","1.010784","0.035775","1.704056"
"260","50","45.972268","1.011155","0.036262","1.702343"
"270","50","45.125867","1.011488","0.036745","1.700737"
"280","50","44.310069","1.011785","0.037226","1.699228"
"290","50","43.523244","1.012052","0.037702","1.697809"
"300","50","42.763875","1.01229","0.038175","1.696473"
"310","50","42.030549","1.012502","0.038645","1.695214"
"320","50","41.32195","1.01269","0.039112","1.694026"
"330","50","40.636848","1.012856","0.039575","1.692903"
"340","50","39.974092","1.013003","0.040035","1.691842"
"350","50","39.332608","1.013132","0.040493","1.690837"
"360","50","38.711387","1.013244","0.040947","1.689885"
"370","50","38.109484","1.013341","0.041398","1.688983"
"380","50","37.526012","1.013424","0.041846","1.688127"
"390","50","36.960137","1.013494","0.042291","1.687313"
"400","50","36.411074","1.013553","0.042733","1.68654"
"410","50","35.878086","1.013601","0.043173","1.685804"
"420","50","35.360477","1.01364","0.04361","1.685104"
"430","50","34.85759","1.013669","0.044044","1.684437"
"440","50","34.368807","1.01369","0.044475","1.6838"
"450","50","33.893542","1.013704","0.044904","1.683194"
"460","50","33.431242","1.01371","0.04533","1.682614"
"470","50","32.981383","1.01371","0.045754","1.682061"
"480","50","32.54347","1.013705","0.046175","1.681532"
"490","50","32.117034","1.013693","0.046594","1.681026"
"500","50","31.701629","1.013677","0.047011","1.680542"
"-100","60","169.302751","0.665369","0.01887","3.440391"
"-90","60","160.058811","0.739405","0.018675","2.817999"
"-80","60","151.772049","0.790439","0.018837","2.514557"
"-70","60","144.301114","0.828339","0.019162","2.332845"
"-60","60","137.531181","0.857698","0.019574","2.211268"
"-50","60","131.368009","0.881082","0.020038","2.124058"
"-40","60","125.733525","0.900084","0.020537","2.058433"
"-30","60","120.562498","0.915763","0.021057","2.007296"
"-20","60","115.800005","0.928861","0.021592","1.966373"
"-10","60","111.399473","0.939911","0.022137","1.932927"
"0","60","107.321147","0.949313","0.022688","1.905123"
"10","60","103.530889","0.95737","0.023243","1.881682"
"20","60","99.99922","0.964317","0.023799","1.861684"
"30","60","96.700549","0.970339","0.024356","1.844449"
"40","60","93.612554","0.975585","0.024913","1.829464"
"50","60","90.715678","0.980174","0.025468","1.816337"
"60","60","87.99271","0.984203","0.026021","1.804758"
"70","60","85.428446","0.987752","0.026572","1.794483"
"80","60","83.009405","0.990888","0.02712","1.785316"
"90","60","80.723589","0.993667","0.027665","1.777099"
"100","60","78.560288","0.996134","0.028207","1.769699"
"110","60","76.509908","0.99833","0.028746","1.763009"
"120","60","74.563834","1.000288","0.02928","1.756938"
"130","60","72.714303","1.002037","0.029812","1.751411"
"140","60","70.954305","1.003601","0.030339","1.746362"
"150","60","69.277493","1.005002","0.030863","1.741738"
"160","60","67.678105","1.006259","0.031383","1.73749"
"170","60","66.1509","1.007386","0.0319","1.73358"
"180","60","64.691099","1.008399","0.032413","1.72997"
"190","60","63.294335","1.009308","0.032922","1.726631"
"200","60","61.956613","1.010126","0.033427","1.723537"
"210","60","60.674265","1.010861","0.033928","1.720663"
"220","60","59.443924","1.011522","0.034426","1.717989"
"230","60","58.262489","1.012117","0.034921","1.715497"
"240","60","57.1271","1.012651","0.035411","1.713171"
"250","60","56.035117","1.01313","0.035899","1.710996"
"260","60","54.984097","1.01356","0.036383","1.708959"
"270","60","53.971778","1.013945","0.036863","1.70705"
"280","60","52.996061","1.01429","0.03734","1.705257"
"290","60","52.054997","1.014598","0.037814","1.703571"
"300","60","51.14677","1.014873","0.038284","1.701984"
"310","60","50.269693","1.015117","0.038751","1.700489"
"320","60","49.422189","1.015333","0.039215","1.699078"
"330","60","48.602788","1.015524","0.039676","1.697746"
"340","60","47.810114","1.015691","0.040134","1.696487"
"350","60","47.042881","1.015838","0.040589","1.695295"
"360","60","46.299884","1.015965","0.041041","1.694166"
"370","60","45.579991","1.016075","0.041489","1.693096"
"380","60","44.882142","1.016168","0.041936","1.69208"
"390","60","44.20534","1.016247","0.042379","1.691116"
"400","60","43.548646","1.016312","0.042819","1.690199"
"410","60","42.911178","1.016364","0.043257","1.689327"
"420","60","42.292103","1.016405","0.043692","1.688497"
"430","60","41.690637","1.016436","0.044124","1.687707"
"440","60","41.106038","1.016457","0.044554","1.686953"
"450","60","40.537608","1.016469","0.044982","1.686234"
"460","60","39.984684","1.016473","0.045406","1.685548"
"470","60","39.446641","1.01647","0.045829","1.684892"
"480","60","38.922886","1.01646","0.046249","1.684266"
"490","60","38.412856","1.016443","0.046666","1.683667"
"500","60","37.916021","1.016421","0.047081","1.683093"
"-100","70","197.051273","0.597097","0.021039","4.33153"
"-90","70","186.292262","0.692412","0.020061","3.225327"
"-80","70","176.64731","0.755244","0.019887","2.759104"
"-70","70","167.951897","0.800853","0.020017","2.50086"
"-60","70","160.07238","0.835705","0.0203","2.336187"
"-50","70","152.899072","0.863216","0.020672","2.221831"
"-40","70","146.341102","0.885433","0.0211","2.137756"
"-30","70","140.322549","0.903681","0.021564","2.073371"
"-20","70","134.77949","0.918871","0.022054","2.022534"
"-10","70","129.657716","0.931651","0.022561","1.981428"
"0","70","124.910957","0.9425","0.02308","1.94755"
"10","70","120.49948","0.951781","0.023607","1.91919"
"20","70","116.388974","0.959771","0.02414","1.895138"
"30","70","112.549655","0.966688","0.024676","1.874514"
"40","70","108.955542","0.972707","0.025214","1.856659"
"50","70","105.583871","0.977967","0.025752","1.841074"
"60","70","102.414612","0.98258","0.026291","1.827371"
"70","70","99.430068","0.986642","0.026828","1.815245"
"80","70","96.614549","0.990227","0.027364","1.804453"
"90","70","93.95409","0.993402","0.027898","1.794799"
"100","70","91.436226","0.99622","0.028429","1.786122"
"110","70","89.049792","0.998725","0.028958","1.77829"
"120","70","86.784759","1.000958","0.029484","1.771194"
"130","70","84.632092","1.002952","0.030007","1.764742"
"140","70","82.583633","1.004734","0.030528","1.758856"
"150","70","80.631993","1.006328","0.031044","1.75347"
"160","70","78.770467","1.007758","0.031558","1.748528"
"170","70","76.992955","1.009039","0.032068","1.743982"
"180","70","75.293894","1.01019","0.032575","1.739789"
"190","70","73.668202","1.011222","0.033079","1.735914"
"200","70","72.111229","1.01215","0.033579","1.732324"
"210","70","70.618706","1.012984","0.034076","1.728993"
"220","70","69.186714","1.013732","0.034569","1.725895"
"230","70","67.811642","1.014405","0.035059","1.723009"
"240","70","66.490164","1.015008","0.035546","1.720316"
"250","70","65.219206","1.01555","0.036029","1.717799"
"260","70","63.995926","1.016035","0.036509","1.715444"
"270","70","62.817689","1.016469","0.036986","1.713236"
"280","70","61.682053","1.016857","0.03746","1.711163"
"290","70","60.586749","1.017203","0.03793","1.709215"
"300","70","59.529666","1.017511","0.038398","1.707382"
"310","70","58.508836","1.017784","0.038862","1.705655"
"320","70","57.522427","1.018025","0.039323","1.704027"
"330","70","56.568727","1.018238","0.039782","1.702489"
"340","70","55.646135","1.018424","0.040237","1.701035"
"350","70","54.753154","1.018586","0.040689","1.69966"
"360","70","53.88838","1.018727","0.041139","1.698357"
"370","70","53.050498","1.018847","0.041585","1.697122"
"380","70","52.238273","1.018949","0.042029","1.695951"
"390","70","51.450543","1.019033","0.04247","1.694839"
"400","70","50.686218","1.019103","0.042909","1.693782"
"410","70","49.94427","1.019158","0.043345","1.692776"
"420","70","49.223729","1.0192","0.043778","1.691819"
"430","70","48.523683","1.019231","0.044209","1.690908"
"440","70","47.84327","1.01925","0.044637","1.690039"
"450","70","47.181674","1.01926","0.045062","1.68921"
"460","70","46.538127","1.01926","0.045486","1.688419"
"470","70","45.911899","1.019252","0.045906","1.687663"
"480","70","45.302301","1.019237","0.046325","1.686941"
"490","70","44.708678","1.019214","0.046741","1.686251"
"500","70","44.130412","1.019184","0.047155","1.68559"
"-100","80","224.799795","0.532292","0.024256","5.369806"
"-90","80","212.525714","0.646827","0.021809","3.707061"
"-80","80","201.52257","0.721278","0.021131","3.035376"
"-70","80","191.60268","0.774486","0.021","2.684381"
"-60","80","182.613579","0.814722","0.02112","2.469459"
"-50","80","174.430134","0.846256","0.021378","2.324392"
"-40","80","166.948679","0.87159","0.021722","2.219924"
"-30","80","160.082601","0.892321","0.022121","2.141161"
"-20","80","153.758975","0.909526","0.022558","2.079721"
"-10","80","147.915958","0.92397","0.023022","2.030517"
"0","80","142.500767","0.936209","0.023504","1.990281"
"10","80","137.468071","0.946662","0.024","1.956815"
"20","80","132.778729","0.95565","0.024506","1.928585"
"30","80","128.398761","0.963423","0.025019","1.904487"
"40","80","124.298529","0.97018","0.025536","1.883705"
"50","80","120.452064","0.97608","0.026056","1.865625"
"60","80","116.836513","0.981251","0.026578","1.849775"
"70","80","113.43169","0.9858","0.0271","1.835783"
"80","80","110.219693","0.989813","0.027623","1.823358"
"90","80","107.184592","0.993364","0.028144","1.812265"
"100","80","104.312165","0.996514","0.028664","1.802311"
"110","80","101.589676","0.999314","0.029183","1.793341"
"120","80","99.005683","1.001807","0.0297","1.785224"
"130","80","96.549881","1.004032","0.030214","1.777853"
"140","80","94.21296","1.006019","0.030726","1.771136"
"150","80","91.986493","1.007797","0.031235","1.764995"
"160","80","89.862829","1.009389","0.031742","1.759366"
"170","80","87.835009","1.010816","0.032246","1.754191"
"180","80","85.896689","1.012096","0.032746","1.749423"
"190","80","84.042069","1.013245","0.033244","1.745018"
"200","80","82.265845","1.014275","0.033739","1.74094"
"210","80","80.563147","1.015201","0.03423","1.737157"
"220","80","78.929503","1.016031","0.034719","1.733642"
"230","80","77.360796","1.016776","0.035204","1.730368"
"240","80","75.853229","1.017445","0.035687","1.727315"
"250","80","74.403296","1.018043","0.036166","1.724463"
"260","80","73.007755","1.018579","0.036642","1.721794"
"270","80","71.6636","1.019058","0.037115","1.719293"
"280","80","70.368046","1.019486","0.037585","1.716946"
"290","80","69.118502","1.019866","0.038052","1.714741"
"300","80","67.912561","1.020204","0.038517","1.712666"
"310","80","66.74798","1.020503","0.038978","1.710712"
"320","80","65.622666","1.020767","0.039436","1.70887"
"330","80","64.534667","1.020999","0.039892","1.70713"
"340","80","63.482157","1.021201","0.040344","1.705486"
"350","80","62.463427","1.021376","0.040794","1.703931"
"360","80","61.476877","1.021528","0.041241","1.702458"
"370","80","60.521005","1.021656","0.041685","1.701062"
"380","80","59.594403","1.021764","0.042127","1.699738"
"390","80","58.695747","1.021854","0.042566","1.698481"
"400","80","57.82379","1.021926","0.043002","1.697286"
"410","80","56.977361","1.021982","0.043436","1.69615"
"420","80","56.155355","1.022024","0.043867","1.695069"
"430","80","55.35673","1.022053","0.044296","1.694039"
"440","80","54.580501","1.02207","0.044722","1.693058"
"450","80","53.825741","1.022076","0.045146","1.692121"
"460","80","53.09157","1.022071","0.045568","1.691228"
"470","80","52.377157","1.022057","0.045987","1.690374"
"480","80","51.681716","1.022035","0.046404","1.689559"
"490","80","51.0045","1.022005","0.046818","1.688779"
"500","80","50.344803","1.021967","0.047231","1.688033"
"-100","90","252.548317","0.484941","0.028766","5.875451"
"-90","90","238.759165","0.605881","0.024015","4.190981"
"-80","90","226.397831","0.68976","0.022592","3.326945"
"-70","90","215.253463","0.749845","0.022117","2.877135"
"-60","90","205.154778","0.795095","0.022034","2.607929"
"-50","90","195.961197","0.830416","0.022157","2.429892"
"-40","90","187.556256","0.858698","0.022401","2.303748"
"-30","90","179.842653","0.88178","0.022725","2.209855"
"-20","90","172.738459","0.900897","0.023102","2.137355"
"-10","90","166.174201","0.916918","0.023517","2.079771"
"0","90","160.090577","0.930475","0.023959","2.032998"
"10","90","154.436663","0.942041","0.024421","1.994313"
"20","90","149.168484","0.951975","0.024897","1.961833"
"30","90","144.247867","0.96056","0.025384","1.934216"
"40","90","139.641517","0.968016","0.025878","1.910482"
"50","90","135.320257","0.974521","0.026378","1.889894"
"60","90","131.258415","0.98022","0.026882","1.87189"
"70","90","127.433312","0.98523","0.027388","1.856033"
"80","90","123.824837","0.989649","0.027896","1.841979"
"90","90","120.415093","0.993556","0.028404","1.829453"
"100","90","117.188104","0.997019","0.028912","1.81823"
"110","90","114.12956","1.000096","0.02942","1.808131"
"120","90","111.226608","1.002835","0.029926","1.799003"
"130","90","108.46767","1.005278","0.030431","1.790722"
"140","90","105.842287","1.007459","0.030935","1.783183"
"150","90","103.340993","1.009408","0.031436","1.776298"
"160","90","100.955191","1.011154","0.031935","1.769991"
"170","90","98.677064","1.012717","0.032431","1.764197"
"180","90","96.499484","1.014118","0.032925","1.758861"
"190","90","94.415937","1.015374","0.033417","1.753935"
"200","90","92.420461","1.016501","0.033906","1.749378"
"210","90","90.507588","1.017512","0.034392","1.745152"
"220","90","88.672292","1.018418","0.034875","1.741226"
"230","90","86.909949","1.01923","0.035356","1.737572"
"240","90","85.216294","1.019958","0.035834","1.734165"
"250","90","83.587386","1.02061","0.036308","1.730983"
"260","90","82.019584","1.021192","0.036781","1.728007"
"270","90","80.509511","1.021712","0.03725","1.725219"
"280","90","79.054038","1.022175","0.037716","1.722603"
"290","90","77.650255","1.022586","0.03818","1.720146"
"300","90","76.295457","1.022951","0.03864","1.717835"
"310","90","74.987123","1.023273","0.039098","1.715659"
"320","90","73.722905","1.023557","0.039554","1.713607"
"330","90","72.500607","1.023805","0.040006","1.71167"
"340","90","71.318178","1.024021","0.040456","1.709839"
"350","90","70.1737","1.024207","0.040903","1.708108"
"360","90","69.065373","1.024367","0.041347","1.706469"
"370","90","67.991512","1.024502","0.041789","1.704916"
"380","90","66.950534","1.024615","0.042228","1.703442"
"390","90","65.94095","1.024707","0.042665","1.702043"
"400","90","64.961362","1.02478","0.043099","1.700714"
"410","90","64.010453","1.024836","0.043531","1.69945"
"420","90","63.086981","1.024877","0.04396","1.698248"
"430","90","62.189776","1.024903","0.044387","1.697102"
"440","90","61.317733","1.024915","0.044811","1.69601"
"450","90","60.469807","1.024916","0.045233","1.694969"
"460","90","59.645013","1.024905","0.045653","1.693975"
"470","90","58.842415","1.024885","0.046071","1.693026"
"480","90","58.061131","1.024855","0.046486","1.692119"
"490","90","57.300322","1.024816","0.046899","1.691251"
"500","90","56.559194","1.024769","0.04731","1.690422"
"-100","100","280.296839","0.462794","0.033654","5.592608"
"-90","100","264.992616","0.573611","0.026753","4.539615"
"-80","100","251.273091","0.6622","0.024297","3.601592"
"-70","100","238.904246","0.727628","0.023371","3.068275"
"-60","100","227.695977","0.777205","0.02304","2.746786"
"-50","100","217.492259","0.815924","0.023004","2.535781"
"-40","100","208.163833","0.846902","0.023136","2.387711"
"-30","100","199.602704","0.872156","0.023375","2.278474"
"-20","100","191.717944","0.89305","0.023685","2.19477"
"-10","100","184.432444","0.910543","0.024046","2.128715"
"0","100","177.680387","0.925333","0.024443","2.075354"
"10","100","171.405254","0.937941","0.024867","2.031422"
"20","100","165.558238","0.948764","0.025311","1.994681"
"30","100","160.096974","0.95811","0.02577","1.963547"
"40","100","154.984505","0.966223","0.02624","1.936867"
"50","100","150.18845","0.973299","0.026718","1.913782"
"60","100","145.680317","0.979494","0.027202","1.893638"
"70","100","141.434934","0.984938","0.027691","1.875931"
"80","100","137.42998","0.989736","0.028183","1.860264"
"90","100","133.645594","0.993978","0.028678","1.846319"
"100","100","130.064043","0.997736","0.029173","1.833844"
"110","100","126.669444","1.001073","0.029668","1.822629"
"120","100","123.447533","1.004043","0.030164","1.812505"
"130","100","120.385458","1.006689","0.030659","1.803328"
"140","100","117.471615","1.009051","0.031153","1.794981"
"150","100","114.695492","1.011162","0.031645","1.787364"
"160","100","112.047553","1.01305","0.032136","1.78039"
"170","100","109.519119","1.01474","0.032625","1.773988"
"180","100","107.102279","1.016253","0.033112","1.768096"
"190","100","104.789804","1.01761","0.033597","1.762659"
"200","100","102.575077","1.018826","0.03408","1.757631"
"210","100","100.452029","1.019915","0.03456","1.75297"
"220","100","98.415082","1.020892","0.035038","1.748643"
"230","100","96.459103","1.021766","0.035514","1.744616"
"240","100","94.579358","1.022548","0.035987","1.740863"
"250","100","92.771476","1.023248","0.036457","1.737359"
"260","100","91.031413","1.023872","0.036925","1.734082"
"270","100","89.355422","1.024429","0.03739","1.731013"
"280","100","87.74003","1.024924","0.037852","1.728134"
"290","100","86.182008","1.025363","0.038312","1.72543"
"300","100","84.678352","1.025751","0.038769","1.722888"
"310","100","83.226267","1.026094","0.039224","1.720494"
"320","100","81.823144","1.026394","0.039676","1.718237"
"330","100","80.466547","1.026656","0.040125","1.716107"
"340","100","79.1542","1.026883","0.040572","1.714095"
"350","100","77.883973","1.027079","0.041016","1.712192"
"360","100","76.65387","1.027245","0.041458","1.71039"
"370","100","75.462019","1.027384","0.041897","1.708683"
"380","100","74.306664","1.0275","0.042334","1.707063"
"390","100","73.186153","1.027593","0.042768","1.705526"
"400","100","72.098934","1.027666","0.0432","1.704065"
"410","100","71.043545","1.02772","0.043629","1.702676"
"420","100","70.018607","1.027757","0.044056","1.701355"
"430","100","69.022822","1.027779","0.044481","1.700096"
"440","100","68.054964","1.027786","0.044903","1.698897"
"450","100","67.113873","1.02778","0.045324","1.697753"
"460","100","66.198455","1.027762","0.045741","1.696661"
"470","100","65.307674","1.027734","0.046157","1.695618"
"480","100","64.440546","1.027695","0.046571","1.694622"
"490","100","63.596144","1.027647","0.046982","1.693669"
"500","100","62.773585","1.02759","0.047391","1.692757"
"-100","110","308.045361","0.459371","0.037938","5.070605"
"-90","110","291.226067","0.552713","0.029912","4.654484"
"-80","110","276.148352","0.640075","0.026267","3.818414"
"-70","110","262.555029","0.708554","0.02477","3.243209"
"-60","110","250.237176","0.761435","0.024139","2.879772"
"-50","110","239.023321","0.803005","0.023917","2.6389"
"-40","110","228.77141","0.836343","0.023921","2.470016"
"-30","110","219.362756","0.863543","0.024066","2.345905"
"-20","110","210.697429","0.886049","0.024304","2.25123"
"-10","110","202.690687","0.904889","0.024606","2.17684"
"0","110","195.270196","0.920815","0.024955","2.116983"
"10","110","188.373845","0.934386","0.025338","2.067873"
"20","110","181.947993","0.946033","0.025747","2.026928"
"30","110","175.94608","0.956087","0.026176","1.992323"
"40","110","170.327492","0.964812","0.02662","1.962739"
"50","110","165.056643","0.972419","0.027075","1.937192"
"60","110","160.102219","0.979077","0.027538","1.914942"
"70","110","155.436556","0.984925","0.028009","1.895414"
"80","110","151.035124","0.990078","0.028484","1.87816"
"90","110","146.876096","0.994632","0.028963","1.862823"
"100","110","142.939982","0.998665","0.029445","1.849117"
"110","110","139.209328","1.002245","0.029928","1.836809"
"120","110","135.668458","1.005429","0.030412","1.825707"
"130","110","132.303247","1.008266","0.030896","1.815652"
"140","110","129.100942","1.010796","0.03138","1.806513"
"150","110","126.049992","1.013056","0.031864","1.798178"
"160","110","123.139915","1.015077","0.032346","1.790552"
"170","110","120.361174","1.016884","0.032827","1.783555"
"180","110","117.705074","1.018502","0.033307","1.777118"
"190","110","115.163671","1.019951","0.033785","1.771181"
"200","110","112.729693","1.021249","0.034261","1.765693"
"210","110","110.396469","1.022411","0.034736","1.760608"
"220","110","108.157871","1.023452","0.035208","1.755888"
"230","110","106.008256","1.024382","0.035678","1.751497"
"240","110","103.942423","1.025214","0.036145","1.747406"
"250","110","101.955566","1.025957","0.036611","1.743586"
"260","110","100.043241","1.026619","0.037074","1.740016"
"270","110","98.201333","1.027209","0.037535","1.736672"
"280","110","96.426022","1.027732","0.037993","1.733537"
"290","110","94.71376","1.028195","0.038449","1.730592"
"300","110","93.061248","1.028604","0.038902","1.727824"
"310","110","91.465411","1.028964","0.039353","1.725217"
"320","110","89.923382","1.029278","0.039802","1.722761"
"330","110","88.432486","1.029552","0.040248","1.720442"
"340","110","86.990221","1.029788","0.040692","1.718252"
"350","110","85.594246","1.029989","0.041133","1.716181"
"360","110","84.242366","1.03016","0.041572","1.714221"
"370","110","82.932526","1.030302","0.042008","1.712363"
"380","110","81.662794","1.030418","0.042442","1.710601"
"390","110","80.431357","1.030511","0.042874","1.708929"
"400","110","79.236506","1.030582","0.043304","1.70734"
"410","110","78.076636","1.030632","0.043731","1.705829"
"420","110","76.950233","1.030665","0.044156","1.704391"
"430","110","75.855869","1.030681","0.044578","1.703022"
"440","110","74.792195","1.030681","0.044998","1.701718"
"450","110","73.75794","1.030668","0.045417","1.700473"
"460","110","72.751898","1.030642","0.045833","1.699286"
"470","110","71.772932","1.030604","0.046246","1.698152"
"480","110","70.819962","1.030556","0.046658","1.697068"
"490","110","69.891966","1.030497","0.047068","1.696032"
"500","110","68.987977","1.03043","0.047475","1.695041"
"-100","120","335.793882","0.466372","0.041555","4.613524"
"-90","120","317.459518","0.542929","0.033173","4.568931"
"-80","120","301.023612","0.624339","0.028485","3.947398"
"-70","120","286.205812","0.69323","0.026321","3.386934"
"-60","120","272.778376","0.748135","0.02533","2.999973"
"-50","120","260.554384","0.791868","0.024893","2.735743"
"-40","120","249.378987","0.827152","0.024755","2.548697"
"-30","120","239.122808","0.856023","0.024796","2.410952"
"-20","120","229.676914","0.87995","0.024955","2.305961"
"-10","120","220.948929","0.899996","0.025194","2.22362"
"0","120","212.860006","0.916947","0.025491","2.157512"
"10","120","205.342436","0.931396","0.025831","2.103394"
"20","120","198.337748","0.943796","0.026204","2.058368"
"30","120","191.795186","0.9545","0.0266","2.020389"
"40","120","185.67048","0.963789","0.027016","1.987976"
"50","120","179.924836","0.971886","0.027447","1.960032"
"60","120","174.524121","0.978971","0.027889","1.935727"
"70","120","169.438178","0.985194","0.02834","1.914423"
"80","120","164.640268","0.990676","0.028798","1.895621"
"90","120","160.106597","0.995519","0.029261","1.878925"
"100","120","155.815921","0.999807","0.029728","1.864018"
"110","120","151.749212","1.003612","0.030198","1.850642"
"120","120","147.889383","1.006995","0.03067","1.838586"
"130","120","144.221036","1.010007","0.031143","1.827675"
"140","120","140.730269","1.012693","0.031616","1.817764"
"150","120","137.404492","1.015091","0.03209","1.808729"
"160","120","134.232277","1.017234","0.032564","1.800467"
"170","120","131.203229","1.01915","0.033037","1.79289"
"180","120","128.307869","1.020864","0.033509","1.785922"
"190","120","125.537538","1.022398","0.03398","1.779497"
"200","120","122.884309","1.02377","0.034449","1.77356"
"210","120","120.34091","1.024998","0.034917","1.768061"
"220","120","117.900661","1.026097","0.035383","1.762958"
"230","120","115.55741","1.027078","0.035847","1.758212"
"240","120","113.305487","1.027955","0.03631","1.75379"
"250","120","111.139655","1.028736","0.03677","1.749664"
"260","120","109.05507","1.029432","0.037229","1.745807"
"270","120","107.047244","1.030051","0.037685","1.742196"
"280","120","105.112014","1.030599","0.038139","1.73881"
"290","120","103.245513","1.031083","0.038591","1.735631"
"300","120","101.444143","1.031509","0.03904","1.732642"
"310","120","99.704554","1.031883","0.039487","1.729829"
"320","120","98.023621","1.032209","0.039932","1.727177"
"330","120","96.398426","1.032491","0.040375","1.724675"
"340","120","94.826243","1.032733","0.040816","1.722312"
"350","120","93.304519","1.032939","0.041254","1.720077"
"360","120","91.830863","1.033112","0.04169","1.717961"
"370","120","90.403033","1.033255","0.042123","1.715957"
"380","120","89.018925","1.03337","0.042555","1.714056"
"390","120","87.67656","1.03346","0.042984","1.712252"
"400","120","86.374078","1.033527","0.043411","1.710538"
"410","120","85.109728","1.033573","0.043836","1.708908"
"420","120","83.881859","1.0336","0.044258","1.707357"
"430","120","82.688915","1.033609","0.044678","1.705881"
"440","120","81.529427","1.033601","0.045097","1.704473"
"450","120","80.402006","1.033579","0.045513","1.703131"
"460","120","79.305341","1.033544","0.045927","1.70185"
"470","120","78.23819","1.033496","0.046338","1.700627"
"480","120","77.199377","1.033437","0.046748","1.699458"
"490","120","76.187788","1.033367","0.047156","1.698341"
"500","120","75.202368","1.033288","0.047562","1.697272"
"-100","130","363.542404","0.478976","0.04471","4.260099"
"-90","130","343.692969","0.541971","0.036262","4.382793"
"-80","130","325.898873","0.61511","0.030867","3.985055"
"-70","130","309.856595","0.682021","0.028021","3.488791"
"-60","130","295.319575","0.737566","0.026617","3.101112"
"-50","130","282.085446","0.782681","0.025934","2.822876"
"-40","130","269.986564","0.819437","0.025635","2.621785"
"-30","130","258.88286","0.849671","0.025563","2.472413"
"-20","130","248.656399","0.874803","0.025636","2.358187"
"-10","130","239.207172","0.895896","0.025808","2.268531"
"0","130","230.449816","0.913754","0.02605","2.196574"
"10","130","222.311027","0.928986","0.026345","2.13772"
"20","130","214.727502","0.942065","0.026678","2.088807"
"30","130","207.644293","0.953358","0.027042","2.047596"
"40","130","201.013467","0.96316","0.027428","2.012465"
"50","130","194.793029","0.971704","0.027833","1.98221"
"60","130","188.946022","0.979181","0.028253","1.955921"
"70","130","183.4398","0.985747","0.028683","1.9329"
"80","130","178.245412","0.991531","0.029123","1.9126"
"90","130","173.337099","0.996639","0.029569","1.894588"
"100","130","168.691859","1.001161","0.030021","1.878517"
"110","130","164.289097","1.005173","0.030477","1.864105"
"120","130","160.110307","1.008739","0.030937","1.851124"
"130","130","156.138825","1.011913","0.031398","1.839381"
"140","130","152.359597","1.014742","0.031861","1.828719"
"150","130","148.758992","1.017266","0.032325","1.819004"
"160","130","145.324639","1.01952","0.032789","1.810124"
"170","130","142.045283","1.021535","0.033254","1.801983"
"180","130","138.910664","1.023336","0.033718","1.794498"
"190","130","135.911405","1.024947","0.034181","1.7876"
"200","130","133.038925","1.026387","0.034643","1.781227"
"210","130","130.285351","1.027675","0.035105","1.775325"
"220","130","127.64345","1.028826","0.035564","1.769849"
"230","130","125.106563","1.029853","0.036023","1.764758"
"240","130","122.668552","1.030769","0.03648","1.760016"
"250","130","120.323745","1.031585","0.036935","1.755591"
"260","130","118.066899","1.03231","0.037388","1.751455"
"270","130","115.893155","1.032954","0.03784","1.747583"
"280","130","113.798007","1.033523","0.038289","1.743954"
"290","130","111.777266","1.034024","0.038737","1.740546"
"300","130","109.827039","1.034465","0.039182","1.737343"
"310","130","107.943698","1.03485","0.039626","1.734328"
"320","130","106.12386","1.035184","0.040067","1.731487"
"330","130","104.364366","1.035473","0.040506","1.728806"
"340","130","102.662264","1.035719","0.040943","1.726273"
"350","130","101.014792","1.035928","0.041378","1.723879"
"360","130","99.419359","1.036101","0.041811","1.721613"
"370","130","97.87354","1.036243","0.042242","1.719465"
"380","130","96.375055","1.036355","0.042671","1.717429"
"390","130","94.921763","1.036441","0.043097","1.715496"
"400","130","93.51165","1.036503","0.043521","1.71366"
"410","130","92.14282","1.036542","0.043943","1.711915"
"420","130","90.813485","1.036561","0.044364","1.710254"
"430","130","89.521962","1.036562","0.044782","1.708672"
"440","130","88.266658","1.036545","0.045198","1.707164"
"450","130","87.046072","1.036513","0.045612","1.705727"
"460","130","85.858784","1.036467","0.046023","1.704355"
"470","130","84.703448","1.036408","0.046433","1.703045"
"480","130","83.578792","1.036337","0.046841","1.701793"
"490","130","82.48361","1.036255","0.047247","1.700596"
"500","130","81.416759","1.036164","0.047651","1.699451"
"-100","140","391.290926","0.494739","0.047549","3.988452"
"-90","140","369.92642","0.547279","0.039084","4.172388"
"-80","140","350.774134","0.611771","0.033291","3.950706"
"-70","140","333.507378","0.674983","0.029843","3.54568"
"-60","140","317.860774","0.729873","0.027998","3.17889"
"-50","140","303.616509","0.77556","0.027038","2.897428"
"-40","140","290.594141","0.81328","0.02656","2.687503"
"-30","140","278.642911","0.844542","0.026363","2.52917"
"-20","140","267.635883","0.870645","0.026344","2.407176"
"-10","140","257.465415","0.892617","0.026445","2.311075"
"0","140","248.039626","0.911253","0.02663","2.23382"
"10","140","239.279618","0.92717","0.026876","2.170598"
"20","140","231.117257","0.940848","0.027169","2.118056"
"30","140","223.493399","0.952667","0.027498","2.073803"
"40","140","216.356455","0.962928","0.027855","2.036097"
"50","140","209.661222","0.971876","0.028233","2.003642"
"60","140","203.367924","0.979707","0.028629","1.97546"
"70","140","197.441422","0.986584","0.029038","1.950794"
"80","140","191.850556","0.992642","0.029459","1.929055"
"90","140","186.5676","0.997992","0.029888","1.909777"
"100","140","181.567798","1.002727","0.030324","1.892585"
"110","140","176.828981","1.006928","0.030766","1.877175"
"120","140","172.331232","1.01066","0.031212","1.8633"
"130","140","168.056614","1.013981","0.031662","1.850754"
"140","140","163.988924","1.01694","0.032114","1.839366"
"150","140","160.113491","1.019579","0.032567","1.828994"
"160","140","156.417001","1.021935","0.033022","1.819515"
"170","140","152.887338","1.024039","0.033477","1.810828"
"180","140","149.513459","1.025919","0.033933","1.802843"
"190","140","146.285272","1.027599","0.034388","1.795485"
"200","140","143.193541","1.0291","0.034844","1.788689"
"210","140","140.229792","1.030441","0.035298","1.782397"
"220","140","137.386239","1.031638","0.035751","1.77656"
"230","140","134.655717","1.032705","0.036204","1.771133"
"240","140","132.031616","1.033656","0.036655","1.766079"
"250","140","129.507835","1.034502","0.037105","1.761364"
"260","140","127.078728","1.035252","0.037553","1.756957"
"270","140","124.739066","1.035917","0.037999","1.752833"
"280","140","122.483999","1.036503","0.038444","1.748967"
"290","140","120.309019","1.037019","0.038887","1.745337"
"300","140","118.209934","1.037471","0.039329","1.741926"
"310","140","116.182841","1.037864","0.039768","1.738714"
"320","140","114.224098","1.038205","0.040206","1.735688"
"330","140","112.330306","1.038497","0.040641","1.732833"
"340","140","110.498286","1.038745","0.041075","1.730137"
"350","140","108.725064","1.038954","0.041507","1.727587"
"360","140","107.007856","1.039125","0.041936","1.725174"
"370","140","105.344047","1.039264","0.042364","1.722888"
"380","140","103.731186","1.039372","0.04279","1.72072"
"390","140","102.166967","1.039452","0.043213","1.718662"
"400","140","100.649222","1.039507","0.043635","1.716707"
"410","140","99.175911","1.039538","0.044054","1.714849"
"420","140","97.745111","1.039549","0.044472","1.71308"
"430","140","96.355008","1.03954","0.044888","1.711396"
"440","140","95.00389","1.039513","0.045301","1.709791"
"450","140","93.690139","1.03947","0.045713","1.708261"
"460","140","92.412227","1.039412","0.046123","1.7068"
"470","140","91.168706","1.039341","0.046531","1.705406"
"480","140","89.958207","1.039257","0.046937","1.704073"
"490","140","88.779432","1.039162","0.047341","1.702798"
"500","140","87.63115","1.039057","0.047743","1.701579"
"-100","150","419.039448","0.512387","0.050158","3.77514"
"-90","150","396.159872","0.556846","0.041662","3.973501"
"-80","150","375.649394","0.613332","0.035651","3.871308"
"-70","150","357.158161","0.671888","0.031742","3.561729"
"-60","150","340.401973","0.725059","0.029465","3.231747"
"-50","150","325.147571","0.770555","0.028206","2.957503"
"-40","150","311.201718","0.808727","0.02753","2.744454"
"-30","150","298.402963","0.840671","0.027197","2.580271"
"-20","150","286.615368","0.867503","0.027079","2.452284"
"-10","150","275.723658","0.890177","0.027104","2.350807"
"0","150","265.629436","0.909459","0.027228","2.268934"
"10","150","256.248209","0.925957","0.027425","2.201799"
"20","150","247.507012","0.940153","0.027676","2.145947"
"30","150","239.342505","0.95243","0.027969","2.098882"
"40","150","231.699443","0.963097","0.028294","2.058774"
"50","150","224.529415","0.972402","0.028645","2.024253"
"60","150","217.789826","0.98055","0.029016","1.994281"
"70","150","211.443044","0.987706","0.029404","1.968055"
"80","150","205.4557","0.99401","0.029805","1.944948"
"90","150","199.798101","0.999577","0.030216","1.924462"
"100","150","194.443737","1.004504","0.030637","1.906197"
"110","150","189.368865","1.008874","0.031064","1.88983"
"120","150","184.552157","1.012757","0.031496","1.875098"
"130","150","179.974403","1.01621","0.031933","1.861779"
"140","150","175.618251","1.019286","0.032374","1.849694"
"150","150","171.467991","1.022029","0.032816","1.838688"
"160","150","167.509363","1.024476","0.033261","1.828632"
"170","150","163.729393","1.02666","0.033708","1.819418"
"180","150","160.116254","1.02861","0.034155","1.81095"
"190","150","156.65914","1.030352","0.034602","1.803149"
"200","150","153.348157","1.031907","0.03505","1.795943"
"210","150","150.174233","1.033295","0.035497","1.789273"
"220","150","147.129029","1.034532","0.035944","1.783086"
"230","150","144.20487","1.035634","0.03639","1.777335"
"240","150","141.394681","1.036615","0.036835","1.771979"
"250","150","138.691925","1.037486","0.037279","1.766983"
"260","150","136.090557","1.038257","0.037722","1.762314"
"270","150","133.584977","1.038939","0.038164","1.757945"
"280","150","131.169991","1.03954","0.038604","1.753849"
"290","150","128.840772","1.040066","0.039042","1.750004"
"300","150","126.59283","1.040526","0.039479","1.74639"
"310","150","124.421985","1.040926","0.039915","1.742988"
"320","150","122.324337","1.041269","0.040348","1.739783"
"330","150","120.296246","1.041563","0.04078","1.736759"
"340","150","118.334307","1.041811","0.04121","1.733903"
"350","150","116.435337","1.042017","0.041638","1.731203"
"360","150","114.596352","1.042185","0.042065","1.728647"
"370","150","112.814554","1.042318","0.042489","1.726226"
"380","150","111.087316","1.04242","0.042912","1.723929"
"390","150","109.41217","1.042493","0.043333","1.72175"
"400","150","107.786794","1.042539","0.043752","1.71968"
"410","150","106.209003","1.042561","0.044168","1.717711"
"420","150","104.676737","1.042562","0.044584","1.715838"
"430","150","103.188054","1.042542","0.044997","1.714055"
"440","150","101.741121","1.042503","0.045408","1.712355"
"450","150","100.334205","1.042448","0.045817","1.710734"
"460","150","98.965669","1.042378","0.046225","1.709187"
"470","150","97.633964","1.042294","0.046631","1.70771"
"480","150","96.337623","1.042196","0.047035","1.706298"
"490","150","95.075255","1.042088","0.047437","1.704948"
"500","150","93.845542","1.041968","0.047837","1.703657"
"-100","160","446.78797","0.531215","0.052588","3.60332"
"-90","160","422.393323","0.569292","0.044045","3.797336"
"-80","160","400.524655","0.618759","0.037893","3.769887"
"-70","160","380.808944","0.672319","0.033661","3.545377"
"-60","160","362.943172","0.723008","0.030998","3.260767"
"-50","160","346.678633","0.767647","0.029433","3.002371"
"-40","160","331.809295","0.805789","0.028544","2.791751"
"-30","160","318.163015","0.838072","0.028063","2.625008"
"-20","160","305.594853","0.865389","0.027839","2.492991"
"-10","160","293.9819","0.888585","0.027782","2.387351"
"0","160","283.219246","0.908377","0.027843","2.301643"
"10","160","273.2168","0.925351","0.027988","2.231122"
"20","160","263.896766","0.939981","0.028195","2.172327"
"30","160","255.191612","0.95265","0.028451","2.122718"
"40","160","247.04243","0.963667","0.028744","2.080407"
"50","160","239.397608","0.973284","0.029067","2.043973"
"60","160","232.211728","0.981709","0.029413","2.012332"
"70","160","225.444666","0.989111","0.029779","1.984642"
"80","160","219.060844","0.995633","0.03016","1.960244"
"90","160","213.028603","1.001393","0.030553","1.938614"
"100","160","207.319676","1.006491","0.030957","1.919331"
"110","160","201.908749","1.011012","0.031369","1.902053"
"120","160","196.773082","1.015028","0.031788","1.886502"
"130","160","191.892192","1.0186","0.032212","1.872446"
"140","160","187.247578","1.02178","0.03264","1.859692"
"150","160","182.822491","1.024614","0.033072","1.848078"
"160","160","178.601725","1.027142","0.033507","1.837469"
"170","160","174.571448","1.029397","0.033944","1.827748"
"180","160","170.719049","1.031409","0.034382","1.818815"
"190","160","167.033007","1.033205","0.034821","1.810586"
"200","160","163.502773","1.034807","0.035261","1.802986"
"210","160","160.118673","1.036235","0.035701","1.795952"
"220","160","156.871818","1.037507","0.036141","1.789427"
"230","160","153.754024","1.038639","0.036581","1.783363"
"240","160","150.757745","1.039644","0.03702","1.777715"
"250","160","147.876015","1.040536","0.037458","1.772447"
"260","160","145.102386","1.041324","0.037896","1.767525"
"270","160","142.430888","1.04202","0.038332","1.762917"
"280","160","139.855983","1.042631","0.038767","1.758599"
"290","160","137.372524","1.043165","0.039201","1.754545"
"300","160","134.975725","1.043631","0.039634","1.750735"
"310","160","132.661128","1.044033","0.040065","1.74715"
"320","160","130.424576","1.044377","0.040494","1.743771"
"330","160","128.262185","1.04467","0.040922","1.740583"
"340","160","126.170329","1.044915","0.041349","1.737572"
"350","160","124.14561","1.045117","0.041773","1.734725"
"360","160","122.184849","1.045279","0.042197","1.732031"
"370","160","120.285061","1.045406","0.042618","1.729478"
"380","160","118.443446","1.0455","0.043037","1.727058"
"390","160","116.657373","1.045563","0.043455","1.72476"
"400","160","114.924366","1.0456","0.043871","1.722577"
"410","160","113.242095","1.045611","0.044285","1.720502"
"420","160","111.608363","1.0456","0.044698","1.718527"
"430","160","110.021101","1.045568","0.045108","1.716647"
"440","160","108.478352","1.045517","0.045517","1.714855"
"450","160","106.978272","1.045449","0.045924","1.713146"
"460","160","105.519112","1.045364","0.04633","1.711515"
"470","160","104.099222","1.045266","0.046733","1.709957"
"480","160","102.717038","1.045154","0.047135","1.708469"
"490","160","101.371077","1.04503","0.047535","1.707046"
"500","160","100.059933","1.044896","0.047933","1.705684"
"-100","170","474.536492","0.550804","0.054872","3.461648"
"-90","170","448.626774","0.583711","0.046278","3.644643"
"-80","170","425.399915","0.62715","0.040007","3.661805"
"-70","170","404.459727","0.675775","0.035552","3.506167"
"-60","170","385.484371","0.72351","0.03257","3.268922"
"-50","170","368.209696","0.766762","0.030711","3.032411"
"-40","170","352.416872","0.804441","0.029601","2.829064"
"-30","170","337.923067","0.836741","0.028962","2.662953"
"-20","170","324.574338","0.864304","0.028623","2.528927"
"-10","170","312.240143","0.887843","0.02848","2.420418"
"0","170","300.809056","0.908008","0.028474","2.331727"
"10","170","290.185392","0.925352","0.028565","2.2584"
"20","170","280.286521","0.940333","0.028727","2.197072"
"30","170","271.040718","0.953325","0.028945","2.145214"
"40","170","262.385418","0.964637","0.029205","2.100921"
"50","170","254.265801","0.97452","0.029499","2.062743"
"60","170","246.633629","0.983183","0.02982","2.029565"
"70","170","239.446288","0.990798","0.030163","2.000516"
"80","170","232.665988","0.997509","0.030523","1.974913"
"90","170","226.259104","1.003438","0.030898","1.952209"
"100","170","220.195615","1.008686","0.031285","1.931967"
"110","170","214.448633","1.01334","0.031681","1.913828"
"120","170","208.994006","1.017473","0.032086","1.897501"
"130","170","203.80998","1.021148","0.032497","1.882742"
"140","170","198.876906","1.024419","0.032914","1.869351"
"150","170","194.176991","1.027334","0.033335","1.857157"
"160","170","189.694087","1.029932","0.033759","1.846019"
"170","170","185.413502","1.032248","0.034186","1.835812"
"180","170","181.321844","1.034314","0.034615","1.826434"
"190","170","177.406874","1.036156","0.035046","1.817794"
"200","170","173.657389","1.037798","0.035478","1.809816"
"210","170","170.063114","1.039261","0.03591","1.802431"
"220","170","166.614607","1.040562","0.036343","1.795581"
"230","170","163.303177","1.041718","0.036776","1.789214"
"240","170","160.12081","1.042744","0.037209","1.783286"
"250","170","157.060104","1.043652","0.037642","1.777756"
"260","170","154.114215","1.044453","0.038074","1.772588"
"270","170","151.276799","1.045158","0.038505","1.767751"
"280","170","148.541975","1.045776","0.038935","1.763218"
"290","170","145.904277","1.046315","0.039364","1.758963"
"300","170","143.358621","1.046783","0.039792","1.754963"
"310","170","140.900272","1.047185","0.040219","1.751198"
"320","170","138.524814","1.047528","0.040644","1.747651"
"330","170","136.228125","1.047817","0.041068","1.744305"
"340","170","134.00635","1.048057","0.041491","1.741144"
"350","170","131.855883","1.048253","0.041912","1.738155"
"360","170","129.773345","1.048408","0.042331","1.735326"
"370","170","127.755568","1.048526","0.042749","1.732646"
"380","170","125.799577","1.04861","0.043166","1.730105"
"390","170","123.902577","1.048663","0.043581","1.727693"
"400","170","122.061938","1.048688","0.043994","1.725401"
"410","170","120.275186","1.048687","0.044405","1.723222"
"420","170","118.539989","1.048663","0.044815","1.721149"
"430","170","116.854147","1.048618","0.045223","1.719174"
"440","170","115.215584","1.048553","0.045629","1.717293"
"450","170","113.622338","1.04847","0.046034","1.715498"
"460","170","112.072555","1.048371","0.046437","1.713785"
"470","170","110.56448","1.048258","0.046838","1.71215"
"480","170","109.096453","1.04813","0.047238","1.710586"
"490","170","107.666899","1.047991","0.047636","1.709092"
"500","170","106.274324","1.04784","0.048032","1.707662"
"-100","180","502.285014","0.570895","0.057032","3.342462"
"-90","180","474.860225","0.599504","0.048392","3.512739"
"-80","180","450.275176","0.637784","0.042003","3.555711"
"-70","180","428.11051","0.681756","0.037386","3.452625"
"-60","180","408.02557","0.726302","0.034155","3.260132"
"-50","180","389.740758","0.767775","0.032028","3.048855"
"-40","180","373.024449","0.804625","0.030697","2.856582"
"-30","180","357.683118","0.836648","0.029892","2.69397"
"-20","180","343.553823","0.864232","0.029431","2.559889"
"-10","180","330.498386","0.887942","0.029197","2.449817"
"0","180","318.398866","0.908348","0.02912","2.359027"
"10","180","307.153983","0.925957","0.029154","2.283506"
"20","180","296.676276","0.941205","0.02927","2.220079"
"30","180","286.889824","0.954454","0.029449","2.16629"
"40","180","277.728406","0.966004","0.029675","2.120254"
"50","180","269.133994","0.976107","0.02994","2.080514"
"60","180","261.055531","0.984969","0.030235","2.045941"
"70","180","253.44791","0.992764","0.030554","2.015647"
"80","180","246.271132","0.999637","0.030894","1.98893"
"90","180","239.489605","1.00571","0.03125","1.965228"
"100","180","233.071554","1.011086","0.03162","1.944088"
"110","180","226.988517","1.015854","0.032","1.925141"
"120","180","221.214931","1.020088","0.032391","1.908082"
"130","180","215.727769","1.023852","0.032789","1.89266"
"140","180","210.506233","1.027202","0.033193","1.878665"
"150","180","205.531491","1.030185","0.033602","1.86592"
"160","180","200.786449","1.032844","0.034016","1.854277"
"170","180","196.255557","1.035212","0.034433","1.843607"
"180","180","191.924639","1.037324","0.034853","1.833803"
"190","180","187.780741","1.039205","0.035276","1.824771"
"200","180","183.812005","1.04088","0.035699","1.81643"
"210","180","180.007555","1.04237","0.036124","1.808709"
"220","180","176.357397","1.043695","0.03655","1.801547"
"230","180","172.852331","1.04487","0.036976","1.79489"
"240","180","169.483875","1.045912","0.037403","1.788691"
"250","180","166.244194","1.046831","0.037829","1.782908"
"260","180","163.126044","1.047642","0.038255","1.777504"
"270","180","160.12271","1.048353","0.038681","1.772446"
"280","180","157.227967","1.048975","0.039106","1.767705"
"290","180","154.43603","1.049515","0.03953","1.763255"
"300","180","151.741517","1.049982","0.039954","1.759072"
"310","180","149.139416","1.050381","0.040376","1.755135"
"320","180","146.625053","1.05072","0.040797","1.751425"
"330","180","144.194065","1.051004","0.041217","1.747925"
"340","180","141.842372","1.051237","0.041636","1.744619"
"350","180","139.566156","1.051424","0.042053","1.741493"
"360","180","137.361842","1.05157","0.042469","1.738534"
"370","180","135.226075","1.051677","0.042884","1.735731"
"380","180","133.155707","1.05175","0.043297","1.733073"
"390","180","131.14778","1.051791","0.043709","1.730549"
"400","180","129.19951","1.051803","0.044119","1.728152"
"410","180","127.308278","1.051789","0.044527","1.725872"
"420","180","125.471615","1.051751","0.044934","1.723703"
"430","180","123.687194","1.051691","0.04534","1.721637"
"440","180","121.952815","1.051611","0.045744","1.719668"
"450","180","120.266404","1.051513","0.046146","1.717791"
"460","180","118.625998","1.051398","0.046546","1.715998"
"470","180","117.029739","1.051268","0.046945","1.714287"
"480","180","115.475868","1.051125","0.047343","1.712651"
"490","180","113.962721","1.050969","0.047738","1.711087"
"500","180","112.488715","1.050801","0.048133","1.70959"
"-100","190","530.033536","0.591321","0.059085","3.24048"
"-90","190","501.093676","0.616272","0.050407","3.398299"
"-80","190","475.150436","0.650112","0.043901","3.455752"
"-70","190","451.761294","0.689803","0.039149","3.391369"
"-60","190","430.566769","0.731104","0.035726","3.238468"
"-50","190","411.271821","0.770533","0.033368","3.053466"
"-40","190","393.632026","0.80626","0.031825","2.874906"
"-30","190","377.44317","0.837751","0.030852","2.718183"
"-20","190","362.533307","0.865148","0.030263","2.58583"
"-10","190","348.756628","0.888867","0.029933","2.475454"
"0","190","335.988676","0.909385","0.029781","2.383445"
"10","190","324.122574","0.927159","0.029756","2.306354"
"20","190","313.06603","0.942592","0.029824","2.241277"
"30","190","302.738931","0.95603","0.029962","2.185889"
"40","190","293.071393","0.967765","0.030154","2.138358"
"50","190","284.002187","0.978041","0.030388","2.097247"
"60","190","275.477433","0.987064","0.030657","2.061429"
"70","190","267.449532","0.995007","0.030953","2.030009"
"80","190","259.876276","1.002013","0.031271","2.002274"
"90","190","252.720107","1.008206","0.031608","1.977653"
"100","190","245.947492","1.01369","0.03196","1.955682"
"110","190","239.528401","1.018553","0.032325","1.935981"
"120","190","233.435856","1.022872","0.032701","1.918237"
"130","190","227.645558","1.026711","0.033086","1.902191"
"140","190","222.13556","1.030127","0.033477","1.887627"
"150","190","216.88599","1.033168","0.033875","1.874361"
"160","190","211.878811","1.035876","0.034279","1.86224"
"170","190","207.097612","1.038288","0.034686","1.851131"
"180","190","202.527434","1.040436","0.035096","1.840921"
"190","190","198.154608","1.042349","0.03551","1.831515"
"200","190","193.966621","1.044051","0.035925","1.822826"
"210","190","189.951996","1.045563","0.036343","1.814784"
"220","190","186.100186","1.046905","0.036761","1.807323"
"230","190","182.401484","1.048095","0.037181","1.800388"
"240","190","178.846939","1.049147","0.037601","1.793929"
"250","190","175.428284","1.050075","0.038021","1.787903"
"260","190","172.137873","1.05089","0.038441","1.782273"
"270","190","168.968622","1.051604","0.038861","1.777002"
"280","190","165.91396","1.052226","0.039281","1.772062"
"290","190","162.967783","1.052764","0.0397","1.767424"
"300","190","160.124412","1.053227","0.040119","1.763064"
"310","190","157.378559","1.053622","0.040537","1.758961"
"320","190","154.725292","1.053954","0.040954","1.755094"
"330","190","152.160005","1.054229","0.041369","1.751445"
"340","190","149.678393","1.054453","0.041784","1.747999"
"350","190","147.276429","1.05463","0.042198","1.74474"
"360","190","144.950338","1.054764","0.04261","1.741655"
"370","190","142.696582","1.05486","0.043021","1.738733"
"380","190","140.511838","1.054919","0.043431","1.735961"
"390","190","138.392983","1.054947","0.04384","1.73333"
"400","190","136.337082","1.054945","0.044247","1.73083"
"410","190","134.34137","1.054916","0.044652","1.728453"
"420","190","132.403241","1.054862","0.045056","1.72619"
"430","190","130.52024","1.054787","0.045459","1.724036"
"440","190","128.690047","1.054691","0.04586","1.721983"
"450","190","126.910471","1.054576","0.04626","1.720024"
"460","190","125.17944","1.054444","0.046658","1.718155"
"470","190","123.494997","1.054298","0.047055","1.71637"
"480","190","121.855284","1.054137","0.04745","1.714663"
"490","190","120.258543","1.053963","0.047844","1.713032"
"500","190","118.703106","1.053778","0.048236","1.71147"
"-100","200","557.782058","0.611969","0.061044","3.151966"
"-90","200","527.327127","0.633741","0.052339","3.298278"
"-80","200","500.025697","0.663723","0.045718","3.363476"
"-70","200","475.412077","0.699523","0.040841","3.327049"
"-60","200","453.107968","0.737638","0.037266","3.207648"
"-50","200","432.802883","0.774868","0.034716","3.048234"
"-40","200","414.239603","0.809249","0.032977","2.884923"
"-30","200","397.203222","0.839991","0.031837","2.735931"
"-20","200","381.512792","0.867018","0.031118","2.606847"
"-10","200","367.014871","0.890594","0.030687","2.497327"
"0","200","353.578486","0.911104","0.030457","2.404945"
"10","200","341.091165","0.928944","0.03037","2.326897"
"20","200","329.455785","0.944483","0.030388","2.260621"
"30","200","318.588037","0.958046","0.030484","2.203969"
"40","200","308.414381","0.969912","0.03064","2.155198"
"50","200","298.87038","0.980318","0.030844","2.112914"
"60","200","289.899335","0.989464","0.031085","2.076005"
"70","200","281.451154","0.997522","0.031357","2.043582"
"80","200","273.48142","1.004634","0.031654","2.014931"
"90","200","265.950608","1.010923","0.031972","1.989472"
"100","200","258.823431","1.016494","0.032307","1.966737"
"110","200","252.068285","1.021435","0.032656","1.946339"
"120","200","245.656781","1.025823","0.033017","1.927959"
"130","200","239.563347","1.029723","0.033388","1.911331"
"140","200","233.764888","1.033192","0.033767","1.896233"
"150","200","228.24049","1.036279","0.034153","1.882477"
"160","200","222.971172","1.039027","0.034546","1.869904"
"170","200","217.939667","1.041473","0.034943","1.858379"
"180","200","213.130229","1.043651","0.035344","1.847786"
"190","200","208.528475","1.045587","0.035748","1.838023"
"200","200","204.121237","1.047309","0.036156","1.829005"
"210","200","199.896437","1.048837","0.036565","1.820656"
"220","200","195.842975","1.050192","0.036976","1.812909"
"230","200","191.950638","1.051391","0.037389","1.805708"
"240","200","188.210004","1.052449","0.037802","1.799001"
"250","200","184.612374","1.05338","0.038216","1.792743"
"260","200","181.149702","1.054196","0.03863","1.786894"
"270","200","177.814533","1.054909","0.039045","1.78142"
"280","200","174.599952","1.055528","0.039459","1.776287"
"290","200","171.499535","1.056062","0.039874","1.771469"
"300","200","168.507308","1.056519","0.040287","1.766939"
"310","200","165.617703","1.056905","0.040701","1.762675"
"320","200","162.82553","1.057228","0.041113","1.758657"
"330","200","160.125944","1.057493","0.041525","1.754865"
"340","200","157.514415","1.057706","0.041936","1.751283"
"350","200","154.986702","1.05787","0.042345","1.747896"
"360","200","152.538835","1.057991","0.042754","1.74469"
"370","200","150.167089","1.058073","0.043162","1.741652"
"380","200","147.867968","1.058118","0.043568","1.73877"
"390","200","145.638186","1.05813","0.043973","1.736035"
"400","200","143.474654","1.058113","0.044377","1.733436"
"410","200","141.374461","1.058067","0.04478","1.730964"
"420","200","139.334867","1.057997","0.045181","1.728612"
"430","200","137.353286","1.057905","0.045581","1.726372"
"440","200","135.427278","1.057791","0.04598","1.724236"
"450","200","133.554537","1.057659","0.046377","1.7222"
"460","200","131.732883","1.05751","0.046772","1.720256"
"470","200","129.960255","1.057345","0.047167","1.718399"
"480","200","128.234699","1.057166","0.047559","1.716624"
"490","200","126.554365","1.056975","0.047951","1.714927"
"500","200","124.917498","1.056771","0.048341","1.713303"
"-100","210","585.53058","0.632762","0.062921","3.074209"
"-90","210","553.560578","0.65172","0.054196","3.210143"
"-80","210","524.900957","0.678312","0.047467","3.27909"
"-70","210","499.06286","0.710592","0.042468","3.262677"
"-60","210","475.649167","0.745649","0.038765","3.170787"
"-50","210","454.333945","0.780609","0.036056","3.035146"
"-40","210","434.84718","0.813484","0.034143","2.887674"
"-30","210","416.963273","0.8433","0.032844","2.747709"
"-20","210","400.492277","0.869796","0.031993","2.623157"
"-10","210","385.273114","0.893096","0.031459","2.515518"
"0","210","371.168296","0.913485","0.031147","2.423546"
"10","210","358.059756","0.931299","0.030996","2.345128"
"20","210","345.84554","0.94687","0.030961","2.278094"
"30","210","334.437143","0.960495","0.031014","2.220512"
"40","210","323.757368","0.972439","0.031133","2.170757"
"50","210","313.738573","0.982931","0.031306","2.127498"
"60","210","304.321236","0.992164","0.03152","2.089655"
"70","210","295.452776","1.000305","0.031768","2.056355"
"80","210","287.086564","1.007496","0.032043","2.026888"
"90","210","279.18111","1.013858","0.032341","2.000676"
"100","210","271.69937","1.019495","0.032658","1.977247"
"110","210","264.608169","1.024496","0.032991","1.956211"
"120","210","257.877706","1.028937","0.033337","1.937243"
"130","210","251.481136","1.032884","0.033695","1.920075"
"140","210","245.394215","1.036394","0.034061","1.904479"
"150","210","239.59499","1.039516","0.034436","1.890265"
"160","210","234.063534","1.042295","0.034817","1.877269"
"170","210","228.781722","1.044766","0.035204","1.865352"
"180","210","223.733024","1.046965","0.035596","1.854395"
"190","210","218.902343","1.048919","0.035991","1.844296"
"200","210","214.275853","1.050653","0.03639","1.834965"
"210","210","209.840877","1.052192","0.036791","1.826324"
"220","210","205.585765","1.053553","0.037195","1.818306"
"230","210","201.499791","1.054756","0.0376","1.810851"
"240","210","197.573068","1.055816","0.038007","1.803907"
"250","210","193.796464","1.056746","0.038415","1.797427"
"260","210","190.16153","1.05756","0.038823","1.79137"
"270","210","186.660444","1.058268","0.039232","1.785699"
"280","210","183.285944","1.058881","0.039641","1.780382"
"290","210","180.031288","1.059407","0.04005","1.775391"
"300","210","176.890203","1.059855","0.040459","1.770697"
"310","210","173.856846","1.060231","0.040867","1.766279"
"320","210","170.925769","1.060542","0.041276","1.762115"
"330","210","168.091884","1.060795","0.041683","1.758185"
"340","210","165.350436","1.060994","0.04209","1.754473"
"350","210","162.696975","1.061144","0.042496","1.750962"
"360","210","160.127331","1.06125","0.042901","1.747638"
"370","210","157.637596","1.061316","0.043305","1.744489"
"380","210","155.224099","1.061345","0.043708","1.741501"
"390","210","152.88339","1.061341","0.044109","1.738665"
"400","210","150.612226","1.061306","0.04451","1.73597"
"410","210","148.407553","1.061243","0.04491","1.733407"
"420","210","146.266493","1.061156","0.045308","1.730968"
"430","210","144.186333","1.061045","0.045705","1.728645"
"440","210","142.164509","1.060913","0.046101","1.72643"
"450","210","140.198603","1.060763","0.046495","1.724317"
"460","210","138.286326","1.060595","0.046889","1.722301"
"470","210","136.425513","1.060411","0.04728","1.720375"
"480","210","134.614114","1.060213","0.047671","1.718533"
"490","210","132.850187","1.060002","0.04806","1.716772"
"500","210","131.131889","1.05978","0.048448","1.715087"
"-100","220","613.279102","0.653643","0.064724","3.005195"
"-90","220","579.79403","0.670075","0.055986","3.131852"
"-80","220","549.776218","0.693653","0.049159","3.20217"
"-70","220","522.713643","0.722745","0.044038","3.200057"
"-60","220","498.190366","0.754908","0.04022","3.130332"
"-50","220","475.865008","0.787589","0.037378","3.01604"
"-40","220","455.454757","0.818851","0.035314","2.884255"
"-30","220","436.723325","0.847605","0.033867","2.754108"
"-20","220","419.471762","0.873435","0.032887","2.63506"
"-10","220","403.531357","0.896337","0.032247","2.530174"
"0","220","388.758105","0.916503","0.031851","2.439316"
"10","220","375.028347","0.934207","0.031632","2.361075"
"20","220","362.235294","0.949736","0.031543","2.293703"
"30","220","350.286249","0.963365","0.031551","2.235514"
"40","220","339.100356","0.975338","0.031634","2.185027"
"50","220","328.606766","0.985873","0.031774","2.14099"
"60","220","318.743138","0.995156","0.03196","2.102371"
"70","220","309.454398","1.003351","0.032183","2.06832"
"80","220","300.691708","1.010594","0.032437","2.03814"
"90","220","292.411611","1.017007","0.032715","2.01126"
"100","220","284.575309","1.02269","0.033014","1.987207"
"110","220","277.148053","1.027733","0.033331","1.965591"
"120","220","270.09863","1.032212","0.033662","1.946087"
"130","220","263.398925","1.036192","0.034006","1.928421"
"140","220","257.023542","1.039731","0.034359","1.912365"
"150","220","250.94949","1.042878","0.034722","1.897724"
"160","220","245.155896","1.045677","0.035092","1.884332"
"170","220","239.623776","1.048166","0.035469","1.872048"
"180","220","234.335819","1.050377","0.035851","1.86075"
"190","220","229.27621","1.052341","0.036237","1.850334"
"200","220","224.430469","1.054083","0.036628","1.840707"
"210","220","219.785318","1.055625","0.037021","1.83179"
"220","220","215.328554","1.056988","0.037417","1.823514"
"230","220","211.048945","1.058191","0.037816","1.815818"
"240","220","206.936133","1.059247","0.038216","1.808647"
"250","220","202.980553","1.060173","0.038617","1.801955"
"260","220","199.173359","1.06098","0.039019","1.795699"
"270","220","195.506355","1.061681","0.039422","1.789841"
"280","220","191.971936","1.062284","0.039826","1.784348"
"290","220","188.563041","1.062799","0.04023","1.77919"
"300","220","185.273099","1.063235","0.040634","1.77434"
"310","220","182.09599","1.063598","0.041037","1.769774"
"320","220","179.026008","1.063895","0.041441","1.765469"
"330","220","176.057824","1.064133","0.041844","1.761407"
"340","220","173.186458","1.064317","0.042246","1.757569"
"350","220","170.407248","1.064451","0.042648","1.753939"
"360","220","167.715828","1.064541","0.04305","1.750502"
"370","220","165.108103","1.064589","0.04345","1.747245"
"380","220","162.580229","1.0646","0.043849","1.744155"
"390","220","160.128593","1.064578","0.044248","1.741222"
"400","220","157.749798","1.064525","0.044646","1.738434"
"410","220","155.440645","1.064443","0.045042","1.735783"
"420","220","153.198119","1.064337","0.045437","1.733259"
"430","220","151.019379","1.064207","0.045832","1.730856"
"440","220","148.901741","1.064056","0.046225","1.728564"
"450","220","146.84267","1.063885","0.046616","1.726378"
"460","220","144.839769","1.063698","0.047007","1.724291"
"470","220","142.890771","1.063494","0.047396","1.722298"
"480","220","140.993529","1.063277","0.047784","1.720392"
"490","220","139.146009","1.063046","0.048171","1.71857"
"500","220","137.34628","1.062804","0.048557","1.716825"
"-100","230","641.027624","0.674573","0.066461","2.943396"
"-90","230","606.027481","0.688707","0.057715","3.061779"
"-80","230","574.651479","0.709573","0.0508","3.132049"
"-70","230","546.364426","0.735771","0.04556","3.140172"
"-60","230","520.731565","0.765215","0.041631","3.088109"
"-50","230","497.39607","0.795653","0.038675","2.992521"
"-40","230","476.062334","0.825241","0.036481","2.87574"
"-30","230","456.483377","0.852828","0.034899","2.755767"
"-20","230","438.451247","0.877881","0.033795","2.642919"
"-10","230","421.789599","0.90028","0.03305","2.541495"
"0","230","406.347915","0.920131","0.032569","2.452363"
"10","230","391.996938","0.937646","0.032281","2.374796"
"20","230","378.625049","0.953068","0.032135","2.307479"
"30","230","366.135356","0.966644","0.032097","2.248992"
"40","230","354.443344","0.978598","0.032141","2.198015"
"50","230","343.474959","0.989136","0.032248","2.153394"
"60","230","333.16504","0.998436","0.032405","2.114153"
"70","230","323.456019","1.006654","0.032604","2.079476"
"80","230","314.296851","1.013924","0.032835","2.048686"
"90","230","305.642112","1.020364","0.033093","2.021221"
"100","230","297.451248","1.026075","0.033375","1.996615"
"110","230","289.687937","1.031143","0.033675","1.974479"
"120","230","282.319555","1.035645","0.033991","1.954488"
"130","230","275.316714","1.039645","0.03432","1.936369"
"140","230","268.65287","1.043201","0.034661","1.919889"
"150","230","262.303989","1.046362","0.035012","1.904853"
"160","230","256.248258","1.049172","0.035371","1.891094"
"170","230","250.465831","1.051669","0.035738","1.878468"
"180","230","244.938614","1.053886","0.03611","1.866851"
"190","230","239.650077","1.055853","0.036487","1.856136"
"200","230","234.585085","1.057595","0.036869","1.84623"
"210","230","229.729759","1.059136","0.037254","1.837053"
"220","230","225.071344","1.060496","0.037643","1.828533"
"230","230","220.598098","1.061692","0.038034","1.820608"
"240","230","216.299197","1.062742","0.038427","1.813223"
"250","230","212.164643","1.063659","0.038822","1.806329"
"260","230","208.185188","1.064456","0.039218","1.799883"
"270","230","204.352266","1.065145","0.039615","1.793846"
"280","230","200.657928","1.065735","0.040013","1.788185"
"290","230","197.094794","1.066237","0.040412","1.782868"
"300","230","193.655994","1.066658","0.040811","1.777868"
"310","230","190.335133","1.067006","0.04121","1.773159"
"320","230","187.126246","1.067287","0.041609","1.76872"
"330","230","184.023764","1.067508","0.042007","1.764531"
"340","230","181.022479","1.067674","0.042406","1.760572"
"350","230","178.117521","1.06779","0.042804","1.756827"
"360","230","175.304325","1.067861","0.043201","1.753282"
"370","230","172.57861","1.067891","0.043598","1.749921"
"380","230","169.936359","1.067883","0.043994","1.746733"
"390","230","167.373796","1.067841","0.044389","1.743705"
"400","230","164.88737","1.067768","0.044783","1.740828"
"410","230","162.473737","1.067667","0.045176","1.738092"
"420","230","160.129745","1.06754","0.045569","1.735487"
"430","230","157.852426","1.06739","0.04596","1.733005"
"440","230","155.638972","1.067218","0.04635","1.730639"
"450","230","153.486736","1.067027","0.046739","1.728382"
"460","230","151.393212","1.066819","0.047127","1.726227"
"470","230","149.356029","1.066595","0.047514","1.724169"
"480","230","147.372944","1.066357","0.0479","1.722201"
"490","230","145.441831","1.066106","0.048284","1.720319"
"500","230","143.560671","1.065843","0.048668","1.718517"
"-100","240","668.776146","0.695524","0.068138","2.887632"
"-90","240","632.260932","0.707541","0.059388","2.998626"
"-80","240","599.526739","0.725945","0.052397","3.068004"
"-70","240","570.015209","0.7495","0.047041","3.083479"
"-60","240","543.272764","0.776402","0.043003","3.045417"
"-50","240","518.927133","0.804659","0.039944","2.965932"
"-40","240","496.669911","0.832548","0.037637","2.863125"
"-30","240","476.243429","0.858894","0.035934","2.753331"
"-20","240","457.430731","0.883079","0.034713","2.647128"
"-10","240","440.047842","0.904886","0.033866","2.549717"
"0","240","423.937725","0.924341","0.033298","2.462828"
"10","240","408.965529","0.941595","0.03294","2.386375"
"20","240","395.014804","0.956849","0.032736","2.319471"
"30","240","381.984462","0.970319","0.03265","2.260975"
"40","240","369.786331","0.98221","0.032654","2.20974"
"50","240","358.343152","0.992712","0.032727","2.164721"
"60","240","347.586942","1.001995","0.032856","2.125008"
"70","240","337.457641","1.010208","0.033028","2.089828"
"80","240","327.901995","1.01748","0.033237","2.058528"
"90","240","318.872614","1.023927","0.033475","2.030562"
"100","240","310.327187","1.029645","0.033738","2.005473"
"110","240","302.227821","1.034722","0.034022","1.982877"
"120","240","294.54048","1.039232","0.034323","1.962449"
"130","240","287.234502","1.043239","0.034638","1.943919"
"140","240","280.282197","1.046801","0.034967","1.927053"
"150","240","273.658489","1.049966","0.035306","1.911655"
"160","240","267.34062","1.052777","0.035654","1.897556"
"170","240","261.307886","1.055274","0.036009","1.884612"
"180","240","255.541409","1.057489","0.036372","1.872697"
"190","240","250.023944","1.059452","0.03674","1.861703"
"200","240","244.739701","1.061189","0.037113","1.851537"
"210","240","239.6742","1.062723","0.037491","1.842114"
"220","240","234.814133","1.064074","0.037871","1.833364"
"230","240","230.147252","1.06526","0.038255","1.825223"
"240","240","225.662262","1.066298","0.038642","1.817634"
"250","240","221.348733","1.067203","0.03903","1.810549"
"260","240","217.197017","1.067986","0.03942","1.803922"
"270","240","213.198177","1.06866","0.039811","1.797716"
"280","240","209.343921","1.069235","0.040204","1.791894"
"290","240","205.626547","1.06972","0.040597","1.786425"
"300","240","202.03889","1.070124","0.040991","1.781281"
"310","240","198.574277","1.070453","0.041385","1.776437"
"320","240","195.226485","1.070716","0.041779","1.771869"
"330","240","191.989704","1.070918","0.042173","1.767558"
"340","240","188.858501","1.071065","0.042568","1.763483"
"350","240","185.827794","1.071162","0.042961","1.759628"
"360","240","182.892821","1.071212","0.043355","1.755978"
"370","240","180.049117","1.071222","0.043748","1.752517"
"380","240","177.29249","1.071193","0.04414","1.749234"
"390","240","174.619","1.07113","0.044532","1.746116"
"400","240","172.024942","1.071036","0.044923","1.743153"
"410","240","169.506828","1.070913","0.045313","1.740334"
"420","240","167.061372","1.070765","0.045702","1.737651"
"430","240","164.685472","1.070593","0.046091","1.735094"
"440","240","162.376204","1.0704","0.046478","1.732657"
"450","240","160.130802","1.070188","0.046865","1.730331"
"460","240","157.946654","1.069959","0.04725","1.72811"
"470","240","155.821287","1.069713","0.047634","1.725989"
"480","240","153.75236","1.069453","0.048017","1.72396"
"490","240","151.737653","1.069181","0.048399","1.72202"
"500","240","149.775063","1.068896","0.04878","1.720163"
"-100","250","696.524668","0.716474","0.069762","2.836974"
"-90","250","658.494383","0.726524","0.06101","2.941353"
"-80","250","624.402","0.742669","0.053951","3.009345"
"-70","250","593.665992","0.763798","0.048486","3.030115"
"-60","250","565.813963","0.788325","0.044339","3.003143"
"-50","250","540.458195","0.814482","0.041184","2.937359"
"-40","250","517.277488","0.84067","0.038777","2.847308"
"-30","250","496.00348","0.865727","0.036966","2.747426"
"-20","250","476.410216","0.888974","0.035638","2.648094"
"-10","250","458.306085","0.910114","0.034692","2.555098"
"0","250","441.527535","0.929102","0.034039","2.470874"
"10","250","425.934121","0.946031","0.033609","2.395913"
"20","250","411.404558","0.96106","0.033346","2.329746"
"30","250","397.833568","0.974375","0.033211","2.271506"
"40","250","385.129319","0.986161","0.033174","2.220229"
"50","250","373.211345","0.996591","0.033212","2.174988"
"60","250","362.008844","1.005826","0.033311","2.134948"
"70","250","351.459263","1.014006","0.033457","2.099384"
"80","250","341.507139","1.021257","0.033643","2.067673"
"90","250","332.103115","1.027689","0.033861","2.039289"
"100","250","323.203125","1.033398","0.034106","2.013785"
"110","250","314.767705","1.038467","0.034372","1.990786"
"120","250","306.761405","1.042971","0.034658","1.969972"
"130","250","299.152291","1.046972","0.03496","1.951073"
"140","250","291.911524","1.050528","0.035275","1.933857"
"150","250","285.012989","1.053687","0.035602","1.918129"
"160","250","278.432982","1.056491","0.035939","1.903719"
"170","250","272.149941","1.05898","0.036284","1.890482"
"180","250","266.144204","1.061186","0.036637","1.878291"
"190","250","260.397811","1.063138","0.036996","1.867038"
"200","250","254.894317","1.064863","0.03736","1.856627"
"210","250","249.618641","1.066384","0.03773","1.846975"
"220","250","244.556922","1.067721","0.038103","1.838008"
"230","250","239.696405","1.068893","0.038479","1.829663"
"240","250","235.025326","1.069916","0.038859","1.821883"
"250","250","230.532823","1.070803","0.039241","1.814616"
"260","250","226.208846","1.071569","0.039624","1.807819"
"270","250","222.044088","1.072225","0.04001","1.801451"
"280","250","218.029913","1.072781","0.040397","1.795476"
"290","250","214.158299","1.073247","0.040785","1.789863"
"300","250","210.421785","1.073631","0.041173","1.784582"
"310","250","206.813421","1.073941","0.041562","1.779608"
"320","250","203.326724","1.074183","0.041952","1.774917"
"330","250","199.955643","1.074364","0.042342","1.770488"
"340","250","196.694522","1.074489","0.042732","1.766303"
"350","250","193.538067","1.074564","0.043122","1.762342"
"360","250","190.481318","1.074593","0.043511","1.758591"
"370","250","187.519624","1.07458","0.0439","1.755035"
"380","250","184.64862","1.074529","0.044289","1.751661"
"390","250","181.864203","1.074444","0.044677","1.748456"
"400","250","179.162514","1.074328","0.045065","1.74541"
"410","250","176.53992","1.074183","0.045452","1.742512"
"420","250","173.992998","1.074012","0.045838","1.739752"
"430","250","171.518518","1.073818","0.046223","1.737123"
"440","250","169.113435","1.073602","0.046608","1.734616"
"450","250","166.774869","1.073368","0.046991","1.732224"
"460","250","164.500097","1.073115","0.047374","1.72994"
"470","250","162.286545","1.072848","0.047756","1.727758"
"480","250","160.131775","1.072566","0.048136","1.725671"
"490","250","158.033475","1.072271","0.048516","1.723675"
"500","250","155.989454","1.071964","0.048895","1.721764"
"-100","260","724.27319","0.737408","0.071336","2.790682"
"-90","260","684.727834","0.745613","0.062585","2.889119"
"-80","260","649.27726","0.759669","0.055468","2.955442"
"-70","260","617.316775","0.778557","0.049899","2.980032"
"-60","260","588.355162","0.800864","0.045645","2.961866"
"-50","260","561.989258","0.825008","0.042395","2.90765"
"-40","260","537.885065","0.849516","0.039898","2.829066"
"-30","260","515.763532","0.873256","0.037992","2.738636"
"-20","260","495.389701","0.895512","0.036566","2.64622"
"-10","260","476.564328","0.915924","0.035525","2.557905"
"0","260","459.117345","0.934383","0.034789","2.476676"
"10","260","442.902712","0.950929","0.034287","2.403529"
"20","260","427.794313","0.965683","0.033965","2.33838"
"30","260","413.682675","0.978799","0.033779","2.280637"
"40","260","400.472307","0.990439","0.033699","2.22952"
"50","260","388.079538","1.000764","0.033702","2.184223"
"60","260","376.430745","1.00992","0.03377","2.143993"
"70","260","365.460885","1.018042","0.03389","2.108158"
"80","260","355.112283","1.025249","0.034053","2.07613"
"90","260","345.333616","1.031646","0.03425","2.047407"
"100","260","336.079064","1.037327","0.034476","2.021557"
"110","260","327.307589","1.042374","0.034726","1.998212"
"120","260","318.982329","1.046858","0.034996","1.97706"
"130","260","311.07008","1.050841","0.035284","1.957835"
"140","260","303.540852","1.05438","0.035586","1.940306"
"150","260","296.367489","1.057522","0.035901","1.92428"
"160","260","289.525344","1.060311","0.036227","1.909586"
"170","260","282.991996","1.062783","0.036561","1.89608"
"180","260","276.746999","1.064973","0.036904","1.883635"
"190","260","270.771678","1.066908","0.037254","1.872142"
"200","260","265.048933","1.068616","0.03761","1.861504"
"210","260","259.563081","1.070119","0.037971","1.851637"
"220","260","254.299712","1.071437","0.038337","1.842468"
"230","260","249.245559","1.07259","0.038706","1.833932"
"240","260","244.388391","1.073593","0.039078","1.82597"
"250","260","239.716913","1.07446","0.039454","1.818533"
"260","260","235.220675","1.075205","0.039831","1.811574"
"270","260","230.889999","1.07584","0.040211","1.805052"
"280","260","226.715905","1.076374","0.040592","1.798933"
"290","260","222.690052","1.076818","0.040974","1.793182"
"300","260","218.804681","1.07718","0.041358","1.787771"
"310","260","215.052564","1.077467","0.041742","1.782673"
"320","260","211.426963","1.077686","0.042127","1.777865"
"330","260","207.921583","1.077844","0.042513","1.773324"
"340","260","204.530544","1.077946","0.042898","1.769032"
"350","260","201.24834","1.077997","0.043284","1.76497"
"360","260","198.069814","1.078003","0.043669","1.761123"
"370","260","194.990131","1.077966","0.044055","1.757475"
"380","260","192.004751","1.077892","0.04444","1.754013"
"390","260","189.109406","1.077783","0.044825","1.750725"
"400","260","186.300086","1.077643","0.045209","1.747599"
"410","260","183.573012","1.077474","0.045592","1.744624"
"420","260","180.924624","1.07728","0.045976","1.741792"
"430","260","178.351565","1.077062","0.046358","1.739093"
"440","260","175.850667","1.076823","0.046739","1.736519"
"450","260","173.418935","1.076565","0.04712","1.734063"
"460","260","171.05354","1.07629","0.0475","1.731718"
"470","260","168.751804","1.075999","0.047879","1.729477"
"480","260","166.51119","1.075694","0.048257","1.727334"
"490","260","164.329297","1.075376","0.048635","1.725283"
"500","260","162.203845","1.075047","0.049011","1.72332"
"-100","270","752.021712","0.758312","0.072865","2.748155"
"-90","270","710.961285","0.764776","0.064115","2.841237"
"-80","270","674.152521","0.776886","0.056947","2.905745"
"-70","270","640.967558","0.793691","0.051283","2.933082"
"-60","270","610.896361","0.813919","0.046923","2.921935"
"-50","270","583.52032","0.836141","0.043581","2.877453"
"-40","270","558.492642","0.859001","0.040999","2.809059"
"-30","270","535.523584","0.881412","0.039007","2.727494"
"-20","270","514.369186","0.902639","0.037491","2.641892"
"-10","270","494.82257","0.922273","0.036363","2.558409"
"0","270","476.707155","0.940152","0.035547","2.480419"
"10","270","459.871303","0.956267","0.034974","2.409348"
"20","270","444.184068","0.970699","0.034591","2.345463"
"30","270","429.531781","0.983574","0.034354","2.288431"
"40","270","415.815294","0.995033","0.034231","2.237655"
"50","270","402.947731","1.00522","0.034198","2.192455"
"60","270","390.852647","1.01427","0.034234","2.152165"
"70","270","379.462507","1.022308","0.034327","2.116167"
"80","270","368.717427","1.029449","0.034466","2.083914"
"90","270","358.564118","1.035793","0.034642","2.054929"
"100","270","348.955003","1.041429","0.034849","2.028796"
"110","270","339.847473","1.046438","0.035082","2.005162"
"120","270","331.203254","1.050889","0.035337","1.98372"
"130","270","322.987869","1.054843","0.03561","1.964209"
"140","270","315.170179","1.058354","0.0359","1.946404"
"150","270","307.721988","1.061471","0.036202","1.93011"
"160","270","300.617706","1.064235","0.036517","1.91516"
"170","270","293.83405","1.066683","0.036841","1.901409"
"180","270","287.349795","1.068849","0.037174","1.888732"
"190","270","281.145545","1.070761","0.037515","1.877017"
"200","270","275.203549","1.072446","0.037862","1.866169"
"210","270","269.507522","1.073925","0.038215","1.856103"
"220","270","264.042501","1.07522","0.038573","1.846745"
"230","270","258.794712","1.076349","0.038935","1.838029"
"240","270","253.751456","1.077328","0.0393","1.829898"
"250","270","248.901002","1.078171","0.039669","1.8223"
"260","270","244.232504","1.078892","0.04004","1.815188"
"270","270","239.73591","1.079503","0.040414","1.808522"
"280","270","235.401897","1.080012","0.040789","1.802265"
"290","270","231.221805","1.080431","0.041167","1.796384"
"300","270","227.187576","1.080768","0.041545","1.790849"
"310","270","223.291708","1.08103","0.041924","1.785634"
"320","270","219.527201","1.081224","0.042304","1.780713"
"330","270","215.887523","1.081357","0.042685","1.776066"
"340","270","212.366565","1.081434","0.043067","1.771673"
"350","270","208.958613","1.081461","0.043448","1.767514"
"360","270","205.658311","1.081441","0.04383","1.763574"
"370","270","202.460638","1.081379","0.044211","1.759839"
"380","270","199.360881","1.08128","0.044593","1.756293"
"390","270","196.35461","1.081146","0.044974","1.752924"
"400","270","193.437658","1.080981","0.045355","1.749721"
"410","270","190.606103","1.080788","0.045735","1.746673"
"420","270","187.85625","1.080569","0.046115","1.743771"
"430","270","185.184611","1.080326","0.046494","1.741005"
"440","270","182.587898","1.080063","0.046873","1.738367"
"450","270","180.063001","1.079781","0.047251","1.735849"
"460","270","177.606983","1.079481","0.047628","1.733444"
"470","270","175.217062","1.079166","0.048004","1.731146"
"480","270","172.890605","1.078837","0.04838","1.728949"
"490","270","170.625119","1.078496","0.048755","1.726846"
"500","270","168.418236","1.078143","0.049129","1.724833"
"-100","280","779.770234","0.779179","0.074354","2.708906"
"-90","280","737.194736","0.783989","0.065604","2.797142"
"-80","280","699.027781","0.794271","0.058393","2.859772"
"-70","280","664.618341","0.809132","0.052641","2.889069"
"-60","280","633.43756","0.827406","0.048178","2.883549"
"-50","280","605.051382","0.847795","0.044742","2.847245"
"-40","280","579.100219","0.86905","0.04208","2.787835"
"-30","280","555.283636","0.890134","0.040009","2.714476"
"-20","280","533.348671","0.910306","0.038412","2.635474"
"-10","280","513.080813","0.929124","0.037203","2.55687"
"0","280","494.296965","0.946378","0.036309","2.482291"
"10","280","476.839894","0.962018","0.035668","2.413503"
"20","280","460.573822","0.976087","0.035224","2.351087"
"30","280","445.380887","0.988684","0.034936","2.294953"
"40","280","431.158282","0.999929","0.03477","2.244683"
"50","280","417.815924","1.009947","0.034698","2.199723"
"60","280","405.274549","1.018865","0.034703","2.159491"
"70","280","393.464129","1.026797","0.034768","2.123432"
"80","280","382.322571","1.033851","0.034883","2.091041"
"90","280","371.794619","1.040123","0.035037","2.061866"
"100","280","361.830942","1.045699","0.035225","2.035514"
"110","280","352.387357","1.050656","0.035441","2.011644"
"120","280","343.424179","1.05506","0.03568","1.989958"
"130","280","334.905658","1.058973","0.035939","1.970202"
"140","280","326.799506","1.062447","0.036216","1.952154"
"150","280","319.076488","1.065529","0.036506","1.935624"
"160","280","311.710068","1.06826","0.036809","1.920445"
"170","280","304.676105","1.070677","0.037123","1.906473"
"180","280","297.95259","1.072812","0.037447","1.893583"
"190","280","291.519413","1.074695","0.037778","1.881666"
"200","280","285.358165","1.076351","0.038117","1.870624"
"210","280","279.451963","1.077802","0.038461","1.860374"
"220","280","273.78529","1.079069","0.038811","1.850841"
"230","280","268.343866","1.08017","0.039166","1.841958"
"240","280","263.11452","1.081121","0.039524","1.833669"
"250","280","258.085092","1.081936","0.039887","1.825919"
"260","280","253.244333","1.08263","0.040252","1.818664"
"270","280","248.581821","1.083213","0.040619","1.811862"
"280","280","244.087889","1.083695","0.040989","1.805475"
"290","280","239.753558","1.084087","0.041361","1.799471"
"300","280","235.570472","1.084396","0.041734","1.793818"
"310","280","231.530851","1.084631","0.042108","1.788491"
"320","280","227.62744","1.084798","0.042484","1.783464"
"330","280","223.853463","1.084904","0.04286","1.778715"
"340","280","220.202587","1.084954","0.043237","1.774225"
"350","280","216.668885","1.084954","0.043614","1.769974"
"360","280","213.246807","1.084907","0.043992","1.765946"
"370","280","209.931145","1.084819","0.04437","1.762126"
"380","280","206.717011","1.084693","0.044747","1.7585"
"390","280","203.599813","1.084533","0.045125","1.755054"
"400","280","200.57523","1.084342","0.045502","1.751777"
"410","280","197.639195","1.084123","0.045879","1.748659"
"420","280","194.787876","1.083878","0.046256","1.745689"
"430","280","192.017658","1.08361","0.046632","1.742859"
"440","280","189.325129","1.083321","0.047008","1.740159"
"450","280","186.707068","1.083013","0.047383","1.737581"
"460","280","184.160426","1.082689","0.047758","1.73512"
"470","280","181.68232","1.082349","0.048131","1.732767"
"480","280","179.270021","1.081996","0.048504","1.730517"
"490","280","176.920941","1.08163","0.048877","1.728364"
"500","280","174.632628","1.081253","0.049248","1.726302"
"-100","290","807.518756","0.800001","0.075804","2.672526"
"-90","290","763.428188","0.803231","0.067055","2.756366"
"-80","290","723.903042","0.811788","0.059805","2.817108"
"-70","290","688.269124","0.824822","0.053974","2.847779"
"-60","290","655.978759","0.841255","0.049412","2.846796"
"-50","290","626.582445","0.859898","0.045884","2.81737"
"-40","290","599.707796","0.879595","0.043142","2.765839"
"-30","290","575.043687","0.899362","0.040997","2.699996"
"-20","290","552.328155","0.918465","0.039326","2.6273"
"-10","290","531.339056","0.936437","0.038042","2.553542"
"0","290","511.886775","0.953031","0.037076","2.482473"
"10","290","493.808485","0.968158","0.036367","2.416126"
"20","290","476.963577","0.981829","0.035864","2.355349"
"30","290","461.229994","0.994114","0.035524","2.300276"
"40","290","446.50127","1.005113","0.035313","2.250658"
"50","290","432.684117","1.014937","0.035204","2.206064"
"60","290","419.696451","1.023697","0.035176","2.166002"
"70","290","407.465751","1.031501","0.035213","2.129977"
"80","290","395.927715","1.038449","0.035302","2.097528"
"90","290","385.025121","1.044632","0.035435","2.068234"
"100","290","374.706881","1.050132","0.035604","2.041723"
"110","290","364.927241","1.055022","0.035802","2.017668"
"120","290","355.645104","1.059369","0.036026","1.995783"
"130","290","346.823447","1.063229","0.036271","1.97582"
"140","290","338.428833","1.066656","0.036534","1.957564"
"150","290","330.430988","1.069694","0.036812","1.940827"
"160","290","322.80243","1.072384","0.037104","1.925444"
"170","290","315.51816","1.074762","0.037407","1.911275"
"180","290","308.555385","1.076861","0.037721","1.898194"
"190","290","301.89328","1.078708","0.038043","1.886092"
"200","290","295.512781","1.080329","0.038373","1.874873"
"210","290","289.396404","1.081747","0.038709","1.864453"
"220","290","283.52808","1.082981","0.039052","1.854758"
"230","290","277.893019","1.08405","0.039399","1.845721"
"240","290","272.477585","1.08497","0.039751","1.837283"
"250","290","267.269182","1.085754","0.040106","1.829393"
"260","290","262.256162","1.086417","0.040465","1.822003"
"270","290","257.427732","1.086969","0.040826","1.815073"
"280","290","252.773881","1.087421","0.041191","1.808564"
"290","290","248.28531","1.087783","0.041557","1.802443"
"300","290","243.953367","1.088063","0.041925","1.796679"
"310","290","239.769995","1.088268","0.042294","1.791246"
"320","290","235.727679","1.088406","0.042665","1.786118"
"330","290","231.819402","1.088483","0.043037","1.781273"
"340","290","228.038608","1.088505","0.043409","1.77669"
"350","290","224.379158","1.088476","0.043782","1.772351"
"360","290","220.835304","1.088401","0.044156","1.768239"
"370","290","217.401652","1.088285","0.04453","1.764339"
"380","290","214.073142","1.088131","0.044904","1.760635"
"390","290","210.845016","1.087943","0.045278","1.757116"
"400","290","207.712802","1.087725","0.045652","1.753769"
"410","290","204.672287","1.087478","0.046025","1.750583"
"420","290","201.719502","1.087207","0.046399","1.747548"
"430","290","198.850704","1.086912","0.046772","1.744656"
"440","290","196.062361","1.086597","0.047145","1.741896"
"450","290","193.351134","1.086264","0.047517","1.739262"
"460","290","190.713868","1.085913","0.047889","1.736745"
"470","290","188.147578","1.085548","0.04826","1.73434"
"480","290","185.649436","1.085169","0.04863","1.732039"
"490","290","183.216763","1.084779","0.049","1.729837"
"500","290","180.847019","1.084377","0.049369","1.727728"
"-100","300","835.267278","0.820773","0.07722","2.638679"
"-90","300","789.661639","0.822488","0.068471","2.718515"
"-80","300","748.778302","0.829407","0.061187","2.777393"
"-70","300","711.919907","0.840717","0.055284","2.809001"
"-60","300","678.519958","0.85541","0.050627","2.811694"
"-50","300","648.113507","0.872387","0.047006","2.788069"
"-40","300","620.315373","0.890576","0.044185","2.743423"
"-30","300","594.803739","0.909043","0.041971","2.684412"
"-20","300","571.30764","0.927072","0.040231","2.617673"
"-10","300","549.597299","0.944177","0.038878","2.54866"
"0","300","529.476585","0.960082","0.037843","2.481145"
"10","300","510.777076","0.974664","0.03707","2.41735"
"20","300","493.353331","0.987905","0.036509","2.358348"
"30","300","477.0791","0.999849","0.036118","2.304473"
"40","300","461.844257","1.010574","0.035862","2.255635"
"50","300","447.55231","1.020177","0.035715","2.211522"
"60","300","434.118352","1.028757","0.035653","2.17173"
"70","300","421.467373","1.036413","0.035661","2.135827"
"80","300","409.532859","1.043236","0.035726","2.103396"
"90","300","398.255622","1.049314","0.035836","2.074048"
"100","300","387.58282","1.054723","0.035985","2.047434"
"110","300","377.467125","1.059534","0.036166","2.023244"
"120","300","367.866029","1.06381","0.036374","2.001203"
"130","300","358.741236","1.067608","0.036604","1.981072"
"140","300","350.058161","1.070978","0.036853","1.96264"
"150","300","341.785488","1.073963","0.03712","1.945724"
"160","300","333.894792","1.076605","0.0374","1.930164"
"170","300","326.360215","1.078937","0.037693","1.915819"
"180","300","319.15818","1.080993","0.037997","1.902567"
"190","300","312.267147","1.082799","0.03831","1.890298"
"200","300","305.667397","1.08438","0.038631","1.878918"
"210","300","299.340845","1.08576","0.038959","1.868344"
"220","300","293.270869","1.086957","0.039294","1.858499"
"230","300","287.442173","1.087989","0.039634","1.849319"
"240","300","281.840649","1.088874","0.039978","1.840744"
"250","300","276.453272","1.089624","0.040327","1.832723"
"260","300","271.26799","1.090252","0.04068","1.825208"
"270","300","266.273643","1.090771","0.041035","1.818157"
"280","300","261.459874","1.09119","0.041394","1.811533"
"290","300","256.817063","1.09152","0.041755","1.805303"
"300","300","252.336263","1.091768","0.042117","1.799434"
"310","300","248.009139","1.091942","0.042482","1.793901"
"320","300","243.827917","1.092048","0.042848","1.788677"
"330","300","239.785342","1.092094","0.043215","1.78374"
"340","300","235.87463","1.092085","0.043583","1.77907"
"350","300","232.089431","1.092026","0.043952","1.774647"
"360","300","228.4238","1.091922","0.044321","1.770455"
"370","300","224.872159","1.091776","0.044691","1.766478"
"380","300","221.429272","1.091593","0.045062","1.762701"
"390","300","218.09022","1.091377","0.045432","1.759111"
"400","300","214.850374","1.09113","0.045803","1.755696"
"410","300","211.705378","1.090855","0.046173","1.752446"
"420","300","208.651128","1.090556","0.046543","1.749349"
"430","300","205.68375","1.090234","0.046913","1.746396"
"440","300","202.799592","1.089891","0.047283","1.74358"
"450","300","199.9952","1.089531","0.047652","1.74089"
"460","300","197.267311","1.089154","0.048021","1.738321"
"470","300","194.612836","1.088762","0.04839","1.735865"
"480","300","192.028851","1.088357","0.048758","1.733515"
"490","300","189.512585","1.087941","0.049125","1.731266"
"500","300","187.06141","1.087514","0.049491","1.729112"
"-100","310","863.0158","0.841493","0.078604","2.607079"
"-90","310","815.89509","0.841746","0.069853","2.683258"
"-80","310","773.653563","0.847104","0.062539","2.740317"
"-70","310","735.57069","0.856778","0.05657","2.77253"
"-60","310","701.061157","0.869821","0.051825","2.77822"
"-50","310","669.64457","0.885208","0.048113","2.7595"
"-40","310","640.92295","0.901939","0.045212","2.720866"
"-30","310","614.563791","0.919131","0.042929","2.668028"
"-20","310","590.287125","0.936085","0.041125","2.606866"
"-10","310","567.855541","0.952309","0.039708","2.542444"
"0","310","547.066395","0.967502","0.03861","2.478477"
"10","310","527.745667","0.981513","0.037776","2.417305"
"20","310","509.743086","0.994296","0.037158","2.360182"
"30","310","492.928206","1.005871","0.036717","2.307618"
"40","310","477.187245","1.016298","0.036416","2.25967"
"50","310","462.420503","1.025657","0.03623","2.216141"
"60","310","448.540254","1.034036","0.036135","2.176711"
"70","310","435.468995","1.041524","0.036113","2.14101"
"80","310","423.138003","1.048206","0.036152","2.108667"
"90","310","411.486123","1.054162","0.03624","2.079327"
"100","310","400.458758","1.059467","0.036369","2.052664"
"110","310","390.00701","1.064186","0.036532","2.028385"
"120","310","380.086953","1.068381","0.036723","2.006229"
"130","310","370.659024","1.072106","0.036939","1.985964"
"140","310","361.687488","1.07541","0.037175","1.967388"
"150","310","353.139987","1.078334","0.037429","1.950322"
"160","310","344.987154","1.08092","0.037698","1.934609"
"170","310","337.202269","1.0832","0.037981","1.920111"
"180","310","329.760975","1.085206","0.038274","1.906706"
"190","310","322.641014","1.086965","0.038578","1.894289"
"200","310","315.822014","1.088501","0.038891","1.882764"
"210","310","309.285286","1.089838","0.039211","1.872048"
"220","310","303.013659","1.090994","0.039537","1.862067"
"230","310","296.991326","1.091986","0.03987","1.852755"
"240","310","291.203714","1.092831","0.040208","1.844054"
"250","310","285.637362","1.093543","0.04055","1.835911"
"260","310","280.279819","1.094135","0.040896","1.828279"
"270","310","275.119554","1.094618","0.041246","1.821116"
"280","310","270.145866","1.095001","0.041599","1.814385"
"290","310","265.348816","1.095296","0.041954","1.808051"
"300","310","260.719159","1.095509","0.042312","1.802084"
"310","310","256.248282","1.09565","0.042671","1.796456"
"320","310","251.928156","1.095723","0.043032","1.791142"
"330","310","247.751282","1.095737","0.043395","1.786118"
"340","310","243.710651","1.095695","0.043759","1.781365"
"350","310","239.799704","1.095604","0.044123","1.776863"
"360","310","236.012297","1.095469","0.044489","1.772594"
"370","310","232.342666","1.095292","0.044855","1.768544"
"380","310","228.785403","1.095079","0.045221","1.764697"
"390","310","225.335423","1.094833","0.045588","1.76104"
"400","310","221.987946","1.094556","0.045955","1.75756"
"410","310","218.73847","1.094252","0.046322","1.754248"
"420","310","215.582754","1.093924","0.046689","1.751092"
"430","310","212.516797","1.093573","0.047056","1.748082"
"440","310","209.536824","1.093203","0.047423","1.74521"
"450","310","206.639267","1.092814","0.047789","1.742468"
"460","310","203.820754","1.09241","0.048155","1.739848"
"470","310","201.078094","1.091991","0.048521","1.737343"
"480","310","198.408266","1.09156","0.048886","1.734947"
"490","310","195.808407","1.091117","0.049251","1.732652"
"500","310","193.275801","1.090664","0.049615","1.730455"
"-100","320","890.764322","0.862155","0.079958","2.577483"
"-90","320","842.128541","0.860996","0.071203","2.650312"
"-80","320","798.528824","0.864858","0.063863","2.705611"
"-70","320","759.221473","0.872975","0.057835","2.738176"
"-60","320","723.602356","0.884447","0.053005","2.746318"
"-50","320","691.175632","0.898314","0.049205","2.731766"
"-40","320","661.530527","0.913637","0.046225","2.698379"
"-30","320","634.323842","0.929581","0.043874","2.651097"
"-20","320","609.26661","0.945466","0.042009","2.595116"
"-10","320","586.113784","0.960801","0.040532","2.535097"
"0","320","564.656205","0.975264","0.039374","2.474629"
"10","320","544.714258","0.988682","0.038482","2.416115"
"20","320","526.132841","1.000983","0.03781","2.360947"
"30","320","508.777312","1.012166","0.037319","2.309787"
"40","320","492.530232","1.022272","0.036975","2.262823"
"50","320","477.288697","1.031366","0.036749","2.219967"
"60","320","462.962156","1.039525","0.03662","2.180979"
"70","320","449.470617","1.046827","0.036569","2.145554"
"80","320","436.743147","1.053351","0.036582","2.113364"
"90","320","424.716625","1.059172","0.036647","2.084089"
"100","320","413.334697","1.064358","0.036755","2.057427"
"110","320","402.546894","1.068975","0.0369","2.033104"
"120","320","392.307878","1.073078","0.037075","2.010871"
"130","320","382.576813","1.07672","0.037276","1.990508"
"140","320","373.316815","1.079948","0.037499","1.971818"
"150","320","364.494487","1.082805","0.03774","1.954628"
"160","320","356.079516","1.085327","0.037998","1.938785"
"170","320","348.044324","1.087548","0.03827","1.924155"
"180","320","340.36377","1.089498","0.038553","1.910618"
"190","320","333.014881","1.091205","0.038848","1.898068"
"200","320","325.97663","1.092692","0.039152","1.886413"
"210","320","319.229726","1.09398","0.039464","1.87557"
"220","320","312.756448","1.09509","0.039783","1.865465"
"230","320","306.54048","1.096039","0.040108","1.856033"
"240","320","300.566778","1.096842","0.040439","1.847215"
"250","320","294.821451","1.097513","0.040775","1.838959"
"260","320","289.291648","1.098064","0.041115","1.831219"
"270","320","283.965465","1.098508","0.041458","1.823952"
"280","320","278.831858","1.098853","0.041805","1.81712"
"290","320","273.880569","1.099111","0.042155","1.81069"
"300","320","269.102054","1.099288","0.042508","1.804631"
"310","320","264.487426","1.099392","0.042862","1.798914"
"320","320","260.028395","1.099431","0.043218","1.793514"
"330","320","255.717222","1.09941","0.043576","1.788409"
"340","320","251.546673","1.099334","0.043936","1.783577"
"350","320","247.509977","1.09921","0.044296","1.778999"
"360","320","243.600793","1.099042","0.044658","1.774658"
"370","320","239.813173","1.098833","0.04502","1.770538"
"380","320","236.141533","1.098588","0.045383","1.766624"
"390","320","232.580626","1.098311","0.045746","1.762903"
"400","320","229.125518","1.098003","0.046109","1.759362"
"410","320","225.771562","1.097669","0.046473","1.755991"
"420","320","222.51438","1.097311","0.046837","1.752777"
"430","320","219.349843","1.096931","0.047201","1.749713"
"440","320","216.274055","1.096531","0.047564","1.746789"
"450","320","213.283333","1.096114","0.047928","1.743996"
"460","320","210.374197","1.095682","0.048291","1.741327"
"470","320","207.543352","1.095235","0.048654","1.738775"
"480","320","204.787681","1.094776","0.049016","1.736334"
"490","320","202.104229","1.094306","0.049379","1.733996"
"500","320","199.490192","1.093827","0.04974","1.731757"
"-100","330","918.512844","0.88276","0.081284","2.549684"
"-90","330","868.361992","0.880231","0.072525","2.619438"
"-80","330","823.404084","0.882654","0.06516","2.673042"
"-70","330","782.872256","0.889282","0.059078","2.705763"
"-60","330","746.143556","0.899255","0.05417","2.715921"
"-50","330","712.706694","0.911665","0.050284","2.704924"
"-40","330","682.138104","0.925629","0.047225","2.676122"
"-30","330","654.083894","0.940353","0.044807","2.633826"
"-20","330","628.246095","0.955181","0.042882","2.582633"
"-10","330","604.372027","0.969622","0.041348","2.5268"
"0","330","582.246014","0.983343","0.040135","2.469751"
"10","330","561.68285","0.99615","0.039188","2.4139"
"20","330","542.522595","1.007949","0.038464","2.360738"
"30","330","524.626419","1.018719","0.037925","2.311052"
"40","330","507.87322","1.028484","0.037537","2.265151"
"50","330","492.15689","1.037294","0.037273","2.223044"
"60","330","477.384058","1.045213","0.037109","2.184572"
"70","330","463.472239","1.052314","0.037028","2.149488"
"80","330","450.348291","1.058665","0.037015","2.117511"
"90","330","437.947126","1.064337","0.037056","2.088354"
"100","330","426.210636","1.069393","0.037144","2.06174"
"110","330","415.086778","1.073895","0.037271","2.037414"
"120","330","404.528803","1.077896","0.037429","2.015141"
"130","330","394.494602","1.081446","0.037615","1.994712"
"140","330","384.946143","1.084591","0.037824","1.975937"
"150","330","375.848987","1.087371","0.038053","1.958649"
"160","330","367.171878","1.089823","0.038299","1.9427"
"170","330","358.886379","1.091978","0.03856","1.927958"
"180","330","350.966565","1.093867","0.038834","1.914306"
"190","330","343.388748","1.095516","0.039119","1.901641"
"200","330","336.131246","1.096949","0.039414","1.88987"
"210","330","329.174167","1.098186","0.039718","1.878913"
"220","330","322.499237","1.099246","0.040029","1.868696"
"230","330","316.089633","1.100147","0.040347","1.859154"
"240","330","309.929843","1.100904","0.040671","1.85023"
"250","330","304.005541","1.10153","0.041","1.841871"
"260","330","298.303477","1.102039","0.041334","1.834031"
"270","330","292.811376","1.10244","0.041672","1.826667"
"280","330","287.51785","1.102746","0.042013","1.819742"
"290","330","282.412322","1.102963","0.042358","1.813222"
"300","330","277.48495","1.103102","0.042705","1.807076"
"310","330","272.726569","1.103168","0.043054","1.801275"
"320","330","268.128633","1.10317","0.043406","1.795795"
"330","330","263.683161","1.103113","0.043759","1.790613"
"340","330","259.382694","1.103002","0.044114","1.785706"
"350","330","255.22025","1.102843","0.044471","1.781057"
"360","330","251.18929","1.102641","0.044828","1.776648"
"370","330","247.28368","1.102398","0.045186","1.772462"
"380","330","243.497663","1.102121","0.045545","1.768484"
"390","330","239.82583","1.10181","0.045905","1.764702"
"400","330","236.26309","1.101471","0.046265","1.761103"
"410","330","232.804653","1.101106","0.046625","1.757674"
"420","330","229.446006","1.100717","0.046986","1.754407"
"430","330","226.18289","1.100306","0.047346","1.75129"
"440","330","223.011286","1.099877","0.047707","1.748316"
"450","330","219.927399","1.09943","0.048067","1.745474"
"460","330","216.927639","1.098969","0.048428","1.742759"
"470","330","214.00861","1.098494","0.048788","1.740162"
"480","330","211.167097","1.098007","0.049148","1.737677"
"490","330","208.400051","1.097509","0.049507","1.735298"
"500","330","205.704584","1.097002","0.049867","1.733018"
"-100","340","946.261365","0.903305","0.082585","2.523503"
"-90","340","894.595443","0.899443","0.073819","2.590426"
"-80","340","848.279345","0.900479","0.066432","2.642406"
"-70","340","806.523039","0.905679","0.060301","2.675134"
"-60","340","768.684755","0.914216","0.05532","2.686951"
"-50","340","734.237757","0.925229","0.05135","2.679"
"-40","340","702.745681","0.937879","0.048213","2.654213"
"-30","340","673.843946","0.951413","0.045727","2.616385"
"-20","340","647.225579","0.965197","0.043744","2.569597"
"-10","340","622.63027","0.978745","0.042157","2.517718"
"0","340","599.835824","0.991715","0.040891","2.463982"
"10","340","578.651441","1.003896","0.039893","2.410771"
"20","340","558.91235","1.015176","0.039119","2.359643"
"30","340","540.475525","1.025515","0.038533","2.311486"
"40","340","523.216208","1.03492","0.038102","2.266711"
"50","340","507.025083","1.043429","0.0378","2.22542"
"60","340","491.80596","1.051094","0.037602","2.187527"
"70","340","477.473861","1.057977","0.037491","2.152843"
"80","340","463.953435","1.064142","0.03745","2.121133"
"90","340","451.177628","1.069651","0.037469","2.092142"
"100","340","439.086575","1.074566","0.037536","2.06562"
"110","340","427.626662","1.078942","0.037643","2.041329"
"120","340","416.749728","1.082831","0.037785","2.019052"
"130","340","406.412391","1.086281","0.037956","1.998586"
"140","340","396.57547","1.089335","0.038151","1.979753"
"150","340","387.203487","1.092031","0.038367","1.962392"
"160","340","378.26424","1.094406","0.038602","1.946358"
"170","340","369.728434","1.09649","0.038852","1.931524"
"180","340","361.56936","1.098312","0.039116","1.917775"
"190","340","353.762616","1.099898","0.039392","1.90501"
"200","340","346.285862","1.101272","0.039678","1.893139"
"210","340","339.118608","1.102452","0.039974","1.88208"
"220","340","332.242027","1.103459","0.040277","1.871763"
"230","340","325.638787","1.104308","0.040588","1.862123"
"240","340","319.292907","1.105016","0.040905","1.853102"
"250","340","313.189631","1.105595","0.041228","1.844648"
"260","340","307.315306","1.106058","0.041555","1.836716"
"270","340","301.657287","1.106415","0.041887","1.829263"
"280","340","296.203842","1.106677","0.042223","1.822251"
"290","340","290.944074","1.106853","0.042561","1.815648"
"300","340","285.867845","1.106951","0.042903","1.809421"
"310","340","280.965713","1.106977","0.043248","1.803542"
"320","340","276.228872","1.10694","0.043595","1.797987"
"330","340","271.649101","1.106845","0.043944","1.792732"
"340","340","267.218716","1.106697","0.044294","1.787755"
"350","340","262.930523","1.106502","0.044646","1.783039"
"360","340","258.777786","1.106264","0.044999","1.778564"
"370","340","254.754187","1.105987","0.045354","1.774316"
"380","340","250.853794","1.105675","0.045709","1.770278"
"390","340","247.071033","1.105331","0.046065","1.766438"
"400","340","243.400662","1.104959","0.046421","1.762783"
"410","340","239.837745","1.104561","0.046778","1.759301"
"420","340","236.377632","1.10414","0.047136","1.755981"
"430","340","233.015936","1.103699","0.047493","1.752815"
"440","340","229.748518","1.103239","0.047851","1.749792"
"450","340","226.571466","1.102762","0.048208","1.746904"
"460","340","223.481082","1.102271","0.048566","1.744144"
"470","340","220.473869","1.101767","0.048923","1.741504"
"480","340","217.546512","1.101251","0.049281","1.738977"
"490","340","214.695873","1.100725","0.049638","1.736558"
"500","340","211.918975","1.10019","0.049994","1.734239"
"-100","350","974.009887","0.923789","0.083862","2.498786"
"-90","350","920.828894","0.918627","0.075088","2.563097"
"-80","350","873.154605","0.918322","0.06768","2.613524"
"-70","350","830.173822","0.922147","0.061503","2.646143"
"-60","350","791.225954","0.929306","0.056455","2.659329"
"-50","350","755.768819","0.938974","0.052406","2.653999"
"-40","350","723.353258","0.950355","0.049191","2.632736"
"-30","350","693.603998","0.962729","0.046637","2.598911"
"-20","350","666.205064","0.975485","0.044596","2.556161"
"-10","350","640.888512","0.988143","0.042957","2.507998"
"0","350","617.425634","1.000357","0.041641","2.457448"
"10","350","595.620032","1.011902","0.040595","2.406835"
"20","350","575.302105","1.022648","0.039774","2.357748"
"30","350","556.324631","1.032541","0.039143","2.311156"
"40","350","538.559195","1.04157","0.03867","2.267558"
"50","350","521.893276","1.049762","0.03833","2.227138"
"60","350","506.227861","1.057157","0.038098","2.189879"
"70","350","491.475483","1.063809","0.037956","2.155649"
"80","350","477.558579","1.069774","0.037889","2.124253"
"90","350","464.408129","1.07511","0.037884","2.095473"
"100","350","451.962514","1.079872","0.037929","2.069083"
"110","350","440.166546","1.084112","0.038018","2.044865"
"120","350","428.970652","1.08788","0.038143","2.022614"
"130","350","418.33018","1.091221","0.038298","2.002142"
"140","350","408.204797","1.094176","0.038479","1.983277"
"150","350","398.557987","1.096782","0.038683","1.965866"
"160","350","389.356602","1.099073","0.038906","1.949768"
"170","350","380.570489","1.10108","0.039145","1.93486"
"180","350","372.172155","1.10283","0.039399","1.921031"
"190","350","364.136483","1.104349","0.039666","1.908182"
"200","350","356.440478","1.105658","0.039943","1.896223"
"210","350","349.063049","1.106778","0.040231","1.885076"
"220","350","341.984816","1.107728","0.040526","1.87467"
"230","350","335.18794","1.108522","0.04083","1.864941"
"240","350","328.655972","1.109177","0.04114","1.855833"
"250","350","322.373721","1.109706","0.041456","1.847293"
"260","350","316.327135","1.11012","0.041777","1.839277"
"270","350","310.503198","1.11043","0.042103","1.831742"
"280","350","304.889835","1.110647","0.042433","1.824651"
"290","350","299.475827","1.110779","0.042767","1.81797"
"300","350","294.250741","1.110834","0.043103","1.811667"
"310","350","289.204856","1.110819","0.043443","1.805716"
"320","350","284.329111","1.110741","0.043785","1.80009"
"330","350","279.615041","1.110606","0.044129","1.794767"
"340","350","275.054737","1.11042","0.044475","1.789725"
"350","350","270.640796","1.110187","0.044823","1.784945"
"360","350","266.366283","1.109912","0.045172","1.780409"
"370","350","262.224694","1.109599","0.045523","1.776102"
"380","350","258.209924","1.109252","0.045874","1.772007"
"390","350","254.316236","1.108873","0.046226","1.768112"
"400","350","250.538234","1.108467","0.046579","1.764403"
"410","350","246.870837","1.108036","0.046933","1.76087"
"420","350","243.309258","1.107582","0.047287","1.757501"
"430","350","239.848982","1.107109","0.047641","1.754287"
"440","350","236.485749","1.106617","0.047996","1.751218"
"450","350","233.215532","1.106109","0.048351","1.748286"
"460","350","230.034525","1.105588","0.048705","1.745483"
"470","350","226.939127","1.105053","0.04906","1.742802"
"480","350","223.925927","1.104508","0.049415","1.740235"
"490","350","220.991695","1.103953","0.049769","1.737777"
"500","350","218.133366","1.10339","0.050123","1.735422"
"-100","360","1001.758409","0.944212","0.085116","2.475399"
"-90","360","947.062346","0.93778","0.076333","2.537293"
"-80","360","898.029866","0.936173","0.068904","2.586238"
"-70","360","853.824605","0.938671","0.062686","2.618659"
"-60","360","813.767153","0.944503","0.057575","2.632975"
"-50","360","777.299882","0.952876","0.05345","2.62991"
"-40","360","743.960835","0.96303","0.050159","2.611749"
"-30","360","713.364049","0.974273","0.047538","2.58151"
"-20","360","685.184549","0.986018","0.045439","2.542454"
"-10","360","659.146755","0.997792","0.043748","2.497767"
"0","360","635.015444","1.009248","0.042385","2.450265"
"10","360","612.588623","1.020148","0.041293","2.402188"
"20","360","591.691859","1.03035","0.040427","2.355134"
"30","360","572.173738","1.039782","0.039753","2.310129"
"40","360","553.902183","1.048422","0.03924","2.267746"
"50","360","536.761469","1.056282","0.038862","2.228242"
"60","360","520.649763","1.063394","0.038597","2.191665"
"70","360","505.477105","1.069802","0.038425","2.157935"
"80","360","491.163722","1.075556","0.038331","2.126898"
"90","360","477.63863","1.080707","0.038301","2.098369"
"100","360","464.838453","1.085306","0.038325","2.072147"
"110","360","452.70643","1.089401","0.038395","2.048034"
"120","360","441.191577","1.09304","0.038502","2.025841"
"130","360","430.247969","1.096264","0.038642","2.005389"
"140","360","419.834125","1.099112","0.038809","1.986518"
"150","360","409.912486","1.101621","0.039","1.969078"
"160","360","400.448964","1.103822","0.039211","1.952936"
"170","360","391.412543","1.105746","0.03944","1.937973"
"180","360","382.77495","1.10742","0.039683","1.92408"
"190","360","374.51035","1.108866","0.039941","1.91116"
"200","360","366.595094","1.110107","0.040209","1.899128"
"210","360","359.00749","1.111163","0.040489","1.887904"
"220","360","351.727605","1.112051","0.040777","1.87742"
"230","360","344.737093","1.112787","0.041073","1.867613"
"240","360","338.019037","1.113387","0.041376","1.858426"
"250","360","331.557811","1.113862","0.041685","1.84981"
"260","360","325.338964","1.114225","0.042","1.841717"
"270","360","319.349109","1.114486","0.04232","1.834107"
"280","360","313.575827","1.114655","0.042644","1.826942"
"290","360","308.00758","1.11474","0.042973","1.82019"
"300","360","302.633636","1.11475","0.043304","1.813818"
"310","360","297.444","1.114692","0.043639","1.807799"
"320","360","292.429349","1.114572","0.043976","1.802107"
"330","360","287.580981","1.114396","0.044316","1.79672"
"340","360","282.890759","1.11417","0.044658","1.791617"
"350","360","278.351069","1.113898","0.045001","1.786777"
"360","360","273.954779","1.113584","0.045346","1.782184"
"370","360","269.695201","1.113234","0.045693","1.77782"
"380","360","265.566055","1.11285","0.04604","1.773671"
"390","360","261.561439","1.112436","0.046389","1.769724"
"400","360","257.675806","1.111994","0.046739","1.765965"
"410","360","253.903928","1.111529","0.047089","1.762383"
"420","360","250.240884","1.111042","0.04744","1.758968"
"430","360","246.682029","1.110535","0.047791","1.755708"
"440","360","243.222981","1.110011","0.048142","1.752595"
"450","360","239.859598","1.109472","0.048494","1.749621"
"460","360","236.587968","1.108919","0.048846","1.746777"
"470","360","233.404385","1.108354","0.049198","1.744056"
"480","360","230.305342","1.107778","0.04955","1.741452"
"490","360","227.287517","1.107194","0.049901","1.738957"
"500","360","224.347757","1.106601","0.050253","1.736565"
"-100","370","1029.506931","0.964574","0.08635","2.453222"
"-90","370","973.295797","0.956899","0.077555","2.512877"
"-80","370","922.905126","0.954025","0.070106","2.560411"
"-70","370","877.475388","0.95524","0.063851","2.592566"
"-60","370","836.308352","0.95979","0.058681","2.607813"
"-50","370","798.830944","0.966913","0.054484","2.606711"
"-40","370","764.568412","0.975877","0.051118","2.59129"
"-30","370","733.124101","0.98602","0.048429","2.564268"
"-20","370","704.164034","0.996772","0.046273","2.528586"
"-10","370","677.404998","1.007671","0.044532","2.487138"
"0","370","652.605254","1.018368","0.043123","2.442537"
"10","370","629.557214","1.028617","0.041987","2.396922"
"20","370","608.081614","1.038265","0.041078","2.351878"
"30","370","588.022844","1.047226","0.040363","2.308468"
"40","370","569.245171","1.055464","0.039811","2.267328"
"50","370","551.629662","1.062981","0.039397","2.228777"
"60","370","535.071665","1.069798","0.039098","2.192921"
"70","370","519.478727","1.07595","0.038896","2.15973"
"80","370","504.768866","1.081481","0.038775","2.129091"
"90","370","490.869132","1.086436","0.038721","2.10085"
"100","370","477.714391","1.090863","0.038724","2.07483"
"110","370","465.246314","1.094805","0.038774","2.050854"
"120","370","453.412502","1.098305","0.038864","2.028745"
"130","370","442.165758","1.101405","0.038988","2.00834"
"140","370","431.463452","1.10414","0.039141","1.989484"
"150","370","421.266986","1.106545","0.039318","1.972036"
"160","370","411.541326","1.108652","0.039518","1.955869"
"170","370","402.254598","1.110487","0.039735","1.940868"
"180","370","393.377745","1.112078","0.039969","1.926926"
"190","370","384.884217","1.113448","0.040217","1.913951"
"200","370","376.74971","1.114616","0.040477","1.901857"
"210","370","368.95193","1.115604","0.040747","1.890569"
"220","370","361.470395","1.116428","0.041028","1.880017"
"230","370","354.286247","1.117103","0.041317","1.870141"
"240","370","347.382101","1.117643","0.041613","1.860885"
"250","370","340.7419","1.118062","0.041916","1.852199"
"260","370","334.350793","1.118371","0.042224","1.844038"
"270","370","328.19502","1.11858","0.042538","1.83636"
"280","370","322.261819","1.118699","0.042857","1.829128"
"290","370","316.539333","1.118736","0.04318","1.82231"
"300","370","311.016532","1.118699","0.043506","1.815873"
"310","370","305.683144","1.118596","0.043836","1.809792"
"320","370","300.529588","1.118432","0.044168","1.804039"
"330","370","295.546921","1.118213","0.044504","1.798593"
"340","370","290.72678","1.117945","0.044841","1.793432"
"350","370","286.061342","1.117633","0.04518","1.788536"
"360","370","281.543276","1.11728","0.045521","1.783888"
"370","370","277.165708","1.116891","0.045864","1.779472"
"380","370","272.922185","1.116469","0.046208","1.775273"
"390","370","268.806643","1.116018","0.046553","1.771276"
"400","370","264.813378","1.115541","0.046899","1.76747"
"410","370","260.93702","1.11504","0.047246","1.763842"
"420","370","257.17251","1.114518","0.047593","1.760381"
"430","370","253.515075","1.113978","0.047941","1.757079"
"440","370","249.960212","1.113421","0.04829","1.753924"
"450","370","246.503665","1.112849","0.048639","1.75091"
"460","370","243.141411","1.112264","0.048988","1.748027"
"470","370","239.869643","1.111668","0.049337","1.745268"
"480","370","236.684758","1.111061","0.049686","1.742627"
"490","370","233.583339","1.110447","0.050035","1.740097"
"500","370","230.562149","1.109825","0.050384","1.737671"
"-100","380","1057.255453","0.984875","0.087564","2.432153"
"-90","380","999.529248","0.97598","0.078755","2.489728"
"-80","380","947.780387","0.971872","0.071287","2.53592"
"-70","380","901.126171","0.971842","0.064997","2.567756"
"-60","380","858.849551","0.975152","0.059773","2.583768"
"-50","380","820.362006","0.981066","0.055507","2.584374"
"-40","380","785.175989","0.988877","0.05207","2.57138"
"-30","380","752.884153","0.997948","0.049314","2.547248"
"-20","380","723.143519","1.007726","0.047099","2.514646"
"-10","380","695.663241","1.017759","0.045308","2.47621"
"0","380","670.195064","1.027698","0.043854","2.434358"
"10","380","646.525805","1.037294","0.042676","2.39112"
"20","380","624.471369","1.04638","0.041727","2.34805"
"30","380","603.87195","1.05486","0.040972","2.306233"
"40","380","584.588158","1.062686","0.040382","2.266353"
"50","380","566.497855","1.069848","0.039933","2.228782"
"60","380","549.493567","1.076358","0.039602","2.193682"
"70","380","533.480349","1.082245","0.03937","2.161065"
"80","380","518.37401","1.087543","0.039221","2.130858"
"90","380","504.099633","1.092293","0.039143","2.102936"
"100","380","490.59033","1.096538","0.039124","2.077149"
"110","380","477.786198","1.100318","0.039155","2.053337"
"120","380","465.633427","1.103673","0.039227","2.03134"
"130","380","454.083546","1.106641","0.039335","2.011004"
"140","380","443.092779","1.109257","0.039474","1.992185"
"150","380","432.621486","1.111552","0.039638","1.97475"
"160","380","422.633687","1.113558","0.039825","1.958576"
"170","380","413.096653","1.1153","0.040032","1.943552"
"180","380","403.98054","1.116804","0.040255","1.929576"
"190","380","395.258084","1.118092","0.040494","1.916558"
"200","380","386.904326","1.119185","0.040745","1.904415"
"210","380","378.896371","1.120101","0.041007","1.893073"
"220","380","371.213184","1.120856","0.04128","1.882465"
"230","380","363.8354","1.121466","0.041561","1.87253"
"240","380","356.745166","1.121945","0.041851","1.863213"
"250","380","349.92599","1.122305","0.042147","1.854465"
"260","380","343.362622","1.122558","0.04245","1.846242"
"270","380","337.040931","1.122712","0.042758","1.838503"
"280","380","330.947811","1.122779","0.043071","1.83121"
"290","380","325.071085","1.122766","0.043388","1.824332"
"300","380","319.399427","1.122681","0.043709","1.817837"
"310","380","313.922287","1.12253","0.044034","1.811697"
"320","380","308.629827","1.122321","0.044362","1.805888"
"330","380","303.51286","1.122058","0.044692","1.800387"
"340","380","298.562802","1.121746","0.045025","1.795172"
"350","380","293.771615","1.121392","0.04536","1.790224"
"360","380","289.131772","1.120998","0.045697","1.785525"
"370","380","284.636215","1.12057","0.046036","1.78106"
"380","380","280.278315","1.120109","0.046376","1.776812"
"390","380","276.051846","1.11962","0.046718","1.772769"
"400","380","271.95095","1.119106","0.04706","1.768918"
"410","380","267.970112","1.118569","0.047404","1.765246"
"420","380","264.104136","1.118012","0.047748","1.761743"
"430","380","260.348122","1.117437","0.048093","1.7584"
"440","380","256.697443","1.116846","0.048438","1.755206"
"450","380","253.147731","1.11624","0.048784","1.752153"
"460","380","249.694853","1.115623","0.04913","1.749232"
"470","380","246.334901","1.114995","0.049477","1.746438"
"480","380","243.064173","1.114357","0.049823","1.743762"
"490","380","239.879161","1.113712","0.05017","1.741198"
"500","380","236.77654","1.113059","0.050516","1.73874"
"-100","390","1085.003975","1.005114","0.08876","2.4121"
"-90","390","1025.762699","0.995021","0.079936","2.467739"
"-80","390","972.655648","0.989709","0.072449","2.512654"
"-70","390","924.776955","0.988468","0.066125","2.544133"
"-60","390","881.39075","0.990577","0.060851","2.560771"
"-50","390","841.893069","0.995318","0.056521","2.562869"
"-40","390","805.783566","1.00201","0.053013","2.552031"
"-30","390","772.644204","1.010035","0.050191","2.530499"
"-20","390","742.123003","1.018858","0.047917","2.500708"
"-10","390","713.921483","1.028036","0.046077","2.465068"
"0","390","687.784874","1.037223","0.044579","2.425811"
"10","390","663.494396","1.046163","0.04336","2.384857"
"20","390","640.861123","1.054682","0.042372","2.343716"
"30","390","619.721057","1.062673","0.041579","2.303481"
"40","390","599.931146","1.070078","0.040954","2.264867"
"50","390","581.366048","1.076875","0.04047","2.228299"
"60","390","563.915468","1.083069","0.040106","2.193979"
"70","390","547.481971","1.088679","0.039845","2.161966"
"80","390","531.979154","1.093735","0.03967","2.132221"
"90","390","517.330134","1.098272","0.039568","2.104649"
"100","390","503.466269","1.102327","0.039527","2.079122"
"110","390","490.326082","1.105937","0.039537","2.0555"
"120","390","477.854352","1.10914","0.039592","2.033638"
"130","390","466.001335","1.111969","0.039684","2.013393"
"140","390","454.722107","1.114459","0.039808","1.994632"
"150","390","443.975986","1.116639","0.03996","1.977227"
"160","390","433.726049","1.118539","0.040135","1.961062"
"170","390","423.938708","1.120183","0.04033","1.946031"
"180","390","414.583335","1.121595","0.040543","1.932036"
"190","390","405.631951","1.122798","0.040772","1.918988"
"200","390","397.058942","1.123811","0.041014","1.906808"
"210","390","388.840812","1.124651","0.041268","1.895423"
"220","390","380.955973","1.125335","0.041533","1.884767"
"230","390","373.384554","1.125877","0.041807","1.874781"
"240","390","366.10823","1.126292","0.04209","1.865412"
"250","390","359.11008","1.12659","0.042379","1.856611"
"260","390","352.374451","1.126784","0.042676","1.848333"
"270","390","345.886842","1.126882","0.042978","1.840538"
"280","390","339.633803","1.126895","0.043285","1.833191"
"290","390","333.602838","1.126829","0.043597","1.826258"
"300","390","327.782323","1.126693","0.043913","1.819709"
"310","390","322.161431","1.126494","0.044233","1.813516"
"320","390","316.730065","1.126237","0.044556","1.807655"
"330","390","311.4788","1.125928","0.044882","1.802103"
"340","390","306.398823","1.125573","0.045211","1.796838"
"350","390","301.481888","1.125175","0.045542","1.791841"
"360","390","296.720269","1.12474","0.045875","1.787095"
"370","390","292.106722","1.12427","0.046209","1.782583"
"380","390","287.634446","1.123769","0.046546","1.778291"
"390","390","283.297049","1.123242","0.046884","1.774204"
"400","390","279.088522","1.122689","0.047223","1.77031"
"410","390","275.003203","1.122115","0.047563","1.766597"
"420","390","271.035762","1.121522","0.047904","1.763055"
"430","390","267.181168","1.120911","0.048245","1.759672"
"440","390","263.434675","1.120285","0.048588","1.75644"
"450","390","259.791797","1.119646","0.048931","1.753351"
"460","390","256.248296","1.118996","0.049274","1.750395"
"470","390","252.800159","1.118335","0.049617","1.747566"
"480","390","249.443588","1.117665","0.049961","1.744857"
"490","390","246.174983","1.116988","0.050305","1.742261"
"500","390","242.990931","1.116305","0.050649","1.739771"
"-100","400","1112.752497","1.025293","0.08994","2.39298"
"-90","400","1051.99615","1.014022","0.081098","2.446815"
"-80","400","997.530908","1.00753","0.073591","2.490517"
"-70","400","948.427738","1.005111","0.067236","2.521611"
"-60","400","903.931949","1.006053","0.061915","2.538758"
"-50","400","863.424131","1.009656","0.057525","2.54216"
"-40","400","826.391143","1.01526","0.05395","2.533243"
"-30","400","792.404256","1.022266","0.051062","2.514057"
"-20","400","761.102488","1.030152","0.04873","2.486833"
"-10","400","732.179726","1.038487","0.046839","2.453782"
"0","400","705.374684","1.046925","0.045298","2.416971"
"10","400","680.462987","1.055209","0.044039","2.378203"
"20","400","657.250878","1.063158","0.043013","2.338938"
"30","400","635.570163","1.070653","0.042185","2.300262"
"40","400","615.274133","1.077629","0.041524","2.262918"
"50","400","596.234241","1.084053","0.041007","2.227364"
"60","400","578.33737","1.089922","0.040613","2.193846"
"70","400","561.483593","1.095248","0.040322","2.162461"
"80","400","545.584298","1.100053","0.040121","2.133204"
"90","400","530.560636","1.104368","0.039994","2.106007"
"100","400","516.342208","1.108225","0.039931","2.080765"
"110","400","502.865966","1.111658","0.039922","2.057357"
"120","400","490.075276","1.114701","0.039959","2.035651"
"130","400","477.919124","1.117387","0.040035","2.015519"
"140","400","466.351434","1.119745","0.040144","1.996833"
"150","400","455.330485","1.121804","0.040282","1.979476"
"160","400","444.818411","1.123592","0.040445","1.963337"
"170","400","434.780762","1.125133","0.040629","1.948313"
"180","400","425.18613","1.12645","0.040832","1.934311"
"190","400","416.005819","1.127564","0.041051","1.921246"
"200","400","407.213558","1.128492","0.041284","1.909039"
"210","400","398.785253","1.129254","0.04153","1.897621"
"220","400","390.698763","1.129863","0.041787","1.886927"
"230","400","382.933707","1.130335","0.042054","1.8769"
"240","400","375.471295","1.130682","0.042329","1.867486"
"250","400","368.29417","1.130916","0.042612","1.858638"
"260","400","361.386279","1.131049","0.042902","1.850312"
"270","400","354.732753","1.131088","0.043199","1.842469"
"280","400","348.319796","1.131044","0.0435","1.835072"
"290","400","342.134591","1.130925","0.043807","1.82809"
"300","400","336.165218","1.130737","0.044118","1.821492"
"310","400","330.400574","1.130487","0.044433","1.815251"
"320","400","324.830304","1.130181","0.044751","1.809342"
"330","400","319.44474","1.129825","0.045072","1.803743"
"340","400","314.234844","1.129424","0.045397","1.798431"
"350","400","309.192161","1.128982","0.045723","1.793389"
"360","400","304.308766","1.128503","0.046052","1.788599"
"370","400","299.577229","1.127991","0.046383","1.784044"
"380","400","294.990576","1.12745","0.046716","1.77971"
"390","400","290.542253","1.126882","0.04705","1.775582"
"400","400","286.226094","1.126291","0.047386","1.771648"
"410","400","282.036295","1.125679","0.047722","1.767896"
"420","400","277.967388","1.125048","0.04806","1.764316"
"430","400","274.014214","1.124401","0.048399","1.760896"
"440","400","270.171906","1.12374","0.048738","1.757629"
"450","400","266.435864","1.123066","0.049078","1.754505"
"460","400","262.801739","1.122382","0.049418","1.751515"
"470","400","259.265417","1.121688","0.049759","1.748654"
"480","400","255.823003","1.120986","0.0501","1.745913"
"490","400","252.470805","1.120277","0.050442","1.743286"
"500","400","249.205322","1.119563","0.050783","1.740767"
"-100","410","1140.501019","1.045411","0.091103","2.374722"
"-90","410","1078.229601","1.032979","0.082242","2.426873"
"-80","410","1022.406169","1.025333","0.074715","2.469421"
"-70","410","972.078521","1.021763","0.068331","2.500109"
"-60","410","926.473148","1.021569","0.062966","2.517667"
"-50","410","884.955194","1.024067","0.058518","2.522212"
"-40","410","846.99872","1.028612","0.054879","2.515013"
"-30","410","812.164308","1.034622","0.051927","2.497946"
"-20","410","780.081973","1.041592","0.049537","2.473067"
"-10","410","750.437969","1.049095","0.047595","2.442415"
"0","410","722.964494","1.056791","0.04601","2.407901"
"10","410","697.431579","1.06442","0.044713","2.37122"
"20","410","673.640633","1.071795","0.043651","2.333772"
"30","410","651.419269","1.078791","0.042788","2.296628"
"40","410","630.617121","1.08533","0.042093","2.260545"
"50","410","611.102434","1.091374","0.041544","2.226014"
"60","410","592.759272","1.09691","0.04112","2.193314"
"70","410","575.485215","1.101943","0.040801","2.162578"
"80","410","559.189442","1.10649","0.040573","2.13383"
"90","410","543.791137","1.110576","0.040423","2.10703"
"100","410","529.218147","1.114228","0.040338","2.082095"
"110","410","515.40585","1.117477","0.040309","2.058922"
"120","410","502.296201","1.120355","0.040328","2.037393"
"130","410","489.836913","1.122889","0.040387","2.017391"
"140","410","477.980761","1.12511","0.040482","1.998799"
"150","410","466.684985","1.127044","0.040606","1.981506"
"160","410","455.910773","1.128716","0.040756","1.965406"
"170","410","445.622817","1.13015","0.040929","1.950403"
"180","410","435.788925","1.131367","0.041121","1.936407"
"190","410","426.379686","1.132387","0.041331","1.923336"
"200","410","417.368174","1.133228","0.041555","1.911114"
"210","410","408.729694","1.133907","0.041793","1.899673"
"220","410","400.441552","1.134439","0.042042","1.88895"
"230","410","392.482861","1.134837","0.042301","1.878889"
"240","410","384.834359","1.135115","0.042569","1.869438"
"250","410","377.47826","1.135283","0.042846","1.86055"
"260","410","370.398108","1.135351","0.04313","1.852183"
"270","410","363.578664","1.13533","0.04342","1.844297"
"280","410","357.005788","1.135228","0.043716","1.836857"
"290","410","350.666344","1.135052","0.044017","1.82983"
"300","410","344.548114","1.13481","0.044323","1.823188"
"310","410","338.639718","1.134508","0.044633","1.816903"
"320","410","332.930543","1.134152","0.044947","1.810951"
"330","410","327.41068","1.133747","0.045264","1.805308"
"340","410","322.070866","1.133299","0.045584","1.799954"
"350","410","316.902434","1.132811","0.045906","1.79487"
"360","410","311.897262","1.132288","0.046231","1.790039"
"370","410","307.047736","1.131733","0.046558","1.785444"
"380","410","302.346707","1.131149","0.046887","1.78107"
"390","410","297.787456","1.130541","0.047218","1.776903"
"400","410","293.363666","1.12991","0.04755","1.772932"
"410","410","289.069387","1.129259","0.047883","1.769144"
"420","410","284.899014","1.12859","0.048218","1.765528"
"430","410","280.847261","1.127907","0.048553","1.762074"
"440","410","276.909138","1.127209","0.048889","1.758772"
"450","410","273.07993","1.1265","0.049226","1.755615"
"460","410","269.355182","1.125781","0.049564","1.752594"
"470","410","265.730675","1.125053","0.049902","1.749702"
"480","410","262.202418","1.124318","0.05024","1.74693"
"490","410","258.766627","1.123577","0.050579","1.744274"
"500","410","255.419713","1.12283","0.050918","1.741727"
"-100","420","1168.249541","1.065469","0.09225","2.35726"
"-90","420","1104.463052","1.051894","0.083368","2.407836"
"-80","420","1047.281429","1.043114","0.075822","2.449288"
"-70","420","995.729304","1.038421","0.06941","2.479557"
"-60","420","949.014347","1.037119","0.064004","2.497442"
"-50","420","906.486256","1.03854","0.059502","2.50299"
"-40","420","867.606297","1.042053","0.055801","2.497331"
"-30","420","831.92436","1.047092","0.052786","2.482183"
"-20","420","799.061458","1.053161","0.050338","2.459451"
"-10","420","768.696211","1.059846","0.048346","2.431018"
"0","420","740.554304","1.066807","0.046718","2.39866"
"10","420","714.40017","1.073783","0.045381","2.363964"
"20","420","690.030387","1.080584","0.044284","2.328269"
"30","420","667.268376","1.087075","0.043387","2.292624"
"40","420","645.960109","1.093173","0.042661","2.257791"
"50","420","625.970627","1.09883","0.042081","2.224283"
"60","420","607.181174","1.104026","0.041627","2.192412"
"70","420","589.486837","1.108759","0.04128","2.16234"
"80","420","572.794586","1.113041","0.041027","2.13412"
"90","420","557.021639","1.11689","0.040852","2.107737"
"100","420","542.094086","1.120331","0.040746","2.083129"
"110","420","527.945734","1.123391","0.040697","2.06021"
"120","420","514.517126","1.126096","0.040698","2.038876"
"130","420","501.754702","1.128475","0.040741","2.019022"
"140","420","489.610088","1.130553","0.04082","2.000539"
"150","420","478.039485","1.132356","0.040931","1.983324"
"160","420","467.003135","1.133908","0.041069","1.967279"
"170","420","456.464872","1.13523","0.04123","1.95231"
"180","420","446.39172","1.136343","0.041412","1.938331"
"190","420","436.753553","1.137266","0.041612","1.925264"
"200","420","427.52279","1.138017","0.041827","1.913037"
"210","420","418.674134","1.13861","0.042056","1.901582"
"220","420","410.184342","1.139061","0.042297","1.890838"
"230","420","402.032014","1.139384","0.042549","1.880752"
"240","420","394.197424","1.139589","0.042811","1.871271"
"250","420","386.662349","1.139688","0.043081","1.86235"
"260","420","379.409937","1.13969","0.043358","1.853947"
"270","420","372.424575","1.139606","0.043642","1.846024"
"280","420","365.69178","1.139444","0.043933","1.838546"
"290","420","359.198097","1.13921","0.044229","1.831481"
"300","420","352.931009","1.138912","0.044529","1.824799"
"310","420","346.878861","1.138557","0.044834","1.818475"
"320","420","341.030781","1.138149","0.045143","1.812482"
"330","420","335.376619","1.137694","0.045456","1.8068"
"340","420","329.906887","1.137197","0.045771","1.801407"
"350","420","324.612706","1.136662","0.04609","1.796285"
"360","420","319.485759","1.136094","0.046411","1.791416"
"370","420","314.518243","1.135494","0.046734","1.786783"
"380","420","309.702837","1.134868","0.047059","1.782372"
"390","420","305.032659","1.134218","0.047386","1.77817"
"400","420","300.501238","1.133546","0.047715","1.774164"
"410","420","296.102478","1.132856","0.048045","1.770341"
"420","420","291.83064","1.132148","0.048376","1.766691"
"430","420","287.680307","1.131427","0.048708","1.763205"
"440","420","283.646369","1.130692","0.049041","1.759872"
"450","420","279.723996","1.129947","0.049375","1.756683"
"460","420","275.908624","1.129193","0.04971","1.753632"
"470","420","272.195934","1.12843","0.050045","1.75071"
"480","420","268.581834","1.127662","0.050381","1.74791"
"490","420","265.062449","1.126887","0.050717","1.745226"
"500","420","261.634105","1.126109","0.051054","1.742651"
"-100","430","1195.998063","1.085468","0.093384","2.340537"
"-90","430","1130.696504","1.070764","0.084479","2.389637"
"-80","430","1072.15669","1.060871","0.076913","2.430047"
"-70","430","1019.380087","1.055077","0.070473","2.459889"
"-60","430","971.555546","1.052695","0.065029","2.478029"
"-50","430","928.017319","1.053065","0.060476","2.484461"
"-40","430","888.213874","1.055571","0.056716","2.480185"
"-30","430","851.684411","1.059661","0.05364","2.46678"
"-20","430","818.040942999999","1.064848","0.051135","2.446013"
"-10","430","786.954454","1.070726","0.049092","2.419635"
"0","430","758.144114","1.07696","0.04742","2.389296"
"10","430","731.368761","1.083287","0.046045","2.356486"
"20","430","706.420142","1.089512","0.044913","2.322478"
"30","430","683.117482","1.095497","0.043984","2.288292"
"40","430","661.303096","1.101149","0.043227","2.254691"
"50","430","640.83882","1.106414","0.042617","2.222205"
"60","430","621.603076","1.111264","0.042134","2.191169"
"70","430","603.488459","1.115691","0.041761","2.161772"
"80","430","586.39973","1.1197","0.041482","2.134095"
"90","430","570.25214","1.123307","0.041284","2.108146"
"100","430","554.970024","1.12653","0.041156","2.083883"
"110","430","540.485618","1.129394","0.041087","2.061234"
"120","430","526.738051","1.131922","0.04107","2.040112"
"130","430","513.672491","1.134139","0.041096","2.020421"
"140","430","501.239416","1.13607","0.041161","2.002063"
"150","430","489.393985","1.137738","0.041258","1.98494"
"160","430","478.095497","1.139165","0.041383","1.968961"
"170","430","467.306927","1.140371","0.041533","1.954038"
"180","430","456.994515","1.141377","0.041704","1.940088"
"190","430","447.12742","1.1422","0.041894","1.927036"
"200","430","437.677406","1.142856","0.0421","1.914813"
"210","430","428.618575","1.143362","0.04232","1.903352"
"220","430","419.927131","1.143729","0.042553","1.892597"
"230","430","411.581168","1.143973","0.042798","1.882492"
"240","430","403.560488","1.144103","0.043052","1.872988"
"250","430","395.846439","1.14413","0.043316","1.864041"
"260","430","388.421766","1.144065","0.043587","1.855609"
"270","430","381.270486","1.143917","0.043865","1.847655"
"280","430","374.377772","1.143692","0.04415","1.840143"
"290","430","367.729849","1.143399","0.044441","1.833044"
"300","430","361.313905","1.143044","0.044736","1.826327"
"310","430","355.118005","1.142633","0.045036","1.819967"
"320","430","349.13102","1.142172","0.045341","1.813939"
"330","430","343.342559","1.141666","0.045649","1.808221"
"340","430","337.742909","1.141119","0.04596","1.802793"
"350","430","332.322979","1.140536","0.046274","1.797635"
"360","430","327.074255","1.13992","0.046591","1.79273"
"370","430","321.98875","1.139276","0.04691","1.788063"
"380","430","317.058968","1.138606","0.047232","1.783619"
"390","430","312.277863","1.137913","0.047555","1.779383"
"400","430","307.63881","1.137199","0.04788","1.775343"
"410","430","303.13557","1.136468","0.048207","1.771489"
"420","430","298.762266","1.135722","0.048535","1.767808"
"430","430","294.513354","1.134961","0.048864","1.76429"
"440","430","290.3836","1.134189","0.049194","1.760927"
"450","430","286.368063","1.133408","0.049525","1.75771"
"460","430","282.462067","1.132617","0.049857","1.75463"
"470","430","278.661192","1.13182","0.05019","1.75168"
"480","430","274.961249","1.131017","0.050523","1.748853"
"490","430","271.358271","1.130209","0.050856","1.746142"
"500","430","267.848496","1.129398","0.05119","1.743542"
"-100","440","1223.746585","1.105409","0.094505","2.324499"
"-90","440","1156.929955","1.089589","0.085575","2.372216"
"-80","440","1097.03195","1.078602","0.077987","2.411636"
"-70","440","1043.03087","1.07173","0.071522","2.441046"
"-60","440","994.096745","1.06829","0.066041","2.459381"
"-50","440","949.548381","1.067634","0.06144","2.46659"
"-40","440","908.821451","1.069158","0.057624","2.463559"
"-30","440","871.444463","1.072318","0.054489","2.45174"
"-20","440","837.020427","1.076641","0.051927","2.432776"
"-10","440","805.212697","1.081724","0.049833","2.408301"
"0","440","775.733923","1.087238","0.048117","2.379854"
"10","440","748.337352","1.09292","0.046704","2.34883"
"20","440","722.809897","1.098571","0.045538","2.31644"
"30","440","698.966588","1.104047","0.044577","2.283672"
"40","440","676.646084","1.10925","0.04379","2.251281"
"50","440","655.707013","1.114117","0.043151","2.219809"
"60","440","636.024977","1.118616","0.042641","2.18961"
"70","440","617.490081","1.122731","0.042241","2.160898"
"80","440","600.004874","1.126463","0.041937","2.133777"
"90","440","583.482641","1.129821","0.041716","2.108275"
"100","440","567.845963","1.132822","0.041567","2.084371"
"110","440","553.025502","1.135484","0.041478","2.062008"
"120","440","538.958975","1.13783","0.041443","2.041113"
"130","440","525.59028","1.139881","0.041453","2.021599"
"140","440","512.868743","1.14166","0.041502","2.003379"
"150","440","500.748484","1.143188","0.041585","1.986361"
"160","440","489.187859","1.144485","0.041698","1.970461"
"170","440","478.148982","1.145573","0.041836","1.955594"
"180","440","467.59731","1.146467","0.041996","1.941684"
"190","440","457.501287","1.147186","0.042176","1.928657"
"200","440","447.832022","1.147746","0.042373","1.916446"
"210","440","438.563016","1.14816","0.042585","1.904989"
"220","440","429.66992","1.148441","0.04281","1.894229"
"230","440","421.130321","1.148603","0.043047","1.884113"
"240","440","412.923553","1.148656","0.043295","1.874593"
"250","440","405.030529","1.14861","0.043552","1.865626"
"260","440","397.433595","1.148475","0.043817","1.85717"
"270","440","390.116397","1.14826","0.044089","1.84919"
"280","440","383.063764","1.147971","0.044368","1.84165"
"290","440","376.261602","1.147616","0.044653","1.834521"
"300","440","369.6968","1.147203","0.044944","1.827774"
"310","440","363.357149","1.146735","0.045239","1.821382"
"320","440","357.231259","1.146219","0.045539","1.815322"
"330","440","351.308499","1.145661","0.045842","1.809572"
"340","440","345.57893","1.145063","0.046149","1.804111"
"350","440","340.033252","1.144431","0.046459","1.798921"
"360","440","334.662752","1.143767","0.046772","1.793985"
"370","440","329.459257","1.143077","0.047087","1.789286"
"380","440","324.415098","1.142362","0.047405","1.784809"
"390","440","319.523066","1.141625","0.047725","1.780543"
"400","440","314.776381","1.140869","0.048047","1.776473"
"410","440","310.168662","1.140097","0.04837","1.772588"
"420","440","305.693892","1.13931","0.048695","1.768878"
"430","440","301.3464","1.13851","0.049021","1.765331"
"440","440","297.120832","1.1377","0.049348","1.76194"
"450","440","293.012129","1.136881","0.049676","1.758695"
"460","440","289.01551","1.136054","0.050005","1.755588"
"470","440","285.12645","1.135221","0.050335","1.752612"
"480","440","281.340664","1.134383","0.050665","1.749759"
"490","440","277.654093","1.133542","0.050996","1.747023"
"500","440","274.062887","1.132697","0.051327","1.744398"
"-100","450","1251.495107","1.125291","0.095613","2.3091"
"-90","450","1183.163406","1.10837","0.086657","2.355516"
"-80","450","1121.907211","1.096304","0.079047","2.393995"
"-70","450","1066.681653","1.088374","0.072557","2.422973"
"-60","450","1016.637944","1.0839","0.067041","2.441452"
"-50","450","971.079443","1.08224","0.062395","2.449345"
"-40","450","929.429028","1.082803","0.058525","2.447438"
"-30","450","891.204515","1.085054","0.055332","2.437065"
"-20","450","855.999912","1.088528","0.052715","2.419758"
"-10","450","823.47094","1.09283","0.050571","2.397046"
"0","450","793.323733","1.097632","0.048811","2.370368"
"10","450","765.305943","1.102673","0.047359","2.341035"
"20","450","739.199651","1.107751","0.04616","2.310195"
"30","450","714.815694","1.112717","0.045167","2.2788"
"40","450","691.989072","1.117468","0.044351","2.247594"
"50","450","670.575206","1.121934","0.043684","2.217124"
"60","450","650.446879","1.126077","0.043146","2.187762"
"70","450","631.491703","1.129875","0.042721","2.15974"
"80","450","613.610018","1.133324","0.042393","2.133184"
"90","450","596.713143","1.136428","0.04215","2.108141"
"100","450","580.721902","1.139201","0.041979","2.084609"
"110","450","565.565386","1.141657","0.041871","2.062546"
"120","450","551.1799","1.143815","0.041817","2.04189"
"130","450","537.508068","1.145696","0.041811","2.022567"
"140","450","524.49807","1.147318","0.041845","2.004496"
"150","450","512.102984","1.148702","0.041914","1.987596"
"160","450","500.280221","1.149867","0.042014","1.971785"
"170","450","488.991036","1.150832","0.042141","1.956986"
"180","450","478.200105","1.151612","0.04229","1.943125"
"190","450","467.875154","1.152224","0.04246","1.930131"
"200","450","457.986638","1.152683","0.042648","1.917942"
"210","450","448.507457","1.153003","0.042851","1.906496"
"220","450","439.41271","1.153196","0.043068","1.895738"
"230","450","430.679475","1.153274","0.043298","1.885618"
"240","450","422.286618","1.153247","0.043538","1.876089"
"250","450","414.214619","1.153126","0.043788","1.867107"
"260","450","406.445424","1.152919","0.044047","1.858634"
"270","450","398.962308","1.152635","0.044313","1.850632"
"280","450","391.749756","1.152281","0.044587","1.84307"
"290","450","384.793355","1.151863","0.044866","1.835915"
"300","450","378.079696","1.151389","0.045152","1.829142"
"310","450","371.596292","1.150863","0.045442","1.822722"
"320","450","365.331498","1.150292","0.045737","1.816634"
"330","450","359.274439","1.149679","0.046036","1.810855"
"340","450","353.414952","1.149029","0.046339","1.805365"
"350","450","347.743525","1.148346","0.046645","1.800145"
"360","450","342.251248","1.147634","0.046954","1.795179"
"370","450","336.929764","1.146896","0.047265","1.790451"
"380","450","331.771228","1.146135","0.047579","1.785946"
"390","450","326.768269","1.145354","0.047895","1.781651"
"400","450","321.913953","1.144555","0.048214","1.777553"
"410","450","317.201753","1.14374","0.048534","1.77364"
"420","450","312.625518","1.142913","0.048855","1.769902"
"430","450","308.179446","1.142073","0.049178","1.766329"
"440","450","303.858063","1.141224","0.049502","1.762911"
"450","450","299.656196","1.140367","0.049827","1.75964"
"460","450","295.568953","1.139503","0.050154","1.756508"
"470","450","291.591708","1.138634","0.050481","1.753506"
"480","450","287.720079","1.137761","0.050808","1.750629"
"490","450","283.949915","1.136885","0.051137","1.74787"
"500","450","280.277278","1.136006","0.051465","1.745222"
"-100","460","1279.243629","1.145117","0.096709","2.294296"
"-90","460","1209.396857","1.127105","0.087725","2.339489"
"-80","460","1146.782471","1.113977","0.080093","2.377072"
"-70","460","1090.332436","1.105007","0.073577","2.405621"
"-60","460","1039.179143","1.099518","0.068028","2.424201"
"-50","460","992.610506","1.096877","0.06334","2.432696"
"-40","460","950.036605","1.096498","0.059419","2.431805"
"-30","460","910.964567","1.097859","0.056171","2.422753"
"-20","460","874.979397","1.1005","0.053499","2.406971"
"-10","460","841.729182","1.104032","0.051305","2.385894"
"0","460","810.913543","1.108131","0.0495","2.360872"
"10","460","782.274534","1.112536","0.048011","2.333137"
"20","460","755.589406","1.117043","0.046777","2.303777"
"30","460","730.664801","1.121499","0.045754","2.273709"
"40","460","707.332059","1.125796","0.044909","2.24366"
"50","460","685.443399","1.129858","0.044215","2.214179"
"60","460","664.868781","1.13364","0.043651","2.185648"
"70","460","645.493325","1.137117","0.043201","2.158319"
"80","460","627.215162","1.140279","0.04285","2.132334"
"90","460","609.943644","1.143125","0.042584","2.107761"
"100","460","593.597841","1.145664","0.042392","2.084611"
"110","460","578.10527","1.147909","0.042265","2.062859"
"120","460","563.400825","1.149876","0.042193","2.042454"
"130","460","549.425857","1.151581","0.04217","2.023334"
"140","460","536.127398","1.153043","0.042189","2.005424"
"150","460","523.457484","1.15428","0.042244","1.988652"
"160","460","511.372583","1.155309","0.042331","1.972941"
"170","460","499.833091","1.156146","0.042446","1.958219"
"180","460","488.8029","1.156809","0.042585","1.944416"
"190","460","478.249022","1.157311","0.042744","1.931465"
"200","460","468.141254","1.157667","0.042923","1.919305"
"210","460","458.451898","1.15789","0.043117","1.907877"
"220","460","449.155499","1.157992","0.043327","1.897129"
"230","460","440.228628","1.157984","0.043548","1.887011"
"240","460","431.649682","1.157876","0.043782","1.877478"
"250","460","423.398709","1.157677","0.044025","1.868488"
"260","460","415.457253","1.157396","0.044278","1.860002"
"270","460","407.808219","1.157041","0.044538","1.851984"
"280","460","400.435749","1.15662","0.044806","1.844403"
"290","460","393.325108","1.156138","0.04508","1.837228"
"300","460","386.462592","1.155601","0.04536","1.830432"
"310","460","379.835436","1.155016","0.045646","1.823989"
"320","460","373.431736","1.154388","0.045936","1.817876"
"330","460","367.240379","1.15372","0.046231","1.812071"
"340","460","361.250973","1.153017","0.046529","1.806555"
"350","460","355.453798","1.152282","0.046831","1.801309"
"360","460","349.839745","1.151521","0.047136","1.796316"
"370","460","344.400271","1.150734","0.047443","1.791562"
"380","460","339.127359","1.149926","0.047754","1.78703"
"390","460","334.013473","1.1491","0.048067","1.782708"
"400","460","329.051525","1.148257","0.048381","1.778584"
"410","460","324.234845","1.147399","0.048698","1.774645"
"420","460","319.557144","1.14653","0.049016","1.770882"
"430","460","315.012493","1.14565","0.049336","1.767283"
"440","460","310.595295","1.144761","0.049657","1.763841"
"450","460","306.300262","1.143866","0.049979","1.760545"
"460","460","302.122396","1.142964","0.050303","1.757389"
"470","460","298.056966","1.142058","0.050627","1.754364"
"480","460","294.099495","1.141149","0.050952","1.751465"
"490","460","290.245737","1.140238","0.051278","1.748683"
"500","460","286.49167","1.139325","0.051604","1.746013"
"-100","470","1306.992151","1.164886","0.097793","2.280049"
"-90","470","1235.630308","1.145795","0.08878","2.324089"
"-80","470","1171.657732","1.131618","0.081125","2.360821"
"-70","470","1113.983219","1.121626","0.074585","2.388944"
"-60","470","1061.720342","1.115142","0.069004","2.407587"
"-50","470","1014.141568","1.111538","0.064275","2.416614"
"-40","470","970.644182","1.110238","0.060305","2.416642"
"-30","470","930.724618","1.110725","0.057004","2.408799"
"-20","470","893.958882","1.112548","0.054279","2.394424"
"-10","470","859.987425","1.115322","0.052035","2.374865"
"0","470","828.503353","1.118727","0.050186","2.351392"
"10","470","799.243125","1.122501","0.048658","2.325166"
"20","470","771.979161","1.12644","0.04739","2.297219"
"30","470","746.513907","1.130386","0.046337","2.268429"
"40","470","722.675047","1.134227","0.045464","2.239507"
"50","470","700.311592","1.137883","0.044743","2.210997"
"60","470","679.290683","1.141302","0.044155","2.183292"
"70","470","659.494947","1.144453","0.04368","2.156654"
"80","470","640.820306","1.147322","0.043306","2.131246"
"90","470","623.174145","1.149906","0.043018","2.107149"
"100","470","606.47378","1.152208","0.042806","2.084391"
"110","470","590.645154","1.154238","0.042659","2.06296"
"120","470","575.62175","1.156009","0.04257","2.042817"
"130","470","561.343646","1.157535","0.042531","2.023909"
"140","470","547.756725","1.158833","0.042534","2.006172"
"150","470","534.811984","1.159918","0.042576","1.989537"
"160","470","522.464945","1.160807","0.04265","1.973936"
"170","470","510.675146","1.161515","0.042753","1.9593"
"180","470","499.405696","1.162057","0.04288","1.945563"
"190","470","488.622889","1.162446","0.04303","1.932662"
"200","470","478.29587","1.162697","0.043199","1.920539"
"210","470","468.396338","1.162821","0.043385","1.909137"
"220","470","458.898288","1.162829","0.043586","1.898405"
"230","470","449.777782","1.162732","0.0438","1.888296"
"240","470","441.012747","1.16254","0.044026","1.878765"
"250","470","432.582798","1.162262","0.044263","1.869771"
"260","470","424.469082","1.161905","0.044509","1.861277"
"270","470","416.65413","1.161479","0.044764","1.853249"
"280","470","409.121741","1.160988","0.045026","1.845653"
"290","470","401.85686","1.16044","0.045295","1.838462"
"300","470","394.845487","1.15984","0.04557","1.831647"
"310","470","388.074579","1.159194","0.04585","1.825183"
"320","470","381.531975","1.158507","0.046136","1.819049"
"330","470","375.206318","1.157782","0.046426","1.813222"
"340","470","369.086995","1.157025","0.04672","1.807682"
"350","470","363.164071","1.156238","0.047017","1.802413"
"360","470","357.428241","1.155426","0.047318","1.797397"
"370","470","351.870778","1.15459","0.047622","1.792618"
"380","470","346.483489","1.153735","0.047929","1.788062"
"390","470","341.258676","1.152862","0.048238","1.783716"
"400","470","336.189097","1.151974","0.048549","1.779567"
"410","470","331.267937","1.151073","0.048863","1.775605"
"420","470","326.48877","1.150161","0.049178","1.771817"
"430","470","321.845539","1.14924","0.049495","1.768196"
"440","470","317.332526","1.148311","0.049813","1.76473"
"450","470","312.944328","1.147376","0.050132","1.761412"
"460","470","308.675838","1.146437","0.050453","1.758233"
"470","470","304.522224","1.145494","0.050774","1.755187"
"480","470","300.47891","1.144548","0.051096","1.752265"
"490","470","296.541559","1.143601","0.05142","1.749462"
"500","470","292.706061","1.142654","0.051743","1.746771"
"-100","480","1334.740673","1.1846","0.098868","2.266323"
"-90","480","1261.863759","1.164439","0.089824","2.309276"
"-80","480","1196.532993","1.149228","0.082144","2.345197"
"-70","480","1137.634002","1.138228","0.075579","2.3729"
"-60","480","1084.261541","1.130767","0.069969","2.391575"
"-50","480","1035.672631","1.126219","0.065201","2.40107"
"-40","480","991.251759","1.124015","0.061185","2.401933"
"-30","480","950.48467","1.123645","0.057833","2.395199"
"-20","480","912.938367","1.124664","0.055055","2.382122"
"-10","480","878.245668","1.126692","0.052762","2.363973"
"0","480","846.093163","1.129411","0.050869","2.34195"
"10","480","816.211716","1.13256","0.049302","2.31715"
"20","480","788.368915","1.135933","0.048","2.290549"
"30","480","762.363013","1.139371","0.046917","2.262989"
"40","480","738.018035","1.142755","0.046016","2.235161"
"50","480","715.179785","1.146002","0.04527","2.207603"
"60","480","693.712584","1.149054","0.044657","2.180713"
"70","480","673.496569","1.151877","0.044159","2.154766"
"80","480","654.42545","1.154451","0.043762","2.129936"
"90","480","636.404647","1.156768","0.043453","2.106321"
"100","480","619.349719","1.158829","0.04322","2.083963"
"110","480","603.185039","1.160639","0.043055","2.062861"
"120","480","587.842675","1.16221","0.042948","2.04299"
"130","480","573.261435","1.163554","0.042892","2.024304"
"140","480","559.386052","1.164684","0.042881","2.006747"
"150","480","546.166484","1.165615","0.042908","1.990259"
"160","480","533.557307","1.166361","0.042969","1.974776"
"170","480","521.517201","1.166936","0.04306","1.960235"
"180","480","510.008491","1.167354","0.043177","1.946572"
"190","480","498.996756","1.167628","0.043316","1.933729"
"200","480","488.450486","1.16777","0.043476","1.921649"
"210","480","478.340779","1.167792","0.043653","1.91028"
"220","480","468.641078","1.167705","0.043846","1.89957"
"230","480","459.326935","1.167517","0.044052","1.889475"
"240","480","450.375811","1.16724","0.044271","1.879952"
"250","480","441.766888","1.16688","0.044501","1.87096"
"260","480","433.480911","1.166446","0.044741","1.862463"
"270","480","425.500041","1.165945","0.044989","1.854428"
"280","480","417.807733","1.165384","0.045246","1.846822"
"290","480","410.388613","1.164768","0.045509","1.839618"
"300","480","403.228383","1.164104","0.045779","1.832788"
"310","480","396.313723","1.163396","0.046055","1.826308"
"320","480","389.632214","1.162649","0.046336","1.820155"
"330","480","383.172258","1.161867","0.046621","1.814309"
"340","480","376.923016","1.161054","0.046911","1.808749"
"350","480","370.874344","1.160214","0.047205","1.803459"
"360","480","365.016738","1.15935","0.047502","1.798421"
"370","480","359.341285","1.158464","0.047802","1.793621"
"380","480","353.83962","1.15756","0.048105","1.789043"
"390","480","348.503879","1.15664","0.04841","1.784675"
"400","480","343.326669","1.155706","0.048718","1.780504"
"410","480","338.301028","1.154761","0.049028","1.776519"
"420","480","333.420396","1.153806","0.04934","1.77271"
"430","480","328.678586","1.152843","0.049654","1.769067"
"440","480","324.069757","1.151873","0.049969","1.76558"
"450","480","319.588395","1.150899","0.050285","1.76224"
"460","480","315.229281","1.149921","0.050603","1.759041"
"470","480","310.987482","1.14894","0.050922","1.755974"
"480","480","306.858325","1.147957","0.051241","1.753032"
"490","480","302.837381","1.146975","0.051562","1.750209"
"500","480","298.920452","1.145992","0.051883","1.747499"
"-100","490","1362.489195","1.204258","0.099932","2.253085"
"-90","490","1288.09721","1.183038","0.090855","2.295011"
"-80","490","1221.408253","1.166804","0.083151","2.330161"
"-70","490","1161.284785","1.154813","0.076562","2.357452"
"-60","490","1106.80274","1.14639","0.070922","2.376131"
"-50","490","1057.203693","1.140915","0.066118","2.386039"
"-40","490","1011.859336","1.137823","0.062058","2.387658"
"-30","490","970.244722","1.136612","0.058656","2.381944"
"-20","490","931.917851","1.136841","0.055828","2.370068"
"-10","490","896.503911","1.138134","0.053486","2.353231"
"0","490","863.682973","1.140175","0.051549","2.332566"
"10","490","833.180308","1.142705","0.049943","2.30911"
"20","490","804.75867","1.145516","0.048607","2.283792"
"30","490","778.21212","1.148446","0.047494","2.257414"
"40","490","753.361022","1.151374","0.046566","2.230646"
"50","490","730.047978","1.15421","0.045794","2.204019"
"60","490","708.134486","1.156894","0.045157","2.177933"
"70","490","687.498191","1.159385","0.044636","2.152672"
"80","490","668.030593","1.16166","0.044217","2.12842"
"90","490","649.635148","1.163707","0.043887","2.105291"
"100","490","632.225657","1.165523","0.043635","2.083338"
"110","490","615.724923","1.167111","0.043451","2.062574"
"120","490","600.063599","1.168478","0.043327","2.042981"
"130","490","585.179224","1.169636","0.043255","2.024525"
"140","490","571.01538","1.170595","0.043228","2.007158"
"150","490","557.520983","1.171368","0.043241","1.990825"
"160","490","544.649669","1.171967","0.04329","1.975468"
"170","490","532.359256","1.172407","0.043368","1.961029"
"180","490","520.611286","1.172699","0.043474","1.947448"
"190","490","509.370623","1.172855","0.043603","1.93467"
"200","490","498.605102","1.172886","0.043753","1.92264"
"210","490","488.28522","1.172804","0.043922","1.911309"
"220","490","478.383867","1.172618","0.044106","1.900628"
"230","490","468.876089","1.172339","0.044305","1.890553"
"240","490","459.738876","1.171973","0.044517","1.881042"
"250","490","450.950978","1.17153","0.04474","1.872057"
"260","490","442.49274","1.171017","0.044973","1.863562"
"270","490","434.345952","1.170441","0.045216","1.855524"
"280","490","426.493725","1.169808","0.045467","1.847912"
"290","490","418.920366","1.169123","0.045725","1.840699"
"300","490","411.611278","1.168393","0.045989","1.833858"
"310","490","404.552866","1.167621","0.04626","1.827364"
"320","490","397.732452","1.166813","0.046536","1.821197"
"330","490","391.138198","1.165973","0.046817","1.815334"
"340","490","384.759038","1.165103","0.047103","1.809757"
"350","490","378.584617","1.164209","0.047392","1.804448"
"360","490","372.605234","1.163291","0.047685","1.799392"
"370","490","366.811792","1.162355","0.047982","1.794572"
"380","490","361.19575","1.161402","0.048281","1.789974"
"390","490","355.749083","1.160434","0.048583","1.785586"
"400","490","350.464241","1.159454","0.048887","1.781395"
"410","490","345.33412","1.158463","0.049194","1.77739"
"420","490","340.352022","1.157465","0.049503","1.773561"
"430","490","335.511632","1.156459","0.049813","1.769898"
"440","490","330.806989","1.155448","0.050125","1.766391"
"450","490","326.232461","1.154433","0.050439","1.763032"
"460","490","321.782724","1.153416","0.050754","1.759813"
"470","490","317.45274","1.152397","0.05107","1.756726"
"480","490","313.23774","1.151377","0.051387","1.753765"
"490","490","309.133203","1.150358","0.051705","1.750924"
"500","490","305.134843","1.14934","0.052024","1.748195"
"-100","500","1390.237717","1.223863","0.100987","2.240307"
"-90","500","1314.330662","1.201592","0.091876","2.281262"
"-80","500","1246.283514","1.184347","0.084146","2.315677"
"-70","500","1184.935568","1.171378","0.077533","2.342563"
"-60","500","1129.343939","1.162008","0.071865","2.361224"
"-50","500","1078.734755","1.155622","0.067025","2.371495"
"-40","500","1032.466913","1.151659","0.062923","2.373803"
"-30","500","990.004773","1.149621","0.059474","2.369026"
"-20","500","950.897336","1.149072","0.056597","2.358263"
"-10","500","914.762153","1.149641","0.054207","2.342648"
"0","500","881.272783","1.151013","0.052226","2.323255"
"10","500","850.148899","1.152929","0.050581","2.301069"
"20","500","821.148425","1.155182","0.049211","2.27697"
"30","500","794.061226","1.157607","0.048068","2.251725"
"40","500","768.70401","1.160078","0.047113","2.225984"
"50","500","744.916171","1.162503","0.046316","2.200266"
"60","500","722.556388","1.164816","0.045656","2.174971"
"70","500","701.499813","1.166973","0.045112","2.150388"
"80","500","681.635737","1.168946","0.044672","2.126715"
"90","500","662.86565","1.170719","0.044321","2.104074"
"100","500","645.101596","1.172287","0.04405","2.08253"
"110","500","628.264807","1.173649","0.043848","2.062108"
"120","500","612.284524","1.17481","0.043706","2.042802"
"130","500","597.097013","1.175778","0.043618","2.024583"
"140","500","582.644707","1.176562","0.043576","2.007413"
"150","500","568.875483","1.177174","0.043576","1.991242"
"160","500","555.742031","1.177625","0.043611","1.976019"
"170","500","543.20131","1.177926","0.043678","1.961688"
"180","500","531.214081","1.178089","0.043772","1.948196"
"190","500","519.74449","1.178125","0.043891","1.935489"
"200","500","508.759718","1.178043","0.044032","1.923516"
"210","500","498.229661","1.177855","0.044191","1.912229"
"220","500","488.126657","1.177569","0.044367","1.901582"
"230","500","478.425242","1.177195","0.044558","1.891532"
"240","500","469.10194","1.17674","0.044763","1.882039"
"250","500","460.135068","1.176212","0.044979","1.873065"
"260","500","451.504568","1.175618","0.045206","1.864576"
"270","500","443.191863","1.174965","0.045443","1.85654"
"280","500","435.179717","1.174258","0.045688","1.848926"
"290","500","427.452119","1.173503","0.04594","1.841707"
"300","500","419.994174","1.172705","0.0462","1.834858"
"310","500","412.79201","1.171869","0.046466","1.828354"
"320","500","405.832691","1.170999","0.046737","1.822175"
"330","500","399.104138","1.170099","0.047014","1.816298"
"340","500","392.595059","1.169172","0.047295","1.810707"
"350","500","386.29489","1.168222","0.04758","1.805382"
"360","500","380.193731","1.167251","0.047869","1.800309"
"370","500","374.282299","1.166263","0.048162","1.795472"
"380","500","368.55188","1.165259","0.048458","1.790857"
"390","500","362.994286","1.164243","0.048756","1.786451"
"400","500","357.601813","1.163216","0.049057","1.782242"
"410","500","352.367212","1.16218","0.049361","1.778219"
"420","500","347.283648","1.161136","0.049666","1.774371"
"430","500","342.344678","1.160088","0.049973","1.770689"
"440","500","337.54422","1.159035","0.050283","1.767164"
"450","500","332.876527","1.157979","0.050593","1.763786"
"460","500","328.336167","1.156922","0.050905","1.760549"
"470","500","323.917999","1.155864","0.051219","1.757445"
"480","500","319.617155","1.154806","0.051533","1.754466"
"490","500","315.429025","1.15375","0.051849","1.751607"
"500","500","311.349235","1.152696","0.052165","1.748861"
