"1.01","Butene","C4 H8","15/05/2015"
"-100","0","3.948855","0.005436","0.741296","1.478278"
"-90","0","3.733248","0.005215","0.617548","1.476592"
"-80","0","3.539965","0.005018","0.52442","1.474236"
"-70","0","3.365712","0.004843","0.451994","1.471532"
"-60","0","3.207808","0.004687","0.394124","1.468737"
"-50","0","3.064057","0.004547","0.346851","1.466066"
"-40","0","2.932637","0.004423","0.30753","1.463701"
"-30","0","2.812027","0.004312","0.27433","1.461806"
"-20","0","2.700945","0.004213","0.245946","1.460544"
"-10","0","2.598306","0.004125","0.221418","1.460088"
"0","0","2.503183","0.961446","0.007435","1.138955"
"10","0","2.414778","0.966331","0.007727","1.131618"
"20","0","2.332404","0.970366","0.008018","1.125339"
"30","0","2.255465","0.973738","0.008307","1.119863"
"40","0","2.18344","0.976585","0.008594","1.115017"
"50","0","2.115873","0.979012","0.00888","1.110675"
"60","0","2.052362","0.981096","0.009165","1.106747"
"70","0","1.992552","0.982901","0.009448","1.103166"
"80","0","1.93613","0.984473","0.009729","1.099879"
"90","0","1.882815","0.985852","0.010009","1.096846"
"100","0","1.832358","0.987068","0.010287","1.094035"
"110","0","1.784534","0.988146","0.010563","1.09142"
"120","0","1.739144","0.989105","0.010837","1.088979"
"130","0","1.696005","0.989964","0.011109","1.086697"
"140","0","1.654954","0.990735","0.01138","1.084556"
"150","0","1.615844","0.991431","0.011648","1.082546"
"160","0","1.578539","0.99206","0.011915","1.080654"
"170","0","1.542918","0.992632","0.012179","1.078872"
"180","0","1.50887","0.993152","0.012442","1.07719"
"190","0","1.476291","0.993627","0.012702","1.075602"
"200","0","1.44509","0.994062","0.012961","1.0741"
"210","0","1.41518","0.994461","0.013218","1.072678"
"220","0","1.386483","0.994828","0.013472","1.071331"
"230","0","1.358927","0.995167","0.013725","1.070054"
"240","0","1.332445","0.995479","0.013976","1.068842"
"250","0","1.306976","0.995769","0.014225","1.067691"
"-100","10","42.921028","0.059042","0.747513","1.477056"
"-90","10","40.577537","0.056629","0.622628","1.475235"
"-80","10","38.476707","0.054488","0.528704","1.472732"
"-70","10","36.582702","0.052582","0.455703","1.469867"
"-60","10","34.866413","0.050881","0.397409","1.466892"
"-50","10","33.303948","0.049361","0.349817","1.464014"
"-40","10","31.875513","0.048002","0.310252","1.46141"
"-30","10","30.564573","0.046788","0.276865","1.459234"
"-20","10","29.357203","0.045707","0.248337","1.457637"
"-10","10","28.241596","0.044748","0.223698","1.456774"
"0","10","27.207673","0.043904","0.202217","1.456823"
"10","10","26.246781","0.04317","0.183328","1.457995"
"20","10","25.351444","0.042544","0.166582","1.460558"
"30","10","24.515177","0.042024","0.151615","1.464874"
"40","10","23.73232","0.041615","0.138128","1.471443"
"50","10","22.997914","0.041322","0.125862","1.481"
"60","10","22.307597","0.04116","0.114593","1.494681"
"70","10","21.657514","0.041149","0.104109","1.514367"
"80","10","21.044247","0.79838","0.009963","1.235419"
"90","10","20.464755","0.821242","0.010234","1.203564"
"100","10","19.916323","0.840076","0.010509","1.180915"
"110","10","19.396518","0.855935","0.010784","1.163841"
"120","10","18.903156","0.869502","0.011059","1.15043"
"130","10","18.43427","0.881251","0.011332","1.139572"
"140","10","17.988082","0.891525","0.011605","1.130573"
"150","10","17.562982","0.900582","0.011876","1.122976"
"160","10","17.157511","0.908621","0.012144","1.116465"
"170","10","16.770339","0.915798","0.012411","1.110816"
"180","10","16.400256","0.922239","0.012676","1.105862"
"190","10","16.046153","0.928046","0.012938","1.101478"
"200","10","15.707019","0.933303","0.013198","1.09757"
"210","10","15.381923","0.938078","0.013456","1.094061"
"220","10","15.070011","0.942432","0.013712","1.090892"
"230","10","14.770498","0.946413","0.013966","1.088015"
"240","10","14.482658","0.950063","0.014217","1.08539"
"250","10","14.205822","0.953419","0.014466","1.082986"
"-100","20","81.8932","0.112564","0.75376","1.475845"
"-90","20","77.421827","0.107955","0.627731","1.473893"
"-80","20","73.413448","0.103865","0.533003","1.471249"
"-70","20","69.799693","0.100223","0.459422","1.468228"
"-60","20","66.525018","0.09697","0.400699","1.46508"
"-50","20","63.543838","0.094062","0.352785","1.462006"
"-40","20","60.81839","0.09146","0.312973","1.459174"
"-30","20","58.317119","0.089133","0.279396","1.456733"
"-20","20","56.013461","0.087056","0.250721","1.454821"
"-10","20","53.884885","0.085212","0.225969","1.45358"
"0","20","51.912164","0.083584","0.204403","1.453166"
"10","20","50.078784","0.082162","0.185454","1.453763"
"20","20","48.370485","0.08094","0.16867","1.455599"
"30","20","46.774889","0.079916","0.153688","1.45897"
"40","20","45.281199","0.079094","0.140208","1.46428"
"50","20","43.879955","0.078482","0.127977","1.472103"
"60","20","42.562832","0.0781","0.116774","1.483289"
"70","20","41.322476","0.07798","0.106401","1.499179"
"80","20","40.152365","0.078173","0.096667","1.522048"
"90","20","39.046696","0.078771","0.087373","1.55616"
"100","20","38.000288","0.079942","0.078276","1.610792"
"110","20","37.008502","0.667384","0.011669","1.452289"
"120","20","36.067169","0.711231","0.011803","1.335059"
"130","20","35.172535","0.744626","0.011987","1.271697"
"140","20","34.321209","0.771551","0.012196","1.231248"
"150","20","33.510121","0.793981","0.01242","1.202888"
"160","20","32.736483","0.813075","0.012653","1.181763"
"170","20","31.99776","0.829582","0.012891","1.165348"
"180","20","31.291642","0.844022","0.013133","1.152189"
"190","20","30.616015","0.85677","0.013376","1.141383"
"200","20","29.968948","0.868112","0.013621","1.132338"
"210","20","29.348665","0.878267","0.013865","1.124649"
"220","20","28.753539","0.887409","0.014109","1.118028"
"230","20","28.182068","0.895679","0.014353","1.112263"
"240","20","27.632871","0.90319","0.014595","1.107196"
"250","20","27.104669","0.910037","0.014836","1.102707"
"-100","30","120.865372","0.166003","0.760038","1.474647"
"-90","30","114.266116","0.159194","0.632856","1.472566"
"-80","30","108.35019","0.15315","0.537317","1.469785"
"-70","30","103.016683","0.147765","0.463151","1.466615"
"-60","30","98.183623","0.142956","0.403996","1.4633"
"-50","30","93.783729","0.138652","0.355756","1.460038"
"-40","30","89.761266","0.134798","0.315695","1.45699"
"-30","30","86.069666","0.131348","0.281924","1.454298"
"-20","30","82.669718","0.128266","0.253099","1.452091"
"-10","30","79.528175","0.125522","0.228231","1.450497"
"0","30","76.616655","0.123095","0.206577","1.449656"
"10","30","73.910786","0.120966","0.187563","1.449727"
"20","30","71.389525","0.119127","0.170736","1.450904"
"30","30","69.034601","0.117571","0.155733","1.453433"
"40","30","66.830079","0.116301","0.142253","1.457642"
"50","30","64.761997","0.115327","0.130046","1.463981"
"60","30","62.818067","0.11467","0.118894","1.473095"
"70","30","60.987438","0.114365","0.108607","1.485959"
"80","30","59.260482","0.114471","0.099009","1.504129"
"90","30","57.628636","0.115083","0.089926","1.530294"
"100","30","56.084253","0.11637","0.08117","1.569619"
"110","30","54.620486","0.118648","0.072497","1.63375"
"120","30","53.231182","0.122648","0.06349","1.757181"
"130","30","51.9108","0.130898","0.052976","2.132221"
"140","30","50.654337","0.604834","0.013716","1.6108"
"150","30","49.457259","0.658374","0.013626","1.419729"
"160","30","48.315455","0.698077","0.013672","1.327416"
"170","30","47.225181","0.729762","0.013785","1.271778"
"180","30","46.183028","0.756052","0.013936","1.234162"
"190","30","45.185878","0.778407","0.01411","1.206859"
"200","30","44.230876","0.797741","0.0143","1.186059"
"210","30","43.315408","0.814677","0.014501","1.169646"
"220","30","42.437066","0.829657","0.014709","1.156344"
"230","30","41.593638","0.843013","0.014922","1.145333"
"240","30","40.783083","0.854999","0.015138","1.136063"
"250","30","40.003516","0.865816","0.015357","1.128147"
"-100","40","159.837544","0.21936","0.766347","1.473459"
"-90","40","151.110406","0.210347","0.638002","1.471254"
"-80","40","143.286931","0.202344","0.541647","1.468341"
"-70","40","136.233674","0.195213","0.466892","1.465026"
"-60","40","129.842228","0.188839","0.4073","1.461552"
"-50","40","124.02362","0.183133","0.35873","1.458109"
"-40","40","118.704142","0.178019","0.318417","1.454857"
"-30","40","113.822212","0.173438","0.28445","1.451927"
"-20","40","109.325976","0.169339","0.255472","1.449442"
"-10","40","105.171464","0.165684","0.230485","1.447518"
"0","40","101.321145","0.162443","0.208739","1.446281"
"10","40","97.742789","0.159591","0.189657","1.445869"
"20","40","94.408565","0.157113","0.172784","1.446448"
"30","40","91.294312","0.155","0.157753","1.448224"
"40","40","88.378958","0.153252","0.144267","1.451463"
"50","40","85.644038","0.151879","0.132073","1.45652"
"60","40","83.073303","0.150899","0.12096","1.463893"
"70","40","80.652399","0.15035","0.11074","1.474297"
"80","40","78.368599","0.150288","0.101249","1.488824"
"90","40","76.210576","0.150809","0.092327","1.509232"
"100","40","74.168219","0.152065","0.083819","1.538595"
"110","40","72.23247","0.154325","0.075546","1.582892"
"120","40","70.395195","0.158107","0.067271","1.65581"
"130","40","68.649066","0.164634","0.058573","1.798633"
"140","40","66.987464","0.178305","0.048244","2.243179"
"150","40","65.404398","0.416623","0.018335","4.132049"
"160","40","63.894426","0.542938","0.016085","1.853944"
"170","40","62.452603","0.608013","0.015551","1.535738"
"180","40","61.074414","0.654689","0.015362","1.399853"
"190","40","59.75574","0.691419","0.015322","1.322856"
"200","40","58.492805","0.721681","0.015363","1.272777"
"210","40","57.28215","0.747316","0.015454","1.237405"
"220","40","56.120594","0.769444","0.015577","1.211005"
"230","40","55.005209","0.788808","0.015723","1.19051"
"240","40","53.933296","0.805933","0.015885","1.174118"
"250","40","52.902362","0.821203","0.016058","1.160701"
"-100","50","198.809717","0.272636","0.772687","1.472283"
"-90","50","187.954695","0.261415","0.643171","1.469957"
"-80","50","178.223673","0.25145","0.545993","1.466915"
"-70","50","169.450664","0.242566","0.470643","1.463461"
"-60","50","161.500832","0.234624","0.410611","1.459833"
"-50","50","154.263511","0.227508","0.361708","1.456219"
"-40","50","147.647019","0.221127","0.321139","1.452771"
"-30","50","141.574758","0.215405","0.286974","1.449616"
"-20","50","135.982234","0.21028","0.25784","1.446869"
"-10","50","130.814754","0.205703","0.232731","1.444637"
"0","50","126.025636","0.201633","0.210891","1.443032"
"10","50","121.574792","0.198042","0.191738","1.442176"
"20","50","117.427605","0.194907","0.174813","1.442211"
"30","50","113.554024","0.192216","0.159751","1.443309"
"40","50","109.927838","0.189964","0.146251","1.445688"
"50","50","106.526079","0.188158","0.134063","1.449631"
"60","50","103.328538","0.186816","0.122977","1.455522"
"70","50","100.317361","0.185971","0.11281","1.463896"
"80","50","97.476716","0.185679","0.103402","1.47553"
"90","50","94.792517","0.186027","0.094607","1.491609"
"100","50","92.252184","0.187153","0.086285","1.514047"
"110","50","89.844454","0.189279","0.078295","1.546184"
"120","50","87.559208","0.192797","0.070474","1.594476"
"130","50","85.387331","0.198464","0.062606","1.673433"
"140","50","83.320592","0.208038","0.054318","1.824427"
"150","50","81.351536","0.227316","0.044682","2.230057"
"160","50","79.473398","0.296745","0.030267","3.987801"
"170","50","77.680024","0.446965","0.020721","2.505691"
"180","50","75.9658","0.535688","0.018572","1.793912"
"190","50","74.325602","0.595241","0.017718","1.542869"
"200","50","72.754734","0.640556","0.0173","1.416209"
"210","50","71.248893","0.677183","0.017091","1.339632"
"220","50","69.804121","0.707836","0.017003","1.288193"
"230","50","68.416779","0.734081","0.016991","1.251194"
"240","50","67.083509","0.756914","0.017032","1.223275"
"250","50","65.801209","0.77702","0.01711","1.201447"
"-100","60","237.781889","0.325832","0.779059","1.471117"
"-90","60","224.798985","0.3124","0.648363","1.468674"
"-80","60","213.160414","0.300468","0.550355","1.465508"
"-70","60","202.667655","0.289827","0.474405","1.46192"
"-60","60","193.159437","0.28031","0.413929","1.458144"
"-50","60","184.503402","0.271779","0.36469","1.454365"
"-40","60","176.589895","0.264124","0.323862","1.45073"
"-30","60","169.327304","0.257253","0.289496","1.447362"
"-20","60","162.638491","0.251093","0.260203","1.444368"
"-10","60","156.458043","0.245582","0.23497","1.441848"
"0","60","150.730127","0.240673","0.213033","1.439901"
"10","60","145.406795","0.236327","0.193805","1.438635"
"20","60","140.446645","0.232519","0.176826","1.438172"
"30","60","135.813736","0.229228","0.161728","1.438658"
"40","60","131.476717","0.226449","0.148209","1.440271"
"50","60","127.40812","0.224182","0.13602","1.443238"
"60","60","123.583773","0.222442","0.124952","1.447858"
"70","60","119.982323","0.221261","0.114825","1.454533"
"80","60","116.584834","0.220687","0.105482","1.463826"
"90","60","113.374457","0.2208","0.096785","1.476551"
"100","60","110.336149","0.221719","0.088607","1.493942"
"110","60","107.456438","0.223633","0.080825","1.517974"
"120","60","104.72322","0.226845","0.073317","1.552023"
"130","60","102.125596","0.231877","0.065941","1.602391"
"140","60","99.653719","0.239713","0.05852","1.682274"
"150","60","97.298674","0.252501","0.050785","1.82361"
"160","60","95.05237","0.27598","0.042273","2.112178"
"170","60","92.907445","0.327","0.032683","2.593375"
"180","60","90.857186","0.414948","0.025148","2.406154"
"190","60","88.895464","0.496627","0.021729","1.911097"
"200","60","87.016663","0.558817","0.020164","1.635938"
"210","60","85.215635","0.607569","0.019331","1.484384"
"220","60","83.487649","0.647369","0.018852","1.391182"
"230","60","81.82835","0.680827","0.018573","1.328606"
"240","60","80.233721","0.709541","0.018418","1.283837"
"250","60","78.700056","0.734561","0.018348","1.25028"
"-100","70","276.754061","0.37895","0.785462","1.469962"
"-90","70","261.643274","0.363303","0.653577","1.467405"
"-80","70","248.097156","0.3494","0.554733","1.464118"
"-70","70","235.884645","0.336998","0.478178","1.4604"
"-60","70","224.818042","0.3259","0.417254","1.456483"
"-50","70","214.743292","0.315949","0.367676","1.452546"
"-40","70","205.532772","0.307012","0.326586","1.448733"
"-30","70","197.079851","0.298985","0.292016","1.445163"
"-20","70","189.294749","0.29178","0.262563","1.441936"
"-10","70","182.101333","0.285326","0.237202","1.439144"
"0","70","175.434617","0.279565","0.215165","1.436878"
"10","70","169.238798","0.274452","0.19586","1.435234"
"20","70","163.465685","0.269954","0.178824","1.434316"
"30","70","158.073448","0.266047","0.163685","1.434247"
"40","70","153.025597","0.262718","0.150142","1.435174"
"50","70","148.290161","0.259965","0.137946","1.437281"
"60","70","143.839008","0.257799","0.126888","1.440801"
"70","70","139.647285","0.256245","0.11679","1.446038"
"80","70","135.692951","0.255347","0.107498","1.453404"
"90","70","131.956397","0.255174","0.098879","1.463469"
"100","70","128.420114","0.255831","0.090813","1.477048"
"110","70","125.068421","0.257475","0.08319","1.495354"
"120","70","121.887233","0.260346","0.075907","1.520275"
"130","70","118.863861","0.264826","0.06886","1.554894"
"140","70","115.986847","0.271551","0.06194","1.604529"
"150","70","113.245813","0.281658","0.055023","1.678784"
"160","70","110.631342","0.297349","0.047973","1.79453"
"170","70","108.134866","0.323074","0.040707","1.968967"
"180","70","105.748573","0.365955","0.03359","2.136136"
"190","70","103.465326","0.426582","0.027932","2.077224"
"200","70","101.278592","0.490199","0.024466","1.845929"
"210","70","99.182377","0.545924","0.022508","1.64523"
"220","70","97.171176","0.592727","0.021351","1.508892"
"230","70","95.23992","0.632268","0.020632","1.416835"
"240","70","93.383934","0.666154","0.020172","1.352132"
"250","70","91.598902","0.695591","0.019877","1.304692"
"-100","80","315.726233","0.43199","0.791896","1.468818"
"-90","80","298.487564","0.414125","0.658813","1.466149"
"-80","80","283.033898","0.398247","0.559127","1.462746"
"-70","80","269.101636","0.384079","0.481962","1.458903"
"-60","80","256.476647","0.371396","0.420586","1.454848"
"-50","80","244.983183","0.360018","0.370666","1.45076"
"-40","80","234.475648","0.349795","0.329312","1.446778"
"-30","80","224.832397","0.340604","0.294535","1.443015"
"-20","80","215.951007","0.332346","0.264919","1.439568"
"-10","80","207.744622","0.324939","0.239429","1.436522"
"0","80","200.139108","0.318315","0.217289","1.433959"
"10","80","193.070801","0.312423","0.197904","1.431963"
"20","80","186.484726","0.307222","0.180807","1.430627"
"30","80","180.33316","0.302681","0.165624","1.430054"
"40","80","174.574476","0.298784","0.152053","1.430365"
"50","80","169.172203","0.295523","0.139845","1.431709"
"60","80","164.094244","0.292903","0.12879","1.434269"
"70","80","159.312246","0.290946","0.118712","1.438277"
"80","80","154.801068","0.289688","0.109459","1.444037"
"90","80","150.538338","0.289189","0.100901","1.451951"
"100","80","146.50408","0.289539","0.092923","1.462567"
"110","80","142.680405","0.290868","0.085423","1.476652"
"120","80","139.051246","0.293371","0.078309","1.495308"
"130","80","135.602127","0.297336","0.071496","1.520152"
"140","80","132.319974","0.303208","0.064904","1.553614"
"150","80","129.192951","0.31169","0.05846","1.599296"
"160","80","126.210314","0.323934","0.0521","1.662053"
"170","80","123.362287","0.341839","0.045804","1.745606"
"180","80","120.639959","0.36823","0.039677","1.840231"
"190","80","118.035188","0.405704","0.034097","1.897392"
"200","80","115.540521","0.452841","0.029637","1.854329"
"210","80","113.14912","0.503052","0.026531","1.732384"
"220","80","110.854704","0.550352","0.024507","1.602641"
"230","80","108.65149","0.592528","0.023187","1.497541"
"240","80","106.534147","0.629576","0.022306","1.418344"
"250","80","104.497749","0.66214","0.021706","1.358861"
"-100","90","354.698406","0.484954","0.798362","1.467684"
"-90","90","335.331853","0.464867","0.664072","1.464907"
"-80","90","317.970639","0.44701","0.563537","1.461391"
"-70","90","302.318626","0.431072","0.485758","1.457427"
"-60","90","288.135252","0.4168","0.423926","1.45324"
"-50","90","275.223074","0.40399","0.37366","1.449007"
"-40","90","263.418524","0.392473","0.33204","1.444863"
"-30","90","252.584943","0.382112","0.297054","1.440917"
"-20","90","242.607264","0.372793","0.267272","1.437262"
"-10","90","233.387912","0.364424","0.24165","1.433976"
"0","90","224.843598","0.356929","0.219406","1.431135"
"10","90","216.902804","0.350245","0.199938","1.428814"
"20","90","209.503766","0.344327","0.182776","1.427093"
"30","90","202.592871","0.339138","0.167546","1.426059"
"40","90","196.123356","0.334655","0.153944","1.425814"
"50","90","190.054244","0.330866","0.141718","1.426479"
"60","90","184.349479","0.32777","0.13066","1.428196"
"70","90","178.977208","0.325384","0.120594","1.431145"
"80","90","173.909186","0.323736","0.11137","1.435549"
"90","90","169.120278","0.322877","0.10286","1.441695"
"100","90","164.588045","0.322883","0.094951","1.449957"
"110","90","160.292389","0.323863","0.087548","1.460826"
"120","90","156.215259","0.325975","0.080564","1.474962"
"130","90","152.340392","0.329443","0.073925","1.493252"
"140","90","148.653102","0.334591","0.067565","1.516879"
"150","90","145.14009","0.341895","0.061429","1.54734"
"160","90","141.789285","0.352056","0.05548","1.586238"
"170","90","138.589708","0.366094","0.049707","1.634239"
"180","90","135.531345","0.385394","0.044159","1.687914"
"190","90","132.60505","0.411434","0.038986","1.733707"
"200","90","129.802449","0.444805","0.034446","1.746413"
"210","90","127.115862","0.483889","0.030786","1.708226"
"220","90","124.538232","0.525146","0.028064","1.631766"
"230","90","122.063061","0.565244","0.02613","1.545614"
"240","90","119.684359","0.602396","0.02477","1.468101"
"250","90","117.396595","0.636084","0.023808","1.404314"
"-100","100","393.670578","0.537842","0.804861","1.466559"
"-90","100","372.176143","0.51553","0.669355","1.463678"
"-80","100","352.907381","0.495692","0.567965","1.460052"
"-70","100","335.535617","0.477979","0.489566","1.455971"
"-60","100","319.793857","0.462113","0.427274","1.451658"
"-50","100","305.462965","0.447865","0.376659","1.447285"
"-40","100","292.361401","0.435049","0.334769","1.442986"
"-30","100","280.337489","0.423511","0.299572","1.438867"
"-20","100","269.263522","0.413125","0.269622","1.435014"
"-10","100","259.031201","0.403786","0.243866","1.431502"
"0","100","249.548089","0.395408","0.221515","1.428401"
"10","100","240.734807","0.387924","0.201962","1.425777"
"20","100","232.522806","0.381277","0.184734","1.423701"
"30","100","224.852583","0.375426","0.169453","1.422246"
"40","100","217.672236","0.370341","0.155815","1.421498"
"50","100","210.936285","0.366006","0.143567","1.421554"
"60","100","204.604714","0.362414","0.132501","1.422527"
"70","100","198.64217","0.359575","0.122441","1.424555"
"80","100","193.017303","0.357511","0.113238","1.427804"
"90","100","187.702218","0.356264","0.104764","1.432479"
"100","100","182.67201","0.355897","0.09691","1.438833"
"110","100","177.904373","0.356501","0.089582","1.447187"
"120","100","173.379271","0.358203","0.0827","1.45794"
"130","100","169.078657","0.36118","0.076193","1.471586"
"140","100","164.986229","0.365678","0.070004","1.488715"
"150","100","161.087228","0.372035","0.064087","1.509964"
"160","100","157.368257","0.380716","0.05841","1.535839"
"170","100","153.817129","0.392345","0.052965","1.566216"
"180","100","150.422731","0.407709","0.047776","1.599241"
"190","100","147.174912","0.427657","0.042917","1.629536"
"200","100","144.064378","0.452771","0.038515","1.64712"
"210","100","141.082605","0.482824","0.034719","1.640714"
"220","100","138.221759","0.516434","0.031629","1.606363"
"230","100","135.474631","0.551463","0.029237","1.55208"
"240","100","132.834572","0.585934","0.027442","1.491163"
"250","100","130.295442","0.618591","0.026111","1.433386"
"-100","110","432.64275","0.590655","0.811391","1.465445"
"-90","110","409.020432","0.566116","0.67466","1.462461"
"-80","110","387.844122","0.544292","0.572408","1.458729"
"-70","110","368.752607","0.524801","0.493386","1.454535"
"-60","110","351.452462","0.507336","0.43063","1.4501"
"-50","110","335.702855","0.491646","0.379663","1.445593"
"-40","110","321.304277","0.477526","0.337501","1.441146"
"-30","110","308.090036","0.464805","0.302089","1.436862"
"-20","110","295.919779","0.453343","0.27197","1.432822"
"-10","110","284.674491","0.443027","0.246078","1.429098"
"0","110","274.25258","0.433759","0.223617","1.425752"
"10","110","264.56681","0.425463","0.203977","1.422847"
"20","110","255.541846","0.418076","0.186679","1.420441"
"30","110","247.112295","0.41155","0.171346","1.418601"
"40","110","239.221115","0.40585","0.157669","1.417396"
"50","110","231.818326","0.400952","0.145396","1.416904"
"60","110","224.85995","0.396846","0.134317","1.417217"
"70","110","218.307132","0.393534","0.124256","1.41844"
"80","110","212.12542","0.391032","0.115066","1.420695"
"90","110","206.284159","0.389373","0.106619","1.424129"
"100","110","200.755975","0.388609","0.098808","1.428915"
"110","110","195.516357","0.388813","0.09154","1.43526"
"120","110","190.543284","0.390089","0.084738","1.443405"
"130","110","185.816922","0.39258","0.078334","1.453622"
"140","110","181.319357","0.396472","0.072275","1.466201"
"150","110","177.034366","0.402016","0.066518","1.481392"
"160","110","172.947229","0.409538","0.061034","1.499287"
"170","110","169.04455","0.41945","0.055813","1.519563"
"180","110","165.314117","0.432244","0.050864","1.541026"
"190","110","161.744774","0.448442","0.046229","1.560971"
"200","110","158.326307","0.468454","0.041975","1.574753"
"210","110","155.049347","0.492347","0.03819","1.576536"
"220","110","151.905287","0.519617","0.034951","1.561945"
"230","110","148.886201","0.549168","0.032286","1.531227"
"240","110","145.984785","0.579615","0.030167","1.489565"
"250","110","143.194289","0.609705","0.028517","1.443884"
"-100","120","471.614922","0.643395","0.817954","1.46434"
"-90","120","445.864722","0.616625","0.679989","1.461257"
"-80","120","422.780864","0.592812","0.576869","1.457421"
"-70","120","401.969598","0.57154","0.497217","1.453118"
"-60","120","383.111066","0.552472","0.433994","1.448565"
"-50","120","365.942746","0.535335","0.382672","1.443931"
"-40","120","350.247153","0.519905","0.340235","1.439342"
"-30","120","335.842582","0.505995","0.304607","1.4349"
"-20","120","322.576037","0.493452","0.274316","1.430683"
"-10","120","310.31778","0.48215","0.248286","1.426758"
"0","120","298.95707","0.471984","0.225713","1.423183"
"10","120","288.398813","0.462867","0.205983","1.420015"
"20","120","278.560886","0.45473","0.188614","1.417305"
"30","120","269.372007","0.447518","0.173225","1.41511"
"40","120","260.769995","0.441189","0.159506","1.413487"
"50","120","252.700368","0.435715","0.147204","1.412503"
"60","120","245.115185","0.431078","0.136108","1.412227"
"70","120","237.972093","0.427276","0.126042","1.41274"
"80","120","231.233538","0.424316","0.116859","1.414134"
"90","120","224.866099","0.422225","0.108431","1.416512"
"100","120","218.839941","0.421041","0.100653","1.419991"
"110","120","213.128341","0.420827","0.093432","1.424703"
"120","120","207.707297","0.421665","0.086693","1.43079"
"130","120","202.555187","0.423669","0.080371","1.438396"
"140","120","197.652484","0.426984","0.074412","1.447648"
"150","120","192.981505","0.4318","0.068777","1.458615"
"160","120","188.526201","0.438353","0.063436","1.471226"
"170","120","184.271971","0.446929","0.058375","1.485134"
"180","120","180.205503","0.457857","0.053598","1.499503"
"190","120","176.314636","0.471475","0.049123","1.512753"
"200","120","172.588236","0.488061","0.044992","1.522393"
"210","120","169.01609","0.507722","0.041256","1.525263"
"220","120","165.588814","0.530268","0.037967","1.518455"
"230","120","162.297772","0.555145","0.035157","1.500713"
"240","120","159.134997","0.581508","0.032822","1.473358"
"250","120","156.093135","0.608411","0.030927","1.439786"
"-100","130","510.587095","0.696061","0.824549","1.463245"
"-90","130","482.709011","0.667058","0.685341","1.460065"
"-80","130","457.717605","0.641254","0.581346","1.456129"
"-70","130","435.186588","0.618196","0.50106","1.45172"
"-60","130","414.769671","0.597522","0.437366","1.447054"
"-50","130","396.182637","0.578933","0.385686","1.442296"
"-40","130","379.19003","0.562188","0.342972","1.437572"
"-30","130","363.595128","0.547083","0.307125","1.432979"
"-20","130","349.232295","0.533453","0.27666","1.428594"
"-10","130","335.961069","0.521159","0.250489","1.424479"
"0","130","323.661561","0.510086","0.227804","1.42069"
"10","130","312.230816","0.50014","0.207982","1.417275"
"20","130","301.579926","0.491244","0.190539","1.414283"
"30","130","291.631718","0.483335","0.175092","1.411761"
"40","130","282.318874","0.476366","0.161328","1.409758"
"50","130","273.582409","0.470301","0.148993","1.408326"
"60","130","265.37042","0.46512","0.137877","1.407523"
"70","130","257.637055","0.460811","0.127801","1.407409"
"80","130","250.341655","0.457377","0.118619","1.408051"
"90","130","243.448039","0.454835","0.110204","1.409522"
"100","130","236.923906","0.453215","0.10245","1.411899"
"110","130","230.740325","0.452566","0.095267","1.415264"
"120","130","224.87131","0.452955","0.088577","1.419695"
"130","130","219.293453","0.454471","0.082319","1.42526"
"140","130","213.985612","0.457229","0.076439","1.431999"
"150","130","208.928643","0.461373","0.070898","1.439891"
"160","130","204.105172","0.467079","0.065666","1.448804"
"170","130","199.499392","0.474552","0.060726","1.458419"
"180","130","195.096889","0.484021","0.056074","1.468124"
"190","130","190.884498","0.495713","0.051719","1.476899"
"200","130","186.850165","0.509819","0.047685","1.48326"
"210","130","182.982832","0.526429","0.044002","1.485364"
"220","130","179.272342","0.545466","0.040704","1.481384"
"230","130","175.709342","0.566632","0.037817","1.470131"
"240","130","172.28521","0.589417","0.035345","1.45164"
"250","130","168.991982","0.61317","0.033274","1.427303"
"-100","140","549.559267","0.748656","0.831176","1.46216"
"-90","140","519.553301","0.717417","0.690717","1.458885"
"-80","140","492.654347","0.689617","0.585841","1.454852"
"-70","140","468.403579","0.664771","0.504916","1.450341"
"-60","140","446.428276","0.642486","0.440747","1.445565"
"-50","140","426.422528","0.622443","0.388706","1.440689"
"-40","140","408.132906","0.604377","0.345711","1.435835"
"-30","140","391.347674","0.588073","0.309644","1.431099"
"-20","140","375.888552","0.57335","0.279002","1.426553"
"-10","140","361.604359","0.560057","0.25269","1.42226"
"0","140","348.366052","0.54807","0.229889","1.418268"
"10","140","336.062818","0.537287","0.209973","1.414623"
"20","140","324.598967","0.527622","0.192455","1.411368"
"30","140","313.89143","0.519006","0.176947","1.408544"
"40","140","303.867754","0.511386","0.163136","1.406192"
"50","140","294.46445","0.50472","0.150766","1.404355"
"60","140","285.625655","0.49898","0.139625","1.403077"
"70","140","277.302017","0.494151","0.129536","1.402405"
"80","140","269.449772","0.490227","0.12035","1.402387"
"90","140","262.029979","0.487219","0.111942","1.403072"
"100","140","255.007871","0.485148","0.104206","1.404512"
"110","140","248.352309","0.484051","0.09705","1.406751"
"120","140","242.035323","0.48398","0.0904","1.409829"
"130","140","236.031718","0.485007","0.084192","1.413767"
"140","140","230.318739","0.487221","0.078375","1.418555"
"150","140","224.875782","0.490733","0.072908","1.424132"
"160","140","219.684144","0.495675","0.06776","1.430348"
"170","140","214.726813","0.502197","0.062912","1.436924"
"180","140","209.988276","0.510462","0.058356","1.443396"
"190","140","205.45436","0.520628","0.054092","1.449062"
"200","140","201.112094","0.532826","0.050133","1.452966"
"210","140","196.949575","0.547122","0.046497","1.453957"
"220","140","192.95587","0.56348","0.043206","1.450865"
"230","140","189.120912","0.581724","0.040278","1.442801"
"240","140","185.435422","0.601532","0.037718","1.429478"
"250","140","181.890829","0.622463","0.035521","1.411388"
"-100","150","588.531439","0.801179","0.837837","1.461083"
"-90","150","556.39759","0.767702","0.696116","1.457717"
"-80","150","527.591088","0.737905","0.590352","1.45359"
"-70","150","501.620569","0.711266","0.508784","1.448979"
"-60","150","478.086881","0.687367","0.444136","1.444098"
"-50","150","456.662418","0.665864","0.391731","1.439108"
"-40","150","437.075782","0.646475","0.348454","1.43413"
"-30","150","419.100221","0.628966","0.312164","1.429256"
"-20","150","402.54481","0.613143","0.281344","1.424559"
"-10","150","387.247648","0.598846","0.254887","1.420096"
"0","150","373.070542","0.585939","0.231969","1.415913"
"10","150","359.894821","0.574311","0.211957","1.412054"
"20","150","347.618007","0.563868","0.194362","1.408554"
"30","150","336.151142","0.554537","0.178791","1.40545"
"40","150","325.416633","0.546255","0.16493","1.402778"
"50","150","315.346491","0.538977","0.152522","1.400571"
"60","150","305.880891","0.532667","0.141354","1.398864"
"70","150","296.966979","0.527304","0.131248","1.397694"
"80","150","288.55789","0.522878","0.122055","1.397093"
"90","150","280.61192","0.51939","0.113649","1.397094"
"100","150","273.091836","0.516855","0.105923","1.397728"
"110","150","265.964293","0.515297","0.098788","1.399017"
"120","150","259.199335","0.514759","0.092168","1.400973"
"130","150","252.769983","0.515295","0.086001","1.403591"
"140","150","246.651867","0.516974","0.080233","1.406834"
"150","150","240.82292","0.519882","0.074824","1.41062"
"160","150","235.263116","0.524119","0.069742","1.414805"
"170","150","229.954234","0.529795","0.064966","1.419146"
"180","150","224.879662","0.537028","0.060483","1.423285"
"190","150","220.024223","0.545928","0.05629","1.426714"
"200","150","215.374022","0.556587","0.05239","1.428782"
"210","150","210.916317","0.569048","0.048794","1.428727"
"220","150","206.639397","0.58329","0.045514","1.425773"
"230","150","202.532483","0.599197","0.042563","1.41929"
"240","150","198.585635","0.616553","0.039946","1.408961"
"250","150","194.789675","0.635052","0.037659","1.39492"
"-100","160","627.503611","0.853632","0.84453","1.460016"
"-90","160","593.24188","0.817915","0.701539","1.45656"
"-80","160","562.52783","0.786116","0.594881","1.452341"
"-70","160","534.83756","0.757683","0.512665","1.447635"
"-60","160","509.745486","0.732166","0.447534","1.442652"
"-50","160","486.902309","0.709199","0.394762","1.437552"
"-40","160","466.018659","0.688481","0.3512","1.432455"
"-30","160","446.852767","0.669763","0.314685","1.427451"
"-20","160","429.201068","0.652836","0.283684","1.422609"
"-10","160","412.890938","0.637528","0.257082","1.417985"
"0","160","397.775033","0.623695","0.234044","1.413623"
"10","160","383.726824","0.611215","0.213936","1.409561"
"20","160","370.637047","0.599988","0.19626","1.405833"
"30","160","358.410854","0.589932","0.180625","1.402471"
"40","160","346.965513","0.58098","0.166712","1.399503"
"50","160","336.228533","0.573079","0.154264","1.396958"
"60","160","326.136126","0.566188","0.143066","1.394864"
"70","160","316.63194","0.560281","0.132939","1.393246"
"80","160","307.666007","0.55534","0.123735","1.392128"
"90","160","299.19386","0.551361","0.115326","1.391529"
"100","160","291.175801","0.548348","0.107607","1.391466"
"110","160","283.576276","0.546321","0.100486","1.391945"
"120","160","276.363348","0.545308","0.093889","1.392962"
"130","160","269.508248","0.545351","0.087752","1.394492"
"140","160","262.984994","0.546503","0.082024","1.396488"
"150","160","256.770059","0.548828","0.076661","1.398861"
"160","160","250.842088","0.552402","0.071631","1.401475"
"170","160","245.181655","0.557307","0.066912","1.404125"
"180","160","239.771048","0.563627","0.062486","1.406524"
"190","160","234.594085","0.571441","0.058347","1.408296"
"200","160","229.635951","0.58081","0.054494","1.408975"
"210","160","224.88306","0.591762","0.05093","1.408034"
"220","160","220.322925","0.604277","0.047663","1.404941"
"230","160","215.944053","0.618272","0.044698","1.399248"
"240","160","211.735848","0.633593","0.042041","1.390687"
"250","160","207.688522","0.650018","0.039687","1.37926"
"-100","170","666.475784","0.906016","0.851256","1.458957"
"-90","170","630.086169","0.868055","0.706986","1.455415"
"-80","170","597.464571","0.834253","0.599427","1.451107"
"-70","170","568.05455","0.804022","0.516558","1.446308"
"-60","170","541.404091","0.776884","0.450941","1.441227"
"-50","170","517.1422","0.75245","0.397798","1.436021"
"-40","170","494.961535","0.7304","0.353949","1.43081"
"-30","170","474.605313","0.710467","0.317207","1.425681"
"-20","170","455.857325","0.692431","0.286024","1.420701"
"-10","170","438.534227","0.676107","0.259274","1.415925"
"0","170","422.479524","0.661341","0.236115","1.411393"
"10","170","407.558827","0.648002","0.215908","1.407142"
"20","170","393.656087","0.635984","0.198151","1.403201"
"30","170","380.670565","0.625195","0.182449","1.399598"
"40","170","368.514392","0.615564","0.168483","1.396358"
"50","170","357.110574","0.607031","0.155992","1.393504"
"60","170","346.391361","0.599551","0.144761","1.391058"
"70","170","336.296902","0.593089","0.134611","1.389037"
"80","170","326.774124","0.587622","0.125392","1.387457"
"90","170","317.7758","0.583141","0.116977","1.38633"
"100","170","309.259767","0.579642","0.109259","1.385659"
"110","170","301.18826","0.577135","0.102148","1.385442"
"120","170","293.527361","0.575641","0.095567","1.385663"
"130","170","286.246514","0.575189","0.089454","1.386288"
"140","170","279.318122","0.575818","0.083756","1.387262"
"150","170","272.717197","0.577577","0.07843","1.388499"
"160","170","266.42106","0.580521","0.073442","1.389873"
"170","170","260.409076","0.584711","0.068766","1.39121"
"180","170","254.662434","0.590206","0.064386","1.39228"
"190","170","249.163947","0.597062","0.06029","1.392793"
"200","170","243.89788","0.605317","0.056473","1.392406"
"210","170","238.849802","0.614988","0.052935","1.39074"
"220","170","234.006452","0.626053","0.049678","1.387418"
"230","170","229.355623","0.638447","0.046705","1.38212"
"240","170","224.88606","0.652053","0.044018","1.374635"
"250","170","220.587369","0.666702","0.041614","1.364919"
"-100","180","705.447956","0.958331","0.858015","1.457907"
"-90","180","666.930459","0.918125","0.712457","1.45428"
"-80","180","632.401313","0.882317","0.603991","1.449886"
"-70","180","601.271541","0.850285","0.520464","1.444997"
"-60","180","573.062696","0.821523","0.454358","1.439821"
"-50","180","547.382091","0.795618","0.400841","1.434514"
"-40","180","523.904412","0.772231","0.356702","1.429193"
"-30","180","502.35786","0.75108","0.31973","1.423944"
"-20","180","482.513583","0.73193","0.288363","1.418834"
"-10","180","464.177517","0.714585","0.261464","1.413913"
"0","180","447.184014","0.69888","0.238183","1.409221"
"10","180","431.39083","0.684677","0.217875","1.404791"
"20","180","416.675127","0.671859","0.200035","1.400651"
"30","180","402.930277","0.660332","0.184264","1.396825"
"40","180","390.063272","0.650014","0.170243","1.393333"
"50","180","377.992615","0.640841","0.157707","1.390196"
"60","180","366.646596","0.632761","0.146441","1.387428"
"70","180","355.961864","0.625734","0.136265","1.385044"
"80","180","345.882241","0.619733","0.127028","1.383051"
"90","180","336.357741","0.614739","0.118603","1.381455"
"100","180","327.343732","0.610745","0.110883","1.380252"
"110","180","318.800244","0.607752","0.103776","1.379433"
"120","180","310.691374","0.605771","0.097207","1.378974"
"130","180","302.984779","0.604822","0.091112","1.378836"
"140","180","295.651249","0.604933","0.085437","1.378963"
"150","180","288.664335","0.606137","0.080139","1.379273"
"160","180","282.000031","0.608477","0.075183","1.379651"
"170","180","275.636497","0.611993","0.070543","1.37995"
"180","180","269.55382","0.616729","0.066199","1.379982"
"190","180","263.733809","0.622721","0.062136","1.379518"
"200","180","258.159809","0.629992","0.058348","1.3783"
"210","180","252.816545","0.638547","0.05483","1.376047"
"220","180","247.68998","0.648365","0.051582","1.372485"
"230","180","242.767194","0.659389","0.048603","1.367379"
"240","180","238.036273","0.671525","0.045893","1.360568"
"250","180","233.486215","0.684641","0.043448","1.352003"
"-100","190","744.420128","1.010578","0.864807","1.456866"
"-90","190","703.774748","0.968124","0.717952","1.453157"
"-80","190","667.338054","0.930308","0.608573","1.448678"
"-70","190","634.488532","0.896472","0.524383","1.443702"
"-60","190","604.7213","0.866083","0.457783","1.438435"
"-50","190","577.621982","0.838704","0.40389","1.43303"
"-40","190","552.847288","0.813977","0.359458","1.427604"
"-30","190","530.110406","0.791603","0.322255","1.422241"
"-20","190","509.169841","0.771335","0.290702","1.417006"
"-10","190","489.820806","0.752964","0.263652","1.411948"
"0","190","471.888505","0.736315","0.240247","1.407105"
"10","190","455.222833","0.721241","0.219836","1.402507"
"20","190","439.694167","0.707619","0.201912","1.39818"
"30","190","425.189989","0.695345","0.186071","1.394145"
"40","190","411.612151","0.684333","0.171992","1.390421"
"50","190","398.874656","0.674512","0.15941","1.387023"
"60","190","386.901832","0.665824","0.148107","1.383962"
"70","190","375.626826","0.658225","0.137903","1.381247"
"80","190","364.990359","0.65168","0.128645","1.378884"
"90","190","354.939681","0.646166","0.120207","1.37687"
"100","190","345.427697","0.641668","0.112481","1.375199"
"110","190","336.412228","0.638181","0.105375","1.373855"
"120","190","327.855386","0.635708","0.098812","1.37281"
"130","190","319.723044","0.634261","0.092729","1.372025"
"140","190","311.984377","0.633856","0.087072","1.371442"
"150","190","304.611474","0.634517","0.081796","1.370984"
"160","190","297.579003","0.636271","0.076866","1.370551"
"170","190","290.863918","0.639148","0.072253","1.370016"
"180","190","284.445206","0.643175","0.067936","1.369222"
"190","190","278.303671","0.648374","0.0639","1.367988"
"200","190","272.421738","0.654758","0.060135","1.366113"
"210","190","266.783287","0.662322","0.056632","1.363385"
"220","190","261.373507","0.671044","0.05339","1.359599"
"230","190","256.178764","0.680873","0.050406","1.354581"
"240","190","251.186486","0.691728","0.047677","1.34821"
"250","190","246.385062","0.703502","0.0452","1.340438"
"-100","200","783.3923","1.062758","0.871633","1.455834"
"-90","200","740.619038","1.018054","0.723471","1.452044"
"-80","200","702.274796","0.978228","0.613172","1.447484"
"-70","200","667.705522","0.942585","0.528315","1.442423"
"-60","200","636.379905","0.910566","0.461217","1.437067"
"-50","200","607.861872","0.881709","0.406946","1.431569"
"-40","200","581.790164","0.855638","0.362219","1.426041"
"-30","200","557.862952","0.832038","0.324782","1.420569"
"-20","200","535.826098","0.810647","0.293042","1.415215"
"-10","200","515.464096","0.791245","0.265838","1.410027"
"0","200","496.592996","0.773647","0.242308","1.40504"
"10","200","479.054836","0.757698","0.221793","1.400284"
"20","200","462.713208","0.743265","0.203782","1.395783"
"30","200","447.449701","0.730238","0.18787","1.391554"
"40","200","433.161031","0.718525","0.173732","1.387614"
"50","200","419.756698","0.708049","0.161101","1.383974"
"60","200","407.157067","0.698747","0.149759","1.380645"
"70","200","395.291787","0.690567","0.139524","1.377631"
"80","200","384.098476","0.683471","0.130244","1.374933"
"90","200","373.521621","0.677429","0.12179","1.372547"
"100","200","363.511662","0.67242","0.114055","1.370461"
"110","200","354.024212","0.668433","0.106946","1.368656"
"120","200","345.019399","0.665464","0.100386","1.367104"
"130","200","336.461309","0.663516","0.094311","1.365763"
"140","200","328.317504","0.662597","0.088666","1.36458"
"150","200","320.558612","0.662722","0.083407","1.363481"
"160","200","313.157975","0.663908","0.078496","1.362379"
"170","200","306.091339","0.666171","0.073904","1.361163"
"180","200","299.336592","0.669528","0.069609","1.359703"
"190","200","292.873533","0.673991","0.065594","1.357853"
"200","200","286.683666","0.679562","0.061845","1.355452"
"210","200","280.75003","0.686232","0.058355","1.352339"
"220","200","275.057035","0.693973","0.055117","1.348356"
"230","200","269.590334","0.70274","0.052127","1.343373"
"240","200","264.336698","0.712463","0.049382","1.337297"
"250","200","259.283909","0.723049","0.046878","1.330089"
"-100","210","822.364473","1.114872","0.878493","1.454809"
"-90","210","777.463327","1.067916","0.729015","1.450941"
"-80","210","737.211537","1.026077","0.617789","1.446302"
"-70","210","700.922513","0.988625","0.532259","1.44116"
"-60","210","668.03851","0.954972","0.464661","1.435718"
"-50","210","638.101763","0.924636","0.410008","1.430129"
"-40","210","610.733041","0.897217","0.364983","1.424505"
"-30","210","585.615498","0.872387","0.327311","1.418928"
"-20","210","562.482356","0.849869","0.295381","1.41346"
"-10","210","541.107385","0.829432","0.268023","1.408148"
"0","210","521.297486","0.81088","0.244366","1.403026"
"10","210","502.886839","0.79405","0.223746","1.398121"
"20","210","485.732248","0.7788","0.205647","1.393455"
"30","210","469.709413","0.765015","0.189662","1.389045"
"40","210","454.70991","0.752595","0.175463","1.384904"
"50","210","440.638739","0.741457","0.162782","1.381043"
"60","210","427.412302","0.731533","0.151399","1.377467"
"70","210","414.956749","0.722766","0.141132","1.37418"
"80","210","403.206593","0.715111","0.131826","1.37118"
"90","210","392.103562","0.708534","0.123354","1.368459"
"100","210","381.595628","0.703008","0.115607","1.366003"
"110","210","371.636196","0.698515","0.108491","1.363793"
"120","210","362.183412","0.695046","0.101931","1.361799"
"130","210","353.199574","0.692596","0.09586","1.359979"
"140","210","344.650632","0.691166","0.090223","1.358283"
"150","210","336.505751","0.690762","0.084976","1.356644"
"160","210","328.736947","0.691391","0.080079","1.354984"
"170","210","321.31876","0.693062","0.075504","1.353206"
"180","210","314.227978","0.695781","0.071225","1.351202"
"190","210","307.443395","0.699552","0.067225","1.348852"
"200","210","300.945595","0.704369","0.06349","1.346027"
"210","210","294.716772","0.710219","0.060008","1.342599"
"220","210","288.740563","0.717071","0.056772","1.338448"
"230","210","283.001905","0.724881","0.053777","1.333473"
"240","210","277.486911","0.733587","0.051018","1.327603"
"250","210","272.182755","0.743109","0.048489","1.320807"
"-100","220","861.336645","1.16692","0.885386","1.453793"
"-90","220","814.307617","1.11771","0.734583","1.449849"
"-80","220","772.148279","1.073856","0.622425","1.445132"
"-70","220","734.139503","1.034593","0.536218","1.439911"
"-60","220","699.697115","0.999304","0.468115","1.434387"
"-50","220","668.341654","0.967484","0.413076","1.42871"
"-40","220","639.675917","0.938715","0.367752","1.422993"
"-30","220","613.368045","0.912651","0.329842","1.417316"
"-20","220","589.138614","0.889002","0.297721","1.41174"
"-10","220","566.750675","0.867526","0.270207","1.40631"
"0","220","546.001977","0.848016","0.246421","1.401059"
"10","220","526.718842","0.830299","0.225694","1.396014"
"20","220","508.751288","0.814229","0.207507","1.391194"
"30","220","491.969124","0.799679","0.191447","1.386614"
"40","220","476.25879","0.786546","0.177185","1.382287"
"50","220","461.52078","0.774741","0.164452","1.37822"
"60","220","447.667537","0.764188","0.153027","1.374418"
"70","220","434.621711","0.754827","0.142725","1.370881"
"80","220","422.314711","0.746607","0.133393","1.367607"
"90","220","410.685502","0.739488","0.1249","1.364584"
"100","220","399.679593","0.733439","0.117138","1.3618"
"110","220","389.24818","0.728437","0.110014","1.359231"
"120","220","379.347425","0.724464","0.10345","1.356848"
"130","220","369.93784","0.72151","0.097379","1.354613"
"140","220","360.983759","0.71957","0.091747","1.352476"
"150","220","352.452889","0.718642","0.086507","1.350377"
"160","220","344.315918","0.718725","0.081621","1.348247"
"170","220","336.546181","0.719821","0.077057","1.346001"
"180","220","329.119365","0.721929","0.072791","1.343548"
"190","220","322.013257","0.725043","0.068803","1.340788"
"200","220","315.207524","0.729154","0.065076","1.337617"
"210","220","308.683515","0.734242","0.0616","1.333931"
"220","220","302.42409","0.740276","0.058365","1.329638"
"230","220","296.413475","0.747214","0.055364","1.324659"
"240","220","290.637124","0.754997","0.052592","1.318938"
"250","220","285.081602","0.763555","0.050042","1.312453"
"-100","230","900.308817","1.218903","0.892313","1.452785"
"-90","230","851.151907","1.167438","0.740176","1.448766"
"-80","230","807.08502","1.121566","0.627078","1.443975"
"-70","230","767.356494","1.080489","0.540189","1.438677"
"-60","230","731.35572","1.043562","0.471578","1.433073"
"-50","230","698.581545","1.010255","0.416152","1.427313"
"-40","230","668.618793","0.980133","0.370525","1.421505"
"-30","230","641.120591","0.952832","0.332376","1.415732"
"-20","230","615.794871","0.928049","0.300061","1.410053"
"-10","230","592.393964","0.905529","0.27239","1.404511"
"0","230","570.706468","0.885057","0.248474","1.399138"
"10","230","550.550845","0.866449","0.227639","1.39396"
"20","230","531.770328","0.849552","0.209361","1.388995"
"30","230","514.228836","0.834234","0.193225","1.384257"
"40","230","497.807669","0.820382","0.1789","1.379755"
"50","230","482.402821","0.807903","0.166114","1.375498"
"60","230","467.922773","0.796716","0.154644","1.371488"
"70","230","454.286673","0.786755","0.144306","1.367723"
"80","230","441.422828","0.777964","0.134945","1.364198"
"90","230","429.267442","0.770298","0.126429","1.360904"
"100","230","417.763558","0.763721","0.118651","1.357824"
"110","230","406.860164","0.758204","0.111515","1.354937"
"120","230","396.511438","0.753724","0.104944","1.352212"
"130","230","386.676105","0.750265","0.098871","1.349613"
"140","230","377.316887","0.747816","0.09324","1.347095"
"150","230","368.400028","0.746369","0.088005","1.344603"
"160","230","359.89489","0.745915","0.083125","1.342073"
"170","230","351.773602","0.746451","0.07857","1.339435"
"180","230","344.010751","0.747968","0.074312","1.336608"
"190","230","336.583119","0.750455","0.070332","1.333509"
"200","230","329.469453","0.753898","0.066611","1.330052"
"210","230","322.650257","0.758272","0.063138","1.326155"
"220","230","316.107618","0.763547","0.059902","1.321743"
"230","230","309.825046","0.769679","0.056895","1.316754"
"240","230","303.787336","0.776616","0.05411","1.311147"
"250","230","297.980449","0.78429","0.051541","1.304903"
"-100","240","939.280989","1.270822","0.899274","1.451785"
"-90","240","887.996196","1.217099","0.745794","1.447694"
"-80","240","842.021762","1.169208","0.631749","1.44283"
"-70","240","800.573484","1.126316","0.544174","1.437458"
"-60","240","763.014325","1.087747","0.47505","1.431776"
"-50","240","728.821435","1.052952","0.419234","1.425935"
"-40","240","697.56167","1.021472","0.373303","1.420041"
"-30","240","668.873137","0.992931","0.334912","1.414176"
"-20","240","642.451129","0.96701","0.302403","1.408398"
"-10","240","618.037254","0.943443","0.274572","1.402749"
"0","240","595.410958","0.922004","0.250525","1.397261"
"10","240","574.382848","0.902502","0.22958","1.391957"
"20","240","554.789368","0.884774","0.21121","1.386856"
"30","240","536.488548","0.868681","0.194997","1.381969"
"40","240","519.356549","0.854106","0.180607","1.377305"
"50","240","503.284862","0.840948","0.167766","1.372872"
"60","240","488.178008","0.829121","0.156251","1.368669"
"70","240","473.951634","0.818555","0.145875","1.364694"
"80","240","460.530945","0.809188","0.136483","1.360942"
"90","240","447.849383","0.80097","0.127943","1.357402"
"100","240","435.847523","0.793859","0.120145","1.354057"
"110","240","424.472147","0.787823","0.112996","1.350885"
"120","240","413.67545","0.782833","0.106416","1.347857"
"130","240","403.41437","0.778869","0.100338","1.34494"
"140","240","393.650014","0.775912","0.094706","1.34209"
"150","240","384.347166","0.773948","0.089472","1.339258"
"160","240","375.473862","0.772966","0.084596","1.336388"
"170","240","367.001023","0.772953","0.080045","1.333416"
"180","240","358.902137","0.773897","0.075793","1.330275"
"190","240","351.152981","0.775782","0.071817","1.326893"
"200","240","343.731382","0.778587","0.068101","1.323201"
"210","240","336.616999","0.782288","0.064629","1.319129"
"220","240","329.791145","0.786851","0.06139","1.314618"
"230","240","323.236616","0.792233","0.058377","1.309619"
"240","240","316.937549","0.798384","0.055579","1.3041"
"250","240","310.879295","0.805244","0.052992","1.298047"
"-100","250","978.253162","1.322677","0.906269","1.450793"
"-90","250","924.840486","1.266696","0.751436","1.446631"
"-80","250","876.958503","1.216783","0.636439","1.441696"
"-70","250","833.790475","1.172072","0.548172","1.436252"
"-60","250","794.67293","1.131861","0.478533","1.430496"
"-50","250","759.061326","1.095573","0.422323","1.424576"
"-40","250","726.504546","1.062734","0.376085","1.4186"
"-30","250","696.625683","1.032949","0.337451","1.412647"
"-20","250","669.107387","1.005887","0.304745","1.406774"
"-10","250","643.680543","0.981269","0.276754","1.401024"
"0","250","620.115449","0.95886","0.252574","1.395426"
"10","250","598.214851","0.938459","0.231518","1.390003"
"20","250","577.808408","0.919896","0.213055","1.384773"
"30","250","558.74826","0.903024","0.196764","1.379747"
"40","250","540.905428","0.887721","0.182307","1.374932"
"50","250","524.166904","0.873879","0.16941","1.370334"
"60","250","508.433243","0.861408","0.157848","1.365953"
"70","250","493.616596","0.850231","0.147432","1.361786"
"80","250","479.639063","0.840282","0.138008","1.357827"
"90","250","466.431323","0.831507","0.129442","1.354063"
"100","250","453.931488","0.82386","0.121624","1.350478"
"110","250","442.084131","0.817301","0.114459","1.347051"
"120","250","430.839463","0.811799","0.107868","1.343755"
"130","250","420.152635","0.807327","0.101782","1.340557"
"140","250","409.983142","0.803863","0.096146","1.337417"
"150","250","400.294304","0.801387","0.09091","1.33429"
"160","250","391.052834","0.799882","0.086035","1.331127"
"170","250","382.228444","0.799331","0.081487","1.327871"
"180","250","373.793523","0.799717","0.077237","1.324464"
"190","250","365.722843","0.801019","0.073264","1.320846"
"200","250","357.993311","0.803214","0.069549","1.316956"
"210","250","350.583742","0.806274","0.066076","1.312739"
"220","250","343.474673","0.810164","0.062834","1.308147"
"230","250","336.648186","0.814842","0.059813","1.30314"
"240","250","330.087762","0.82026","0.057004","1.297692"
"250","250","323.778142","0.826359","0.054399","1.291795"
"-100","260","1017.225334","1.37447","0.913298","1.449808"
"-90","260","961.684775","1.316227","0.757103","1.445578"
"-80","260","911.895245","1.264292","0.641147","1.440574"
"-70","260","867.007465","1.217761","0.552184","1.43506"
"-60","260","826.331534","1.175903","0.482026","1.429232"
"-50","260","789.301217","1.138122","0.425419","1.423236"
"-40","260","755.447422","1.103921","0.378873","1.417181"
"-30","260","724.37823","1.072889","0.339993","1.411143"
"-20","260","695.763644","1.044683","0.307089","1.40518"
"-10","260","669.323833","1.019011","0.278935","1.399333"
"0","260","644.81994","0.995627","0.254621","1.393631"
"10","260","622.046853","0.974323","0.233453","1.388096"
"20","260","600.827449","0.95492","0.214896","1.382744"
"30","260","581.007971","0.937266","0.198525","1.377587"
"40","260","562.454308","0.92123","0.184","1.372631"
"50","260","545.048945","0.906699","0.171046","1.36788"
"60","260","528.688478","0.893579","0.159435","1.363334"
"70","260","513.281558","0.881786","0.14898","1.35899"
"80","260","498.74718","0.871252","0.139521","1.35484"
"90","260","485.013263","0.861916","0.130928","1.350873"
"100","260","472.015454","0.853727","0.123087","1.347072"
"110","260","459.696115","0.846643","0.115905","1.343416"
"120","260","448.003476","0.840626","0.1093","1.33988"
"130","260","436.890901","0.835646","0.103205","1.336433"
"140","260","426.316269","0.831675","0.097562","1.333039"
"150","260","416.241443","0.828689","0.092323","1.329656"
"160","260","406.631805","0.826667","0.087446","1.326239"
"170","260","397.455865","0.825587","0.082897","1.32274"
"180","260","388.684909","0.825428","0.078648","1.319106"
"190","260","380.292705","0.826165","0.074676","1.315288"
"200","260","372.255239","0.827772","0.07096","1.311233"
"210","260","364.550484","0.830218","0.067485","1.306896"
"220","260","357.1582","0.833468","0.064238","1.302237"
"230","260","350.059757","0.837481","0.061209","1.297224"
"240","260","343.237974","0.842207","0.058388","1.291837"
"250","260","336.676989","0.847595","0.055768","1.286069"
"-100","270","1056.197506","1.4262","0.920362","1.448832"
"-90","270","998.529065","1.365695","0.762796","1.444534"
"-80","270","946.831986","1.311734","0.645874","1.439464"
"-70","270","900.224456","1.263381","0.556209","1.433881"
"-60","270","857.990139","1.219876","0.485528","1.427984"
"-50","270","819.541108","1.180598","0.428522","1.421915"
"-40","270","784.390299","1.145032","0.381665","1.415783"
"-30","270","752.130776","1.112751","0.342537","1.409664"
"-20","270","722.419902","1.083397","0.309434","1.403615"
"-10","270","694.967122","1.056668","0.281117","1.397675"
"0","270","669.52443","1.032307","0.256667","1.391874"
"10","270","645.878856","1.010096","0.235386","1.386233"
"20","270","623.846489","0.98985","0.216733","1.380767"
"30","270","603.267683","0.971409","0.200281","1.375486"
"40","270","584.003188","0.954635","0.185687","1.370398"
"50","270","565.930986","0.939412","0.172675","1.365505"
"60","270","548.943714","0.925638","0.161014","1.360807"
"70","270","532.94652","0.913226","0.150517","1.356299"
"80","270","517.855297","0.902102","0.141023","1.351975"
"90","270","503.595204","0.8922","0.1324","1.347822"
"100","270","490.099419","0.883467","0.124536","1.343824"
"110","270","477.308099","0.875854","0.117334","1.339963"
"120","270","465.167489","0.86932","0.110714","1.336212"
"130","270","453.629166","0.863831","0.104608","1.332544"
"140","270","442.649397","0.859354","0.098957","1.328925"
"150","270","432.188581","0.855861","0.093712","1.325317"
"160","270","422.210777","0.853327","0.088831","1.32168"
"170","270","412.683286","0.851725","0.08428","1.317971"
"180","270","403.576295","0.851031","0.08003","1.314145"
"190","270","394.862568","0.851218","0.076055","1.310156"
"200","270","386.517168","0.852255","0.072337","1.305963"
"210","270","378.517227","0.854112","0.068859","1.301526"
"220","270","370.841728","0.85675","0.065606","1.296811"
"230","270","363.471327","0.860129","0.062568","1.291795"
"240","270","356.388187","0.864201","0.059736","1.286461"
"250","270","349.575835","0.868916","0.057099","1.280803"
"-100","280","1095.169678","1.477869","0.92746","1.447862"
"-90","280","1035.373354","1.4151","0.768513","1.443499"
"-80","280","981.768728","1.359113","0.65062","1.438364"
"-70","280","933.441446","1.308935","0.560249","1.432716"
"-60","280","889.648744","1.26378","0.489041","1.42675"
"-50","280","849.780998","1.223003","0.431633","1.420612"
"-40","280","813.333175","1.186069","0.384462","1.414406"
"-30","280","779.883322","1.152537","0.345085","1.408209"
"-20","280","749.07616","1.122032","0.31178","1.402077"
"-10","280","720.610412","1.094242","0.283298","1.396049"
"0","280","694.228921","1.0689","0.258711","1.390154"
"10","280","669.710859","1.04578","0.237316","1.384412"
"20","280","646.865529","1.024687","0.218566","1.378838"
"30","280","625.527395","1.005455","0.202032","1.373442"
"40","280","605.552067","0.98794","0.187369","1.36823"
"50","280","586.813027","0.972021","0.174297","1.363204"
"60","280","569.198949","0.957589","0.162585","1.358364"
"70","280","552.611481","0.944554","0.152044","1.353705"
"80","280","536.963414","0.932835","0.142514","1.34922"
"90","280","522.177144","0.922365","0.133861","1.344898"
"100","280","508.183384","0.913083","0.125971","1.340722"
"110","280","494.920083","0.904939","0.118748","1.336675"
"120","280","482.331501","0.897886","0.112112","1.332732"
"130","280","470.367431","0.891887","0.105993","1.328867"
"140","280","458.982524","0.886904","0.100332","1.325049"
"150","280","448.13572","0.882906","0.095079","1.321243"
"160","280","437.789749","0.879864","0.090193","1.317415"
"170","280","427.910707","0.877747","0.085637","1.313524"
"180","280","418.467681","0.876529","0.081383","1.309531"
"190","280","409.43243","0.876177","0.077406","1.305398"
"200","280","400.779097","0.876662","0.073684","1.301087"
"210","280","392.483969","0.877948","0.0702","1.296567"
"220","280","384.525256","0.879998","0.066941","1.291808"
"230","280","376.882897","0.882771","0.063894","1.286792"
"240","280","369.5384","0.88622","0.06105","1.281504"
"250","280","362.474682","0.890297","0.058398","1.275941"
"-100","290","1134.141851","1.529476","0.934593","1.446901"
"-90","290","1072.217644","1.464442","0.774256","1.442473"
"-80","290","1016.705469","1.406427","0.655384","1.437275"
"-70","290","966.658437","1.354423","0.564302","1.431563"
"-60","290","921.307349","1.307616","0.492564","1.425532"
"-50","290","880.020889","1.265337","0.434751","1.419326"
"-40","290","842.276052","1.227034","0.387264","1.413049"
"-30","290","807.635868","1.192247","0.347636","1.406778"
"-20","290","775.732417","1.160589","0.314128","1.400567"
"-10","290","746.253701","1.131736","0.28548","1.394455"
"0","290","718.933412","1.10541","0.260755","1.38847"
"10","290","693.542862","1.081377","0.239244","1.382632"
"20","290","669.884569","1.059433","0.220396","1.376956"
"30","290","647.787107","1.039407","0.203779","1.371451"
"40","290","627.100947","1.021148","0.189045","1.366123"
"50","290","607.695069","1.004527","0.175912","1.360973"
"60","290","589.454184","0.989434","0.164149","1.356001"
"70","290","572.276443","0.975772","0.153563","1.351203"
"80","290","556.071532","0.963455","0.143995","1.346571"
"90","290","540.759084","0.952413","0.13531","1.342093"
"100","290","526.267349","0.94258","0.127393","1.337755"
"110","290","512.532067","0.933902","0.120149","1.333539"
"120","290","499.495514","0.926329","0.113494","1.329423"
"130","290","487.105696","0.919818","0.10736","1.325382"
"140","290","475.315652","0.91433","0.101687","1.321387"
"150","290","464.082858","0.90983","0.096425","1.317408"
"160","290","453.368721","0.906283","0.091532","1.313411"
"170","290","443.138128","0.903657","0.086971","1.309361"
"180","290","433.359067","0.901922","0.082711","1.305225"
"190","290","424.002292","0.901044","0.078729","1.300968"
"200","290","415.041026","0.900989","0.075002","1.296559"
"210","290","406.450712","0.901723","0.071513","1.291969"
"220","290","398.208783","0.903206","0.068246","1.287176"
"230","290","390.294468","0.905396","0.06519","1.282161"
"240","290","382.688612","0.908249","0.062333","1.276916"
"250","290","375.373528","0.911716","0.059667","1.271437"
"-100","300","1173.114023","1.581024","0.941761","1.445946"
"-90","300","1109.061933","1.513723","0.780024","1.441456"
"-80","300","1051.642211","1.453677","0.660166","1.436197"
"-70","300","999.875427","1.399846","0.568369","1.430423"
"-60","300","952.965954","1.351385","0.496098","1.424329"
"-50","300","910.26078","1.307603","0.437877","1.418057"
"-40","300","871.218928","1.267928","0.390071","1.411712"
"-30","300","835.388415","1.231883","0.35019","1.405369"
"-20","300","802.388675","1.19907","0.316478","1.399082"
"-10","300","771.896991","1.16915","0.287661","1.39289"
"0","300","743.637902","1.141838","0.262797","1.38682"
"10","300","717.374865","1.116888","0.241169","1.380892"
"20","300","692.903609","1.094091","0.222223","1.375119"
"30","300","670.046819","1.073266","0.205522","1.369511"
"40","300","648.649826","1.054259","0.190715","1.364074"
"50","300","628.57711","1.036935","0.177521","1.358809"
"60","300","609.709419","1.021177","0.165704","1.353714"
"70","300","591.941405","1.006884","0.155074","1.348787"
"80","300","575.179649","0.993966","0.145467","1.344018"
"90","300","559.341025","0.982348","0.136748","1.339398"
"100","300","544.351315","0.971962","0.128804","1.334912"
"110","300","530.144051","0.962748","0.121536","1.330543"
"120","300","516.659527","0.954653","0.114862","1.326271"
"130","300","503.843961","0.94763","0.108711","1.322072"
"140","300","491.648779","0.941637","0.103025","1.31792"
"150","300","480.029997","0.936635","0.097753","1.313786"
"160","300","468.947693","0.932587","0.09285","1.309641"
"170","300","458.365549","0.929458","0.088282","1.305454"
"180","300","448.250454","0.927213","0.084016","1.301194"
"190","300","438.572154","0.925818","0.080028","1.296831"
"200","300","429.302955","0.925237","0.076294","1.292338"
"210","300","420.417454","0.925433","0.072798","1.287691"
"220","300","411.892311","0.926366","0.069523","1.282869"
"230","300","403.706038","0.927994","0.066457","1.277859"
"240","300","395.838825","0.930274","0.063588","1.272653"
"250","300","388.272375","0.933157","0.060908","1.26725"
"-100","310","1212.086195","1.632511","0.948964","1.444999"
"-90","310","1145.906223","1.562942","0.785818","1.440448"
"-80","310","1086.578952","1.500865","0.664968","1.435129"
"-70","310","1033.092418","1.445205","0.572451","1.429295"
"-60","310","984.624559","1.395088","0.499642","1.42314"
"-50","310","940.500671","1.3498","0.44101","1.416805"
"-40","310","900.161804","1.308751","0.392884","1.410394"
"-30","310","863.140961","1.271447","0.352748","1.403982"
"-20","310","829.044933","1.237475","0.318829","1.397623"
"-10","310","797.54028","1.206487","0.289844","1.391354"
"0","310","768.342393","1.178184","0.264839","1.385203"
"10","310","741.206868","1.152315","0.243093","1.379188"
"20","310","715.922649","1.128661","0.224047","1.373325"
"30","310","692.30653","1.107036","0.20726","1.36762"
"40","310","670.198706","1.087278","0.192381","1.36208"
"50","310","649.459151","1.069246","0.179124","1.356707"
"60","310","629.964655","1.05282","0.167254","1.351498"
"70","310","611.606367","1.037892","0.156576","1.346451"
"80","310","594.287766","1.024371","0.14693","1.341556"
"90","310","577.922965","1.012175","0.138177","1.336805"
"100","310","562.43528","1.001232","0.130203","1.332184"
"110","310","547.756035","0.99148","0.12291","1.327677"
"120","310","533.82354","0.982861","0.116215","1.323263"
"130","310","520.582227","0.975326","0.110048","1.318922"
"140","310","507.981907","0.968829","0.104347","1.31463"
"150","310","495.977135","0.963327","0.099062","1.310359"
"160","310","484.526664","0.958781","0.09415","1.306084"
"170","310","473.59297","0.955152","0.089573","1.301777"
"180","310","463.14184","0.952404","0.085299","1.297409"
"190","310","453.142016","0.950501","0.081303","1.292955"
"200","310","443.564884","0.949404","0.077563","1.288391"
"210","310","434.384197","0.949075","0.074058","1.283696"
"220","310","425.575838","0.949474","0.070775","1.278852"
"230","310","417.117608","0.950558","0.067698","1.273849"
"240","310","408.989038","0.952284","0.064817","1.26868"
"250","310","401.171222","0.954606","0.062122","1.263345"
"-100","320","1251.058367","1.68394","0.956201","1.444058"
"-90","320","1182.750512","1.612101","0.791637","1.439449"
"-80","320","1121.515694","1.547991","0.669789","1.434071"
"-70","320","1066.309408","1.4905","0.576546","1.428179"
"-60","320","1016.283163","1.438725","0.503196","1.421965"
"-50","320","970.740562","1.39193","0.444151","1.415569"
"-40","320","929.104681","1.349504","0.395702","1.409095"
"-30","320","890.893507","1.310939","0.35531","1.402617"
"-20","320","855.70119","1.275807","0.321183","1.396188"
"-10","320","823.183569","1.243746","0.292027","1.389845"
"0","320","793.046884","1.214452","0.266881","1.383617"
"10","320","765.038871","1.18766","0.245016","1.377521"
"20","320","738.94169","1.163147","0.225868","1.371571"
"30","320","714.566242","1.140718","0.208995","1.365776"
"40","320","691.747585","1.120205","0.194042","1.36014"
"50","320","670.341192","1.101463","0.180721","1.354665"
"60","320","650.21989","1.084365","0.168796","1.34935"
"70","320","631.271328","1.068801","0.158071","1.34419"
"80","320","613.395884","1.054673","0.148384","1.33918"
"90","320","596.504905","1.041896","0.139596","1.334309"
"100","320","580.519245","1.030395","0.131592","1.329564"
"110","320","565.368019","1.020102","0.124273","1.32493"
"120","320","550.987553","1.010959","0.117556","1.320388"
"130","320","537.320492","1.002911","0.11137","1.31592"
"140","320","524.315034","0.995909","0.105654","1.311501"
"150","320","511.924273","0.989908","0.100356","1.30711"
"160","320","500.105636","0.984866","0.095432","1.302719"
"170","320","488.820391","0.980743","0.090844","1.298306"
"180","320","478.033226","0.977498","0.086562","1.293845"
"190","320","467.711878","0.975093","0.082558","1.289313"
"200","320","457.826812","0.97349","0.078809","1.284688"
"210","320","448.350939","0.972648","0.075296","1.279953"
"220","320","439.259366","0.972526","0.072003","1.275094"
"230","320","430.529179","0.973082","0.068915","1.270099"
"240","320","422.13925","0.974273","0.066022","1.264966"
"250","320","414.070068","0.976052","0.063313","1.259692"
"-100","330","1290.03054","1.73531","0.963474","1.443125"
"-90","330","1219.594802","1.661201","0.797483","1.438458"
"-80","330","1156.452436","1.595056","0.674629","1.433024"
"-70","330","1099.526399","1.535732","0.580656","1.427075"
"-60","330","1047.941768","1.482298","0.506761","1.420803"
"-50","330","1000.980452","1.433994","0.4473","1.414349"
"-40","330","958.047557","1.39019","0.398526","1.407813"
"-30","330","918.646054","1.35036","0.357875","1.401272"
"-20","330","882.357448","1.314065","0.323539","1.394776"
"-10","330","848.826859","1.280931","0.294211","1.388364"
"0","330","817.751374","1.250641","0.268922","1.382062"
"10","330","788.870874","1.222925","0.246936","1.375889"
"20","330","761.96073","1.197549","0.227687","1.369857"
"30","330","736.825954","1.174313","0.210727","1.363975"
"40","330","713.296465","1.153043","0.195699","1.358249"
"50","330","691.223234","1.133588","0.182314","1.352679"
"60","330","670.475125","1.115816","0.170332","1.347264"
"70","330","650.93629","1.099612","0.159559","1.342002"
"80","330","632.504001","1.084875","0.14983","1.336884"
"90","330","615.086845","1.071514","0.141006","1.331902"
"100","330","598.60321","1.059452","0.13297","1.327043"
"110","330","582.980002","1.048618","0.125625","1.322294"
"120","330","568.151565","1.038948","0.118885","1.317636"
"130","330","554.058757","1.030387","0.112679","1.313053"
"140","330","540.648162","1.022881","0.106946","1.308521"
"150","330","527.871412","1.016383","0.101633","1.304021"
"160","330","515.684608","1.010848","0.096697","1.299529"
"170","330","504.047812","1.006233","0.092098","1.295023"
"180","330","492.924612","1.002496","0.087806","1.29048"
"190","330","482.28174","0.999597","0.083792","1.28588"
"200","330","472.088741","0.997496","0.080034","1.281205"
"210","330","462.317682","0.996151","0.076512","1.276438"
"220","330","452.942893","0.99552","0.073209","1.271566"
"230","330","443.940749","0.995562","0.07011","1.266583"
"240","330","435.289463","0.996233","0.067205","1.261483"
"250","330","426.968915","0.997487","0.064481","1.256266"
"-100","340","1329.002712","1.786622","0.970782","1.442199"
"-90","340","1256.439091","1.710241","0.803353","1.437475"
"-80","340","1191.389177","1.642061","0.679488","1.431986"
"-70","340","1132.743389","1.580902","0.58478","1.425983"
"-60","340","1079.600373","1.525807","0.510337","1.419655"
"-50","340","1031.220343","1.475992","0.450457","1.413144"
"-40","340","986.990433","1.430807","0.401356","1.40655"
"-30","340","946.3986","1.389712","0.360444","1.399947"
"-20","340","909.013706","1.352252","0.325897","1.393388"
"-10","340","874.470148","1.318041","0.296396","1.386909"
"0","340","842.455865","1.286754","0.270963","1.380536"
"10","340","812.702877","1.258111","0.248856","1.374289"
"20","340","784.97977","1.23187","0.229504","1.36818"
"30","340","759.085666","1.207824","0.212456","1.362217"
"40","340","734.845344","1.185795","0.197352","1.356406"
"50","340","712.105275","1.165624","0.183901","1.350747"
"60","340","690.73036","1.147175","0.171863","1.34524"
"70","340","670.601252","1.130328","0.161041","1.33988"
"80","340","651.612118","1.114979","0.151268","1.334663"
"90","340","633.668786","1.101033","0.142407","1.329579"
"100","340","616.687176","1.088408","0.13434","1.324616"
"110","340","600.591986","1.07703","0.126966","1.319761"
"120","340","585.315578","1.066833","0.120202","1.314998"
"130","340","570.797022","1.057758","0.113976","1.31031"
"140","340","556.981289","1.049748","0.108224","1.305678"
"150","340","543.81855","1.042754","0.102896","1.301081"
"160","340","531.26358","1.036728","0.097946","1.296498"
"170","340","519.275233","1.031624","0.093336","1.29191"
"180","340","507.815998","1.0274","0.089033","1.287297"
"190","340","496.851602","1.024014","0.085009","1.282639"
"200","340","486.35067","1.021422","0.08124","1.27792"
"210","340","476.284424","1.019583","0.077708","1.273127"
"220","340","466.626421","1.018455","0.074394","1.268248"
"230","340","457.352319","1.017995","0.071284","1.263276"
"240","340","448.439676","1.018159","0.068366","1.258208"
"250","340","439.867762","1.018903","0.065629","1.253045"
"-100","350","1367.974884","1.837877","0.978126","1.441279"
"-90","350","1293.283381","1.759223","0.80925","1.436501"
"-80","350","1226.325919","1.689005","0.684366","1.430958"
"-70","350","1165.96038","1.626011","0.588919","1.424901"
"-60","350","1111.258978","1.569253","0.513924","1.41852"
"-50","350","1061.460234","1.517925","0.453622","1.411954"
"-40","350","1015.93331","1.471359","0.404191","1.405303"
"-30","350","974.151146","1.428995","0.363017","1.398642"
"-20","350","935.669963","1.390368","0.328258","1.392021"
"-10","350","900.113438","1.355079","0.298582","1.385479"
"0","350","867.160356","1.322792","0.273004","1.379039"
"10","350","836.53488","1.293219","0.250775","1.372722"
"20","350","807.99881","1.266111","0.231319","1.36654"
"30","350","781.345377","1.241253","0.214182","1.3605"
"40","350","756.394224","1.218461","0.199001","1.354608"
"50","350","732.987316","1.197571","0.185484","1.348866"
"60","350","710.985596","1.178443","0.173388","1.343272"
"70","350","690.266214","1.160952","0.162516","1.337823"
"80","350","670.720236","1.144988","0.1527","1.332514"
"90","350","652.250726","1.130454","0.1438","1.327335"
"100","350","634.771141","1.117265","0.1357","1.322276"
"110","350","618.20397","1.105342","0.128298","1.317325"
"120","350","602.479591","1.094617","0.121509","1.312466"
"130","350","587.535288","1.085027","0.11526","1.307684"
"140","350","573.314416","1.076514","0.10949","1.30296"
"150","350","559.765689","1.069025","0.104146","1.298276"
"160","350","546.842551","1.062509","0.099181","1.293614"
"170","350","534.502654","1.056921","0.094558","1.288954"
"180","350","522.707384","1.052214","0.090243","1.284278"
"190","350","511.421464","1.048344","0.086208","1.27957"
"200","350","500.612599","1.045268","0.082429","1.274815"
"210","350","490.251167","1.042944","0.078886","1.27"
"220","350","480.309949","1.041328","0.075561","1.265117"
"230","350","470.76389","1.040377","0.072439","1.260158"
"240","350","461.589888","1.040047","0.069509","1.255122"
"250","350","452.766608","1.040295","0.066757","1.250008"
"-100","360","1406.947056","1.889075","0.985506","1.440367"
"-90","360","1330.12767","1.808146","0.815173","1.435535"
"-80","360","1261.26266","1.735891","0.689264","1.42994"
"-70","360","1199.17737","1.671059","0.593072","1.423831"
"-60","360","1142.917583","1.612637","0.517522","1.417398"
"-50","360","1091.700125","1.559795","0.456795","1.410779"
"-40","360","1044.876186","1.511844","0.407032","1.404074"
"-30","360","1001.903692","1.468211","0.365594","1.397356"
"-20","360","962.326221","1.428414","0.330621","1.390677"
"-10","360","925.756726999999","1.392045","0.30077","1.384073"
"0","360","891.864846","1.358756","0.275044","1.37757"
"10","360","860.366883","1.328251","0.252692","1.371186"
"20","360","831.01785","1.300273","0.233131","1.364934"
"30","360","803.605089","1.274601","0.215904","1.358822"
"40","360","777.943103","1.251044","0.200647","1.352854"
"50","360","753.869357","1.229433","0.187062","1.347033"
"60","360","731.240831","1.209623","0.174908","1.341358"
"70","360","709.931175","1.191485","0.163984","1.335826"
"80","360","689.828353","1.174905","0.154124","1.330431"
"90","360","670.832666","1.159781","0.145186","1.325165"
"100","360","652.855106","1.146026","0.137051","1.320018"
"110","360","635.815954","1.133557","0.12962","1.314979"
"120","360","619.643604","1.122303","0.122805","1.310032"
"130","360","604.273553","1.112198","0.116534","1.305165"
"140","360","589.647544","1.103181","0.110744","1.300359"
"150","360","575.712827","1.095198","0.105382","1.295597"
"160","360","562.421523","1.088195","0.100402","1.290863"
"170","360","549.730075","1.082124","0.095765","1.286139"
"180","360","537.59877","1.076938","0.091437","1.28141"
"190","360","525.991326","1.07259","0.087391","1.276658"
"200","360","514.874528","1.069037","0.0836","1.271873"
"210","360","504.217909","1.066235","0.080046","1.267042"
"220","360","493.993476","1.064139","0.07671","1.262157"
"230","360","484.17546","1.062707","0.073576","1.257213"
"240","360","474.740101","1.061894","0.070632","1.252207"
"250","360","465.665455","1.061657","0.067867","1.24714"
"-100","370","1445.919229","1.940216","0.992921","1.439461"
"-90","370","1366.97196","1.857012","0.821122","1.434576"
"-80","370","1296.199402","1.782717","0.694181","1.42893"
"-70","370","1232.394361","1.716047","0.59724","1.422772"
"-60","370","1174.576188","1.65596","0.52113","1.416288"
"-50","370","1121.940015","1.601602","0.459976","1.409618"
"-40","370","1073.819063","1.552265","0.409879","1.40286"
"-30","370","1029.656239","1.507361","0.368175","1.396088"
"-20","370","988.982478","1.466392","0.332987","1.389353"
"-10","370","951.400017","1.428941","0.302958","1.38269"
"0","370","916.569337","1.394648","0.277086","1.376126"
"10","370","884.198885","1.363208","0.254609","1.369679"
"20","370","854.03689","1.334358","0.234942","1.363361"
"30","370","825.864801","1.30787","0.217625","1.35718"
"40","370","799.491983","1.283545","0.202289","1.351142"
"50","370","774.751398","1.261212","0.188636","1.345247"
"60","370","751.496066","1.240718","0.176423","1.339496"
"70","370","729.596137","1.22193","0.165448","1.333886"
"80","370","708.93647","1.204731","0.155542","1.328411"
"90","370","689.414607","1.189017","0.146564","1.323065"
"100","370","670.939071","1.174693","0.138395","1.317837"
"110","370","653.427938","1.161677","0.130933","1.312716"
"120","370","636.807616","1.149893","0.124092","1.307691"
"130","370","621.011818","1.139273","0.117797","1.302745"
"140","370","605.980671","1.129753","0.111987","1.297865"
"150","370","591.659966","1.121276","0.106607","1.293034"
"160","370","578.000495","1.113788","0.10161","1.288236"
"170","370","564.957496","1.107237","0.096959","1.283456"
"180","370","552.490157","1.101575","0.092617","1.278679"
"190","370","540.561188","1.096754","0.088558","1.273891"
"200","370","529.136457","1.092729","0.084756","1.26908"
"210","370","518.184652","1.089455","0.08119","1.264236"
"220","370","507.677004","1.086887","0.077842","1.259352"
"230","370","497.587031","1.084982","0.074696","1.254423"
"240","370","487.890314","1.083696","0.071739","1.249447"
"250","370","478.564302","1.082986","0.06896","1.244425"
"-100","380","1484.891401","1.991302","1.000372","1.438561"
"-90","380","1403.816249","1.905822","0.827097","1.433626"
"-80","380","1331.136143","1.829486","0.699117","1.427931"
"-70","380","1265.611351","1.760976","0.601422","1.421723"
"-60","380","1206.234793","1.699222","0.52475","1.415191"
"-50","380","1152.179906","1.643346","0.463165","1.408471"
"-40","380","1102.761939","1.592622","0.412732","1.401663"
"-30","380","1057.408785","1.546445","0.370761","1.394838"
"-20","380","1015.638736","1.504303","0.335356","1.388049"
"-10","380","977.043306","1.465767","0.305149","1.381331"
"0","380","941.273828","1.430468","0.279127","1.374709"
"10","380","908.030888","1.398092","0.256525","1.368201"
"20","380","877.055931","1.368368","0.236752","1.361821"
"30","380","848.124513","1.341061","0.219343","1.355575"
"40","380","821.040862","1.315967","0.203927","1.349469"
"50","380","795.63344","1.292908","0.190206","1.343506"
"60","380","771.751301","1.271728","0.177933","1.337684"
"70","380","749.261099","1.252289","0.166905","1.332001"
"80","380","728.044587","1.23447","0.156954","1.326452"
"90","380","707.996547","1.218162","0.147936","1.321031"
"100","380","689.023036","1.203269","0.139731","1.315728"
"110","380","671.039922","1.189705","0.132238","1.310533"
"120","380","653.971629","1.17739","0.125369","1.305435"
"130","380","637.750083","1.166254","0.11905","1.300419"
"140","380","622.313799","1.156232","0.113219","1.295471"
"150","380","607.607104","1.147263","0.10782","1.290578"
"160","380","593.579467","1.13929","0.102806","1.285724"
"170","380","580.184917","1.132262","0.098139","1.280894"
"180","380","567.381543","1.126127","0.093784","1.276076"
"190","380","555.131051","1.120836","0.089712","1.271256"
"200","380","543.398385","1.116344","0.085897","1.266424"
"210","380","532.151394","1.112605","0.082319","1.261571"
"220","380","521.360531","1.109572","0.078958","1.25669"
"230","380","510.998601","1.107203","0.0758","1.251777"
"240","380","501.040526","1.105453","0.07283","1.246829"
"250","380","491.463148","1.104279","0.070037","1.241849"
"-100","390","1523.863573","2.042332","1.007859","1.437668"
"-90","390","1440.660539","1.954575","0.833099","1.432683"
"-80","390","1366.072885","1.876198","0.704073","1.42694"
"-70","390","1298.828342","1.805847","0.605619","1.420685"
"-60","390","1237.893397","1.742424","0.528381","1.414106"
"-50","390","1182.419797","1.685029","0.466363","1.407338"
"-40","390","1131.704815","1.632917","0.415592","1.400481"
"-30","390","1085.161331","1.585464","0.37335","1.393606"
"-20","390","1042.294994","1.542148","0.337727","1.386765"
"-10","390","1002.686596","1.502525","0.30734","1.379993"
"0","390","965.978318","1.466218","0.281169","1.373316"
"10","390","931.862891","1.432904","0.258441","1.366751"
"20","390","900.074971","1.402304","0.23856","1.360311"
"30","390","870.384225","1.374176","0.221059","1.354004"
"40","390","842.589742","1.348311","0.205563","1.347835"
"50","390","816.515481","1.324525","0.191773","1.341806"
"60","390","792.006537","1.302656","0.179439","1.335918"
"70","390","768.926061","1.282564","0.168358","1.330167"
"80","390","747.152705","1.264123","0.15836","1.324549"
"90","390","726.578487","1.247221","0.149301","1.319059"
"100","390","707.107002","1.231757","0.14106","1.313687"
"110","390","688.651906","1.217643","0.133535","1.308424"
"120","390","671.135642","1.204797","0.126638","1.303259"
"130","390","654.488348","1.193145","0.120294","1.298179"
"140","390","638.646926","1.18262","0.11444","1.293171"
"150","390","623.554242","1.173159","0.109022","1.288221"
"160","390","609.158439","1.164704","0.103991","1.283317"
"170","390","595.412338","1.1572","0.099308","1.278444"
"180","390","582.272929","1.150595","0.094938","1.273589"
"190","390","569.700913","1.144839","0.090852","1.268743"
"200","390","557.660314","1.139885","0.087024","1.263893"
"210","390","546.118137","1.135685","0.083433","1.259034"
"220","390","535.044059","1.132195","0.08006","1.254157"
"230","390","524.410171","1.129368","0.076889","1.249261"
"240","390","514.190739","1.127162","0.073906","1.244342"
"250","390","504.361995","1.125533","0.071099","1.239402"
"-100","400","1562.835745","2.093308","1.015382","1.436781"
"-90","400","1477.504828","2.003272","0.839127","1.431748"
"-80","400","1401.009626","1.922852","0.709049","1.425958"
"-70","400","1332.045333","1.850659","0.609831","1.419657"
"-60","400","1269.552002","1.785567","0.532022","1.413032"
"-50","400","1212.659688","1.726652","0.469569","1.406218"
"-40","400","1160.647692","1.673149","0.418457","1.399314"
"-30","400","1112.913877","1.624419","0.375945","1.392391"
"-20","400","1068.951251","1.579926","0.340101","1.385501"
"-10","400","1028.329885","1.539216","0.309534","1.378678"
"0","400","990.682809","1.501899","0.283212","1.371947"
"10","400","955.694894","1.467645","0.260356","1.365328"
"20","400","923.094011","1.436167","0.240367","1.358831"
"30","400","892.643936","1.407216","0.222772","1.352466"
"40","400","864.138621","1.380578","0.207197","1.346237"
"50","400","837.397522","1.356062","0.193336","1.340147"
"60","400","812.261772","1.333504","0.180941","1.334196"
"70","400","788.591022","1.312757","0.169806","1.328382"
"80","400","766.260822","1.293692","0.15976","1.322701"
"90","400","745.160428","1.276194","0.150659","1.317146"
"100","400","725.190967","1.260158","0.142382","1.311711"
"110","400","706.26389","1.245494","0.134824","1.306385"
"120","400","688.299655","1.232116","0.127898","1.301159"
"130","400","671.226614","1.219948","0.121529","1.29602"
"140","400","654.980054","1.20892","0.115653","1.290958"
"150","400","639.501381","1.198969","0.110213","1.285958"
"160","400","624.73741","1.190032","0.105164","1.281008"
"170","400","610.639759","1.182055","0.100464","1.276096"
"180","400","597.164315","1.174983","0.096079","1.271211"
"190","400","584.270775","1.168765","0.091979","1.266341"
"200","400","571.922243","1.163352","0.088138","1.261478"
"210","400","560.084879","1.158697","0.084534","1.256615"
"220","400","548.727587","1.154754","0.081148","1.251745"
"230","400","537.821742","1.151477","0.077964","1.246865"
"240","400","527.340952","1.148822","0.074967","1.241974"
"250","400","517.260842","1.146746","0.072146","1.237073"
"-100","410","1601.807918","2.144229","1.022941","1.435901"
"-90","410","1514.349118","2.051915","0.845181","1.43082"
"-80","410","1435.946368","1.969451","0.714045","1.424985"
"-70","410","1365.262323","1.895414","0.614058","1.41864"
"-60","410","1301.210607","1.828651","0.535676","1.41197"
"-50","410","1242.899578","1.768214","0.472783","1.405111"
"-40","410","1189.590568","1.713319","0.421329","1.398162"
"-30","410","1140.666424","1.663312","0.378543","1.391193"
"-20","410","1095.607509","1.617641","0.342479","1.384255"
"-10","410","1053.973175","1.57584","0.311729","1.377383"
"0","410","1015.3873","1.537513","0.285255","1.370602"
"10","410","979.526897","1.502317","0.262272","1.36393"
"20","410","946.113051","1.469959","0.242173","1.35738"
"30","410","914.903648","1.440183","0.224484","1.35096"
"40","410","885.687501","1.41277","0.208827","1.344675"
"50","410","858.279563","1.387523","0.194895","1.338527"
"60","410","832.517007","1.364274","0.182438","1.332518"
"70","410","808.255984","1.34287","0.171249","1.326644"
"80","410","785.368939","1.32318","0.161155","1.320903"
"90","410","763.742368","1.305084","0.152012","1.315289"
"100","410","743.274932","1.288475","0.143697","1.309795"
"110","410","723.875873","1.273259","0.136106","1.304411"
"120","410","705.463668","1.259349","0.129151","1.29913"
"130","410","687.964879","1.246665","0.122755","1.293938"
"140","410","671.313181","1.235135","0.116856","1.288826"
"150","410","655.448519","1.224693","0.111395","1.283781"
"160","410","640.316382","1.215276","0.106327","1.278791"
"170","410","625.86718","1.206827","0.10161","1.273845"
"180","410","612.055701","1.19929","0.09721","1.268933"
"190","410","598.840637","1.192614","0.093095","1.264044"
"200","410","586.184172","1.186747","0.089239","1.25917"
"210","410","574.051621","1.181641","0.085622","1.254304"
"220","410","562.411114","1.177251","0.082222","1.249442"
"230","410","551.233312","1.173529","0.079025","1.24458"
"240","410","540.491164","1.170433","0.076015","1.239716"
"250","410","530.159688","1.167917","0.07318","1.234852"
"-100","420","1640.78009","2.195097","1.030537","1.435027"
"-90","420","1551.193407","2.100503","0.851262","1.4299"
"-80","420","1470.883109","2.015994","0.71906","1.42402"
"-70","420","1398.479314","1.940113","0.6183","1.417632"
"-60","420","1332.869212","1.871678","0.53934","1.410919"
"-50","420","1273.139469","1.809718","0.476006","1.404017"
"-40","420","1218.533444","1.75343","0.424207","1.397024"
"-30","420","1168.41897","1.702142","0.381147","1.390011"
"-20","420","1122.263767","1.655292","0.344859","1.383027"
"-10","420","1079.616464","1.6124","0.313926","1.376108"
"0","420","1040.09179","1.573059","0.287299","1.369279"
"10","420","1003.3589","1.53692","0.264187","1.362558"
"20","420","969.132091","1.50368","0.243978","1.355957"
"30","420","937.16336","1.473079","0.226195","1.349485"
"40","420","907.23638","1.444888","0.210455","1.343146"
"50","420","879.161605","1.418909","0.196452","1.336944"
"60","420","852.772242","1.394966","0.183932","1.33088"
"70","420","827.920946","1.372904","0.172688","1.324951"
"80","420","804.477057","1.352587","0.162546","1.319154"
"90","420","782.324308","1.333893","0.153359","1.313485"
"100","420","761.358897","1.31671","0.145006","1.307936"
"110","420","741.487857","1.300942","0.137381","1.3025"
"120","420","722.62768","1.286498","0.130396","1.297167"
"130","420","704.703144","1.273297","0.123974","1.291927"
"140","420","687.646309","1.261266","0.11805","1.28677"
"150","420","671.395658","1.250334","0.112568","1.281684"
"160","420","655.895354","1.240439","0.107481","1.276659"
"170","420","641.094601","1.23152","0.102746","1.271683"
"180","420","626.947087","1.223521","0.098329","1.266747"
"190","420","613.410499","1.216388","0.094199","1.261842"
"200","420","600.446101","1.21007","0.090329","1.25696"
"210","420","588.018364","1.204518","0.086698","1.252095"
"220","420","576.094642","1.199685","0.083285","1.247241"
"230","420","564.644882","1.195525","0.080074","1.242397"
"240","420","553.641377","1.191993","0.07705","1.23756"
"250","420","543.058535","1.189045","0.074202","1.232731"
"-100","430","1679.752262","2.245911","1.038169","1.434159"
"-90","430","1588.037697","2.149036","0.85737","1.428987"
"-80","430","1505.819851","2.062481","0.724096","1.423064"
"-70","430","1431.696304","1.984755","0.622557","1.416634"
"-60","430","1364.527817","1.914647","0.543016","1.409879"
"-50","430","1303.37936","1.851163","0.479238","1.402936"
"-40","430","1247.476321","1.79348","0.427092","1.395901"
"-30","430","1196.171516","1.740912","0.383755","1.388844"
"-20","430","1148.920024","1.69288","0.347243","1.381816"
"-10","430","1105.259754","1.648895","0.316126","1.374853"
"0","430","1064.796281","1.60854","0.289345","1.367978"
"10","430","1027.190903","1.571455","0.266102","1.36121"
"20","430","992.151131","1.537332","0.245782","1.35456"
"30","430","959.423072","1.505903","0.227903","1.348039"
"40","430","928.78526","1.476934","0.212081","1.34165"
"50","430","900.043646","1.45022","0.198005","1.335397"
"60","430","873.027478","1.425583","0.185422","1.329281"
"70","430","847.585908","1.402862","0.174123","1.3233"
"80","430","823.585174","1.381917","0.163931","1.317452"
"90","430","800.906249","1.362622","0.154701","1.311731"
"100","430","779.442863","1.344865","0.146309","1.306132"
"110","430","759.099841","1.328543","0.13865","1.300647"
"120","430","739.791693","1.313566","0.131634","1.295268"
"130","430","721.441409","1.299849","0.125184","1.289984"
"140","430","703.979436","1.287315","0.119236","1.284786"
"150","430","687.342796","1.275895","0.113732","1.279663"
"160","430","671.474326","1.265522","0.108625","1.274606"
"170","430","656.322022","1.256134","0.103872","1.269604"
"180","430","641.838473","1.247675","0.099438","1.264649"
"190","430","627.980361","1.240088","0.095292","1.25973"
"200","430","614.70803","1.233323","0.091408","1.254842"
"210","430","601.985106","1.22733","0.087762","1.249979"
"220","430","589.778169","1.222059","0.084335","1.245135"
"230","430","578.056453","1.217464","0.081111","1.240308"
"240","430","566.79159","1.213502","0.078073","1.235498"
"250","430","555.957382","1.210127","0.075211","1.230703"
"-100","440","1718.724434","2.296673","1.045838","1.433297"
"-90","440","1624.881986","2.197516","0.863505","1.428081"
"-80","440","1540.756592","2.108915","0.729152","1.422116"
"-70","440","1464.913295","2.029342","0.626829","1.415645"
"-60","440","1396.186422","1.95756","0.546704","1.40885"
"-50","440","1333.619251","1.89255","0.482479","1.401867"
"-40","440","1276.419197","1.833471","0.429983","1.394791"
"-30","440","1223.924063","1.779621","0.386368","1.387693"
"-20","440","1175.576282","1.730407","0.34963","1.380623"
"-10","440","1130.903043","1.685328","0.318327","1.373617"
"0","440","1089.500772","1.643956","0.291391","1.366698"
"10","440","1051.022906","1.605925","0.268017","1.359885"
"20","440","1015.170172","1.570917","0.247586","1.35319"
"30","440","981.682783","1.538658","0.22961","1.346621"
"40","440","950.33414","1.508909","0.213705","1.340185"
"50","440","920.925687","1.48146","0.199556","1.333884"
"60","440","893.282713","1.456126","0.186909","1.32772"
"70","440","867.250869","1.432744","0.175553","1.32169"
"80","440","842.693291","1.41117","0.165312","1.315794"
"90","440","819.488189","1.391274","0.156038","1.310026"
"100","440","797.526828","1.372941","0.147607","1.30438"
"110","440","776.711825","1.356065","0.139912","1.29885"
"120","440","756.955706","1.340554","0.132865","1.293428"
"130","440","738.179675","1.32632","0.126388","1.288104"
"140","440","720.312564","1.313285","0.120414","1.282869"
"150","440","703.289935","1.301376","0.114888","1.277714"
"160","440","687.053297","1.290526","0.10976","1.272628"
"170","440","671.549443","1.280672","0.104988","1.267604"
"180","440","656.729859","1.271754","0.100537","1.262631"
"190","440","642.550223","1.263717","0.096375","1.257702"
"200","440","628.969958","1.256508","0.092476","1.25281"
"210","440","615.951849","1.250075","0.088815","1.247949"
"220","440","603.461697","1.244371","0.085375","1.243116"
"230","440","591.468023","1.239347","0.082136","1.238308"
"240","440","579.941802","1.23496","0.079085","1.233523"
"250","440","568.856228","1.231164","0.076208","1.228761"
"-100","450","1757.696607","2.347382","1.053544","1.432441"
"-90","450","1661.726276","2.245943","0.869666","1.427182"
"-80","450","1575.693334","2.155294","0.734227","1.421176"
"-70","450","1498.130285","2.073874","0.631117","1.414666"
"-60","450","1427.845027","2.000416","0.550403","1.407832"
"-50","450","1363.859141","1.93388","0.485728","1.400809"
"-40","450","1305.362073","1.873404","0.432881","1.393694"
"-30","450","1251.676609","1.81827","0.388985","1.386557"
"-20","450","1202.23254","1.767872","0.352021","1.379447"
"-10","450","1156.546333","1.721697","0.32053","1.372399"
"0","450","1114.205262","1.679308","0.293438","1.365438"
"10","450","1074.854909","1.640329","0.269933","1.358582"
"20","450","1038.189212","1.604435","0.249388","1.351844"
"30","450","1003.942495","1.571345","0.231316","1.345231"
"40","450","971.883019","1.540814","0.215327","1.33875"
"50","450","941.807728","1.512628","0.201105","1.332404"
"60","450","913.537948","1.486596","0.188393","1.326194"
"70","450","886.915831","1.462552","0.17698","1.320119"
"80","450","861.801409","1.440348","0.166688","1.314178"
"90","450","838.070129","1.41985","0.15737","1.308365"
"100","450","815.610793","1.40094","0.148899","1.302677"
"110","450","794.323809","1.38351","0.141169","1.297105"
"120","450","774.119719","1.367464","0.13409","1.291644"
"130","450","754.91794","1.352714","0.127584","1.286283"
"140","450","736.645691","1.339178","0.121585","1.281015"
"150","450","719.237073","1.326781","0.116035","1.275831"
"160","450","702.632269","1.315455","0.110886","1.27072"
"170","450","686.776864","1.305136","0.106096","1.265676"
"180","450","671.621246","1.295761","0.101627","1.260688"
"190","450","657.120085","1.287276","0.097448","1.25575"
"200","450","643.231887","1.279625","0.093533","1.250856"
"210","450","629.918591","1.272757","0.089859","1.246"
"220","450","617.145224","1.266623","0.086404","1.241179"
"230","450","604.879593","1.261174","0.083151","1.236389"
"240","450","593.092015","1.256367","0.080086","1.231629"
"250","450","581.755075","1.252156","0.077195","1.226899"
"-100","460","1796.668779","2.398039","1.061286","1.431591"
"-90","460","1698.570565","2.294317","0.875855","1.42629"
"-80","460","1610.630075","2.20162","0.739323","1.420245"
"-70","460","1531.347276","2.118352","0.635419","1.413696"
"-60","460","1459.503631","2.043217","0.554114","1.406824"
"-50","460","1394.099032","1.975153","0.488986","1.399764"
"-40","460","1334.30495","1.91328","0.435785","1.392611"
"-30","460","1279.429155","1.856861","0.391608","1.385436"
"-20","460","1228.888797","1.805278","0.354415","1.378287"
"-10","460","1182.189622","1.758006","0.322736","1.3712"
"0","460","1138.909753","1.714598","0.295487","1.364199"
"10","460","1098.686912","1.674668","0.271848","1.357302"
"20","460","1061.208252","1.637887","0.251191","1.350522"
"30","460","1026.202207","1.603965","0.233021","1.343867"
"40","460","993.431899","1.572651","0.216947","1.337344"
"50","460","962.68977","1.543726","0.202651","1.330955"
"60","460","933.793183","1.516996","0.189874","1.324702"
"70","460","906.580793","1.492289","0.178404","1.318585"
"80","460","880.909526","1.469453","0.168061","1.312602"
"90","460","856.65207","1.448352","0.158697","1.306749"
"100","460","833.694758","1.428864","0.150186","1.30102"
"110","460","811.935793","1.41088","0.14242","1.295411"
"120","460","791.283732","1.394299","0.135309","1.289913"
"130","460","771.656205","1.379032","0.128774","1.284519"
"140","460","752.978819","1.364994","0.122749","1.279221"
"150","460","735.184211","1.352111","0.117175","1.27401"
"160","460","718.211241","1.34031","0.112005","1.268878"
"170","460","702.004285","1.329526","0.107195","1.263816"
"180","460","686.512632","1.319697","0.102708","1.258816"
"190","460","671.689947","1.310766","0.098513","1.253872"
"200","460","657.493816","1.302676","0.094582","1.248977"
"210","460","643.885334","1.295375","0.090892","1.244127"
"220","460","630.828752","1.288815","0.087422","1.239317"
"230","460","618.291164","1.282946","0.084156","1.234546"
"240","460","606.242228","1.277722","0.081077","1.229811"
"250","460","594.653922","1.2731","0.078172","1.225112"
"-100","470","1835.640951","2.448645","1.069066","1.430747"
"-90","470","1735.414855","2.34264","0.882071","1.425405"
"-80","470","1645.566817","2.247893","0.744439","1.419321"
"-70","470","1564.564266","2.162776","0.639737","1.412735"
"-60","470","1491.162236","2.085964","0.557836","1.405827"
"-50","470","1424.338923","2.016371","0.492253","1.39873"
"-40","470","1363.247826","1.953098","0.438697","1.391541"
"-30","470","1307.181701","1.895393","0.394236","1.384329"
"-20","470","1255.545055","1.842624","0.356813","1.377143"
"-10","470","1207.832912","1.794254","0.324944","1.370018"
"0","470","1163.614244","1.749825","0.297537","1.362979"
"10","470","1122.518915","1.708945","0.273765","1.356043"
"20","470","1084.227292","1.671275","0.252993","1.349224"
"30","470","1048.461919","1.636519","0.234725","1.342529"
"40","470","1014.980778","1.604421","0.218565","1.335966"
"50","470","983.571811","1.574756","0.204194","1.329537"
"60","470","954.048419","1.547326","0.191352","1.323244"
"70","470","926.245755","1.521954","0.179824","1.317087"
"80","470","900.017643","1.498486","0.169429","1.311065"
"90","470","875.23401","1.476781","0.16002","1.305173"
"100","470","851.778723","1.456715","0.151468","1.299408"
"110","470","829.547777","1.438175","0.143665","1.293763"
"120","470","808.447744","1.421059","0.136521","1.288233"
"130","470","788.39447","1.405275","0.129957","1.282809"
"140","470","769.311946","1.390737","0.123905","1.277484"
"150","470","751.13135","1.377366","0.118308","1.272249"
"160","470","733.790213","1.365092","0.113116","1.267098"
"170","470","717.231706","1.353845","0.108286","1.26202"
"180","470","701.404018","1.343563","0.10378","1.257011"
"190","470","686.259809","1.334188","0.099568","1.252062"
"200","470","671.755745","1.325661","0.095621","1.247168"
"210","470","657.852076","1.317932","0.091916","1.242324"
"220","470","644.51228","1.310948","0.088432","1.237527"
"230","470","631.702734","1.304662","0.085151","1.232774"
"240","470","619.39244","1.299027","0.082057","1.228063"
"250","470","607.552768","1.293999","0.079138","1.223394"
"-100","480","1874.613123","2.4992","1.076883","1.429908"
"-90","480","1772.259144","2.39091","0.888314","1.424527"
"-80","480","1680.503558","2.294114","0.749576","1.418406"
"-70","480","1597.781257","2.207147","0.644071","1.411783"
"-60","480","1522.820841","2.128656","0.56157","1.404839"
"-50","480","1454.578814","2.057534","0.495529","1.397708"
"-40","480","1392.190703","1.99286","0.441615","1.390483"
"-30","480","1334.934248","1.933868","0.396868","1.383236"
"-20","480","1282.201313","1.879911","0.359214","1.376014"
"-10","480","1233.476201","1.830442","0.327155","1.368853"
"0","480","1188.318734","1.784992","0.299588","1.361777"
"10","480","1146.350918","1.74316","0.275682","1.354805"
"20","480","1107.246332","1.704599","0.254795","1.347948"
"30","480","1070.721631","1.669008","0.236428","1.341216"
"40","480","1036.529658","1.636125","0.220182","1.334615"
"50","480","1004.453852","1.605719","0.205736","1.328148"
"60","480","974.303654","1.577587","0.192827","1.321817"
"70","480","945.910716","1.55155","0.18124","1.315623"
"80","480","919.12576","1.527448","0.170794","1.309564"
"90","480","893.81595","1.505139","0.161338","1.303637"
"100","480","869.862689","1.484494","0.152745","1.297838"
"110","480","847.159761","1.465398","0.144906","1.292161"
"120","480","825.611757","1.447747","0.137729","1.286601"
"130","480","805.132735","1.431446","0.131135","1.281149"
"140","480","785.645074","1.416407","0.125056","1.2758"
"150","480","767.078488","1.40255","0.119434","1.270544"
"160","480","749.369185","1.389803","0.11422","1.265375"
"170","480","732.459127","1.378094","0.109369","1.260285"
"180","480","716.295404","1.367361","0.104845","1.255267"
"190","480","700.829671","1.357543","0.100615","1.250315"
"200","480","686.017674","1.348583","0.096652","1.245423"
"210","480","671.818819","1.340426","0.092931","1.240587"
"220","480","658.195807","1.333023","0.089432","1.235803"
"230","480","645.114304","1.326323","0.086136","1.231068"
"240","480","632.542653","1.32028","0.083028","1.226381"
"250","480","620.451615","1.31485","0.080095","1.221742"
"-100","490","1913.585296","2.549704","1.084737","1.429076"
"-90","490","1809.103434","2.439129","0.894584","1.423656"
"-80","490","1715.4403","2.340283","0.754733","1.417497"
"-70","490","1630.998247","2.251464","0.64842","1.41084"
"-60","490","1554.479446","2.171295","0.565317","1.403862"
"-50","490","1484.818705","2.098642","0.498815","1.396696"
"-40","490","1421.133579","2.032567","0.44454","1.389438"
"-30","490","1362.686794","1.972287","0.399506","1.382157"
"-20","490","1308.85757","1.917141","0.361619","1.374901"
"-10","490","1259.11949","1.866571","0.329368","1.367705"
"0","490","1213.023225","1.820098","0.301641","1.360594"
"10","490","1170.18292","1.777313","0.277599","1.353587"
"20","490","1130.265372","1.73786","0.256597","1.346694"
"30","490","1092.981342","1.701434","0.23813","1.339926"
"40","490","1058.078537","1.667764","0.221798","1.333289"
"50","490","1025.335893","1.636616","0.207276","1.326787"
"60","490","994.558889","1.607782","0.1943","1.320421"
"70","490","965.575678","1.581078","0.182654","1.314192"
"80","490","938.233878","1.556342","0.172156","1.308099"
"90","490","912.39789","1.533427","0.162653","1.302139"
"100","490","887.946654","1.512202","0.154018","1.296309"
"110","490","864.771745","1.49255","0.146141","1.290602"
"120","490","842.77577","1.474364","0.138931","1.285014"
"130","490","821.871001","1.457545","0.132306","1.279538"
"140","490","801.978201","1.442006","0.1262","1.274166"
"150","490","783.025627","1.427664","0.120554","1.268892"
"160","490","764.948156","1.414444","0.115316","1.263708"
"170","490","747.686548","1.402275","0.110445","1.258607"
"180","490","731.18679","1.391092","0.105902","1.253583"
"190","490","715.399533","1.380834","0.101654","1.248629"
"200","490","700.279602","1.371441","0.097674","1.24374"
"210","490","685.785561","1.362861","0.093937","1.238912"
"220","490","671.879335","1.35504","0.090423","1.234141"
"230","490","658.525875","1.34793","0.087113","1.229425"
"240","490","645.692865","1.341483","0.083991","1.224761"
"250","490","633.350461","1.335655","0.081043","1.22015"
"-100","500","1952.557468","2.600158","1.092629","1.428249"
"-90","500","1845.947723","2.487298","0.900882","1.422791"
"-80","500","1750.377041","2.3864","0.75991","1.416597"
"-70","500","1664.215238","2.29573","0.652784","1.409905"
"-60","500","1586.138051","2.213881","0.569075","1.402894"
"-50","500","1515.058595","2.139696","0.502109","1.395695"
"-40","500","1450.076455","2.072219","0.447471","1.388405"
"-30","500","1390.43934","2.010649","0.402149","1.381091"
"-20","500","1335.513828","1.954314","0.364028","1.373802"
"-10","500","1284.76278","1.902642","0.331584","1.366573"
"0","500","1237.727716","1.855145","0.303696","1.359429"
"10","500","1194.014923","1.811405","0.279518","1.352388"
"20","500","1153.284413","1.77106","0.258399","1.345462"
"30","500","1115.241054","1.733796","0.239832","1.33866"
"40","500","1079.627417","1.699339","0.223412","1.331989"
"50","500","1046.217935","1.667448","0.208813","1.325453"
"60","500","1014.814124","1.63791","0.195771","1.319054"
"70","500","985.24064","1.610539","0.184065","1.312793"
"80","500","957.341995","1.585168","0.173514","1.306668"
"90","500","930.979831","1.561647","0.163964","1.300677"
"100","500","906.030619","1.539842","0.155286","1.294818"
"110","500","882.383728","1.519633","0.147372","1.289084"
"120","500","859.939783","1.500911","0.140127","1.283471"
"130","500","838.609266","1.483575","0.133472","1.277972"
"140","500","818.311329","1.467536","0.127338","1.27258"
"150","500","798.972765","1.452709","0.121667","1.26729"
"160","500","780.527128","1.439017","0.116406","1.262093"
"170","500","762.913969","1.426389","0.111514","1.256983"
"180","500","746.078176","1.414758","0.106951","1.251953"
"190","500","729.969396","1.40406","0.102685","1.246999"
"200","500","714.541531","1.394238","0.098689","1.242114"
"210","500","699.752304","1.385236","0.094936","1.237295"
"220","500","685.562862","1.377001","0.091406","1.232538"
"230","500","671.937445","1.369484","0.088081","1.22784"
"240","500","658.843078","1.362636","0.084944","1.223199"
"250","500","646.249308","1.356413","0.081982","1.218616"
"-100","0","3.948855","0.005436","0.741296","1.478278"
"-90","0","3.733248","0.005215","0.617548","1.476592"
"-80","0","3.539965","0.005018","0.52442","1.474236"
"-70","0","3.365712","0.004843","0.451994","1.471532"
"-60","0","3.207808","0.004687","0.394124","1.468737"
"-50","0","3.064057","0.004547","0.346851","1.466066"
"-40","0","2.932637","0.004423","0.30753","1.463701"
"-30","0","2.812027","0.004312","0.27433","1.461806"
"-20","0","2.700945","0.004213","0.245946","1.460544"
"-10","0","2.598306","0.004125","0.221418","1.460088"
"0","0","2.503183","0.961446","0.007435","1.138955"
"10","0","2.414778","0.966331","0.007727","1.131618"
"20","0","2.332404","0.970366","0.008018","1.125339"
"30","0","2.255465","0.973738","0.008307","1.119863"
"40","0","2.18344","0.976585","0.008594","1.115017"
"50","0","2.115873","0.979012","0.00888","1.110675"
"60","0","2.052362","0.981096","0.009165","1.106747"
"70","0","1.992552","0.982901","0.009448","1.103166"
"80","0","1.93613","0.984473","0.009729","1.099879"
"90","0","1.882815","0.985852","0.010009","1.096846"
"100","0","1.832358","0.987068","0.010287","1.094035"
"110","0","1.784534","0.988146","0.010563","1.09142"
"120","0","1.739144","0.989105","0.010837","1.088979"
"130","0","1.696005","0.989964","0.011109","1.086697"
"140","0","1.654954","0.990735","0.01138","1.084556"
"150","0","1.615844","0.991431","0.011648","1.082546"
"160","0","1.578539","0.99206","0.011915","1.080654"
"170","0","1.542918","0.992632","0.012179","1.078872"
"180","0","1.50887","0.993152","0.012442","1.07719"
"190","0","1.476291","0.993627","0.012702","1.075602"
"200","0","1.44509","0.994062","0.012961","1.0741"
"210","0","1.41518","0.994461","0.013218","1.072678"
"220","0","1.386483","0.994828","0.013472","1.071331"
"230","0","1.358927","0.995167","0.013725","1.070054"
"240","0","1.332445","0.995479","0.013976","1.068842"
"250","0","1.306976","0.995769","0.014225","1.067691"
"-100","1","7.846073","0.010801","0.741916","1.478155"
"-90","1","7.417677","0.01036","0.618055","1.476456"
"-80","1","7.033639","0.009969","0.524847","1.474085"
"-70","1","6.687411","0.009621","0.452364","1.471364"
"-60","1","6.373669","0.009311","0.394452","1.468551"
"-50","1","6.088046","0.009034","0.347148","1.465859"
"-40","1","5.826925","0.008786","0.307802","1.463469"
"-30","1","5.587281","0.008565","0.274584","1.461545"
"-20","1","5.366571","0.008369","0.246186","1.460249"
"-10","1","5.162635","0.008195","0.221646","1.459751"
"0","1","4.973632","0.008042","0.200239","1.460249"
"10","1","4.797978","0.00791","0.1814","1.461985"
"20","1","4.634308","0.939224","0.007993","1.144352"
"30","1","4.481436","0.946399","0.008288","1.135406"
"40","1","4.338328","0.952392","0.00858","1.127939"
"50","1","4.204077","0.957456","0.00887","1.121566"
"60","1","4.077885","0.961778","0.009159","1.116032"
"70","1","3.959048","0.965499","0.009445","1.11116"
"80","1","3.846942","0.968728","0.009729","1.106821"
"90","1","3.741009","0.971549","0.010011","1.102921"
"100","1","3.640754","0.974029","0.010291","1.099387"
"110","1","3.545733","0.976221","0.010569","1.096165"
"120","1","3.455545","0.97817","0.010845","1.09321"
"130","1","3.369831","0.979909","0.011119","1.090489"
"140","1","3.288267","0.981468","0.011391","1.087971"
"150","1","3.210558","0.982872","0.011661","1.085634"
"160","1","3.136436","0.984141","0.011928","1.083459"
"170","1","3.065661","0.985291","0.012194","1.081429"
"180","1","2.998008","0.986337","0.012457","1.07953"
"190","1","2.933277","0.987291","0.012719","1.077749"
"200","1","2.871283","0.988164","0.012978","1.076077"
"210","1","2.811854","0.988964","0.013235","1.074504"
"220","1","2.754836","0.9897","0.01349","1.073022"
"230","1","2.700084","0.990378","0.013743","1.071624"
"240","1","2.647467","0.991003","0.013994","1.070303"
"250","1","2.59686","0.991582","0.014243","1.069053"
"-100","2","11.74329","0.016164","0.742537","1.478032"
"-90","2","11.102106","0.015505","0.618562","1.47632"
"-80","2","10.527314","0.014919","0.525275","1.473934"
"-70","2","10.00911","0.014399","0.452735","1.471197"
"-60","2","9.539529","0.013934","0.394781","1.468365"
"-50","2","9.112035","0.013519","0.347444","1.465652"
"-40","2","8.721212","0.013148","0.308074","1.463238"
"-30","2","8.362536","0.012818","0.274837","1.461285"
"-20","2","8.032197","0.012523","0.246425","1.459955"
"-10","2","7.726964","0.012263","0.221875","1.459415"
"0","2","7.444081","0.012034","0.200459","1.459862"
"10","2","7.181178","0.011836","0.181615","1.461532"
"20","2","6.936212","0.011668","0.164895","1.464736"
"30","2","6.707408","0.917324","0.008276","1.154697"
"40","2","6.493216","0.926919","0.008572","1.143434"
"50","2","6.292281","0.934934","0.008866","1.13429"
"60","2","6.103409","0.941717","0.009157","1.126662"
"70","2","5.925545","0.947518","0.009446","1.120163"
"80","2","5.757753","0.952526","0.009733","1.114536"
"90","2","5.599203","0.956882","0.010017","1.109597"
"100","2","5.449151","0.960697","0.010299","1.105214"
"110","2","5.306931","0.96406","0.010579","1.101289"
"120","2","5.171946","0.967041","0.010856","1.097747"
"130","2","5.043658","0.969697","0.011132","1.09453"
"140","2","4.92158","0.972073","0.011405","1.09159"
"150","2","4.805271","0.974209","0.011675","1.088892"
"160","2","4.694334","0.976135","0.011944","1.086405"
"170","2","4.588403","0.97788","0.01221","1.084105"
"180","2","4.487147","0.979465","0.012474","1.081969"
"190","2","4.390264","0.980909","0.012736","1.079982"
"200","2","4.297476","0.982228","0.012996","1.078127"
"210","2","4.208529","0.983437","0.013254","1.076392"
"220","2","4.123189","0.984548","0.013509","1.074766"
"230","2","4.041241","0.98557","0.013763","1.073239"
"240","2","3.962488","0.986513","0.014014","1.071803"
"250","2","3.886745","0.987385","0.014264","1.07045"
"-100","3","15.640507","0.021527","0.743158","1.47791"
"-90","3","14.786534","0.020648","0.61907","1.476183"
"-80","3","14.020988","0.019869","0.525703","1.473783"
"-70","3","13.330809","0.019175","0.453105","1.471029"
"-60","3","12.70539","0.018556","0.395109","1.46818"
"-50","3","12.136024","0.018003","0.347741","1.465446"
"-40","3","11.6155","0.01751","0.308346","1.463007"
"-30","3","11.137791","0.017069","0.275091","1.461026"
"-20","3","10.697823","0.016676","0.246664","1.459662"
"-10","3","10.291293","0.016329","0.222103","1.459081"
"0","3","9.91453","0.016024","0.200679","1.459476"
"10","3","9.564379","0.01576","0.18183","1.461082"
"20","3","9.238116","0.015535","0.165106","1.464203"
"30","3","8.933379","0.01535","0.150147","1.46925"
"40","3","8.648104","0.899899","0.008572","1.162502"
"50","3","8.380485","0.911282","0.008868","1.149424"
"60","3","8.128932","0.920808","0.009162","1.138984"
"70","3","7.892041","0.928889","0.009453","1.130397"
"80","3","7.668565","0.935819","0.009741","1.123167"
"90","3","7.457397","0.941817","0.010027","1.116971"
"100","3","7.257547","0.94705","0.01031","1.111582"
"110","3","7.068129","0.951647","0.010591","1.106839"
"120","3","6.888347","0.955709","0.01087","1.102623"
"130","3","6.717484","0.95932","0.011146","1.098844"
"140","3","6.554892","0.962544","0.01142","1.095432"
"150","3","6.399985","0.965436","0.011692","1.092333"
"160","3","6.252231","0.968041","0.011961","1.089503"
"170","3","6.111145","0.970397","0.012228","1.086906"
"180","3","5.976286","0.972534","0.012493","1.084515"
"190","3","5.84725","0.974479","0.012755","1.082303"
"200","3","5.723669","0.976254","0.013016","1.080252"
"210","3","5.605203","0.97788","0.013274","1.078344"
"220","3","5.491542","0.979371","0.01353","1.076565"
"230","3","5.382398","0.980743","0.013783","1.074902"
"240","3","5.277509","0.982008","0.014035","1.073344"
"250","3","5.17663","0.983177","0.014285","1.071882"
"-100","4","19.537724","0.026889","0.743779","1.477787"
"-90","4","18.470963","0.025791","0.619577","1.476047"
"-80","4","17.514662","0.024817","0.526131","1.473632"
"-70","4","16.652508","0.023951","0.453476","1.470862"
"-60","4","15.87125","0.023177","0.395437","1.467995"
"-50","4","15.160013","0.022487","0.348037","1.46524"
"-40","4","14.509787","0.021869","0.308619","1.462777"
"-30","4","13.913045","0.021318","0.275344","1.460768"
"-20","4","13.363448","0.020828","0.246903","1.45937"
"-10","4","12.855622","0.020394","0.222331","1.458748"
"0","4","12.384979","0.020012","0.2009","1.459092"
"10","4","11.947579","0.019681","0.182044","1.460634"
"20","4","11.54002","0.0194","0.165318","1.463673"
"30","4","11.15935","0.019169","0.150358","1.468612"
"40","4","10.802992","0.018989","0.136861","1.476025"
"50","4","10.468689","0.886287","0.008878","1.167815"
"60","4","10.154456","0.898922","0.009172","1.153486"
"70","4","9.858537","0.909528","0.009464","1.142151"
"80","4","9.579377","0.918554","0.009754","1.132898"
"90","4","9.315591","0.92632","0.010041","1.125162"
"100","4","9.065944","0.933063","0.010325","1.11857"
"110","4","8.829328","0.938964","0.010607","1.112869"
"120","4","8.604749","0.944162","0.010887","1.107876"
"130","4","8.391311","0.94877","0.011164","1.103459"
"140","4","8.188205","0.952875","0.011439","1.099516"
"150","4","7.994699","0.95655","0.011711","1.095971"
"160","4","7.810128","0.959855","0.011981","1.092762"
"170","4","7.633887","0.962839","0.012248","1.089842"
"180","4","7.465424","0.965543","0.012513","1.087172"
"190","4","7.304236","0.968","0.012776","1.084718"
"200","4","7.149861","0.970241","0.013037","1.082457"
"210","4","7.001877","0.972291","0.013295","1.080364"
"220","4","6.859894","0.97417","0.013552","1.078422"
"230","4","6.723556","0.975897","0.013806","1.076614"
"240","4","6.59253","0.977489","0.014057","1.074928"
"250","4","6.466514","0.978958","0.014307","1.073351"
"-100","5","23.434941","0.03225","0.744401","1.477665"
"-90","5","22.155392","0.030933","0.620085","1.475912"
"-80","5","21.008336","0.029765","0.52656","1.473482"
"-70","5","19.974207","0.028725","0.453847","1.470696"
"-60","5","19.037111","0.027797","0.395766","1.46781"
"-50","5","18.184002","0.026969","0.348334","1.465035"
"-40","5","17.404075","0.026228","0.308891","1.462548"
"-30","5","16.6883","0.025567","0.275598","1.460511"
"-20","5","16.029074","0.024978","0.247143","1.459078"
"-10","5","15.419951","0.024457","0.222559","1.458416"
"0","5","14.855428","0.023999","0.20112","1.45871"
"10","5","14.330779","0.023601","0.182259","1.460189"
"20","5","13.841924","0.023263","0.165529","1.463146"
"30","5","13.385321","0.022984","0.150568","1.467978"
"40","5","12.95788","0.022767","0.137073","1.475246"
"50","5","12.556893","0.022616","0.124786","1.485783"
"60","5","12.179979","0.875891","0.00919","1.170857"
"70","5","11.825033","0.889335","0.009482","1.155821"
"80","5","11.490189","0.900668","0.009772","1.143966"
"90","5","11.173785","0.910349","0.010059","1.134318"
"100","5","10.87434","0.918708","0.010344","1.126276"
"110","5","10.590526","0.925992","0.010626","1.119444"
"120","5","10.32115","0.932387","0.010906","1.113551"
"130","5","10.065137","0.938037","0.011184","1.108406"
"140","5","9.821518","0.94306","0.011459","1.103865"
"150","5","9.589413","0.947547","0.011732","1.099822"
"160","5","9.368025","0.951575","0.012002","1.096195"
"170","5","9.156629","0.955205","0.01227","1.092921"
"180","5","8.954563","0.95849","0.012536","1.089947"
"190","5","8.761222","0.961472","0.012799","1.087232"
"200","5","8.576054","0.964189","0.01306","1.084744"
"210","5","8.398551","0.966671","0.013318","1.082453"
"220","5","8.228247","0.968944","0.013575","1.080338"
"230","5","8.064713","0.971032","0.013829","1.078377"
"240","5","7.907552","0.972955","0.014081","1.076555"
"250","5","7.756399","0.974728","0.014331","1.074857"
"-100","6","27.332159","0.03761","0.745022","1.477543"
"-90","6","25.839821","0.036074","0.620594","1.475776"
"-80","6","24.50201","0.034711","0.526988","1.473332"
"-70","6","23.295906","0.033498","0.454218","1.47053"
"-60","6","22.202971","0.032416","0.396094","1.467626"
"-50","6","21.207991","0.031449","0.34863","1.46483"
"-40","6","20.298363","0.030585","0.309163","1.462319"
"-30","6","19.463555","0.029814","0.275851","1.460254"
"-20","6","18.6947","0.029127","0.247382","1.458788"
"-10","6","17.98428","0.028518","0.222787","1.458085"
"0","6","17.325877","0.027983","0.201339","1.458329"
"10","6","16.713979","0.027519","0.182473","1.459746"
"20","6","16.143828","0.027124","0.16574","1.462623"
"30","6","15.611292","0.026797","0.150778","1.467349"
"40","6","15.112768","0.026543","0.137285","1.474473"
"50","6","14.645098","0.026364","0.125002","1.484807"
"60","6","14.205503","0.851496","0.009216","1.192124"
"70","6","13.791529","0.868182","0.009506","1.171952"
"80","6","13.401","0.88208","0.009795","1.156682"
"90","6","13.031979","0.893852","0.010082","1.144628"
"100","6","12.682737","0.903953","0.010367","1.134817"
"110","6","12.351725","0.91271","0.010649","1.126641"
"120","6","12.037551","0.920368","0.010929","1.1197"
"130","6","11.738964","0.927112","0.011207","1.11372"
"140","6","11.454831","0.933091","0.011483","1.108502"
"150","6","11.184127","0.938421","0.011755","1.103904"
"160","6","10.925922","0.943196","0.012026","1.099815"
"170","6","10.679371","0.947492","0.012294","1.096151"
"180","6","10.443701","0.951373","0.01256","1.092847"
"190","6","10.218209","0.954893","0.012823","1.08985"
"200","6","10.002247","0.958095","0.013084","1.087118"
"210","6","9.795226","0.961018","0.013343","1.084616"
"220","6","9.5966","0.963693","0.013599","1.082315"
"230","6","9.40587","0.966148","0.013853","1.080192"
"240","6","9.222573","0.968406","0.014105","1.078227"
"250","6","9.046284","0.970488","0.014355","1.076401"
"-100","7","31.229376","0.042969","0.745645","1.477421"
"-90","7","29.52425","0.041214","0.621102","1.47564"
"-80","7","27.995684","0.039657","0.527417","1.473181"
"-70","7","26.617605","0.038271","0.454589","1.470363"
"-60","7","25.368832","0.037034","0.396423","1.467442"
"-50","7","24.23198","0.035929","0.348927","1.464625"
"-40","7","23.19265","0.034941","0.309435","1.462091"
"-30","7","22.238809","0.034059","0.276105","1.459998"
"-20","7","21.360326","0.033274","0.24762","1.458499"
"-10","7","20.548609","0.032578","0.223015","1.457756"
"0","7","19.796326","0.031966","0.201559","1.45795"
"10","7","19.09718","0.031435","0.182687","1.459305"
"20","7","18.445732","0.030982","0.165951","1.462102"
"30","7","17.837264","0.030608","0.150988","1.466724"
"40","7","17.267656","0.030315","0.137496","1.473706"
"50","7","16.733302","0.030109","0.125218","1.483841"
"60","7","16.231026","0.029999","0.113925","1.498371"
"70","7","15.758025","0.845903","0.009539","1.191327"
"80","7","15.311812","0.862696","0.009825","1.171466"
"90","7","14.890173","0.876773","0.01011","1.156334"
"100","7","14.491133","0.88876","0.010394","1.144341"
"110","7","14.112923","0.899093","0.010676","1.134553"
"120","7","13.753953","0.908089","0.010956","1.126383"
"130","7","13.41279","0.915984","0.011233","1.119442"
"140","7","13.088143","0.922962","0.011509","1.113458"
"150","7","12.778841","0.929167","0.011781","1.108237"
"160","7","12.48382","0.934715","0.012052","1.103635"
"170","7","12.202113","0.939697","0.01232","1.099544"
"180","7","11.93284","0.944192","0.012586","1.095881"
"190","7","11.675195","0.948262","0.012849","1.092578"
"200","7","11.42844","0.951961","0.01311","1.089583"
"210","7","11.1919","0.955333","0.013369","1.086854"
"220","7","10.964953","0.958417","0.013625","1.084357"
"230","7","10.747027","0.961244","0.013879","1.082062"
"240","7","10.537594","0.963842","0.014131","1.079945"
"250","7","10.336168","0.966237","0.014381","1.077985"
"-100","8","35.126593","0.048328","0.746267","1.477299"
"-90","8","33.208679","0.046353","0.621611","1.475505"
"-80","8","31.489359","0.044602","0.527846","1.473032"
"-70","8","29.939304","0.043042","0.45496","1.470198"
"-60","8","28.534692","0.041651","0.396751","1.467258"
"-50","8","27.25597","0.040408","0.349223","1.464421"
"-40","8","26.086938","0.039296","0.309707","1.461863"
"-30","8","25.014064","0.038304","0.276358","1.459742"
"-20","8","24.025951","0.03742","0.247859","1.458211"
"-10","8","23.112938","0.036636","0.223243","1.457427"
"0","8","22.266775","0.035947","0.201779","1.457573"
"10","8","21.48038","0.035349","0.182901","1.458866"
"20","8","20.747636","0.034838","0.166161","1.461585"
"30","8","20.063235","0.034416","0.151197","1.466103"
"40","8","19.422544","0.034085","0.137707","1.472945"
"50","8","18.821506","0.03385","0.125434","1.482885"
"60","8","18.25655","0.033724","0.114148","1.497126"
"70","8","17.724522","0.822283","0.00958","1.215109"
"80","8","17.222624","0.842395","0.009862","1.188899"
"90","8","16.748367","0.859039","0.010145","1.169751"
"100","8","16.29953","0.873086","0.010427","1.155031"
"110","8","15.874121","0.885114","0.010707","1.143293"
"120","8","15.470354","0.895533","0.010986","1.133673"
"130","8","15.086617","0.90464","0.011263","1.12562"
"140","8","14.721456","0.912664","0.011538","1.118763"
"150","8","14.373555","0.91978","0.01181","1.112843"
"160","8","14.041717","0.926128","0.01208","1.107672"
"170","8","13.724855","0.931819","0.012348","1.103111"
"180","8","13.421979","0.936944","0.012614","1.099055"
"190","8","13.132181","0.941578","0.012877","1.09542"
"200","8","12.854633","0.945785","0.013138","1.092144"
"210","8","12.588574","0.949615","0.013396","1.089173"
"220","8","12.333305","0.953114","0.013653","1.086465"
"230","8","12.088184","0.95632","0.013907","1.083987"
"240","8","11.852615","0.959264","0.014159","1.08171"
"250","8","11.626053","0.961975","0.014408","1.07961"
"-100","9","39.02381","0.053686","0.74689","1.477177"
"-90","9","36.893108","0.051492","0.622119","1.47537"
"-80","9","34.983033","0.049545","0.528274","1.472882"
"-70","9","33.261003","0.047813","0.455331","1.470032"
"-60","9","31.700553","0.046267","0.39708","1.467075"
"-50","9","30.279959","0.044885","0.34952","1.464218"
"-40","9","28.981226","0.04365","0.30998","1.461636"
"-30","9","27.789318","0.042547","0.276612","1.459488"
"-20","9","26.691577","0.041564","0.248098","1.457923"
"-10","9","25.677267","0.040693","0.223471","1.4571"
"0","9","24.737224","0.039927","0.201998","1.457197"
"10","9","23.86358","0.03926","0.183114","1.458429"
"20","9","23.04954","0.038692","0.166372","1.46107"
"30","9","22.289206","0.038221","0.151406","1.465486"
"40","9","21.577432","0.037851","0.137918","1.472191"
"50","9","20.90971","0.037588","0.125648","1.481938"
"60","9","20.282073","0.037444","0.114371","1.495896"
"70","9","19.691018","0.037439","0.103874","1.516014"
"80","9","19.133436","0.821024","0.009908","1.209807"
"90","9","18.606561","0.840565","0.010186","1.185301"
"100","9","18.107926","0.856878","0.010465","1.167121"
"110","9","17.63532","0.87074","0.010743","1.152998"
"120","9","17.186755","0.882678","0.01102","1.141654"
"130","9","16.760443","0.893068","0.011296","1.132308"
"140","9","16.354769","0.902188","0.01157","1.124454"
"150","9","15.968268","0.910254","0.011841","1.117746"
"160","9","15.599614","0.917432","0.012111","1.111942"
"170","9","15.247597","0.923853","0.012379","1.106864"
"180","9","14.911117","0.929627","0.012644","1.102379"
"190","9","14.589167","0.93484","0.012907","1.098385"
"200","9","14.280826","0.939565","0.013167","1.094804"
"210","9","13.985248","0.943864","0.013426","1.091574"
"220","9","13.701658","0.947786","0.013682","1.088643"
"230","9","13.429341","0.951376","0.013936","1.085971"
"240","9","13.167637","0.954671","0.014187","1.083525"
"250","9","12.915938","0.957702","0.014437","1.081277"
"-100","10","42.921028","0.059042","0.747513","1.477056"
"-90","10","40.577537","0.056629","0.622628","1.475235"
"-80","10","38.476707","0.054488","0.528704","1.472732"
"-70","10","36.582702","0.052582","0.455703","1.469867"
"-60","10","34.866413","0.050881","0.397409","1.466892"
"-50","10","33.303948","0.049361","0.349817","1.464014"
"-40","10","31.875513","0.048002","0.310252","1.46141"
"-30","10","30.564573","0.046788","0.276865","1.459234"
"-20","10","29.357203","0.045707","0.248337","1.457637"
"-10","10","28.241596","0.044748","0.223698","1.456774"
"0","10","27.207673","0.043904","0.202217","1.456823"
"10","10","26.246781","0.04317","0.183328","1.457995"
"20","10","25.351444","0.042544","0.166582","1.460558"
"30","10","24.515177","0.042024","0.151615","1.464874"
"40","10","23.73232","0.041615","0.138128","1.471443"
"50","10","22.997914","0.041322","0.125862","1.481"
"60","10","22.307597","0.04116","0.114593","1.494681"
"70","10","21.657514","0.041149","0.104109","1.514367"
"80","10","21.044247","0.79838","0.009963","1.235419"
"90","10","20.464755","0.821242","0.010234","1.203564"
"100","10","19.916323","0.840076","0.010509","1.180915"
"110","10","19.396518","0.855935","0.010784","1.163841"
"120","10","18.903156","0.869502","0.011059","1.15043"
"130","10","18.43427","0.881251","0.011332","1.139572"
"140","10","17.988082","0.891525","0.011605","1.130573"
"150","10","17.562982","0.900582","0.011876","1.122976"
"160","10","17.157511","0.908621","0.012144","1.116465"
"170","10","16.770339","0.915798","0.012411","1.110816"
"180","10","16.400256","0.922239","0.012676","1.105862"
"190","10","16.046153","0.928046","0.012938","1.101478"
"200","10","15.707019","0.933303","0.013198","1.09757"
"210","10","15.381923","0.938078","0.013456","1.094061"
"220","10","15.070011","0.942432","0.013712","1.090892"
"230","10","14.770498","0.946413","0.013966","1.088015"
"240","10","14.482658","0.950063","0.014217","1.08539"
"250","10","14.205822","0.953419","0.014466","1.082986"
