"1.01","Propylene","C3 H6","17/05/2015"
"-40","0","2.199478","0.967989","0.006595","1.203368"
"-30","0","2.10902","0.972157","0.006902","1.194115"
"-20","0","2.025709","0.975607","0.007207","1.185871"
"-10","0","1.94873","0.978494","0.007511","1.178438"
"0","0","1.877387","0.980931","0.007813","1.17167"
"10","0","1.811083","0.983007","0.008113","1.165463"
"20","0","1.749303","0.984787","0.008411","1.159746"
"30","0","1.691599","0.986324","0.008708","1.154449"
"40","0","1.63758","0.98766","0.009002","1.14952"
"50","0","1.586905","0.988827","0.009295","1.144928"
"60","0","1.539271","0.989852","0.009586","1.14064"
"70","0","1.494414","0.990757","0.009874","1.136627"
"80","0","1.452097","0.991559","0.01016","1.132866"
"90","0","1.412111","0.992274","0.010444","1.129336"
"100","0","1.374268","0.992912","0.010726","1.126019"
"110","0","1.338401","0.993485","0.011006","1.122899"
"120","0","1.304358","0.994001","0.011283","1.11996"
"130","0","1.272004","0.994467","0.011558","1.117191"
"140","0","1.241216","0.994889","0.011831","1.114577"
"150","0","1.211883","0.995273","0.012101","1.112109"
"160","0","1.183904","0.995623","0.012369","1.109775"
"170","0","1.157189","0.995942","0.012635","1.107567"
"180","0","1.131652","0.996235","0.012898","1.105475"
"190","0","1.107218","0.996503","0.013159","1.103492"
"200","0","1.083817","0.99675","0.013418","1.10161"
"210","0","1.061385","0.996978","0.013675","1.099821"
"220","0","1.039863","0.997188","0.013929","1.098121"
"230","0","1.019196","0.997383","0.014182","1.096502"
"240","0","0.999334","0.997563","0.014432","1.09496"
"250","0","0.980232","0.99773","0.01468","1.093489"
"260","0","0.961846","0.997886","0.014927","1.092085"
"270","0","0.944137","0.998031","0.015171","1.090743"
"280","0","0.927069","0.998166","0.015413","1.089461"
"290","0","0.910607","0.998292","0.015654","1.088233"
"300","0","0.894719","0.99841","0.015892","1.087056"
"-40","10","23.906635","0.039731","0.181985","1.599094"
"-30","10","22.92343","0.038925","0.163966","1.608885"
"-20","10","22.017902","0.038248","0.148281","1.620131"
"-10","10","21.181197","0.037701","0.134467","1.63369"
"0","10","20.405755","0.037288","0.12215","1.650802"
"10","10","19.685085","0.037019","0.111013","1.673393"
"20","10","19.013583","0.036916","0.100774","1.704785"
"30","10","18.386383","0.827225","0.009","1.305204"
"40","10","17.79924","0.84798","0.009282","1.269377"
"50","10","17.248436","0.865076","0.009568","1.24278"
"60","10","16.730698","0.879407","0.009855","1.22229"
"70","10","16.243136","0.891596","0.010143","1.205863"
"80","10","15.783185","0.902082","0.01043","1.192341"
"90","10","15.348567","0.911191","0.010716","1.180986"
"100","10","14.937242","0.919165","0.010999","1.171292"
"110","10","14.547389","0.926196","0.011281","1.162903"
"120","10","14.177367","0.932433","0.01156","1.155561"
"130","10","13.825702","0.937995","0.011837","1.149072"
"140","10","13.491061","0.94298","0.012111","1.14329"
"150","10","13.172237","0.947466","0.012382","1.138099"
"160","10","12.868133","0.951519","0.012651","1.133411"
"170","10","12.577755","0.955195","0.012917","1.129152"
"180","10","12.300192","0.958539","0.013181","1.125264"
"190","10","12.034615","0.961591","0.013442","1.121699"
"200","10","11.780264","0.964384","0.013701","1.118417"
"210","10","11.536442","0.966946","0.013957","1.115384"
"220","10","11.302508","0.969303","0.01421","1.112571"
"230","10","11.077873","0.971475","0.014462","1.109956"
"240","10","10.861993","0.973482","0.014711","1.107516"
"250","10","10.654367","0.975339","0.014958","1.105235"
"260","10","10.454529","0.977061","0.015202","1.103097"
"270","10","10.262049","0.978661","0.015444","1.101088"
"280","10","10.076529","0.980149","0.015685","1.099197"
"290","10","9.897597","0.981536","0.015923","1.097413"
"300","10","9.72491","0.982829","0.016159","1.095727"
"-40","20","45.613792","0.075654","0.183666","1.594474"
"-30","20","43.737839","0.074095","0.165591","1.603479"
"-20","20","42.010095","0.07278","0.149874","1.613686"
"-10","20","40.413664","0.071704","0.136052","1.625829"
"0","20","38.934123","0.070873","0.123753","1.640937"
"10","20","37.559088","0.070302","0.112666","1.66055"
"20","20","36.277863","0.070023","0.102519","1.687189"
"30","20","35.081167","0.070096","0.09306","1.725351"
"40","20","33.960899","0.070632","0.084022","1.783034"
"50","20","32.909966","0.07186","0.07506","1.8781"
"60","20","31.922124","0.736462","0.010729","1.442987"
"70","20","30.991857","0.769825","0.010906","1.362074"
"80","20","30.114273","0.796356","0.011115","1.310243"
"90","20","29.285022","0.81818","0.011344","1.273786"
"100","20","28.500216","0.836538","0.011584","1.246549"
"110","20","27.756377","0.852233","0.011832","1.22533"
"120","20","27.050377","0.865821","0.012084","1.208284"
"130","20","26.379401","0.877704","0.012338","1.194256"
"140","20","25.740907","0.888181","0.012593","1.18249"
"150","20","25.13259","0.897485","0.012849","1.172464"
"160","20","24.552362","0.905796","0.013104","1.163806"
"170","20","23.99832","0.913261","0.013359","1.156247"
"180","20","23.468731","0.919997","0.013612","1.149583"
"190","20","22.962012","0.926099","0.013864","1.143658"
"200","20","22.476711","0.931649","0.014114","1.138353"
"210","20","22.011499","0.936714","0.014362","1.133572"
"220","20","21.565154","0.941349","0.014608","1.129238"
"230","20","21.136551","0.945604","0.014853","1.125289"
"240","20","20.724653","0.949519","0.015095","1.121674"
"250","20","20.328502","0.953131","0.015336","1.118351"
"260","20","19.947211","0.956469","0.015575","1.115285"
"270","20","19.579961","0.959562","0.015811","1.112446"
"280","20","19.225989","0.962432","0.016046","1.109809"
"290","20","18.884588","0.9651","0.016279","1.107352"
"300","20","18.5551","0.967585","0.01651","1.105056"
"-40","30","67.32095","0.111436","0.18534","1.590018"
"-30","30","64.552249","0.109108","0.167205","1.598299"
"-20","30","62.002289","0.107132","0.151451","1.607561"
"-10","30","59.646131","0.105501","0.137616","1.618436"
"0","30","57.462491","0.104217","0.125327","1.631787"
"10","30","55.43309","0.103297","0.114279","1.648858"
"20","30","53.542144","0.102779","0.104206","1.671594"
"30","30","51.77595","0.102728","0.094873","1.703251"
"40","30","50.122559","0.103267","0.086042","1.749176"
"50","30","48.571497","0.104627","0.077448","1.82007"
"60","30","47.113551","0.107313","0.068698","1.947801"
"70","30","45.740578","0.112842","0.058894","2.270096"
"80","30","44.445361","0.656323","0.012605","1.663131"
"90","30","43.221477","0.703967","0.012565","1.487381"
"100","30","42.06319","0.73992","0.012636","1.393771"
"110","30","40.965364","0.768705","0.012765","1.33431"
"120","30","39.923386","0.792536","0.012929","1.292814"
"130","30","38.9331","0.81271","0.013116","1.262059"
"140","30","37.990752","0.830066","0.013319","1.238278"
"150","30","37.092944","0.845184","0.013531","1.219294"
"160","30","36.236591","0.858483","0.01375","1.20376"
"170","30","35.418886","0.870277","0.013974","1.190794"
"180","30","34.637271","0.880808","0.014201","1.179795"
"190","30","33.889408","0.890267","0.01443","1.170336"
"200","30","33.173157","0.898804","0.014661","1.162106"
"210","30","32.486556","0.906545","0.014891","1.154876"
"220","30","31.8278","0.913592","0.015122","1.148469"
"230","30","31.195229","0.920028","0.015352","1.142747"
"240","30","30.587312","0.925926","0.015582","1.137605"
"250","30","30.002637","0.931346","0.01581","1.132954"
"260","30","29.439894","0.936341","0.016038","1.128726"
"270","30","28.897872","0.940953","0.016264","1.124864"
"280","30","28.375449","0.945223","0.01649","1.121321"
"290","30","27.871578","0.949183","0.016713","1.118058"
"300","30","27.385291","0.952864","0.016936","1.115041"
"-40","40","89.028107","0.147083","0.187006","1.585714"
"-30","40","85.366659","0.143969","0.168808","1.593328"
"-20","40","81.994482","0.141313","0.153014","1.601727"
"-10","40","78.878598","0.139102","0.139161","1.611463"
"0","40","75.990859","0.137334","0.126876","1.623262"
"10","40","73.307092","0.136026","0.115856","1.638143"
"20","40","70.806424","0.135214","0.105843","1.657628"
"30","40","68.470734","0.134967","0.09661","1.684129"
"40","40","66.284219","0.135406","0.087944","1.721357"
"50","40","64.233028","0.136748","0.079621","1.77615"
"60","40","62.304977","0.13942","0.071366","1.865844"
"70","40","60.489299","0.144426","0.062716","2.041492"
"80","40","58.776449","0.155301","0.052399","2.561139"
"90","40","57.157932","0.531649","0.015503","2.555751"
"100","40","55.626164","0.616116","0.014627","1.795189"
"110","40","54.174352","0.66969","0.014337","1.562933"
"120","40","52.796396","0.709725","0.014253","1.444382"
"130","40","51.486799","0.741642","0.014272","1.371345"
"140","40","50.240598","0.768031","0.014353","1.321481"
"150","40","49.053298","0.790376","0.014472","1.285122"
"160","40","47.92082","0.809621","0.014619","1.257358"
"170","40","46.839452","0.826411","0.014784","1.235421"
"180","40","45.805811","0.841209","0.014962","1.217623"
"190","40","44.816805","0.85436","0.01515","1.202876"
"200","40","43.869604","0.866127","0.015345","1.190444"
"210","40","42.961613","0.876719","0.015545","1.179812"
"220","40","42.090445","0.886301","0.01575","1.170609"
"230","40","41.253907","0.895007","0.015956","1.162559"
"240","40","40.449972","0.902949","0.016165","1.155454"
"250","40","39.676772","0.910219","0.016375","1.149133"
"260","40","38.932576","0.916893","0.016585","1.14347"
"270","40","38.215784","0.923039","0.016796","1.138365"
"280","40","37.524908","0.928713","0.017007","1.133738"
"290","40","36.858569","0.933963","0.017218","1.129522"
"300","40","36.215481","0.938831","0.017428","1.125663"
"-40","50","110.735264","0.182598","0.188665","1.581554"
"-30","50","106.181069","0.178684","0.170401","1.588549"
"-20","50","101.986675","0.175331","0.154564","1.59616"
"-10","50","98.111065","0.172517","0.140688","1.604866"
"0","50","94.519227","0.170238","0.128401","1.615288"
"10","50","91.181094","0.168507","0.117402","1.628267"
"20","50","88.070704","0.167357","0.107436","1.64501"
"30","50","85.165518","0.166854","0.098285","1.667338"
"40","50","82.445878","0.167113","0.089749","1.697907"
"50","50","79.894559","0.168333","0.081634","1.741287"
"60","50","77.496403","0.170872","0.073726","1.807728"
"70","50","75.238021","0.175465","0.065734","1.921168"
"80","50","73.107537","0.183938","0.057131","2.151624"
"90","50","71.094388","0.203442","0.046339","2.895215"
"100","50","69.189138","0.399313","0.021494","5.42836"
"110","50","67.38334","0.540796","0.017547","2.241099"
"120","50","65.669406","0.61235","0.016567","1.763308"
"130","50","64.040498","0.662566","0.016148","1.563051"
"140","50","62.490444","0.701399","0.01596","1.451589"
"150","50","61.013652","0.732943","0.015894","1.380161"
"160","50","59.605049","0.75935","0.015901","1.330314"
"170","50","58.260018","0.781919","0.015957","1.29347"
"180","50","56.97435","0.801503","0.016047","1.265087"
"190","50","55.744201","0.818695","0.016161","1.242524"
"200","50","54.566051","0.833929","0.016293","1.224141"
"210","50","53.436669","0.847532","0.016439","1.208863"
"220","50","52.353091","0.859755","0.016595","1.195956"
"230","50","51.312584","0.8708","0.016759","1.184901"
"240","50","50.312631","0.880826","0.01693","1.175321"
"250","50","49.350907","0.889966","0.017106","1.166935"
"260","50","48.425259","0.898329","0.017286","1.159529"
"270","50","47.533696","0.906005","0.017468","1.152938"
"280","50","46.674368","0.913072","0.017653","1.147032"
"290","50","45.845559","0.919595","0.01784","1.141708"
"300","50","45.045672","0.925631","0.018028","1.136882"
"-40","60","132.442421","0.217986","0.190318","1.577528"
"-30","60","126.995478","0.213259","0.171985","1.583949"
"-20","60","121.978868","0.209191","0.156101","1.590836"
"-10","60","117.343532","0.205755","0.142198","1.59861"
"0","60","113.047595","0.202941","0.129905","1.607803"
"10","60","109.055096","0.200755","0.118919","1.619117"
"20","60","105.334984","0.199229","0.10899","1.633522"
"30","60","101.860302","0.198421","0.099905","1.652417"
"40","60","98.607538","0.198439","0.091474","1.677748"
"50","60","95.55609","0.199458","0.083523","1.712675"
"60","60","92.68783","0.201783","0.075872","1.763613"
"70","60","89.986742","0.205977","0.068313","1.843263"
"80","60","87.438625","0.213206","0.060555","1.979531"
"90","60","85.030843","0.226416","0.052062","2.254619"
"100","60","82.752112","0.256522","0.041475","3.040074"
"110","60","80.592328","0.365154","0.026859","4.40949"
"120","60","78.542415","0.495055","0.02075","2.521454"
"130","60","76.594197","0.574219","0.018907","1.917677"
"140","60","74.740289","0.630147","0.018074","1.659335"
"150","60","72.974006","0.673257","0.017638","1.51811"
"160","60","71.289277","0.708154","0.017404","1.429364"
"170","60","69.680583","0.737292","0.017289","1.368478"
"180","60","68.14289","0.762148","0.017251","1.324118"
"190","60","66.671598","0.783687","0.017265","1.290358"
"200","60","65.262497","0.802579","0.017316","1.2638"
"210","60","63.911726","0.81931","0.017396","1.242356"
"220","60","62.615737","0.834244","0.017496","1.224675"
"230","60","61.371262","0.847662","0.017613","1.209842"
"240","60","60.175291","0.859786","0.017743","1.197216"
"250","60","59.025042","0.870794","0.017882","1.186335"
"260","60","57.917942","0.88083","0.01803","1.176859"
"270","60","56.851607","0.890015","0.018184","1.168528"
"280","60","55.823828","0.898448","0.018344","1.161146"
"290","60","54.83255","0.906215","0.018507","1.154556"
"300","60","53.875862","0.913386","0.018674","1.148636"
"-40","70","154.149579","0.25325","0.191965","1.573627"
"-30","70","147.809888","0.247697","0.173561","1.579517"
"-20","70","141.971062","0.242899","0.157628","1.585738"
"-10","70","136.575999","0.238824","0.143694","1.592663"
"0","70","131.575963","0.235452","0.131388","1.600755"
"10","70","126.929099","0.232786","0.120409","1.610602"
"20","70","122.599264","0.23085","0.110509","1.622995"
"30","70","118.555086","0.229697","0.101477","1.639023"
"40","70","114.769198","0.229422","0.093132","1.660144"
"50","70","111.217621","0.230181","0.085311","1.688601"
"60","70","107.879256","0.232232","0.077857","1.728581"
"70","70","104.735463","0.236019","0.070608","1.787379"
"80","70","101.769713","0.242362","0.063371","1.878251"
"90","70","98.967298","0.252935","0.05588","2.029794"
"100","70","96.315086","0.271739","0.047715","2.311671"
"110","70","93.801316","0.310125","0.038299","2.866165"
"120","70","91.415425","0.390443","0.028778","3.141846"
"130","70","89.147896","0.484702","0.023477","2.42858"
"140","70","86.990135","0.557758","0.021153","1.957488"
"150","70","84.93436","0.613345","0.019978","1.706037"
"160","70","82.973506","0.657395","0.019314","1.557925"
"170","70","81.101149","0.693517","0.018918","1.462054"
"180","70","79.311429","0.723894","0.018682","1.395446"
"190","70","77.598994","0.749923","0.018549","1.346669"
"200","70","75.958944","0.772548","0.018487","1.309491"
"210","70","74.386783","0.792438","0.018476","1.280252"
"220","70","72.878382","0.810085","0.018503","1.256673"
"230","70","71.42994","0.825861","0.018558","1.237265"
"240","70","70.03795","0.840054","0.018635","1.221015"
"250","70","68.699177","0.852893","0.018729","1.207213"
"260","70","67.410624","0.864562","0.018837","1.195344"
"270","70","66.169519","0.875211","0.018957","1.185028"
"280","70","64.973288","0.884966","0.019085","1.175978"
"290","70","63.819541","0.893931","0.019221","1.167974"
"300","70","62.706053","0.902193","0.019363","1.160843"
"-40","80","175.856736","0.288395","0.193607","1.569846"
"-30","80","168.624298","0.282003","0.175129","1.57524"
"-20","80","161.963255","0.276463","0.159143","1.580846"
"-10","80","155.808467","0.271731","0.145176","1.586998"
"0","80","150.104331","0.267782","0.132854","1.594098"
"10","80","144.803101","0.264611","0.121876","1.602647"
"20","80","139.863544","0.262236","0.111996","1.613293"
"30","80","135.24987","0.260704","0.103007","1.6269"
"40","80","130.930857","0.260095","0.094732","1.644575"
"50","80","126.879152","0.260547","0.087015","1.66795"
"60","80","123.070683","0.262278","0.079717","1.699847"
"70","80","119.484185","0.265646","0.072699","1.744698"
"80","80","116.100801","0.271259","0.06582","1.809496"
"90","80","112.903753","0.280207","0.058916","1.906569"
"100","80","109.87806","0.294599","0.051792","2.05763"
"110","80","107.010304","0.31874","0.044261","2.290809"
"120","80","104.288434","0.36059","0.036464","2.564907"
"130","80","101.701595","0.425042","0.029712","2.555262"
"140","80","99.239981","0.496449","0.025433","2.215522"
"150","80","96.894713","0.558825","0.023071","1.908428"
"160","80","94.657735","0.610109","0.021717","1.703776"
"170","80","92.521715","0.652439","0.020892","1.568967"
"180","80","90.479969","0.687957","0.020366","1.476391"
"190","80","88.526391","0.718251","0.020027","1.409882"
"200","80","86.65539","0.744453","0.019811","1.360188"
"210","80","84.86184","0.76738","0.019679","1.32183"
"220","80","83.141028","0.787636","0.01961","1.291418"
"230","80","81.488618","0.805676","0.019586","1.266762"
"240","80","79.90061","0.821854","0.019598","1.246397"
"250","80","78.373312","0.836445","0.019637","1.229307"
"260","80","76.903307","0.849674","0.019698","1.21477"
"270","80","75.487431","0.861719","0.019776","1.202259"
"280","80","74.122748","0.872731","0.019868","1.19138"
"290","80","72.806531","0.882832","0.019971","1.181835"
"300","80","71.536244","0.892127","0.020084","1.173394"
"-40","90","197.563893","0.323423","0.195244","1.566176"
"-30","90","189.438707","0.316182","0.17669","1.571108"
"-20","90","181.955448","0.309886","0.160649","1.576147"
"-10","90","175.040934","0.304482","0.146644","1.581592"
"0","90","168.632699","0.299938","0.134302","1.587795"
"10","90","162.677103","0.296242","0.123321","1.595188"
"20","90","157.127824","0.293404","0.113455","1.604307"
"30","90","151.944653","0.291461","0.104499","1.615845"
"40","90","147.092517","0.290485","0.096281","1.63066"
"50","90","142.540683","0.290591","0.08865","1.649958"
"60","90","138.262109","0.291967","0.081475","1.675693"
"70","90","134.232906","0.294902","0.074637","1.710675"
"80","90","130.431889","0.299865","0.068018","1.758859"
"90","90","126.840208","0.307623","0.061504","1.826242"
"100","90","123.441034","0.319476","0.054981","1.9212"
"110","90","120.219292","0.337655","0.048363","2.050825"
"120","90","117.161444","0.365675","0.041701","2.202421"
"130","90","114.255294","0.407248","0.035413","2.299934"
"140","90","111.489826","0.461134","0.03031","2.228579"
"150","90","108.855067","0.518397","0.026822","2.028207"
"160","90","106.341964","0.571102","0.024622","1.827117"
"170","90","103.942281","0.616859","0.023229","1.671707"
"180","90","101.648509","0.656077","0.022318","1.558396"
"190","90","99.453788","0.689814","0.021706","1.475377"
"200","90","97.351837","0.719078","0.021289","1.413178"
"210","90","95.336897","0.744693","0.021005","1.365384"
"220","90","93.403674","0.767304","0.020816","1.327772"
"230","90","91.547295","0.787413","0.020696","1.29754"
"240","90","89.763269","0.805418","0.020628","1.272785"
"250","90","88.047447","0.821631","0.020601","1.252188"
"260","90","86.395989","0.836306","0.020605","1.234808"
"270","90","84.805342","0.84965","0.020634","1.219962"
"280","90","83.272208","0.86183","0.020684","1.207144"
"290","90","81.793522","0.872989","0.020751","1.195971"
"300","90","80.366434","0.883246","0.020831","1.18615"
"-40","100","219.27105","0.358338","0.196876","1.562612"
"-30","100","210.253117","0.350238","0.178244","1.567113"
"-20","100","201.947641","0.343174","0.162145","1.571626"
"-10","100","194.273401","0.337085","0.148101","1.576422"
"0","100","187.161067","0.33193","0.135735","1.581813"
"10","100","180.551105","0.327689","0.124747","1.58817"
"20","100","174.392104","0.324366","0.114889","1.595947"
"30","100","168.639437","0.321987","0.105958","1.605703"
"40","100","163.254177","0.320613","0.097785","1.618112"
"50","100","158.202214","0.320343","0.090224","1.634083"
"60","100","153.453536","0.321334","0.08315","1.654997"
"70","100","148.981627","0.323825","0.076453","1.682695"
"80","100","144.762977","0.328184","0.070032","1.719529"
"90","100","140.776664","0.334976","0.063796","1.768642"
"100","100","137.004008","0.345081","0.057668","1.833629"
"110","100","133.42828","0.359847","0.051596","1.916172"
"120","100","130.034454","0.38118","0.045606","2.00922"
"130","100","126.808993","0.411176","0.039878","2.085756"
"140","100","123.739672","0.450619","0.034797","2.098546"
"150","100","120.815421","0.496901","0.030759","2.019864"
"160","100","118.026193","0.544725","0.027856","1.884037"
"170","100","115.362846","0.589763","0.025869","1.744843"
"180","100","112.817048","0.630218","0.024514","1.627655"
"190","100","110.381184","0.665917","0.023577","1.535459"
"200","100","108.048284","0.697311","0.022918","1.463956"
"210","100","105.811954","0.724995","0.02245","1.408135"
"220","100","103.666319","0.749529","0.022117","1.36394"
"230","100","101.605973","0.771391","0.021882","1.328387"
"240","100","99.625929","0.790981","0.02172","1.299335"
"250","100","97.721582","0.808624","0.021615","1.275245"
"260","100","95.888672","0.824591","0.021554","1.255005"
"270","100","94.123254","0.839101","0.021528","1.237795"
"280","100","92.421668","0.852339","0.02153","1.223006"
"290","100","90.780512","0.86446","0.021554","1.210174"
"300","100","89.196625","0.875593","0.021598","1.198945"
"-40","110","240.978208","0.393143","0.198505","1.559148"
"-30","110","231.067527","0.384175","0.179792","1.563246"
"-20","110","221.939835","0.376332","0.163633","1.567272"
"-10","110","213.505868","0.369545","0.149546","1.57147"
"0","110","205.689435","0.363763","0.137154","1.576122"
"10","110","198.425107","0.358961","0.126153","1.581549"
"20","110","191.656385","0.355133","0.116298","1.588137"
"30","110","185.334221","0.352296","0.107387","1.596346"
"40","110","179.415836","0.3505","0.09925","1.60671"
"50","110","173.863745","0.349827","0.091746","1.619925"
"60","110","168.644962","0.35041","0.084754","1.636986"
"70","110","163.730349","0.352446","0.07817","1.659131"
"80","110","159.094065","0.356228","0.071904","1.687811"
"90","110","154.713119","0.362187","0.065877","1.724753"
"100","110","150.566981","0.370952","0.060029","1.771563"
"110","110","146.637268","0.383417","0.054322","1.828294"
"120","110","142.907463","0.400753","0.048766","1.890387"
"130","110","139.362692","0.424223","0.043457","1.944812"
"140","110","135.989517","0.454599","0.038595","1.970224"
"150","110","132.775775","0.491256","0.034431","1.946911"
"160","110","129.710422","0.53175","0.031129","1.874015"
"170","110","126.783412","0.572801","0.028666","1.773772"
"180","110","123.985588","0.611864","0.026885","1.671784"
"190","110","121.308581","0.64769","0.025605","1.581798"
"200","110","118.74473","0.679975","0.024679","1.507181"
"210","110","116.287011","0.708879","0.024002","1.446645"
"220","110","113.928965","0.734737","0.023505","1.397658"
"230","110","111.664651","0.757918","0.023139","1.357774"
"240","110","109.488588","0.778767","0.022871","1.32498"
"250","110","107.395717","0.797589","0.022677","1.29772"
"260","110","105.381354","0.814646","0.022542","1.274807"
"270","110","103.441166","0.830161","0.022453","1.255345"
"280","110","101.571127","0.844322","0.022401","1.238651"
"290","110","99.767503","0.857289","0.022379","1.224201"
"300","110","98.026815","0.869199","0.022381","1.21159"
"-40","120","262.685365","0.42784","0.200129","1.555778"
"-30","120","251.881936","0.417995","0.181334","1.559499"
"-20","120","241.932028","0.409363","0.165113","1.563072"
"-10","120","232.738335","0.401866","0.150981","1.56672"
"0","120","224.217803","0.395446","0.138559","1.570697"
"10","120","216.299109","0.390067","0.127543","1.575286"
"20","120","208.920665","0.385715","0.117687","1.580816"
"30","120","202.029005","0.382401","0.108788","1.587671"
"40","120","195.577496","0.380161","0.10068","1.596281"
"50","120","189.525276","0.379064","0.093223","1.607184"
"60","120","183.836389","0.379219","0.086298","1.621112"
"70","120","178.47907","0.38079","0.079806","1.638913"
"80","120","173.425153","0.384012","0.073662","1.661507"
"90","120","168.649574","0.389222","0.067798","1.689868"
"100","120","164.129955","0.396887","0.062158","1.7247"
"110","120","159.846256","0.407634","0.056711","1.765551"
"120","120","155.780473","0.422244","0.051459","1.809276"
"130","120","151.916391","0.441535","0.046455","1.848432"
"140","120","148.239363","0.466083","0.041813","1.871603"
"150","120","144.736129","0.495789","0.03769","1.867326"
"160","120","141.39465","0.529563","0.03422","1.830231"
"170","120","138.203978","0.565461","0.031451","1.765779"
"180","120","135.154127","0.601371","0.029326","1.687731"
"190","120","132.235977","0.635705","0.02773","1.609446"
"200","120","129.441177","0.667606","0.026536","1.538601"
"210","120","126.762067","0.696783","0.025642","1.477746"
"220","120","124.191611","0.723269","0.024968","1.426665"
"230","120","121.723329","0.74725","0.024458","1.384095"
"240","120","119.351248","0.768967","0.024073","1.348577"
"250","120","117.069852","0.788665","0.023782","1.318782"
"260","120","114.874037","0.806575","0.023565","1.293604"
"270","120","112.759077","0.822902","0.023406","1.272156"
"280","120","110.720587","0.837828","0.023295","1.253734"
"290","120","108.754493","0.851511","0.023221","1.237787"
"300","120","106.857006","0.864087","0.023179","1.223876"
"-40","130","284.392522","0.462433","0.20175","1.552499"
"-30","130","272.696346","0.451702","0.182871","1.555866"
"-20","130","261.924221","0.442272","0.166585","1.559016"
"-10","130","251.970802","0.434055","0.152406","1.562157"
"0","130","242.746171","0.426983","0.139951","1.565516"
"10","130","234.173112","0.421013","0.128917","1.569346"
"20","130","226.184945","0.416123","0.119055","1.573932"
"30","130","218.723789","0.412314","0.110165","1.579594"
"40","130","211.739156","0.409612","0.102079","1.586687"
"50","130","205.186807","0.408071","0.094659","1.59563"
"60","130","199.027815","0.407782","0.087789","1.60697"
"70","130","193.227791","0.408879","0.081372","1.621301"
"80","130","187.756241","0.411553","0.075328","1.639214"
"90","130","182.586029","0.41607","0.069591","1.661266"
"100","130","177.692929","0.422786","0.064112","1.687725"
"110","130","173.055244","0.43216","0.05886","1.718015"
"120","130","168.653482","0.444739","0.05383","1.749876"
"130","130","164.470089","0.461086","0.049053","1.778604"
"140","130","160.489209","0.481615","0.044597","1.797318"
"150","130","156.696483","0.506365","0.040562","1.798957"
"160","130","153.078879","0.534808","0.037047","1.779101"
"170","130","149.624544","0.565828","0.034108","1.738188"
"180","130","146.322667","0.59796","0.031741","1.681977"
"190","130","143.163374","0.629799","0.029884","1.618999"
"200","130","140.137624","0.660307","0.028447","1.556708"
"210","130","137.237124","0.688891","0.02734","1.499556"
"220","130","134.454256","0.715311","0.026487","1.449287"
"230","130","131.782007","0.739549","0.025828","1.406014"
"240","130","129.213907","0.76171","0.025318","1.369095"
"250","130","126.743987","0.781952","0.024923","1.33765"
"260","130","124.36672","0.80045","0.024618","1.310803"
"270","130","122.076989","0.817376","0.024385","1.287775"
"280","130","119.870047","0.832893","0.024209","1.267908"
"290","130","117.741484","0.847146","0.02408","1.25066"
"300","130","115.687196","0.860267","0.023989","1.235593"
"-40","140","306.09968","0.496924","0.203367","1.549305"
"-30","140","293.510756","0.4853","0.184402","1.55234"
"-20","140","281.916414","0.475063","0.16805","1.555097"
"-10","140","271.203269","0.466115","0.153822","1.557768"
"0","140","261.274539","0.45838","0.141332","1.56056"
"10","140","252.047114","0.451807","0.130276","1.563701"
"20","140","243.449225","0.446365","0.120405","1.567438"
"30","140","235.418573","0.442046","0.111518","1.572046"
"40","140","227.900815","0.438865","0.103448","1.577815"
"50","140","220.848338","0.436864","0.096058","1.585082"
"60","140","214.219241","0.436117","0.089234","1.594258"
"70","140","207.976513","0.436732","0.082879","1.605766"
"80","140","202.087329","0.438865","0.076916","1.619993"
"90","140","196.522485","0.442728","0.071282","1.637251"
"100","140","191.255903","0.448598","0.06593","1.657595"
"110","140","186.264231","0.456818","0.060828","1.680456"
"120","140","181.526492","0.467789","0.055968","1.704162"
"130","140","177.023788","0.48191","0.051364","1.725534"
"140","140","172.739054","0.499483","0.047059","1.740083"
"150","140","168.656836","0.520577","0.043118","1.743138"
"160","140","164.763108","0.544905","0.039611","1.731443"
"170","140","161.04511","0.571794","0.036588","1.704295"
"180","140","157.491207","0.600267","0.034063","1.663944"
"190","140","154.09077","0.62924","0.032008","1.615025"
"200","140","150.83407","0.657749","0.030366","1.5629"
"210","140","147.712181","0.685094","0.029066","1.51195"
"220","140","144.716902","0.710857","0.028041","1.464844"
"230","140","141.840684","0.734851","0.027234","1.422739"
"240","140","139.076567","0.757043","0.026597","1.385807"
"250","140","136.418122","0.777492","0.026094","1.353712"
"260","140","133.859402","0.796305","0.025697","1.325907"
"270","140","131.394901","0.813608","0.025385","1.301806"
"280","140","129.019507","0.829532","0.025141","1.280856"
"290","140","126.728474","0.844203","0.024952","1.262573"
"300","140","124.517387","0.857739","0.02481","1.246541"
"-40","150","327.806837","0.531316","0.204982","1.546192"
"-30","150","314.325166","0.518791","0.185929","1.548915"
"-20","150","301.908608","0.507739","0.169509","1.551304"
"-10","150","290.435736","0.498051","0.155229","1.553539"
"0","150","279.802907","0.489643","0.142702","1.555811"
"10","150","269.921116","0.482455","0.131621","1.558324"
"20","150","260.713505","0.476448","0.121738","1.561297"
"30","150","252.113356","0.471604","0.112851","1.564966"
"40","150","244.062475","0.467931","0.104792","1.569576"
"50","150","236.509869","0.465456","0.097426","1.575396"
"60","150","229.410668","0.464238","0.090637","1.582742"
"70","150","222.725234","0.464365","0.084334","1.591919"
"80","150","216.418417","0.465963","0.078438","1.603184"
"90","150","210.45894","0.4692","0.072888","1.616704"
"100","150","204.818877","0.474295","0.067637","1.632428"
"110","150","199.473219","0.481511","0.062655","1.649841"
"120","150","194.399501","0.491146","0.057927","1.667671"
"130","150","189.577487","0.503494","0.053458","1.683672"
"140","150","184.9889","0.518777","0.049275","1.694746"
"150","150","180.61719","0.537059","0.045421","1.697633"
"160","150","176.447337","0.558169","0.041943","1.689906"
"170","150","172.465675","0.581672","0.038883","1.670689"
"180","150","168.659746","0.606899","0.03626","1.640867"
"190","150","165.018167","0.633049","0.034062","1.602906"
"200","150","161.530517","0.659321","0.032256","1.560226"
"210","150","158.187238","0.68504","0.03079","1.516259"
"220","150","154.979548","0.709719","0.029609","1.473683"
"230","150","151.899362","0.73306","0.02866","1.434145"
"240","150","148.939226","0.75492","0.027898","1.398404"
"250","150","146.092257","0.775265","0.027286","1.366612"
"260","150","143.352085","0.794131","0.026795","1.338579"
"270","150","140.712812","0.811591","0.026402","1.313952"
"280","150","138.168967","0.827738","0.026087","1.292329"
"290","150","135.715465","0.842672","0.025837","1.273316"
"300","150","133.347577","0.856494","0.02564","1.25655"
"-40","160","349.513994","0.56561","0.206593","1.543156"
"-30","160","335.139575","0.552178","0.187451","1.545585"
"-20","160","321.900801","0.540303","0.170962","1.547632"
"-10","160","309.668203","0.529867","0.156628","1.549462"
"0","160","298.331275","0.520776","0.144062","1.551254"
"10","160","287.795118","0.512963","0.132954","1.553193"
"20","160","277.977785","0.506379","0.123056","1.555475"
"30","160","268.80814","0.500999","0.114164","1.558306"
"40","160","260.224135","0.49682","0.106112","1.561892"
"50","160","252.171399","0.493859","0.098764","1.566454"
"60","160","244.602094","0.49216","0.092005","1.572238"
"70","160","237.473955","0.491793","0.085743","1.579468"
"80","160","230.749505","0.492858","0.079902","1.588312"
"90","160","224.395395","0.495492","0.074421","1.598854"
"100","160","218.381851","0.499864","0.069253","1.610993"
"110","160","212.682207","0.506181","0.064367","1.624276"
"120","160","207.272511","0.514668","0.059744","1.637719"
"130","160","202.131186","0.525544","0.055384","1.649675"
"140","160","197.238746","0.538975","0.0513","1.657921"
"150","160","192.577544","0.555013","0.047521","1.660092"
"160","160","188.131566","0.573546","0.04408","1.654331"
"170","160","183.886241","0.59427","0.041009","1.639803"
"180","160","179.828286","0.616711","0.038325","1.616844"
"190","160","175.945563","0.64027","0.036027","1.586833"
"200","160","172.226963","0.664312","0.034094","1.551906"
"210","160","168.662295","0.688242","0.032489","1.514505"
"220","160","165.242194","0.711578","0.03117","1.476869"
"230","160","161.95804","0.733973","0.03009","1.440682"
"240","160","158.801886","0.755212","0.02921","1.406988"
"250","160","155.766392","0.775189","0.028492","1.376281"
"260","160","152.844767","0.793872","0.027908","1.348673"
"270","160","150.030724","0.811285","0.027432","1.324046"
"280","160","147.318427","0.82748","0.027045","1.302163"
"290","160","144.702455","0.842527","0.026731","1.28274"
"300","160","142.177768","0.856505","0.026478","1.265489"
"-40","170","371.221151","0.59981","0.208203","1.540194"
"-30","170","355.953985","0.585464","0.188969","1.542347"
"-20","170","341.892994","0.572759","0.172408","1.544072"
"-10","170","328.900671","0.561566","0.15802","1.545526"
"0","170","316.859643","0.551785","0.145412","1.546875"
"10","170","305.66912","0.543336","0.134275","1.548289"
"20","170","295.242065","0.536165","0.124359","1.549944"
"30","170","285.502924","0.530238","0.11546","1.552022"
"40","170","276.385794","0.525542","0.107411","1.5547"
"50","170","267.83293","0.522084","0.100075","1.558162"
"60","170","259.793521","0.519894","0.09334","1.562602"
"70","170","252.222677","0.519028","0.087112","1.568185"
"80","170","245.080593","0.519563","0.081317","1.575024"
"90","170","238.33185","0.521608","0.075892","1.583152"
"100","170","231.944825","0.525299","0.070793","1.592445"
"110","170","225.891195","0.530794","0.065984","1.602516"
"120","170","220.145521","0.538266","0.061447","1.612588"
"130","170","214.684885","0.547882","0.057174","1.621419"
"140","170","209.488591","0.559765","0.053171","1.627367"
"150","170","204.537898","0.573953","0.049457","1.628664"
"160","170","199.815795","0.590367","0.046054","1.62386"
"170","170","195.306807","0.608782","0.042984","1.612206"
"180","170","190.996825","0.628845","0.040264","1.593785"
"190","170","186.87296","0.6501","0.037895","1.569421"
"200","170","182.92341","0.672043","0.035864","1.540494"
"210","170","179.137352","0.694173","0.034147","1.508699"
"220","170","175.504839","0.716048","0.032709","1.47576"
"230","170","172.016718","0.737317","0.031513","1.443159"
"240","170","168.664545","0.757729","0.030522","1.41198"
"250","170","165.440527","0.777128","0.029703","1.382896"
"260","170","162.33745","0.795432","0.029028","1.356229"
"270","170","159.348636","0.812619","0.02847","1.332054"
"280","170","156.467887","0.828703","0.028011","1.310288"
"290","170","153.689446","0.843724","0.027633","1.290764"
"300","170","151.007959","0.857736","0.027323","1.273276"
"-40","180","392.928309","0.633917","0.20981","1.537302"
"-30","180","376.768395","0.618651","0.190484","1.539195"
"-20","180","361.885187","0.605109","0.17385","1.540618"
"-10","180","348.133138","0.593153","0.159404","1.541722"
"0","180","335.388011","0.582672","0.146754","1.542661"
"10","180","323.543123","0.573579","0.135585","1.543593"
"20","180","312.506345","0.565811","0.125648","1.544678"
"30","180","302.197708","0.559327","0.116739","1.546078"
"40","180","292.547454","0.554104","0.108689","1.547947"
"50","180","283.494461","0.550139","0.101362","1.550441"
"60","180","274.984947","0.547452","0.094645","1.553714"
"70","180","266.971398","0.546081","0.088445","1.557893"
"80","180","259.411681","0.546088","0.082687","1.563051"
"90","180","252.268306","0.547557","0.07731","1.569191"
"100","180","245.507799","0.550596","0.072266","1.576186"
"110","180","239.100183","0.555327","0.067522","1.583704"
"120","180","233.01853","0.561885","0.063054","1.591124"
"130","180","227.238584","0.570394","0.058853","1.597491"
"140","180","221.738437","0.580946","0.054917","1.601559"
"150","180","216.498252","0.593568","0.051258","1.601977"
"160","180","211.500023","0.608197","0.04789","1.597598"
"170","180","206.727373","0.62466","0.044829","1.587761"
"180","180","202.165365","0.642683","0.042087","1.57242"
"190","180","197.800357","0.661909","0.039668","1.55209"
"200","180","193.619857","0.681932","0.037562","1.527705"
"210","180","189.612408","0.702336","0.035754","1.500465"
"220","180","185.767485","0.722732","0.034215","1.47166"
"230","180","182.075395","0.742786","0.032916","1.442501"
"240","180","178.527205","0.762241","0.031825","1.413981"
"250","180","175.114662","0.780912","0.030912","1.386815"
"260","180","171.830133","0.798684","0.030149","1.361439"
"270","180","168.666547","0.815496","0.029512","1.338062"
"280","180","165.617346","0.831332","0.028981","1.316728"
"290","180","162.676436","0.846201","0.028539","1.297376"
"300","180","159.838149","0.860136","0.028172","1.27988"
"-40","190","414.635466","0.667933","0.211415","1.534477"
"-30","190","397.582804","0.651742","0.191995","1.536124"
"-20","190","381.877381","0.637357","0.175286","1.537265"
"-10","190","367.365605","0.624631","0.160782","1.538042"
"0","190","353.916379","0.613442","0.148086","1.538601"
"10","190","341.417125","0.603697","0.136885","1.539089"
"20","190","329.770626","0.595324","0.126925","1.539655"
"30","190","318.892492","0.588274","0.118002","1.540442"
"40","190","308.709113","0.582514","0.109948","1.541587"
"50","190","299.155992","0.578034","0.102626","1.543224"
"60","190","290.176374","0.574841","0.095923","1.54548"
"70","190","281.720119","0.572961","0.089745","1.54845"
"80","190","273.742769","0.572441","0.084018","1.552184"
"90","190","266.204761","0.573345","0.07868","1.556667"
"100","190","259.070773","0.575756","0.073683","1.561777"
"110","190","252.309171","0.579769","0.068992","1.567231"
"120","190","245.89154","0.585487","0.064582","1.572525"
"130","190","239.792283","0.593004","0.060439","1.576912"
"140","190","233.988282","0.602387","0.056559","1.579428"
"150","190","228.458605","0.613652","0.052947","1.579024"
"160","190","223.184252","0.626747","0.04961","1.57478"
"170","190","218.147938","0.641532","0.04656","1.566118"
"180","190","213.333905","0.657786","0.043806","1.552924"
"190","190","208.727753","0.675224","0.04135","1.535523"
"200","190","204.316303","0.693512","0.039188","1.514577"
"210","190","200.087465","0.712303","0.037305","1.490958"
"220","190","196.030131","0.731258","0.035682","1.465639"
"230","190","192.134073","0.750077","0.034293","1.439582"
"240","190","188.389864","0.768506","0.033112","1.413638"
"250","190","184.788796","0.786352","0.032112","1.388482"
"260","190","181.322815","0.803479","0.031267","1.364588"
"270","190","177.984459","0.819802","0.030554","1.342243"
"280","190","174.766806","0.835276","0.029953","1.32158"
"290","190","171.663427","0.849888","0.029448","1.302622"
"300","190","168.66834","0.863647","0.029023","1.285316"
"-40","200","436.342623","0.701861","0.213019","1.531717"
"-30","200","418.397214","0.684739","0.193503","1.533132"
"-20","200","401.869574","0.669505","0.176718","1.534007"
"-10","200","386.598072","0.656002","0.162154","1.534479"
"0","200","372.444747","0.644099","0.149411","1.534685"
"10","200","359.291127","0.633694","0.138175","1.534765"
"20","200","347.034906","0.624708","0.12819","1.534854"
"30","200","335.587276","0.617083","0.119252","1.535086"
"40","200","324.870773","0.610779","0.111191","1.535582"
"50","200","314.817523","0.605776","0.103871","1.536457"
"60","200","305.3678","0.602071","0.097177","1.537818"
"70","200","296.46884","0.599679","0.091017","1.539741"
"80","200","288.073857","0.598633","0.085314","1.542258"
"90","200","280.141216","0.598979","0.080008","1.545344"
"100","200","272.633747","0.600781","0.07505","1.548888"
"110","200","265.518159","0.604111","0.070403","1.552647"
"120","200","258.764549","0.609048","0.066041","1.55621"
"130","200","252.345982","0.615661","0.061947","1.558982"
"140","200","246.238128","0.623997","0.058114","1.560207"
"150","200","240.418959","0.634065","0.05454","1.559057"
"160","200","234.868481","0.645816","0.051231","1.554786"
"170","200","229.568504","0.659134","0.048193","1.546895"
"180","200","224.502444","0.673838","0.045432","1.535234"
"190","200","219.65515","0.68969","0.04295","1.520004"
"200","200","215.01275","0.706415","0.040742","1.501684"
"210","200","210.562522","0.723716","0.038799","1.48093"
"220","200","206.292776","0.741304","0.037105","1.458491"
"230","200","202.192751","0.758906","0.035639","1.435129"
"240","200","198.252524","0.776287","0.034378","1.41155"
"250","200","194.462931","0.793254","0.033298","1.388356"
"260","200","190.815498","0.809663","0.032377","1.366009"
"270","200","187.302371","0.825411","0.031592","1.344825"
"280","200","183.916266","0.840434","0.030924","1.324992"
"290","200","180.650417","0.854701","0.030357","1.306595"
"300","200","177.49853","0.868201","0.029875","1.289641"
"-40","210","458.04978","0.735703","0.214621","1.529018"
"-30","210","439.211624","0.717644","0.195008","1.530214"
"-20","210","421.861767","0.701556","0.178146","1.53084"
"-10","210","405.830539","0.687269","0.16352","1.531026"
"0","210","390.973115","0.674646","0.150729","1.530904"
"10","210","377.165129","0.663574","0.139456","1.530607"
"20","210","364.299186","0.653968","0.129444","1.53026"
"30","210","352.282059","0.645761","0.120488","1.529986"
"40","210","341.032433","0.638905","0.112418","1.529896"
"50","210","330.479054","0.633372","0.105096","1.530092"
"60","210","320.559227","0.62915","0.098408","1.530664"
"70","210","311.217562","0.626242","0.092261","1.531673"
"80","210","302.404945","0.624669","0.086578","1.53314"
"90","210","294.077671","0.624464","0.081299","1.535039"
"100","210","286.196721","0.625673","0.076373","1.537267"
"110","210","278.727147","0.62835","0.071763","1.539616"
"120","210","271.637559","0.632552","0.06744","1.54175"
"130","210","264.899681","0.63833","0.063387","1.543189"
"140","210","258.487974","0.645715","0.059593","1.54333"
"150","210","252.379313","0.654708","0.056052","1.541512"
"160","210","246.55271","0.665264","0.052767","1.537127"
"170","210","240.98907","0.677282","0.049741","1.529744"
"180","210","235.670984","0.690609","0.046976","1.519199"
"190","210","230.582546","0.705046","0.044474","1.505608"
"200","210","225.709196","0.720357","0.042231","1.489322"
"210","210","221.037579","0.736291","0.040239","1.470847"
"220","210","216.555422","0.752594","0.038485","1.45077"
"230","210","212.251429","0.769024","0.036951","1.429702"
"240","210","208.115183","0.785365","0.035619","1.408227"
"250","210","204.137066","0.801432","0.034467","1.386863"
"260","210","200.30818","0.817078","0.033475","1.366034"
"270","210","196.620282","0.832193","0.032622","1.346057"
"280","210","193.065726","0.8467","0.03189","1.327145"
"290","210","189.637408","0.860551","0.031263","1.309422"
"300","210","186.328721","0.873723","0.030727","1.292938"
"-40","220","479.756938","0.769459","0.216222","1.526379"
"-30","220","460.026033","0.750459","0.19651","1.527367"
"-20","220","441.85396","0.733511","0.179569","1.527758"
"-10","220","425.063006","0.718436","0.16488","1.527677"
"0","220","409.501483","0.705086","0.15204","1.52725"
"10","220","395.039131","0.693342","0.140728","1.526603"
"20","220","381.563466","0.683108","0.130687","1.525856"
"30","220","368.976843","0.674312","0.121711","1.525122"
"40","220","357.194092","0.666897","0.11363","1.524502"
"50","220","346.140585","0.660828","0.106303","1.524089"
"60","220","335.750653","0.656084","0.099618","1.52396"
"70","220","325.966283","0.652657","0.093481","1.524167"
"80","220","316.736033","0.650558","0.087814","1.524724"
"90","220","308.014126","0.649807","0.082556","1.525604"
"100","220","299.759695","0.650436","0.077656","1.526715"
"110","220","291.936135","0.652482","0.073077","1.52788"
"120","220","284.510569","0.655987","0.068788","1.52882"
"130","220","277.45338","0.660985","0.064769","1.529145"
"140","220","270.737819","0.667496","0.061006","1.52837"
"150","220","264.339667","0.675511","0.057494","1.525959"
"160","220","258.236939","0.684988","0.05423","1.521415"
"170","220","252.409636","0.695839","0.051214","1.514366"
"180","220","246.839523","0.707932","0.048447","1.504645"
"190","220","241.509943","0.721093","0.04593","1.492312"
"200","220","236.405643","0.735121","0.043658","1.477624"
"210","220","231.512636","0.749799","0.041625","1.460977"
"220","220","226.818068","0.764902","0.03982","1.44284"
"230","220","222.310106","0.780217","0.038228","1.42371"
"240","220","217.977843","0.795544","0.036833","1.404071"
"250","220","213.811201","0.810712","0.035616","1.384366"
"260","220","209.800863","0.825576","0.034558","1.364971"
"270","220","205.938194","0.840023","0.033642","1.346185"
"280","220","202.215186","0.853967","0.032849","1.328228"
"290","220","198.624399","0.867351","0.032165","1.311244"
"300","220","195.158911","0.880139","0.031575","1.29531"
"-40","230","501.464095","0.803132","0.217821","1.523795"
"-30","230","480.840443","0.783187","0.19801","1.524588"
"-20","230","461.846153","0.765375","0.180989","1.524757"
"-10","230","444.295473","0.749505","0.166235","1.524425"
"0","230","428.029851","0.735423","0.153344","1.523715"
"10","230","412.913134","0.722999","0.141992","1.522744"
"20","230","398.827746","0.712132","0.131921","1.521628"
"30","230","385.671627","0.702741","0.122923","1.520473"
"40","230","373.355752","0.694762","0.114828","1.519374"
"50","230","361.802116","0.688151","0.107495","1.518413"
"60","230","350.942079","0.682879","0.10081","1.51766"
"70","230","340.715004","0.678932","0.094679","1.517159"
"80","230","331.067121","0.676307","0.089024","1.516921"
"90","230","321.950582","0.675014","0.083783","1.516921"
"100","230","313.322669","0.675073","0.078905","1.517076"
"110","230","305.145123","0.676509","0.07435","1.517236"
"120","230","297.383578","0.679347","0.070089","1.51717"
"130","230","290.007079","0.68361","0.066098","1.516556"
"140","230","282.987665","0.689306","0.062363","1.514999"
"150","230","276.300021","0.696422","0.058875","1.512064"
"160","230","269.921168","0.704916","0.055628","1.507339"
"170","230","263.830201","0.714707","0.052622","1.500506"
"180","230","258.008063","0.725679","0.049854","1.491403"
"190","230","252.437339","0.737681","0.047324","1.48005"
"200","230","247.10209","0.750539","0.045029","1.466635"
"210","230","241.987693","0.764059","0.042961","1.451468"
"220","230","237.080713","0.778045","0.041112","1.434932"
"230","230","232.368784","0.792304","0.039469","1.417437"
"240","230","227.840502","0.806657","0.038018","1.399387"
"250","230","223.485336","0.820941","0.036742","1.381159"
"260","230","219.293545","0.83502","0.035625","1.363084"
"270","230","215.256106","0.848779","0.03465","1.345435"
"280","230","211.364646","0.86213","0.0338","1.328426"
"290","230","207.611389","0.87501","0.033061","1.312206"
"300","230","203.989102","0.887372","0.03242","1.296871"
"-40","240","523.171252","0.836723","0.21942","1.521267"
"-30","240","501.654853","0.815829","0.199507","1.521873"
"-20","240","481.838347","0.797147","0.182405","1.521834"
"-10","240","463.52794","0.780479","0.167586","1.521267"
"0","240","446.558219","0.765659","0.154642","1.520291"
"10","240","430.787136","0.752551","0.143248","1.519021"
"20","240","416.092026","0.741045","0.133146","1.517565"
"30","240","402.366411","0.731052","0.124124","1.516024"
"40","240","389.517412","0.722503","0.116013","1.514488"
"50","240","377.463647","0.715345","0.108671","1.513033"
"60","240","366.133506","0.709542","0.101984","1.511722"
"70","240","355.463726","0.705071","0.095856","1.510594"
"80","240","345.398209","0.70192","0.090209","1.509658"
"90","240","335.887037","0.70009","0.084982","1.508892"
"100","240","326.885642","0.699589","0.080121","1.508223"
"110","240","318.354111","0.700429","0.075588","1.507524"
"120","240","310.256588","0.702627","0.071349","1.506601"
"130","240","302.560778","0.706191","0.067382","1.505188"
"140","240","295.237511","0.711123","0.06367","1.502961"
"150","240","288.260375","0.717403","0.060202","1.499564"
"160","240","281.605396","0.72499","0.05697","1.494653"
"170","240","275.250767","0.733808","0.053971","1.487955"
"180","240","269.176603","0.743755","0.051203","1.479318"
"190","240","263.364736","0.754697","0.048663","1.468737"
"200","240","257.798536","0.766479","0.046347","1.456348"
"210","240","252.46275","0.778929","0.04425","1.442395"
"220","240","247.343359","0.791873","0.042363","1.42719"
"230","240","242.427462","0.805137","0.040676","1.411076"
"240","240","237.703162","0.818556","0.039175","1.394396"
"250","240","233.159471","0.831983","0.037846","1.377471"
"260","240","228.786228","0.845284","0.036674","1.360592"
"270","240","224.574017","0.858351","0.035644","1.344005"
"280","240","220.514106","0.871093","0.034741","1.327907"
"290","240","216.59838","0.883442","0.03395","1.312448"
"300","240","212.819292","0.895348","0.033259","1.297732"
"-40","250","544.87841","0.870235","0.221018","1.51879"
"-30","250","522.469263","0.848387","0.201003","1.519221"
"-20","250","501.83054","0.828832","0.183817","1.518984"
"-10","250","482.760407","0.81136","0.168932","1.518197"
"0","250","465.086587","0.795797","0.155934","1.516973"
"10","250","448.661138","0.781999","0.144497","1.515424"
"20","250","433.356306","0.769849","0.134362","1.513654"
"30","250","419.061195","0.75925","0.125315","1.51176"
"40","250","405.679071","0.750125","0.117186","1.509825"
"50","250","393.125178","0.742416","0.109833","1.507923"
"60","250","381.324932","0.736078","0.103141","1.506111"
"70","250","370.212447","0.731081","0.097014","1.504425"
"80","250","359.729297","0.727404","0.091373","1.502874"
"90","250","349.823492","0.72504","0.086156","1.501437"
"100","250","340.448616","0.723986","0.081309","1.500053"
"110","250","331.563099","0.724245","0.076792","1.498614"
"120","250","323.129597","0.725823","0.072573","1.496956"
"130","250","315.114476","0.72872","0.068625","1.494859"
"140","250","307.487356","0.732928","0.064932","1.492055"
"150","250","300.220728","0.738425","0.06148","1.488249"
"160","250","293.289625","0.745168","0.058261","1.483153"
"170","250","286.671333","0.753087","0.055269","1.476536"
"180","250","280.345142","0.762088","0.0525","1.468255"
"190","250","274.292133","0.772052","0.049952","1.458289"
"200","250","268.494983","0.782838","0.047619","1.446735"
"210","250","262.937806","0.794296","0.045496","1.433785"
"220","250","257.606005","0.806266","0.043576","1.419696"
"230","250","252.48614","0.818591","0.041849","1.404756"
"240","250","247.565821","0.831121","0.040304","1.389257"
"250","250","242.833606","0.843719","0.038927","1.373478"
"260","250","238.278911","0.856259","0.037705","1.357672"
"270","250","233.891929","0.868637","0.036624","1.342059"
"280","250","229.663565","0.880763","0.03567","1.326821"
"290","250","225.58537","0.892568","0.03483","1.312101"
"300","250","221.649483","0.903996","0.034092","1.298003"
"-40","260","566.585567","0.903668","0.222615","1.516363"
"-30","260","543.283672","0.880863","0.202496","1.516627"
"-20","260","521.822733","0.86043","0.185227","1.516205"
"-10","260","501.992874","0.84215","0.170274","1.51521"
"0","260","483.614955","0.82584","0.157221","1.513755"
"10","260","466.53514","0.811348","0.14574","1.511946"
"20","260","450.620586","0.798548","0.135569","1.509886"
"30","260","435.755979","0.787338","0.126496","1.507666"
"40","260","421.840731","0.777633","0.118348","1.505368"
"50","260","408.786709","0.769369","0.110982","1.50306"
"60","260","396.516359","0.762492","0.104283","1.500797"
"70","260","384.961168","0.756967","0.098154","1.498612"
"80","260","374.060385","0.752764","0.092516","1.496515"
"90","260","363.759947","0.749868","0.087306","1.494489"
"100","260","354.01159","0.748268","0.082471","1.492481"
"110","260","344.772086","0.747958","0.077967","1.490401"
"120","260","336.002607","0.748934","0.073763","1.488109"
"130","260","327.668175","0.751189","0.069832","1.485422"
"140","260","319.737202","0.754709","0.066154","1.482117"
"150","260","312.181082","0.759467","0.062716","1.477949"
"160","260","304.973854","0.765418","0.059507","1.472677"
"170","260","298.091899","0.772499","0.056521","1.466102"
"180","260","291.513682","0.78062","0.053751","1.458094"
"190","260","285.219529","0.789675","0.051195","1.448623"
"200","260","279.19143","0.799536","0.048847","1.437755"
"210","260","273.412863","0.810068","0.046702","1.425642"
"220","260","267.86865","0.821125","0.044753","1.412495"
"230","260","262.544817","0.832564","0.04299","1.398558"
"240","260","257.428481","0.844249","0.041405","1.384082"
"250","260","252.507741","0.856049","0.039984","1.369308"
"260","260","247.771593","0.86785","0.038716","1.35446"
"270","260","243.209841","0.879548","0.037588","1.339734"
"280","260","238.813025","0.891059","0.036587","1.325295"
"290","260","234.572361","0.902311","0.035701","1.311277"
"300","260","230.479674","0.913249","0.034918","1.297782"
"-40","270","588.292724","0.937025","0.224212","1.513985"
"-30","270","564.098082","0.913258","0.203988","1.514091"
"-20","270","541.814926","0.891943","0.186634","1.513493"
"-10","270","521.225342","0.872851","0.171611","1.512303"
"0","270","502.143323","0.85579","0.158502","1.510631"
"10","270","484.409142","0.840599","0.146976","1.508581"
"20","270","467.884867","0.827145","0.136769","1.506251"
"30","270","452.450762","0.815319","0.127668","1.503732"
"40","270","438.002391","0.80503","0.119499","1.501101"
"50","270","424.44824","0.796206","0.112119","1.498424"
"60","270","411.707785","0.788789","0.105411","1.495753"
"70","270","399.70989","0.782733","0.099278","1.493121"
"80","270","388.391473","0.778005","0.093641","1.490538"
"90","270","377.696403","0.774579","0.088436","1.487991"
"100","270","367.574564","0.772438","0.083608","1.485437"
"110","270","357.981074","0.771569","0.079115","1.482796"
"120","270","348.875617","0.771959","0.074923","1.479954"
"130","270","340.221874","0.773594","0.071005","1.476755"
"140","270","331.987047","0.776455","0.06734","1.473015"
"150","270","324.141436","0.780511","0.063913","1.468527"
"160","270","316.658083","0.785716","0.060713","1.463089"
"170","270","309.512464","0.792009","0.05773","1.456529"
"180","270","302.682221","0.799307","0.05496","1.448733"
"190","270","296.146926","0.807512","0.052397","1.439663"
"200","270","289.887876","0.816509","0.050036","1.429363"
"210","270","283.88792","0.826172","0.04787","1.417953"
"220","270","278.131296","0.836371","0.045895","1.405608"
"230","270","272.603495","0.846973","0.044101","1.392533"
"240","270","267.29114","0.857852","0.042479","1.378945"
"250","270","262.181876","0.868887","0.041019","1.365055"
"260","270","257.264276","0.879971","0.039708","1.351061"
"270","270","252.527752","0.891005","0.038537","1.337137"
"280","270","247.962485","0.901907","0.037492","1.323434"
"290","270","243.559351","0.912605","0.036562","1.310076"
"300","270","239.309864","0.923044","0.035736","1.297159"
"-40","280","609.999881","0.970306","0.225809","1.511653"
"-30","280","584.912492","0.945574","0.205478","1.511608"
"-20","280","561.80712","0.923375","0.188038","1.510845"
"-10","280","540.457809","0.903467","0.172945","1.509472"
"0","280","520.671691","0.885649","0.159779","1.507596"
"10","280","502.283144","0.869755","0.148206","1.50532"
"20","280","485.149147","0.855643","0.137962","1.502741"
"30","280","469.145546","0.843197","0.128832","1.499945"
"40","280","454.16405","0.83232","0.12064","1.497009"
"50","280","440.109771","0.822933","0.113244","1.493996"
"60","280","426.899212","0.814972","0.106525","1.490956"
"70","280","414.458611","0.808384","0.100386","1.487922"
"80","280","402.722561","0.80313","0.094748","1.484905"
"90","280","391.632858","0.799177","0.089545","1.481897"
"100","280","381.137538","0.796501","0.084723","1.47886"
"110","280","371.190062","0.795081","0.080239","1.475729"
"120","280","361.748626","0.794898","0.076056","1.472406"
"130","280","352.775573","0.795933","0.072149","1.468761"
"140","280","344.236893","0.798159","0.068494","1.46464"
"150","280","336.10179","0.801544","0.065076","1.459868"
"160","280","328.342312","0.806041","0.061882","1.454276"
"170","280","320.93303","0.81159","0.058902","1.447715"
"180","280","313.850761","0.818113","0.056131","1.440083"
"190","280","307.074322","0.82552","0.053561","1.43134"
"200","280","300.584323","0.833704","0.051188","1.421514"
"210","280","294.362977","0.84255","0.049004","1.4107"
"220","280","288.393942","0.851938","0.047005","1.399041"
"230","280","282.662173","0.861747","0.045183","1.38671"
"240","280","277.1538","0.871859","0.043528","1.373897"
"250","280","271.856011","0.882161","0.042031","1.360786"
"260","280","266.756958","0.892551","0.040682","1.347553"
"270","280","261.845664","0.902938","0.03947","1.334354"
"280","280","257.111945","0.913239","0.038383","1.321325"
"290","280","252.546342","0.923388","0.037412","1.30858"
"300","280","248.140055","0.933325","0.036545","1.296212"
"-40","290","631.707039","1.003513","0.227405","1.509366"
"-30","290","605.726901","0.977813","0.206967","1.509179"
"-20","290","581.799313","0.954725","0.18944","1.508259"
"-10","290","559.690276","0.933997","0.174276","1.506713"
"0","290","539.200059","0.915421","0.161051","1.504646"
"10","290","520.157147","0.898819","0.149431","1.50216"
"20","290","502.413427","0.884045","0.139148","1.499349"
"30","290","485.84033","0.870976","0.129987","1.496298"
"40","290","470.32571","0.859507","0.121772","1.493081"
"50","290","455.771301","0.849554","0.114358","1.48976"
"60","290","442.090638","0.841046","0.107627","1.486386"
"70","290","429.207332","0.833925","0.101481","1.482989"
"80","290","417.053649","0.828144","0.09584","1.479583"
"90","290","405.569313","0.823666","0.090637","1.476163"
"100","290","394.700512","0.820459","0.085818","1.472699"
"110","290","384.39905","0.818496","0.081339","1.469137"
"120","290","374.621636","0.817752","0.077164","1.465392"
"130","290","365.329272","0.818202","0.073265","1.461358"
"140","290","356.486739","0.819816","0.069618","1.456901"
"150","290","348.062144","0.822557","0.066207","1.451878"
"160","290","340.026541","0.826378","0.063018","1.446143"
"170","290","332.353596","0.83122","0.06004","1.43957"
"180","290","325.019301","0.83701","0.057267","1.432066"
"190","290","318.001719","0.843663","0.054691","1.423592"
"200","290","311.280769","0.851079","0.052306","1.414165"
"210","290","304.838034","0.859154","0.050106","1.403858"
"220","290","298.656587","0.867774","0.048086","1.392789"
"230","290","292.720851","0.876829","0.046237","1.381106"
"240","290","287.016459","0.886209","0.044552","1.368972"
"250","290","281.530146","0.895807","0.043022","1.35655"
"260","290","276.249641","0.905529","0.041637","1.343996"
"270","290","271.163576","0.915285","0.040387","1.33145"
"280","290","266.261405","0.924999","0.039262","1.319036"
"290","290","261.533332","0.934603","0.038251","1.30686"
"300","290","256.970245","0.94404","0.037346","1.295006"
"-40","300","653.414196","1.036647","0.229001","1.507122"
"-30","300","626.541311","1.009976","0.208455","1.506799"
"-20","300","601.791506","0.985996","0.190839","1.505731"
"-10","300","578.922743","0.964445","0.175603","1.504022"
"0","300","557.728427","0.945106","0.162319","1.501776"
"10","300","538.031149","0.927793","0.15065","1.499094"
"20","300","519.677707","0.912354","0.140328","1.496067"
"30","300","502.535114","0.898657","0.131135","1.49278"
"40","300","486.48737","0.886593","0.122895","1.489304"
"50","300","471.432832","0.876071","0.115462","1.485703"
"60","300","457.282064","0.867014","0.108717","1.482023"
"70","300","443.956054","0.859358","0.102562","1.478298"
"80","300","431.384737","0.853052","0.096916","1.474543"
"90","300","419.505768","0.84805","0.091711","1.470756"
"100","300","408.263486","0.844316","0.086894","1.466913"
"110","300","397.608038","0.841816","0.082419","1.462968"
"120","300","387.494645","0.840522","0.078249","1.458853"
"130","300","377.882971","0.840401","0.074355","1.454476"
"140","300","368.736584","0.841421","0.070715","1.449725"
"150","300","360.022497","0.843541","0.067309","1.444478"
"160","300","351.710769","0.846715","0.064123","1.438612"
"170","300","343.774162","0.850883","0.061147","1.432018"
"180","300","336.18784","0.855975","0.058371","1.424616"
"190","300","328.929115","0.861912","0.055789","1.416365"
"200","300","321.977216","0.8686","0.053394","1.407275"
"210","300","315.313091","0.875943","0.051179","1.397402"
"220","300","308.919233","0.883835","0.049139","1.386845"
"230","300","302.779529","0.892172","0.047266","1.375727"
"240","300","296.879119","0.900851","0.045553","1.364191"
"250","300","291.204281","0.909774","0.043992","1.35238"
"260","300","285.742324","0.91885","0.042574","1.340433"
"270","300","280.481487","0.927995","0.041288","1.328477"
"280","300","275.410865","0.937133","0.040127","1.316624"
"290","300","270.520323","0.946201","0.03908","1.304971"
"300","300","265.800436","0.955143","0.038137","1.293597"
"-40","310","675.121353","1.069709","0.230598","1.504919"
"-30","310","647.355721","1.042065","0.209942","1.504468"
"-20","310","621.783699","1.01719","0.192237","1.503259"
"-10","310","598.15521","0.994812","0.176927","1.501397"
"0","310","576.256795","0.974707","0.163582","1.498983"
"10","310","555.905151","0.95668","0.151864","1.496117"
"20","310","536.941987","0.940572","0.141501","1.492889"
"30","310","519.229898","0.926244","0.132276","1.489383"
"40","310","502.649029","0.913582","0.124009","1.48567"
"50","310","487.094363","0.902488","0.116556","1.48181"
"60","310","472.473491","0.89288","0.109796","1.477853"
"70","310","458.704775","0.884688","0.103631","1.473831"
"80","310","445.715825","0.877855","0.097978","1.469761"
"90","310","433.442224","0.872331","0.09277","1.465644"
"100","310","421.82646","0.868074","0.087952","1.461463"
"110","310","410.817026","0.865044","0.083479","1.45718"
"120","310","400.367655","0.863208","0.079312","1.452737"
"130","310","390.43667","0.862529","0.075423","1.448057"
"140","310","380.98643","0.862971","0.071787","1.443045"
"150","310","371.982851","0.864491","0.068385","1.4376"
"160","310","363.394998","0.867041","0.065201","1.431615"
"170","310","355.194728","0.870563","0.062225","1.424997"
"180","310","347.35638","0.87499","0.059447","1.417674"
"190","310","339.856512","0.880244","0.056858","1.409609"
"200","310","332.673663","0.88624","0.054453","1.400806"
"210","310","325.788148","0.892885","0.052224","1.391307"
"220","310","319.181879","0.900082","0.050165","1.381194"
"230","310","312.838206","0.907733","0.048271","1.370573"
"240","310","306.741778","0.915742","0.046532","1.359565"
"250","310","300.878416","0.924017","0.044943","1.348298"
"260","310","295.235006","0.932469","0.043493","1.336896"
"270","310","289.799399","0.94102","0.042175","1.325473"
"280","310","284.560325","0.949598","0.040979","1.314131"
"290","310","279.507313","0.95814","0.039897","1.302959"
"300","310","274.630626","0.966591","0.03892","1.292032"
"-40","320","696.828511","1.102702","0.232195","1.502757"
"-30","320","668.17013","1.074081","0.211428","1.502184"
"-20","320","641.775893","1.048307","0.193632","1.500842"
"-10","320","617.387677","1.025101","0.178248","1.498834"
"0","320","594.785163","1.004225","0.164842","1.496263"
"10","320","573.779153","0.985481","0.153073","1.493224"
"20","320","554.206267","0.968701","0.142669","1.48981"
"30","320","535.924682","0.953739","0.13341","1.486101"
"40","320","518.810689","0.940476","0.125116","1.482168"
"50","320","502.755894","0.928808","0.117641","1.478072"
"60","320","487.664917","0.918647","0.110865","1.47386"
"70","320","473.453496","0.909918","0.104687","1.469568"
"80","320","460.046913","0.902559","0.099026","1.465213"
"90","320","447.378679","0.896514","0.093814","1.460801"
"100","320","435.389434","0.891736","0.088994","1.456318"
"110","320","424.026014","0.888182","0.084521","1.451733"
"120","320","413.240664","0.885811","0.080356","1.446999"
"130","320","402.990369","0.884586","0.076469","1.442051"
"140","320","393.236276","0.884464","0.072836","1.43681"
"150","320","383.943205","0.885402","0.069436","1.431187"
"160","320","375.079227","0.887351","0.066254","1.425094"
"170","320","366.615293","0.890251","0.063277","1.418449"
"180","320","358.524919","0.894039","0.060495","1.41119"
"190","320","350.783909","0.898641","0.0579","1.403282"
"200","320","343.370109","0.903974","0.055485","1.394723"
"210","320","336.263204","0.909953","0.053243","1.385549"
"220","320","329.444524","0.916486","0.051168","1.375825"
"230","320","322.896884","0.923481","0.049253","1.36564"
"240","320","316.604438","0.930847","0.04749","1.355101"
"250","320","310.552551","0.938496","0.045874","1.34432"
"260","320","304.727689","0.946347","0.044395","1.333407"
"270","320","299.117311","0.954322","0.043046","1.322467"
"280","320","293.709784","0.962353","0.041819","1.311591"
"290","320","288.494304","0.970379","0.040704","1.300862"
"300","320","283.460817","0.978347","0.039693","1.290349"
"-40","330","718.535668","1.135625","0.233792","1.500634"
"-30","330","688.98454","1.106025","0.212913","1.499944"
"-20","330","661.768086","1.07935","0.195026","1.498476"
"-10","330","636.620144","1.055311","0.179567","1.496331"
"0","330","613.313531","1.033664","0.166098","1.493611"
"10","330","591.653155","1.014199","0.154278","1.490412"
"20","330","571.470547","0.996743","0.143831","1.486823"
"30","330","552.619465","0.981145","0.134537","1.482925"
"40","330","534.972349","0.967278","0.126215","1.47879"
"50","330","518.417425","0.955034","0.118718","1.474476"
"60","330","502.856344","0.944318","0.111924","1.470032"
"70","330","488.202218","0.935051","0.105733","1.465494"
"80","330","474.378001","0.927166","0.100063","1.460882"
"90","330","461.315134","0.920601","0.094844","1.456203"
"100","330","448.952408","0.915305","0.090021","1.451449"
"110","330","437.235002","0.911231","0.085546","1.446595"
"120","330","426.113674","0.908334","0.081381","1.441603"
"130","330","415.544068","0.906571","0.077496","1.436417"
"140","330","405.486121","0.905899","0.073864","1.430971"
"150","330","395.903559","0.906271","0.070465","1.425191"
"160","330","386.763456","0.907636","0.067283","1.418999"
"170","330","378.035859","0.909937","0.064305","1.412327"
"180","330","369.693459","0.91311","0.061519","1.405119"
"190","330","361.711305","0.917085","0.058918","1.397343"
"200","330","354.066556","0.921784","0.056494","1.388996"
"210","330","346.738261","0.927124","0.054239","1.380104"
"220","330","339.70717","0.933021","0.052148","1.37072"
"230","330","332.955562","0.939385","0.050213","1.360922"
"240","330","326.467097","0.946133","0.048429","1.350801"
"250","330","320.226686","0.95318","0.046787","1.340455"
"260","330","314.220371","0.960449","0.045282","1.329984"
"270","330","308.435222","0.967865","0.043904","1.319481"
"280","330","302.859244","0.975364","0.042646","1.309031"
"290","330","297.481294","0.982885","0.041499","1.29871"
"300","330","292.291007","0.990377","0.040457","1.28858"
"-40","340","740.242825","1.16848","0.235389","1.498548"
"-30","340","709.79895","1.137898","0.214398","1.497748"
"-20","340","681.760279","1.11032","0.196418","1.49616"
"-10","340","655.852611","1.085446","0.180883","1.493886"
"0","340","631.841899","1.063023","0.167351","1.491026"
"10","340","609.527158","1.042836","0.155478","1.487676"
"20","340","588.734827","1.024702","0.144988","1.483924"
"30","340","569.314249","1.008465","0.135658","1.479852"
"40","340","551.134008","0.993991","0.127307","1.475528"
"50","340","534.078956","0.981168","0.119786","1.471014"
"60","340","518.04777","0.969896","0.112974","1.466358"
"70","340","502.950939","0.96009","0.106769","1.461595"
"80","340","488.709089","0.951678","0.101088","1.456749"
"90","340","475.251589","0.944595","0.095862","1.45183"
"100","340","462.515382","0.938784","0.091033","1.446832"
"110","340","450.44399","0.934194","0.086556","1.441738"
"120","340","438.986684","0.930777","0.08239","1.436515"
"130","340","428.097767","0.928485","0.078504","1.431118"
"140","340","417.735967","0.927274","0.074872","1.42549"
"150","340","407.863913","0.927093","0.071473","1.419568"
"160","340","398.447685","0.927892","0.06829","1.413288"
"170","340","389.456425","0.929613","0.06531","1.406589"
"180","340","380.861999","0.932193","0.06252","1.399423"
"190","340","372.638702","0.935565","0.059913","1.39176"
"200","340","364.763003","0.939653","0.057479","1.383596"
"210","340","357.213318","0.94438","0.055212","1.37495"
"220","340","349.969816","0.949664","0.053106","1.365867"
"230","340","343.01424","0.955423","0.051154","1.356411"
"240","340","336.329757","0.961575","0.049348","1.346663"
"250","340","329.900821","0.968041","0.047684","1.336709"
"260","340","323.713054","0.974746","0.046152","1.326637"
"270","340","317.753134","0.98162","0.044747","1.316532"
"280","340","312.008704","0.9886","0.04346","1.306471"
"290","340","306.468285","0.995628","0.042284","1.296524"
"300","340","301.121198","1.002653","0.041212","1.28675"
"-40","350","761.949982","1.201269","0.236988","1.496499"
"-30","350","730.61336","1.169703","0.215882","1.495593"
"-20","350","701.752472","1.141219","0.197809","1.493892"
"-10","350","675.085078","1.115507","0.182196","1.491496"
"0","350","650.370267","1.092306","0.168601","1.488505"
"10","350","627.40116","1.071393","0.156675","1.485013"
"20","350","605.999108","1.052578","0.14614","1.481109"
"30","350","586.009033","1.035699","0.136774","1.476873"
"40","350","567.295668","1.020618","0.128392","1.472376"
"50","350","549.740487","1.007213","0.120847","1.467677"
"60","350","533.239197","0.995383","0.114015","1.462825"
"70","350","517.69966","0.985038","0.107794","1.457858"
"80","350","503.040177","0.976099","0.102101","1.4528"
"90","350","489.188045","0.968499","0.096867","1.447662"
"100","350","476.078356","0.962175","0.092032","1.442446"
"110","350","463.652978","0.957073","0.087551","1.437136"
"120","350","451.859693","0.953141","0.083382","1.431707"
"130","350","440.651466","0.950329","0.079495","1.426121"
"140","350","429.985812","0.948588","0.075862","1.420331"
"150","350","419.824267","0.947868","0.072462","1.414284"
"160","350","410.131914","0.948115","0.069278","1.407923"
"170","350","400.876991","0.949273","0.066294","1.401198"
"180","350","392.030538","0.951279","0.0635","1.394066"
"190","350","383.566098","0.954068","0.060886","1.386501"
"200","350","375.459449","0.957568","0.058443","1.378496"
"210","350","367.688375","0.961704","0.056165","1.370066"
"220","350","360.232461","0.966399","0.054044","1.361249"
"230","350","353.072917","0.971573","0.052075","1.352099"
"240","350","346.192416","0.97715","0.05025","1.342685"
"250","350","339.574956","0.983054","0.048563","1.333084"
"260","350","333.205736","0.989213","0.047008","1.323373"
"270","350","327.071046","0.995561","0.045577","1.313631"
"280","350","321.158164","1.002035","0.044263","1.303927"
"290","350","315.455275","1.00858","0.043059","1.294325"
"300","350","309.951389","1.015146","0.041958","1.28488"
"-40","360","783.65714","1.233992","0.238587","1.494484"
"-30","360","751.427769","1.201439","0.217366","1.493479"
"-20","360","721.744666","1.172047","0.199199","1.49167"
"-10","360","694.317546","1.145495","0.183508","1.489158"
"0","360","668.898635","1.121514","0.169848","1.486043"
"10","360","645.275162","1.099872","0.157868","1.482419"
"20","360","623.263388","1.080374","0.147288","1.478373"
"30","360","602.703817","1.062851","0.137883","1.473985"
"40","360","583.457327","1.047159","0.129471","1.469327"
"50","360","565.402018","1.033172","0.1219","1.464457"
"60","360","548.430623","1.020783","0.115047","1.459426"
"70","360","532.448381","1.009897","0.10881","1.454272"
"80","360","517.371265","1.000432","0.103105","1.44902"
"90","360","503.1245","0.992315","0.09786","1.443685"
"100","360","489.641329","0.985481","0.093019","1.438271"
"110","360","476.861966","0.979871","0.088532","1.432767"
"120","360","464.732703","0.975429","0.08436","1.427153"
"130","360","453.205165","0.972103","0.08047","1.421399"
"140","360","442.235658","0.969842","0.076835","1.415465"
"150","360","431.78462","0.968593","0.073433","1.409305"
"160","360","421.816142","0.968302","0.070246","1.402873"
"170","360","412.297556","0.968912","0.067259","1.396123"
"180","360","403.199078","0.970362","0.06446","1.38902"
"190","360","394.493495","0.972587","0.061839","1.381539"
"200","360","386.155896","0.975518","0.059388","1.373673"
"210","360","378.163432","0.979083","0.057098","1.365435"
"220","360","370.495107","0.983208","0.054964","1.356853"
"230","360","363.131595","0.987818","0.052978","1.347976"
"240","360","356.055076","0.992839","0.051135","1.338863"
"250","360","349.249091","0.998198","0.049428","1.32958"
"260","360","342.698419","1.003828","0.047849","1.320199"
"270","360","336.388957","1.009663","0.046394","1.310787"
"280","360","330.307624","1.015645","0.045054","1.30141"
"290","360","324.442266","1.021718","0.043824","1.292126"
"300","360","318.781579","1.027834","0.042695","1.282986"
"-40","370","805.364297","1.26665","0.240186","1.492504"
"-30","370","772.242179","1.233109","0.21885","1.491403"
"-20","370","741.736859","1.202806","0.200587","1.489492"
"-10","370","713.550013","1.175412","0.184818","1.486871"
"0","370","687.427003","1.150647","0.171092","1.483639"
"10","370","663.149164","1.128275","0.159057","1.47989"
"20","370","640.527668","1.108092","0.148431","1.475711"
"30","370","619.398601","1.089923","0.138988","1.471183"
"40","370","599.618987","1.073618","0.130544","1.466375"
"50","370","581.063549","1.059047","0.122946","1.461347"
"60","370","563.62205","1.046097","0.116072","1.456151"
"70","370","547.197103","1.03467","0.109818","1.450825"
"80","370","531.702353","1.024679","0.104098","1.445397"
"90","370","517.060955","1.016046","0.098843","1.439884"
"100","370","503.204303","1.008704","0.093993","1.43429"
"110","370","490.070953","1.002588","0.0895","1.428612"
"120","370","477.605712","0.997642","0.085324","1.422833"
"130","370","465.758863","0.993809","0.08143","1.416928"
"140","370","454.485504","0.991036","0.077792","1.410865"
"150","370","443.744974","0.989268","0.074387","1.404605"
"160","370","433.500371","0.988451","0.071197","1.398108"
"170","370","423.718122","0.988527","0.068206","1.391336"
"180","370","414.367617","0.989435","0.065402","1.384257"
"190","370","405.420891","0.991112","0.062774","1.376849"
"200","370","396.852342","0.993492","0.060314","1.369107"
"210","370","388.638489","0.996504","0.058014","1.361037"
"220","370","380.757753","1.000078","0.055866","1.352666"
"230","370","373.190273","1.004142","0.053865","1.344034"
"240","370","365.917735","1.008624","0.052004","1.335191"
"250","370","358.923226","1.013456","0.050277","1.326197"
"260","370","352.191102","1.018572","0.048677","1.317115"
"270","370","345.706869","1.023908","0.047199","1.308006"
"280","370","339.457084","1.029409","0.045834","1.29893"
"290","370","333.429257","1.035021","0.044578","1.289939"
"300","370","327.61177","1.040697","0.043423","1.281083"
"-40","380","827.071454","1.299244","0.241787","1.490557"
"-30","380","793.056589","1.264712","0.220334","1.489365"
"-20","380","761.729052","1.233497","0.201975","1.487357"
"-10","380","732.78248","1.205258","0.186125","1.484633"
"0","380","705.955371","1.179709","0.172333","1.481291"
"10","380","681.023166","1.156604","0.160242","1.477425"
"20","380","657.791948","1.135733","0.14957","1.473122"
"30","380","636.093385","1.116916","0.140088","1.468461"
"40","380","615.780647","1.099996","0.131611","1.463514"
"50","380","596.72508","1.08484","0.123986","1.458341"
"60","380","578.813476","1.071329","0.117089","1.452993"
"70","380","561.945824","1.05936","0.110817","1.44751"
"80","380","546.033441","1.048842","0.105083","1.441921"
"90","380","530.99741","1.039694","0.099816","1.436245"
"100","380","516.767277","1.031845","0.094957","1.43049"
"110","380","503.279941","1.025228","0.090457","1.424654"
"120","380","490.478722","1.019781","0.086274","1.418726"
"130","380","478.312562","1.015446","0.082376","1.412686"
"140","380","466.735349","1.012168","0.078735","1.406507"
"150","380","455.705328","1.009891","0.075326","1.400158"
"160","380","445.1846","1.008559","0.072132","1.393603"
"170","380","435.138688","1.008113","0.069136","1.38681"
"180","380","425.536157","1.008494","0.066326","1.379752"
"190","380","416.348288","1.009639","0.063692","1.37241"
"200","380","407.548789","1.011483","0.061223","1.364776"
"210","380","399.113546","1.013959","0.058912","1.356857"
"220","380","391.020399","1.016999","0.056752","1.348675"
"230","380","383.248951","1.020532","0.054736","1.340262"
"240","380","375.780395","1.024492","0.052858","1.331664"
"250","380","368.597361","1.028812","0.051112","1.322933"
"260","380","361.683784","1.033427","0.049492","1.314124"
"270","380","355.024781","1.038278","0.047991","1.305292"
"280","380","348.606543","1.04331","0.046604","1.296493"
"290","380","342.416247","1.048471","0.045323","1.287774"
"300","380","336.44196","1.053714","0.044143","1.279181"
"-40","390","848.778611","1.331776","0.243389","1.488641"
"-30","390","813.870998","1.296252","0.221817","1.487363"
"-20","390","781.721245","1.264121","0.203362","1.485263"
"-10","390","752.014947","1.235036","0.187432","1.482442"
"0","390","724.483739","1.208699","0.173572","1.478996"
"10","390","698.897168","1.184859","0.161424","1.475019"
"20","390","675.056228","1.163299","0.150705","1.4706"
"30","390","652.788168","1.143832","0.141183","1.465817"
"40","390","631.942306","1.126296","0.132672","1.460741"
"50","390","612.386611","1.110553","0.12502","1.455433"
"60","390","594.004902","1.096479","0.1181","1.449945"
"70","390","576.694545","1.083967","0.111808","1.444318"
"80","390","560.364529","1.072923","0.106058","1.438581"
"90","390","544.933865","1.063262","0.100779","1.432757"
"100","390","530.330251","1.054907","0.09591","1.426855"
"110","390","516.488929","1.047791","0.091401","1.420877"
"120","390","503.351732","1.041847","0.087213","1.414815"
"130","390","490.866261","1.037017","0.083309","1.408654"
"140","390","478.985195","1.033241","0.079663","1.402373"
"150","390","467.665682","1.030462","0.07625","1.395943"
"160","390","456.868829","1.028624","0.073051","1.389336"
"170","390","446.559254","1.027668","0.07005","1.382525"
"180","390","436.704697","1.027534","0.067235","1.375486"
"190","390","427.275684","1.02816","0.064593","1.368201"
"200","390","418.245236","1.029484","0.062115","1.360664"
"210","390","409.588602","1.031439","0.059794","1.35288"
"220","390","401.283044","1.033959","0.057621","1.344867"
"230","390","393.307628","1.036978","0.055591","1.336653"
"240","390","385.643054","1.04043","0.053697","1.328277"
"250","390","378.271496","1.044251","0.051934","1.319784"
"260","390","371.176467","1.04838","0.050294","1.311225"
"270","390","364.342692","1.052758","0.048772","1.302648"
"280","390","357.756003","1.057331","0.047362","1.294104"
"290","390","351.403238","1.06205","0.046058","1.285637"
"300","390","345.272151","1.06687","0.044854","1.277288"
"-40","400","870.485769","1.364246","0.244992","1.486757"
"-30","400","834.685408","1.327727","0.223301","1.485396"
"-20","400","801.713439","1.29468","0.204747","1.483209"
"-10","400","771.247414","1.264746","0.188736","1.480295"
"0","400","743.012107","1.237621","0.174808","1.476751"
"10","400","716.771171","1.213044","0.162604","1.472671"
"20","400","692.320508","1.190792","0.151836","1.468143"
"30","400","669.482952","1.170673","0.142273","1.463245"
"40","400","648.103966","1.15252","0.133728","1.458049"
"50","400","628.048142","1.136188","0.126047","1.452617"
"60","400","609.196329","1.12155","0.119103","1.447"
"70","400","591.443267","1.108496","0.112792","1.44124"
"80","400","574.695617","1.096925","0.107026","1.435369"
"90","400","558.870321","1.086751","0.101733","1.429409"
"100","400","543.893225","1.077893","0.096853","1.423374"
"110","400","529.697917","1.070279","0.092336","1.417268"
"120","400","516.224741","1.063843","0.08814","1.411086"
"130","400","503.41996","1.058521","0.08423","1.404816"
"140","400","491.23504","1.054253","0.080578","1.398442"
"150","400","479.626036","1.050981","0.07716","1.391941"
"160","400","468.553058","1.048646","0.073956","1.385288"
"170","400","457.979819","1.04719","0.07095","1.378461"
"180","400","447.873236","1.046552","0.068128","1.371438"
"190","400","438.203081","1.046672","0.065478","1.364205"
"200","400","428.941682","1.047488","0.062992","1.356755"
"210","400","420.063659","1.048936","0.06066","1.349093"
"220","400","411.54569","1.050951","0.058476","1.341232"
"230","400","403.366306","1.053469","0.056433","1.333198"
"240","400","395.505714","1.056427","0.054523","1.325023"
"250","400","387.945631","1.059763","0.052742","1.316748"
"260","400","380.669149","1.063417","0.051084","1.308417"
"270","400","373.660604","1.067333","0.049542","1.300075"
"280","400","366.905463","1.071459","0.048111","1.291766"
"290","400","360.390228","1.075746","0.046785","1.283533"
"300","400","354.102341","1.080149","0.045558","1.275411"
"-40","410","892.192926","1.396655","0.246596","1.484903"
"-30","410","855.499818","1.35914","0.224785","1.483464"
"-20","410","821.705632","1.325175","0.206133","1.481194"
"-10","410","790.479881","1.29439","0.190039","1.478192"
"0","410","761.540475","1.266474","0.176043","1.474556"
"10","410","734.645173","1.241158","0.16378","1.470378"
"20","410","709.584788","1.218213","0.152963","1.465748"
"30","410","686.177736","1.19744","0.143359","1.460743"
"40","410","664.265626","1.178668","0.13478","1.455436"
"50","410","643.709673","1.161747","0.127069","1.449887"
"60","410","624.387755","1.146545","0.120101","1.444151"
"70","410","606.191988","1.132947","0.113769","1.438269"
"80","410","589.026704","1.12085","0.107985","1.432275"
"90","410","572.806776","1.110163","0.102678","1.426193"
"100","410","557.456199","1.100803","0.097786","1.420037"
"110","410","542.906905","1.092695","0.09326","1.413814"
"120","410","529.097751","1.085769","0.089055","1.407523"
"130","410","515.973659","1.079961","0.085139","1.401156"
"140","410","503.484886","1.075207","0.081481","1.3947"
"150","410","491.586389","1.071448","0.078057","1.388135"
"160","410","480.237287","1.068624","0.074848","1.381441"
"170","410","469.400385","1.066677","0.071836","1.3746"
"180","410","459.041776","1.065546","0.069007","1.367592"
"190","410","449.130478","1.065171","0.06635","1.360406"
"200","410","439.638129","1.065491","0.063855","1.353035"
"210","410","430.538716","1.066444","0.061513","1.345482"
"220","410","421.808336","1.067967","0.059317","1.337759"
"230","410","413.424984","1.069998","0.05726","1.329887"
"240","410","405.368373","1.072474","0.055336","1.321896"
"250","410","397.619766","1.075337","0.053539","1.313821"
"260","410","390.161832","1.078528","0.051863","1.3057"
"270","410","382.978515","1.081993","0.050301","1.297574"
"280","410","376.054923","1.08568","0.04885","1.289483"
"290","410","369.377219","1.089544","0.047502","1.281466"
"300","410","362.932532","1.093539","0.046253","1.273556"
"-40","420","913.900083","1.429005","0.248201","1.483077"
"-30","420","876.314227","1.390492","0.226269","1.481564"
"-20","420","841.697825","1.355606","0.207517","1.479215"
"-10","420","809.712348","1.323969","0.191341","1.47613"
"0","420","780.068843","1.29526","0.177275","1.472407"
"10","420","752.519175","1.269204","0.164954","1.468138"
"20","420","726.849068","1.245564","0.154087","1.463412"
"30","420","702.87252","1.224136","0.144442","1.458307"
"40","420","680.427285","1.204744","0.135826","1.452896"
"50","420","659.371204","1.187231","0.128086","1.447241"
"60","420","639.579182","1.171464","0.121092","1.441394"
"70","420","620.940709","1.157322","0.114738","1.4354"
"80","420","603.357792","1.144699","0.108937","1.429293"
"90","420","586.743231","1.1335","0.103615","1.423099"
"100","420","571.019173","1.12364","0.098711","1.416833"
"110","420","556.115893","1.11504","0.094174","1.410505"
"120","420","541.97076","1.107627","0.089961","1.404116"
"130","420","528.527358","1.101336","0.086037","1.397662"
"140","420","515.734732","1.096101","0.082372","1.391131"
"150","420","503.546743","1.091862","0.078942","1.384509"
"160","420","491.921515","1.088557","0.075726","1.37778"
"170","420","480.820951","1.086127","0.072708","1.370926"
"180","420","470.210315","1.084512","0.069872","1.363933"
"190","420","460.057874","1.083653","0.067208","1.356789"
"200","420","450.334576","1.083489","0.064704","1.349489"
"210","420","441.013773","1.083959","0.062352","1.342035"
"220","420","432.070981","1.085001","0.060145","1.334438"
"230","420","423.483662","1.086555","0.058075","1.326715"
"240","420","415.231033","1.088562","0.056137","1.318891"
"250","420","407.293901","1.090962","0.054324","1.310998"
"260","420","399.654515","1.093701","0.05263","1.30307"
"270","420","392.296427","1.096725","0.051051","1.295144"
"280","420","385.204383","1.099984","0.04958","1.287255"
"290","420","378.364209","1.103433","0.048211","1.279439"
"300","420","371.762723","1.107028","0.046941","1.271727"
"-40","430","935.607241","1.461295","0.249808","1.481281"
"-30","430","897.128637","1.421782","0.227754","1.479696"
"-20","430","861.690018","1.385975","0.208902","1.477272"
"-10","430","828.944815","1.353484","0.192642","1.474109"
"0","430","798.597211","1.323981","0.178505","1.470303"
"10","430","770.393177","1.297182","0.166125","1.465949"
"20","430","744.113349","1.272846","0.155208","1.461132"
"30","430","719.567304","1.250762","0.14552","1.455934"
"40","430","696.588945","1.230747","0.136869","1.450427"
"50","430","675.032734","1.212644","0.129097","1.444672"
"60","430","654.770608","1.19631","0.122077","1.438724"
"70","430","635.689431","1.181624","0.115702","1.432627"
"80","430","617.68888","1.168475","0.109882","1.426416"
"90","430","600.679686","1.156765","0.104545","1.420119"
"100","430","584.582147","1.146405","0.099627","1.413753"
"110","430","569.324881","1.137315","0.095079","1.40733"
"120","430","554.84377","1.129419","0.090857","1.400853"
"130","430","541.081057","1.122649","0.086924","1.39432"
"140","430","527.984577","1.116938","0.083252","1.387723"
"150","430","515.507097","1.112223","0.079816","1.38105"
"160","430","503.605744","1.108444","0.076593","1.37429"
"170","430","492.241517","1.105539","0.073568","1.367426"
"180","430","481.378855","1.10345","0.070725","1.360446"
"190","430","470.985271","1.102116","0.068053","1.353341"
"200","430","461.031022","1.101477","0.06554","1.346106"
"210","430","451.48883","1.101474","0.063178","1.338743"
"220","430","442.333627","1.102047","0.06096","1.33126"
"230","430","433.54234","1.103136","0.058878","1.323672"
"240","430","425.093692","1.104683","0.056925","1.316002"
"250","430","416.968036","1.106633","0.055097","1.308277"
"260","430","409.147197","1.108929","0.053387","1.300527"
"270","430","401.614339","1.111522","0.05179","1.292785"
"280","430","394.353843","1.114361","0.0503","1.285083"
"290","430","387.3512","1.117403","0.048912","1.277454"
"300","430","380.592913","1.120604","0.047621","1.269927"
"-40","440","957.314398","1.493527","0.251417","1.479511"
"-30","440","917.943047","1.453013","0.22924","1.477858"
"-20","440","881.682212","1.416282","0.210286","1.475364"
"-10","440","848.177282","1.382936","0.193941","1.472126"
"0","440","817.125579","1.352637","0.179734","1.468243"
"10","440","788.267179","1.325095","0.167294","1.463807"
"20","440","761.377629","1.30006","0.156326","1.458907"
"30","440","736.262088","1.277318","0.146595","1.453622"
"40","440","712.750605","1.256681","0.137906","1.448024"
"50","440","690.694265","1.237985","0.130104","1.442177"
"60","440","669.962035","1.221085","0.123057","1.436135"
"70","440","650.438152","1.205854","0.116659","1.429943"
"80","440","632.019968","1.192179","0.11082","1.423638"
"90","440","614.616142","1.179958","0.105466","1.417247"
"100","440","598.145121","1.1691","0.100535","1.41079"
"110","440","582.533869","1.159522","0.095975","1.404281"
"120","440","567.716779","1.151145","0.091743","1.397724"
"130","440","553.634756","1.143899","0.087802","1.39112"
"140","440","540.234423","1.137717","0.084122","1.384464"
"150","440","527.467451","1.132533","0.080678","1.377747"
"160","440","515.289973","1.128285","0.077449","1.370958"
"170","440","503.662082","1.124913","0.074416","1.364086"
"180","440","492.547395","1.122357","0.071566","1.35712"
"190","440","481.912667","1.120557","0.068886","1.350051"
"200","440","471.727469","1.119453","0.066364","1.342875"
"210","440","461.963887","1.118987","0.063993","1.335595"
"220","440","452.596273","1.1191","0.061763","1.328216"
"230","440","443.601017","1.119734","0.059669","1.320752"
"240","440","434.956352","1.120833","0.057703","1.313223"
"250","440","426.642171","1.12234","0.05586","1.305652"
"260","440","418.63988","1.124204","0.054134","1.298066"
"270","440","410.93225","1.126374","0.05252","1.290495"
"280","440","403.503303","1.128802","0.051012","1.282968"
"290","440","396.33819","1.131444","0.049605","1.275513"
"300","440","389.423104","1.134259","0.048294","1.268159"
"-40","450","979.021555","1.525702","0.253027","1.477769"
"-30","450","938.757457","1.484186","0.230726","1.476051"
"-20","450","901.674405","1.446529","0.211669","1.473489"
"-10","450","867.409749","1.412326","0.19524","1.470181"
"0","450","835.653947","1.381229","0.180961","1.466224"
"10","450","806.141182","1.352942","0.16846","1.461713"
"20","450","778.641909","1.327209","0.157441","1.456733"
"30","450","752.956871","1.303808","0.147666","1.451367"
"40","450","728.912264","1.282547","0.13894","1.445685"
"50","450","706.355796","1.263256","0.131106","1.439753"
"60","450","685.153461","1.245789","0.124032","1.433624"
"70","450","665.186873","1.230013","0.117611","1.427344"
"80","450","646.351056","1.215813","0.111752","1.420952"
"90","450","628.552597","1.203082","0.106381","1.414475"
"100","450","611.708095","1.191727","0.101436","1.407936"
"110","450","595.742857","1.181662","0.096863","1.401348"
"120","450","580.589789","1.172807","0.09262","1.394719"
"130","450","566.188455","1.165089","0.08867","1.388052"
"140","450","552.484269","1.158439","0.084982","1.381343"
"150","450","539.427805","1.152791","0.08153","1.374586"
"160","450","526.974202","1.148081","0.078293","1.367774"
"170","450","515.082648","1.144248","0.075253","1.360895"
"180","450","503.715934","1.141232","0.072396","1.353942"
"190","450","492.840064","1.138973","0.069707","1.346907"
"200","450","482.423915","1.137413","0.067177","1.339786"
"210","450","472.438944","1.136493","0.064795","1.332582"
"220","450","462.858918","1.136156","0.062555","1.325299"
"230","450","453.659695","1.136345","0.060449","1.317949"
"240","450","444.819011","1.137004","0.05847","1.31055"
"250","450","436.316306","1.138079","0.056613","1.303121"
"260","450","428.132562","1.139519","0.054871","1.295687"
"270","450","420.250162","1.141274","0.053241","1.288274"
"280","450","412.652762","1.143299","0.051715","1.280909"
"290","450","405.325181","1.145549","0.05029","1.273617"
"300","450","398.253294","1.147984","0.04896","1.266424"
"-40","460","1000.728712","1.55782","0.254638","1.476052"
"-30","460","959.571866","1.5153","0.232212","1.474273"
"-20","460","921.666598","1.476717","0.213053","1.471646"
"-10","460","886.642217","1.441656","0.196538","1.468272"
"0","460","854.182315","1.40976","0.182187","1.464246"
"10","460","824.015184","1.380726","0.169625","1.459663"
"20","460","795.906189","1.354292","0.158554","1.454609"
"30","460","769.651655","1.330231","0.148734","1.449167"
"40","460","745.073924","1.308345","0.13997","1.443407"
"50","460","722.017327","1.28846","0.132103","1.437395"
"60","460","700.344888","1.270425","0.125002","1.431186"
"70","460","679.935595","1.254104","0.118557","1.424826"
"80","460","660.682144","1.239378","0.112678","1.418354"
"90","460","642.489052","1.226138","0.107289","1.411799"
"100","460","625.271069","1.214287","0.102329","1.405184"
"110","460","608.951845","1.203737","0.097744","1.398526"
"120","460","593.462799","1.194407","0.09349","1.391832"
"130","460","578.742154","1.18622","0.089529","1.385107"
"140","460","564.734114","1.179105","0.085832","1.378352"
"150","460","551.388159","1.172997","0.082372","1.37156"
"160","460","538.658431","1.16783","0.079128","1.364726"
"170","460","526.503214","1.163542","0.07608","1.357843"
"180","460","514.884474","1.160074","0.073214","1.350903"
"190","460","503.76746","1.157364","0.070517","1.343899"
"200","460","493.120362","1.155356","0.067978","1.33683"
"210","460","482.914","1.15399","0.065587","1.329695"
"220","460","473.121564","1.153212","0.063336","1.322501"
"230","460","463.718373","1.152963","0.061218","1.315256"
"240","460","454.681671","1.153191","0.059227","1.307976"
"250","460","445.990441","1.153843","0.057356","1.300679"
"260","460","437.625245","1.154867","0.055599","1.293386"
"270","460","429.568074","1.156216","0.053953","1.28612"
"280","460","421.802222","1.157845","0.05241","1.278905"
"290","460","414.312171","1.15971","0.050968","1.271766"
"300","460","407.083485","1.161772","0.049619","1.264724"
"-40","470","1022.43587","1.589883","0.256252","1.474361"
"-30","470","980.386276","1.546357","0.2337","1.472523"
"-20","470","941.658791","1.506847","0.214437","1.469835"
"-10","470","905.874684","1.470925","0.197835","1.466398"
"0","470","872.710683","1.43823","0.183411","1.462307"
"10","470","841.889186","1.408448","0.170787","1.457656"
"20","470","813.170469","1.381312","0.159664","1.452533"
"30","470","786.346439","1.35659","0.149799","1.447019"
"40","470","761.235584","1.334077","0.140996","1.441187"
"50","470","737.678858","1.313598","0.133096","1.435102"
"60","470","715.536314","1.294994","0.125966","1.428818"
"70","470","694.684316","1.278128","0.119497","1.422384"
"80","470","675.013232","1.262876","0.113597","1.415838"
"90","470","656.425507","1.249127","0.108191","1.409212"
"100","470","638.834043","1.236782","0.103215","1.402529"
"110","470","622.160833","1.225749","0.098617","1.395806"
"120","470","606.335808","1.215944","0.094351","1.389054"
"130","470","591.295853","1.207291","0.09038","1.382278"
"140","470","576.98396","1.199717","0.086674","1.37548"
"150","470","563.348512","1.193152","0.083205","1.368658"
"160","470","550.34266","1.187533","0.079952","1.361807"
"170","470","537.92378","1.182797","0.076897","1.35492"
"180","470","526.053013","1.178881","0.074023","1.347993"
"190","470","514.694857","1.175728","0.071317","1.341019"
"200","470","503.816809","1.173279","0.068769","1.333998"
"210","470","493.389057","1.171476","0.066369","1.326928"
"220","470","483.38421","1.170263","0.064107","1.319815"
"230","470","473.777051","1.169586","0.061978","1.312667"
"240","470","464.54433","1.169391","0.059974","1.305498"
"250","470","455.664576","1.169627","0.058089","1.298322"
"260","470","447.117927","1.170244","0.056319","1.291159"
"270","470","438.885985","1.171194","0.054657","1.28403"
"280","470","430.951682","1.172433","0.053098","1.276957"
"290","470","423.299162","1.17392","0.051638","1.269959"
"300","470","415.913675","1.175615","0.050272","1.26306"
"-40","480","1044.143027","1.62189","0.257867","1.472694"
"-30","480","1001.200686","1.577358","0.235188","1.4708"
"-20","480","961.650984","1.536919","0.21582","1.468055"
"-10","480","925.107151","1.500136","0.199131","1.464557"
"0","480","891.239051","1.466639","0.184634","1.460405"
"10","480","859.763188","1.436108","0.171948","1.45569"
"20","480","830.434749","1.40827","0.160771","1.450503"
"30","480","803.041223","1.382885","0.150861","1.444922"
"40","480","777.397243","1.359745","0.142019","1.439023"
"50","480","753.340389","1.33867","0.134086","1.432869"
"60","480","730.72774","1.319497","0.126927","1.426516"
"70","480","709.433037","1.302086","0.120433","1.420014"
"80","480","689.34432","1.286309","0.114511","1.413401"
"90","480","670.361963","1.272052","0.109087","1.406709"
"100","480","652.397017","1.259213","0.104095","1.399964"
"110","480","635.36982","1.247698","0.099482","1.393183"
"120","480","619.208818","1.237422","0.095204","1.386378"
"130","480","603.849552","1.228305","0.091223","1.379557"
"140","480","589.233805","1.220273","0.087507","1.372722"
"150","480","575.308866","1.213257","0.084029","1.365873"
"160","480","562.026888","1.207191","0.080768","1.359007"
"170","480","549.344346","1.20201","0.077704","1.352118"
"180","480","537.221553","1.197655","0.074822","1.345204"
"190","480","525.622254","1.194064","0.072108","1.338259"
"200","480","514.513255","1.19118","0.06955","1.331281"
"210","480","503.864114","1.188947","0.06714","1.324272"
"220","480","493.646855","1.187308","0.064868","1.317235"
"230","480","483.835728","1.18621","0.062728","1.310177"
"240","480","474.40699","1.1856","0.060712","1.30311"
"250","480","465.338711","1.185427","0.058814","1.296047"
"260","480","456.61061","1.185643","0.057029","1.289006"
"270","480","448.203897","1.186202","0.055352","1.282004"
"280","480","440.101142","1.187059","0.053778","1.275062"
"290","480","432.286152","1.188173","0.052301","1.268198"
"300","480","424.743866","1.189506","0.050918","1.261431"
"-40","490","1065.850184","1.653843","0.259484","1.471051"
"-30","490","1022.015095","1.608303","0.236677","1.469104"
"-20","490","981.643178","1.566934","0.217204","1.466304"
"-10","490","944.339618","1.529289","0.200427","1.462749"
"0","490","909.767419","1.494989","0.185855","1.458539"
"10","490","877.63719","1.463708","0.173106","1.453765"
"20","490","847.699029","1.435166","0.161876","1.448516"
"30","490","819.736007","1.409117","0.151919","1.442874"
"40","490","793.558903","1.38535","0.143039","1.436911"
"50","490","769.00192","1.363678","0.135071","1.430693"
"60","490","745.919167","1.343937","0.127883","1.424278"
"70","490","724.181759","1.325979","0.121363","1.417712"
"80","490","703.675408","1.309677","0.11542","1.411038"
"90","490","684.298418","1.294912","0.109977","1.404287"
"100","490","665.95999","1.281581","0.104968","1.397484"
"110","490","648.578808","1.269586","0.100341","1.390651"
"120","490","632.081827","1.25884","0.096051","1.383798"
"130","490","616.403251","1.249262","0.092058","1.376936"
"140","490","601.483651","1.240776","0.088332","1.370069"
"150","490","587.26922","1.233312","0.084845","1.363196"
"160","490","573.711117","1.226803","0.081575","1.356318"
"170","490","560.764911","1.221183","0.078502","1.349429"
"180","490","548.390093","1.216392","0.075611","1.342528"
"190","490","536.54965","1.21237","0.072889","1.33561"
"200","490","525.209702","1.209059","0.070322","1.328674"
"210","490","514.339171","1.206401","0.067902","1.321722"
"220","490","503.909501","1.204343","0.06562","1.314755"
"230","490","493.894406","1.202831","0.063468","1.307781"
"240","490","484.269649","1.201813","0.06144","1.300808"
"250","490","475.012846","1.20124","0.05953","1.293851"
"260","490","466.103293","1.201062","0.057732","1.286922"
"270","490","457.521809","1.201235","0.05604","1.28004"
"280","490","449.250602","1.201716","0.05445","1.27322"
"290","490","441.273143","1.202464","0.052958","1.266481"
"300","490","433.574056","1.203442","0.051558","1.25984"
"-40","500","1087.557341","1.685742","0.261103","1.469432"
"-30","500","1042.829505","1.639194","0.238168","1.467433"
"-20","500","1001.635371","1.596893","0.218588","1.464581"
"-10","500","963.572085","1.558385","0.201722","1.460973"
"0","500","928.295787","1.523281","0.187076","1.456708"
"10","500","895.511193","1.491249","0.174263","1.451878"
"20","500","864.963309","1.462002","0.162979","1.446572"
"30","500","836.430791","1.435289","0.152976","1.440871"
"40","500","809.720563","1.410893","0.144055","1.43485"
"50","500","784.663451","1.388624","0.136053","1.428574"
"60","500","761.110593","1.368313","0.128835","1.422099"
"70","500","738.93048","1.34981","0.122289","1.415476"
"80","500","718.006496","1.332982","0.116324","1.408745"
"90","500","698.234873","1.317711","0.110861","1.401939"
"100","500","679.522964","1.303887","0.105836","1.395086"
"110","500","661.787796","1.291413","0.101194","1.388204"
"120","500","644.954837","1.280199","0.09689","1.381309"
"130","500","628.956949","1.270163","0.092886","1.374411"
"140","500","613.733497","1.261226","0.089149","1.367515"
"150","500","599.229574","1.253318","0.085652","1.360622"
"160","500","585.395346","1.246369","0.082373","1.353733"
"170","500","572.185477","1.240316","0.079292","1.346846"
"180","500","559.558632","1.235095","0.076392","1.339958"
"190","500","547.477047","1.230646","0.073661","1.333066"
"200","500","535.906148","1.226913","0.071085","1.32617"
"210","500","524.814228","1.223838","0.068655","1.31927"
"220","500","514.172147","1.221368","0.066363","1.312369"
"230","500","503.953084","1.219448","0.064201","1.305472"
"240","500","494.132309","1.218029","0.062161","1.298589"
"250","500","484.686981","1.21706","0.060238","1.291729"
"260","500","475.595975","1.216496","0.058426","1.284906"
"270","500","466.83972","1.21629","0.056721","1.278135"
"280","500","458.400062","1.216401","0.055116","1.27143"
"290","500","450.260133","1.216788","0.053608","1.264808"
"300","500","442.404247","1.217415","0.052191","1.258284"
"-40","0","2.199478","0.967989","0.006595","1.203368"
"-30","0","2.10902","0.972157","0.006902","1.194115"
"-20","0","2.025709","0.975607","0.007207","1.185871"
"-10","0","1.94873","0.978494","0.007511","1.178438"
"0","0","1.877387","0.980931","0.007813","1.17167"
"10","0","1.811083","0.983007","0.008113","1.165463"
"20","0","1.749303","0.984787","0.008411","1.159746"
"30","0","1.691599","0.986324","0.008708","1.154449"
"40","0","1.63758","0.98766","0.009002","1.14952"
"50","0","1.586905","0.988827","0.009295","1.144928"
"60","0","1.539271","0.989852","0.009586","1.14064"
"70","0","1.494414","0.990757","0.009874","1.136627"
"80","0","1.452097","0.991559","0.01016","1.132866"
"90","0","1.412111","0.992274","0.010444","1.129336"
"100","0","1.374268","0.992912","0.010726","1.126019"
"110","0","1.338401","0.993485","0.011006","1.122899"
"120","0","1.304358","0.994001","0.011283","1.11996"
"130","0","1.272004","0.994467","0.011558","1.117191"
"140","0","1.241216","0.994889","0.011831","1.114577"
"150","0","1.211883","0.995273","0.012101","1.112109"
"160","0","1.183904","0.995623","0.012369","1.109775"
"170","0","1.157189","0.995942","0.012635","1.107567"
"180","0","1.131652","0.996235","0.012898","1.105475"
"190","0","1.107218","0.996503","0.013159","1.103492"
"200","0","1.083817","0.99675","0.013418","1.10161"
"210","0","1.061385","0.996978","0.013675","1.099821"
"220","0","1.039863","0.997188","0.013929","1.098121"
"230","0","1.019196","0.997383","0.014182","1.096502"
"240","0","0.999334","0.997563","0.014432","1.09496"
"250","0","0.980232","0.99773","0.01468","1.093489"
"260","0","0.961846","0.997886","0.014927","1.092085"
"270","0","0.944137","0.998031","0.015171","1.090743"
"280","0","0.927069","0.998166","0.015413","1.089461"
"290","0","0.910607","0.998292","0.015654","1.088233"
"300","0","0.894719","0.99841","0.015892","1.087056"
"-40","1","4.370193","0.007276","0.180465","1.603403"
"-30","1","4.190461","0.942863","0.006868","1.218494"
"-20","1","4.024928","0.950213","0.007181","1.205775"
"-10","1","3.871976","0.956294","0.007492","1.194927"
"0","1","3.730224","0.961383","0.007799","1.185499"
"10","1","3.598483","0.965683","0.008105","1.177185"
"20","1","3.475731","0.96935","0.008407","1.169785"
"30","1","3.361077","0.972501","0.008708","1.163119"
"40","1","3.253746","0.975227","0.009006","1.157055"
"50","1","3.153058","0.977601","0.009301","1.151523"
"60","1","3.058414","0.97968","0.009594","1.146451"
"70","1","2.969286","0.981511","0.009885","1.141776"
"80","1","2.885206","0.98313","0.010173","1.137453"
"90","1","2.805757","0.984569","0.010459","1.133442"
"100","1","2.730566","0.985854","0.010742","1.129712"
"110","1","2.659299","0.987005","0.011023","1.126234"
"120","1","2.591659","0.98804","0.011301","1.122985"
"130","1","2.527373","0.988974","0.011577","1.119944"
"140","1","2.4662","0.98982","0.01185","1.117092"
"150","1","2.407918","0.990587","0.012121","1.114414"
"160","1","2.352327","0.991286","0.01239","1.111895"
"170","1","2.299245","0.991925","0.012656","1.109521"
"180","1","2.248506","0.992509","0.01292","1.107282"
"190","1","2.199958","0.993045","0.013181","1.105168"
"200","1","2.153462","0.993537","0.013441","1.103167"
"210","1","2.108891","0.993991","0.013698","1.101272"
"220","1","2.066127","0.99441","0.013952","1.099476"
"230","1","2.025063","0.994798","0.014205","1.09777"
"240","1","1.9856","0.995157","0.014455","1.096149"
"250","1","1.947645","0.99549","0.014703","1.094606"
"260","1","1.911114","0.9958","0.01495","1.093136"
"270","1","1.875929","0.996088","0.015194","1.091734"
"280","1","1.842015","0.996357","0.015436","1.090396"
"290","1","1.809306","0.996608","0.015676","1.089117"
"300","1","1.777738","0.996843","0.015915","1.087894"
"-40","2","6.540909","0.010888","0.180634","1.602917"
"-30","2","6.271902","0.01067","0.162658","1.613385"
"-20","2","6.024148","0.923269","0.007168","1.23004"
"-10","2","5.795223","0.932978","0.007483","1.214422"
"0","2","5.58306","0.941015","0.007795","1.201452"
"10","2","5.385884","0.94775","0.008104","1.190438"
"20","2","5.202159","0.953453","0.00841","1.180954"
"30","2","5.030556","0.958326","0.008713","1.172637"
"40","2","4.869912","0.962524","0.009013","1.165233"
"50","2","4.719211","0.966165","0.009311","1.158612"
"60","2","4.577557","0.969344","0.009606","1.152645"
"70","2","4.444158","0.972135","0.009899","1.147227"
"80","2","4.318315","0.974599","0.010188","1.142279"
"90","2","4.199402","0.976784","0.010475","1.13774"
"100","2","4.086863","0.978731","0.01076","1.133559"
"110","2","3.980198","0.980473","0.011042","1.129695"
"120","2","3.87896","0.982038","0.011321","1.126112"
"130","2","3.782743","0.983448","0.011598","1.122782"
"140","2","3.691185","0.984723","0.011872","1.119678"
"150","2","3.603954","0.985881","0.012143","1.116778"
"160","2","3.52075","0.986933","0.012412","1.114063"
"170","2","3.441302","0.987894","0.012679","1.111517"
"180","2","3.36536","0.988772","0.012943","1.109125"
"190","2","3.292698","0.989578","0.013205","1.106873"
"200","2","3.223107","0.990318","0.013464","1.10475"
"210","2","3.156397","0.991","0.013721","1.102746"
"220","2","3.092392","0.991629","0.013976","1.10085"
"230","2","3.030931","0.992211","0.014229","1.099054"
"240","2","2.971866","0.992749","0.014479","1.097352"
"250","2","2.915059","0.993249","0.014727","1.095735"
"260","2","2.860383","0.993714","0.014974","1.094198"
"270","2","2.80772","0.994146","0.015218","1.092734"
"280","2","2.756961","0.994549","0.01546","1.09134"
"290","2","2.708005","0.994925","0.0157","1.090009"
"300","2","2.660757","0.995277","0.015938","1.088738"
"-40","3","8.711625","0.014499","0.180803","1.602432"
"-30","3","8.353343","0.014208","0.162822","1.612814"
"-20","3","8.023367","0.013965","0.147156","1.624851"
"-10","3","7.71847","0.908355","0.007486","1.237845"
"0","3","7.435897","0.919713","0.0078","1.220068"
"10","3","7.173284","0.929134","0.008111","1.205548"
"20","3","6.928587","0.937048","0.008419","1.193458"
"30","3","6.700034","0.943769","0.008724","1.183137"
"40","3","6.486078","0.94953","0.009026","1.174141"
"50","3","6.285364","0.954506","0.009326","1.166252"
"60","3","6.096699","0.958835","0.009622","1.159263"
"70","3","5.919031","0.962624","0.009916","1.153006"
"80","3","5.751424","0.965961","0.010207","1.147363"
"90","3","5.593048","0.968915","0.010495","1.142243"
"100","3","5.443161","0.971542","0.010781","1.137571"
"110","3","5.301097","0.973888","0.011063","1.133289"
"120","3","5.166261","0.975993","0.011343","1.129349"
"130","3","5.038113","0.977889","0.01162","1.125709"
"140","3","4.916169","0.979601","0.011895","1.122337"
"150","3","4.799989","0.981153","0.012167","1.119203"
"160","3","4.689173","0.982564","0.012437","1.116283"
"170","3","4.583359","0.98385","0.012703","1.113557"
"180","3","4.482214","0.985026","0.012968","1.111004"
"190","3","4.385437","0.986104","0.01323","1.10861"
"200","3","4.292751","0.987094","0.013489","1.10636"
"210","3","4.203902","0.988005","0.013747","1.104242"
"220","3","4.118656","0.988845","0.014001","1.102243"
"230","3","4.036799","0.989622","0.014254","1.100356"
"240","3","3.958132","0.990341","0.014504","1.098569"
"250","3","3.882472","0.991008","0.014753","1.096877"
"260","3","3.809651","0.991628","0.014999","1.095271"
"270","3","3.739511","0.992205","0.015243","1.093744"
"280","3","3.671907","0.992742","0.015485","1.092292"
"290","3","3.606704","0.993244","0.015725","1.090908"
"300","3","3.543776","0.993712","0.015963","1.089589"
"-40","4","10.882341","0.018108","0.180972","1.60195"
"-30","4","10.434784","0.017744","0.162986","1.612245"
"-20","4","10.022586","0.01744","0.147317","1.624165"
"-10","4","9.641717","0.017196","0.133505","1.638655"
"0","4","9.288734","0.89733","0.007816","1.24209"
"10","4","8.960684","0.909747","0.008127","1.222942"
"20","4","8.655015","0.920081","0.008435","1.207556"
"30","4","8.369513","0.928795","0.008741","1.194783"
"40","4","8.102244","0.936222","0.009044","1.183883"
"50","4","7.851517","0.942608","0.009345","1.174511"
"60","4","7.615842","0.948142","0.009642","1.166349"
"70","4","7.393903","0.952971","0.009937","1.159145"
"80","4","7.184533","0.957212","0.010229","1.152728"
"90","4","6.986693","0.960958","0.010518","1.146966"
"100","4","6.799458","0.964284","0.010804","1.141758"
"110","4","6.621996","0.96725","0.011087","1.137024"
"120","4","6.453562","0.969906","0.011367","1.132699"
"130","4","6.293483","0.972295","0.011645","1.128729"
"140","4","6.141154","0.974452","0.01192","1.125073"
"150","4","5.996024","0.976404","0.012193","1.121692"
"160","4","5.857596","0.978178","0.012462","1.118556"
"170","4","5.725415","0.979794","0.012729","1.11564"
"180","4","5.599068","0.98127","0.012994","1.112921"
"190","4","5.478177","0.982622","0.013256","1.110379"
"200","4","5.362396","0.983863","0.013516","1.107997"
"210","4","5.251408","0.985006","0.013773","1.10576"
"220","4","5.144921","0.986059","0.014028","1.103657"
"230","4","5.042667","0.987032","0.01428","1.101674"
"240","4","4.944398","0.987932","0.014531","1.099802"
"250","4","4.849886","0.988767","0.014779","1.098031"
"260","4","4.758919","0.989543","0.015025","1.096355"
"270","4","4.671302","0.990265","0.015269","1.094764"
"280","4","4.586853","0.990937","0.015511","1.093253"
"290","4","4.505403","0.991564","0.01575","1.091815"
"300","4","4.426795","0.99215","0.015988","1.090446"
"-40","5","13.053056","0.021716","0.181141","1.60147"
"-30","5","12.516225","0.021278","0.16315","1.611679"
"-20","5","12.021806","0.020913","0.147478","1.623484"
"-10","5","11.564963","0.020619","0.133666","1.637814"
"0","5","11.141571","0.0204","0.121336","1.656035"
"10","5","10.748084","0.889479","0.008152","1.243193"
"20","5","10.381443","0.902485","0.008459","1.223581"
"30","5","10.038991","0.913362","0.008765","1.207779"
"40","5","9.71841","0.922574","0.009068","1.194586"
"50","5","9.41767","0.930454","0.009368","1.183469"
"60","5","9.134985","0.937254","0.009666","1.173955"
"70","5","8.868775","0.943168","0.009961","1.165679"
"80","5","8.617641","0.948348","0.010253","1.158396"
"90","5","8.380339","0.952912","0.010543","1.151926"
"100","5","8.155755","0.956955","0.010829","1.146133"
"110","5","7.942895","0.960555","0.011113","1.140908"
"120","5","7.740862","0.963776","0.011394","1.136169"
"130","5","7.548853","0.966668","0.011672","1.131847"
"140","5","7.366138","0.969275","0.011947","1.127888"
"150","5","7.19206","0.971634","0.01222","1.124246"
"160","5","7.026019","0.973776","0.01249","1.120884"
"170","5","6.867472","0.975725","0.012757","1.11777"
"180","5","6.715922","0.977504","0.013021","1.114876"
"190","5","6.570917","0.979133","0.013284","1.11218"
"200","5","6.432041","0.980628","0.013543","1.109661"
"210","5","6.298914","0.982003","0.0138","1.107303"
"220","5","6.171185","0.98327","0.014055","1.10509"
"230","5","6.048534","0.98444","0.014308","1.10301"
"240","5","5.930664","0.985523","0.014558","1.101049"
"250","5","5.817299","0.986527","0.014806","1.099199"
"260","5","5.708187","0.987459","0.015052","1.09745"
"270","5","5.603093","0.988326","0.015296","1.095793"
"280","5","5.501799","0.989133","0.015537","1.094222"
"290","5","5.404102","0.989886","0.015777","1.092729"
"300","5","5.309814","0.99059","0.016015","1.09131"
"-40","6","15.223772","0.025322","0.18131","1.600991"
"-30","6","14.597666","0.024811","0.163313","1.611115"
"-20","6","14.021025","0.024384","0.147639","1.622806"
"-10","6","13.48821","0.02404","0.133827","1.636978"
"0","6","12.994408","0.023782","0.1215","1.654971"
"10","6","12.535485","0.868195","0.008188","1.267094"
"20","6","12.107871","0.88418","0.008492","1.241968"
"30","6","11.708469","0.897421","0.008795","1.22238"
"40","6","11.334576","0.908555","0.009097","1.206401"
"50","6","10.983823","0.918025","0.009397","1.193219"
"60","6","10.654127","0.926159","0.009695","1.182142"
"70","6","10.343647","0.933207","0.009989","1.172647"
"80","6","10.05075","0.939362","0.010282","1.164394"
"90","6","9.773984","0.944771","0.010571","1.157142"
"100","6","9.512053","0.949553","0.010858","1.150706"
"110","6","9.263793","0.953804","0.011142","1.14495"
"120","6","9.028163","0.9576","0.011423","1.139766"
"130","6","8.804223","0.961006","0.011701","1.135068"
"140","6","8.591123","0.964072","0.011976","1.130787"
"150","6","8.388095","0.966843","0.012249","1.12687"
"160","6","8.194442","0.969357","0.012519","1.123268"
"170","6","8.009528","0.971643","0.012786","1.119946"
"180","6","7.832776","0.973729","0.01305","1.11687"
"190","6","7.663656","0.975638","0.013313","1.114014"
"200","6","7.501685","0.977388","0.013572","1.111353"
"210","6","7.346419","0.978997","0.013829","1.108869"
"220","6","7.19745","0.98048","0.014084","1.106544"
"230","6","7.054402","0.981848","0.014336","1.104363"
"240","6","6.91693","0.983114","0.014586","1.102312"
"250","6","6.784713","0.984287","0.014834","1.10038"
"260","6","6.657456","0.985376","0.01508","1.098556"
"270","6","6.534884","0.986389","0.015323","1.096832"
"280","6","6.416745","0.987332","0.015565","1.0952"
"290","6","6.302801","0.988211","0.015804","1.093651"
"300","6","6.192833","0.989032","0.016042","1.09218"
"-40","7","17.394488","0.028926","0.181479","1.600514"
"-30","7","16.679107","0.028342","0.163477","1.610554"
"-20","7","16.020244","0.027853","0.1478","1.622132"
"-10","7","15.411457","0.027458","0.133987","1.636148"
"0","7","14.847244","0.027163","0.121663","1.653916"
"10","7","14.322885","0.026974","0.110508","1.677502"
"20","7","13.834299","0.865067","0.008534","1.2633"
"30","7","13.377948","0.880915","0.008833","1.238915"
"40","7","12.950742","0.894131","0.009133","1.219519"
"50","7","12.549976","0.905299","0.009431","1.203875"
"60","7","12.17327","0.914843","0.009727","1.19098"
"70","7","11.818519","0.92308","0.010022","1.180094"
"80","7","11.483859","0.930249","0.010313","1.170753"
"90","7","11.16763","0.936533","0.010602","1.162632"
"100","7","10.86835","0.942076","0.010889","1.155494"
"110","7","10.584692","0.946994","0.011173","1.14916"
"120","7","10.315464","0.95138","0.011453","1.143496"
"130","7","10.059593","0.955308","0.011732","1.138395"
"140","7","9.816108","0.958841","0.012007","1.133773"
"150","7","9.584131","0.962031","0.012279","1.129564"
"160","7","9.362865","0.964922","0.012549","1.125711"
"170","7","9.151585","0.967549","0.012816","1.122171"
"180","7","8.94963","0.969945","0.013081","1.118905"
"190","7","8.756396","0.972136","0.013343","1.115882"
"200","7","8.57133","0.974143","0.013602","1.113075"
"210","7","8.393925","0.975988","0.013859","1.11046"
"220","7","8.223715","0.977687","0.014114","1.108019"
"230","7","8.06027","0.979255","0.014366","1.105734"
"240","7","7.903196","0.980705","0.014616","1.10359"
"250","7","7.752126","0.982048","0.014864","1.101573"
"260","7","7.606724","0.983295","0.015109","1.099674"
"270","7","7.466676","0.984453","0.015352","1.097881"
"280","7","7.331691","0.985532","0.015594","1.096186"
"290","7","7.2015","0.986538","0.015833","1.09458"
"300","7","7.075852","0.987477","0.01607","1.093057"
"-40","8","19.565204","0.032529","0.181648","1.600039"
"-30","8","18.760548","0.031871","0.16364","1.609995"
"-20","8","18.019464","0.03132","0.147961","1.621462"
"-10","8","17.334703","0.030875","0.134147","1.635323"
"0","8","16.700081","0.03054","0.121825","1.65287"
"10","8","16.110285","0.030326","0.110677","1.676118"
"20","8","15.560727","0.845024","0.008586","1.288377"
"30","8","15.047426","0.863774","0.00888","1.257813"
"40","8","14.566908","0.879261","0.009175","1.234173"
"50","8","14.116129","0.892252","0.009471","1.215572"
"60","8","13.692412","0.903291","0.009765","1.200549"
"70","8","13.293391","0.912777","0.010058","1.188071"
"80","8","12.916968","0.921003","0.010349","1.177504"
"90","8","12.561276","0.928193","0.010637","1.168419"
"100","8","12.224647","0.934521","0.010923","1.160509"
"110","8","11.905591","0.940124","0.011206","1.153548"
"120","8","11.602765","0.945112","0.011487","1.147366"
"130","8","11.314963","0.949574","0.011764","1.141834"
"140","8","11.041092","0.953582","0.012039","1.136849"
"150","8","10.780166","0.957198","0.012312","1.132331"
"160","8","10.531288","0.96047","0.012581","1.128215"
"170","8","10.293641","0.963443","0.012848","1.124446"
"180","8","10.066484","0.966152","0.013113","1.120982"
"190","8","9.849136","0.968627","0.013375","1.117785"
"200","8","9.640975","0.970894","0.013634","1.114825"
"210","8","9.441431","0.972977","0.013891","1.112076"
"220","8","9.249979","0.974894","0.014145","1.109515"
"230","8","9.066138","0.976662","0.014397","1.107123"
"240","8","8.889462","0.978297","0.014646","1.104883"
"250","8","8.71954","0.97981","0.014894","1.102781"
"260","8","8.555992","0.981215","0.015139","1.100804"
"270","8","8.398467","0.98252","0.015382","1.09894"
"280","8","8.246637","0.983735","0.015623","1.097181"
"290","8","8.100199","0.984868","0.015862","1.095517"
"300","8","7.958872","0.985925","0.016099","1.09394"
"-40","9","21.735919","0.036131","0.181816","1.599566"
"-30","9","20.841989","0.035399","0.163803","1.609439"
"-20","9","20.018683","0.034785","0.148121","1.620795"
"-10","9","19.25795","0.034289","0.134307","1.634504"
"0","9","18.552918","0.033915","0.121988","1.651832"
"10","9","17.897685","0.033674","0.110845","1.674748"
"20","9","17.287155","0.823892","0.00865","1.318336"
"30","9","16.716904","0.845913","0.008935","1.279647"
"40","9","16.183074","0.863896","0.009225","1.250664"
"50","9","15.682282","0.878855","0.009516","1.228472"
"60","9","15.211555","0.891486","0.009808","1.210948"
"70","9","14.768263","0.902286","0.010098","1.196638"
"80","9","14.350077","0.911616","0.010388","1.184686"
"90","9","13.954921","0.919747","0.010675","1.174528"
"100","9","13.580945","0.926885","0.01096","1.165769"
"110","9","13.22649","0.933192","0.011242","1.158125"
"120","9","12.890066","0.938797","0.011522","1.151385"
"130","9","12.570333","0.943803","0.011799","1.145391"
"140","9","12.266077","0.948295","0.012074","1.14002"
"150","9","11.976201","0.952342","0.012346","1.135175"
"160","9","11.69971","0.956003","0.012615","1.13078"
"170","9","11.435698","0.959325","0.012882","1.126772"
"180","9","11.183338","0.96235","0.013146","1.123101"
"190","9","10.941875","0.965112","0.013408","1.119724"
"200","9","10.710619","0.967641","0.013667","1.116606"
"210","9","10.488936","0.969962","0.013923","1.113717"
"220","9","10.276244","0.972099","0.014177","1.111032"
"230","9","10.072006","0.974068","0.014429","1.10853"
"240","9","9.875728","0.975889","0.014678","1.106192"
"250","9","9.686953","0.977574","0.014925","1.104001"
"260","9","9.50526","0.979137","0.01517","1.101945"
"270","9","9.330258","0.980589","0.015413","1.100009"
"280","9","9.161583","0.981941","0.015653","1.098185"
"290","9","8.998898","0.9832","0.015892","1.096461"
"300","9","8.841891","0.984376","0.016129","1.09483"
"-40","10","23.906635","0.039731","0.181985","1.599094"
"-30","10","22.92343","0.038925","0.163966","1.608885"
"-20","10","22.017902","0.038248","0.148281","1.620131"
"-10","10","21.181197","0.037701","0.134467","1.63369"
"0","10","20.405755","0.037288","0.12215","1.650802"
"10","10","19.685085","0.037019","0.111013","1.673393"
"20","10","19.013583","0.036916","0.100774","1.704785"
"30","10","18.386383","0.827225","0.009","1.305204"
"40","10","17.79924","0.84798","0.009282","1.269377"
"50","10","17.248436","0.865076","0.009568","1.24278"
"60","10","16.730698","0.879407","0.009855","1.22229"
"70","10","16.243136","0.891596","0.010143","1.205863"
"80","10","15.783185","0.902082","0.01043","1.192341"
"90","10","15.348567","0.911191","0.010716","1.180986"
"100","10","14.937242","0.919165","0.010999","1.171292"
"110","10","14.547389","0.926196","0.011281","1.162903"
"120","10","14.177367","0.932433","0.01156","1.155561"
"130","10","13.825702","0.937995","0.011837","1.149072"
"140","10","13.491061","0.94298","0.012111","1.14329"
"150","10","13.172237","0.947466","0.012382","1.138099"
"160","10","12.868133","0.951519","0.012651","1.133411"
"170","10","12.577755","0.955195","0.012917","1.129152"
"180","10","12.300192","0.958539","0.013181","1.125264"
"190","10","12.034615","0.961591","0.013442","1.121699"
"200","10","11.780264","0.964384","0.013701","1.118417"
"210","10","11.536442","0.966946","0.013957","1.115384"
"220","10","11.302508","0.969303","0.01421","1.112571"
"230","10","11.077873","0.971475","0.014462","1.109956"
"240","10","10.861993","0.973482","0.014711","1.107516"
"250","10","10.654367","0.975339","0.014958","1.105235"
"260","10","10.454529","0.977061","0.015202","1.103097"
"270","10","10.262049","0.978661","0.015444","1.101088"
"280","10","10.076529","0.980149","0.015685","1.099197"
"290","10","9.897597","0.981536","0.015923","1.097413"
"300","10","9.72491","0.982829","0.016159","1.095727"
