"1.01","Ammonia","N H3","14/05/2015"
"-70","0","1.021613","0.00141","0.475201","1.453229"
"-60","0","0.973684","0.001364","0.391425","1.482634"
"-50","0","0.93005","0.001325","0.328957","1.511737"
"-40","0","0.890159","0.00129","0.281282","1.539813"
"-30","0","0.85355","0.974554","0.008164","1.344973"
"-20","0","0.819833","0.978869","0.0085","1.338188"
"-10","0","0.788678","0.982217","0.008843","1.332395"
"0","0","0.759805","0.984861","0.009193","1.327243"
"10","0","0.732971","0.986983","0.009549","1.322522"
"20","0","0.707967","0.98871","0.00991","1.318101"
"30","0","0.684614","0.990134","0.010276","1.313896"
"40","0","0.662752","0.991319","0.010646","1.309853"
"50","0","0.642242","0.992317","0.01102","1.305935"
"60","0","0.622965","0.993164","0.011397","1.302118"
"70","0","0.60481","0.993888","0.011777","1.298385"
"80","0","0.587684","0.994513","0.012159","1.294725"
"90","0","0.571501","0.995054","0.012543","1.29113"
"100","0","0.556186","0.995527","0.012929","1.287594"
"110","0","0.541669","0.995941","0.013317","1.284115"
"120","0","0.527892","0.996307","0.013705","1.28069"
"130","0","0.514798","0.99663","0.014094","1.277318"
"140","0","0.502337","0.996918","0.014483","1.273997"
"150","0","0.490466","0.997175","0.014873","1.270729"
"160","0","0.479143","0.997405","0.015263","1.267512"
"170","0","0.46833","0.997612","0.015653","1.264346"
"180","0","0.457995","0.997799","0.016043","1.261232"
"190","0","0.448107","0.997968","0.016433","1.25817"
"200","0","0.438636","0.998121","0.016822","1.255159"
"210","0","0.429557","0.99826","0.01721","1.2522"
"220","0","0.420847","0.998387","0.017598","1.249292"
"230","0","0.412483","0.998503","0.017985","1.246436"
"240","0","0.404444","0.998609","0.018371","1.243632"
"250","0","0.396713","0.998706","0.018756","1.240878"
"260","0","0.389273","0.998795","0.019141","1.238175"
"270","0","0.382106","0.998878","0.019524","1.235523"
"280","0","0.375198","0.998954","0.019906","1.23292"
"290","0","0.368535","0.999024","0.020287","1.230367"
"300","0","0.362105","0.999089","0.020667","1.227863"
"310","0","0.355896","0.999149","0.021046","1.225407"
"320","0","0.349896","0.999204","0.021424","1.222999"
"330","0","0.344095","0.999256","0.021801","1.220638"
"340","0","0.338483","0.999304","0.022176","1.218323"
"350","0","0.333051","0.999349","0.02255","1.216054"
"360","0","0.327791","0.999391","0.022924","1.21383"
"370","0","0.322694","0.99943","0.023296","1.211651"
"380","0","0.317753","0.999466","0.023667","1.209514"
"390","0","0.312962","0.9995","0.024037","1.207421"
"400","0","0.308313","0.999532","0.024406","1.205369"
"410","0","0.3038","0.999562","0.024773","1.203359"
"420","0","0.299417","0.99959","0.02514","1.201389"
"-70","10","11.104148","0.015314","0.477126","1.450732"
"-60","10","10.583193","0.014822","0.393107","1.480239"
"-50","10","10.108929","0.014389","0.330438","1.509367"
"-40","10","9.675349","0.014009","0.282599","1.537398"
"-30","10","9.277432","0.013677","0.245234","1.564454"
"-20","10","8.910952","0.013387","0.215387","1.59109"
"-10","10","8.572326","0.013136","0.19102","1.618079"
"0","10","8.258494","0.012923","0.17071","1.646337"
"10","10","7.966829","0.012746","0.153453","1.676922"
"20","10","7.695062","0.012606","0.138525","1.711116"
"30","10","7.441226","0.879516","0.010013","1.475716"
"40","10","7.203601","0.896379","0.010425","1.441722"
"50","10","6.980683","0.909828","0.010833","1.416292"
"60","10","6.771147","0.920797","0.011238","1.396245"
"70","10","6.573824","0.929902","0.011642","1.379816"
"80","10","6.387675","0.937564","0.012045","1.36595"
"90","10","6.211779","0.944088","0.012447","1.353975"
"100","10","6.04531","0.949696","0.012849","1.343444"
"110","10","5.887531","0.954557","0.013249","1.334048"
"120","10","5.737778","0.9588","0.01365","1.325562"
"130","10","5.595455","0.962527","0.014049","1.317823"
"140","10","5.460021","0.965819","0.014449","1.310705"
"150","10","5.330988","0.968742","0.014847","1.304113"
"160","10","5.207913","0.971347","0.015245","1.297969"
"170","10","5.090393","0.97368","0.015641","1.292214"
"180","10","4.978059","0.975776","0.016037","1.286798"
"190","10","4.870577","0.977666","0.016432","1.281681"
"200","10","4.767637","0.979375","0.016826","1.276829"
"210","10","4.668959","0.980924","0.017219","1.272216"
"220","10","4.574283","0.982334","0.017611","1.267817"
"230","10","4.48337","0.983619","0.018002","1.263612"
"240","10","4.396","0.984793","0.018391","1.259584"
"250","10","4.311971","0.985868","0.01878","1.255719"
"260","10","4.231094","0.986854","0.019167","1.252004"
"270","10","4.153194","0.987761","0.019553","1.248426"
"280","10","4.078112","0.988596","0.019937","1.244978"
"290","10","4.005696","0.989366","0.02032","1.241649"
"300","10","3.935807","0.990078","0.020702","1.238433"
"310","10","3.868314","0.990737","0.021083","1.235322"
"320","10","3.803098","0.991348","0.021462","1.23231"
"330","10","3.740044","0.991914","0.02184","1.229392"
"340","10","3.679047","0.992441","0.022217","1.226562"
"350","10","3.620007","0.992931","0.022592","1.223816"
"360","10","3.562833","0.993387","0.022967","1.22115"
"370","10","3.507436","0.993812","0.02334","1.21856"
"380","10","3.453736","0.99421","0.023711","1.216042"
"390","10","3.401655","0.994581","0.024082","1.213593"
"400","10","3.351122","0.994928","0.024452","1.211211"
"410","10","3.302068","0.995253","0.02482","1.208892"
"420","10","3.254429","0.995558","0.025188","1.206634"
"-70","20","21.186682","0.029205","0.47905","1.448263"
"-60","20","20.192702","0.028265","0.394787","1.477871"
"-50","20","19.287809","0.027438","0.331917","1.507023"
"-40","20","18.460538","0.026712","0.283912","1.53501"
"-30","20","17.701314","0.026076","0.246413","1.561956"
"-20","20","17.002072","0.02552","0.216458","1.588409"
"-10","20","16.355974","0.02504","0.192004","1.615131"
"0","20","15.757183","0.024631","0.171626","1.643018"
"10","20","15.200687","0.02429","0.154317","1.673093"
"20","20","14.682158","0.024018","0.139352","1.706581"
"30","20","14.197838","0.023817","0.126203","1.745041"
"40","20","13.74445","0.023694","0.114471","1.790636"
"50","20","13.319123","0.023659","0.103844","1.846629"
"60","20","12.919329","0.83606","0.011103","1.552461"
"70","20","12.542837","0.857184","0.011534","1.503261"
"80","20","12.187667","0.874269","0.011959","1.46697"
"90","20","11.852057","0.888399","0.012379","1.438708"
"100","20","11.534435","0.900284","0.012795","1.415819"
"110","20","11.233393","0.910416","0.013209","1.39673"
"120","20","10.947665","0.919144","0.01362","1.380447"
"130","20","10.676112","0.926732","0.014029","1.366307"
"140","20","10.417704","0.933377","0.014436","1.353849"
"150","20","10.17151","0.939234","0.014842","1.342743"
"160","20","9.936684","0.944426","0.015246","1.332741"
"170","20","9.712455","0.949052","0.015648","1.323658"
"180","20","9.498123","0.95319","0.016049","1.315349"
"190","20","9.293046","0.956908","0.016449","1.307699"
"200","20","9.096638","0.960259","0.016847","1.300617"
"210","20","8.908361","0.96329","0.017243","1.294029"
"220","20","8.727719","0.96604","0.017638","1.287872"
"230","20","8.554257","0.968541","0.018032","1.282098"
"240","20","8.387556","0.970823","0.018424","1.276662"
"250","20","8.227228","0.972908","0.018814","1.27153"
"260","20","8.072915","0.974818","0.019203","1.266671"
"270","20","7.924283","0.976572","0.019591","1.262057"
"280","20","7.781026","0.978186","0.019977","1.257668"
"290","20","7.642856","0.979672","0.020362","1.253482"
"300","20","7.509508","0.981044","0.020745","1.249484"
"310","20","7.380733","0.982313","0.021127","1.245658"
"320","20","7.2563","0.983488","0.021507","1.24199"
"330","20","7.135994","0.984577","0.021886","1.23847"
"340","20","7.019611","0.985588","0.022264","1.235086"
"350","20","6.906964","0.986529","0.02264","1.231829"
"360","20","6.797875","0.987404","0.023015","1.228691"
"370","20","6.692178","0.98822","0.023389","1.225665"
"380","20","6.589718","0.988981","0.023761","1.222743"
"390","20","6.490348","0.989692","0.024132","1.219919"
"400","20","6.393931","0.990357","0.024502","1.217189"
"410","20","6.300336","0.990979","0.024871","1.214546"
"420","20","6.209442","0.991561","0.025239","1.211986"
"-70","30","31.269217","0.043084","0.48097","1.445821"
"-60","30","29.802212","0.041694","0.396464","1.475528"
"-50","30","28.466688","0.040472","0.333392","1.504705"
"-40","30","27.245728","0.039398","0.285222","1.53265"
"-30","30","26.125196","0.038456","0.24759","1.559488"
"-20","30","25.093191","0.037634","0.217526","1.585762"
"-10","30","24.139622","0.036921","0.192985","1.612225"
"0","30","23.255872","0.036313","0.172538","1.639751"
"10","30","22.434545","0.035805","0.155176","1.669333"
"20","30","21.669253","0.035397","0.140174","1.702143"
"30","30","20.95445","0.035093","0.127001","1.739652"
"40","30","20.285299","0.0349","0.115259","1.78387"
"50","30","19.657563","0.034833","0.104639","1.837772"
"60","30","19.067511","0.034919","0.094882","1.906203"
"70","30","18.51185","0.770286","0.011472","1.72452"
"80","30","17.987658","0.801645","0.011916","1.626348"
"90","30","17.492335","0.826255","0.012351","1.56137"
"100","30","17.02356","0.846245","0.012779","1.514329"
"110","30","16.579255","0.862866","0.013203","1.478204"
"120","30","16.157552","0.876926","0.013622","1.449286"
"130","30","15.756769","0.888978","0.014038","1.425418"
"140","30","15.375388","0.899419","0.014451","1.405252"
"150","30","15.012032","0.908542","0.014862","1.387897"
"160","30","14.665454","0.916572","0.01527","1.372739"
"170","30","14.334517","0.923683","0.015676","1.359337"
"180","30","14.018187","0.930015","0.016081","1.347365"
"190","30","13.715516","0.93568","0.016483","1.336577"
"200","30","13.42564","0.940769","0.016884","1.326783"
"210","30","13.147762","0.945357","0.017282","1.317832"
"220","30","12.881155","0.949509","0.017679","1.309604"
"230","30","12.625144","0.953277","0.018075","1.302002"
"240","30","12.379112","0.956706","0.018468","1.294947"
"250","30","12.142486","0.959835","0.018861","1.288371"
"260","30","11.914736","0.962697","0.019251","1.28222"
"270","30","11.695372","0.965321","0.01964","1.276448"
"280","30","11.48394","0.967731","0.020027","1.271013"
"290","30","11.280017","0.969949","0.020413","1.265883"
"300","30","11.083209","0.971995","0.020797","1.261028"
"310","30","10.893152","0.973884","0.021179","1.256422"
"320","30","10.709502","0.975631","0.02156","1.252044"
"330","30","10.531943","0.977251","0.02194","1.247875"
"340","30","10.360175","0.978753","0.022318","1.243896"
"350","30","10.19392","0.980149","0.022694","1.240093"
"360","30","10.032917","0.981447","0.02307","1.236453"
"370","30","9.87692","0.982656","0.023444","1.232964"
"380","30","9.725701","0.983784","0.023816","1.229615"
"390","30","9.579042","0.984837","0.024188","1.226397"
"400","30","9.43674","0.985821","0.024558","1.223301"
"410","30","9.298604","0.986741","0.024927","1.220319"
"420","30","9.164454","0.987602","0.025294","1.217444"
"-70","40","41.351752","0.056949","0.482889","1.443405"
"-60","40","39.411721","0.055108","0.398139","1.473212"
"-50","40","37.645567","0.05349","0.334865","1.502413"
"-40","40","36.030917","0.052067","0.28653","1.530316"
"-30","40","34.549078","0.050818","0.248762","1.557048"
"-20","40","33.184311","0.049727","0.21859","1.583149"
"-10","40","31.923269","0.04878","0.193962","1.609359"
"0","40","30.754561","0.04797","0.173446","1.636536"
"10","40","29.668403","0.047292","0.156031","1.665641"
"20","40","28.656348","0.046745","0.14099","1.697798"
"30","40","27.711062","0.046332","0.127792","1.734399"
"40","40","26.826148","0.046063","0.116039","1.777314"
"50","40","25.996003","0.045956","0.105423","1.829262"
"60","40","25.215694","0.046042","0.09569","1.894574"
"70","40","24.480864","0.046374","0.086611","1.980912"
"80","40","23.787649","0.71305","0.01195","1.935342"
"90","40","23.132613","0.754428","0.012387","1.761323"
"100","40","22.512685","0.785847","0.012818","1.65875"
"110","40","21.925116","0.810924","0.013244","1.589413"
"120","40","21.367438","0.831563","0.013666","1.538557"
"130","40","20.837426","0.848913","0.014084","1.499186"
"140","40","20.333071","0.863727","0.014499","1.467517"
"150","40","19.852554","0.87653","0.014911","1.44131"
"160","40","19.394224","0.887701","0.015321","1.419145"
"170","40","18.95658","0.897526","0.015729","1.400071"
"180","40","18.538251","0.906224","0.016134","1.383425"
"190","40","18.137986","0.913969","0.016538","1.368728"
"200","40","17.754641","0.920899","0.016939","1.355624"
"210","40","17.387164","0.927127","0.017339","1.343841"
"220","40","17.034591","0.932746","0.017737","1.333169"
"230","40","16.696032","0.937832","0.018133","1.32344"
"240","40","16.370668","0.942452","0.018527","1.314521"
"250","40","16.057743","0.946659","0.018919","1.306304"
"260","40","15.756557","0.9505","0.01931","1.298698"
"270","40","15.466461","0.954016","0.019699","1.29163"
"280","40","15.186854","0.957241","0.020087","1.285037"
"290","40","14.917177","0.960206","0.020472","1.278867"
"300","40","14.656911","0.962937","0.020857","1.273075"
"310","40","14.40557","0.965457","0.021239","1.267622"
"320","40","14.162705","0.967786","0.02162","1.262476"
"330","40","13.927892","0.969941","0.022","1.257608"
"340","40","13.700739","0.97194","0.022378","1.252993"
"350","40","13.480877","0.973796","0.022755","1.248608"
"360","40","13.267959","0.975521","0.02313","1.244435"
"370","40","13.061663","0.977127","0.023504","1.240456"
"380","40","12.861683","0.978623","0.023876","1.236656"
"390","40","12.667735","0.980019","0.024248","1.233023"
"400","40","12.479549","0.981324","0.024618","1.229543"
"410","40","12.296872","0.982543","0.024986","1.226206"
"420","40","12.119467","0.983684","0.025354","1.223003"
"-70","50","51.434286","0.070801","0.484805","1.441017"
"-60","50","49.02123","0.068509","0.399811","1.47092"
"-50","50","46.824447","0.066493","0.336335","1.500146"
"-40","50","44.816107","0.064719","0.287835","1.528009"
"-30","50","42.97296","0.063162","0.249932","1.554638"
"-20","50","41.275431","0.0618","0.219651","1.580569"
"-10","50","39.706917","0.060618","0.194935","1.606533"
"0","50","38.25325","0.059604","0.17435","1.63337"
"10","50","36.902261","0.058752","0.156881","1.662014"
"20","50","35.643443","0.058061","0.1418","1.693542"
"30","50","34.467674","0.057535","0.128576","1.729275"
"40","50","33.366997","0.057184","0.11681","1.770955"
"50","50","32.334443","0.057028","0.106197","1.821076"
"60","50","31.363876","0.057103","0.096485","1.88352"
"70","50","30.449877","0.057467","0.087453","1.964959"
"80","50","29.587641","0.058228","0.078874","2.078474"
"90","50","28.772891","0.665284","0.012545","2.176322"
"100","50","28.00181","0.715814","0.012944","1.898734"
"110","50","27.270978","0.752967","0.013354","1.75278"
"120","50","26.577325","0.782183","0.013766","1.659802"
"130","50","25.918083","0.806044","0.014178","1.594089"
"140","50","25.290755","0.826016","0.014588","1.544513"
"150","50","24.693076","0.84303","0.014997","1.505399"
"160","50","24.122995","0.857715","0.015404","1.473524"
"170","50","23.578642","0.870523","0.01581","1.446902"
"180","50","23.058315","0.881787","0.016213","1.424237"
"190","50","22.560456","0.891761","0.016615","1.404642"
"200","50","22.083642","0.900647","0.017016","1.387484"
"210","50","21.626566","0.908603","0.017414","1.372299"
"220","50","21.188026","0.915757","0.017811","1.358739"
"230","50","20.766919","0.922217","0.018206","1.346534"
"240","50","20.362224","0.928069","0.018599","1.335473"
"250","50","19.973001","0.933388","0.018991","1.32539"
"260","50","19.598378","0.938237","0.019381","1.316147"
"270","50","19.23755","0.942667","0.01977","1.307635"
"280","50","18.889768","0.946726","0.020157","1.29976"
"290","50","18.554338","0.950452","0.020542","1.292448"
"300","50","18.230612","0.95388","0.020926","1.285634"
"310","50","17.917989","0.95704","0.021308","1.279263"
"320","50","17.615907","0.959958","0.021688","1.273288"
"330","50","17.323842","0.962656","0.022068","1.26767"
"340","50","17.041304","0.965157","0.022445","1.262374"
"350","50","16.767833","0.967476","0.022821","1.25737"
"360","50","16.503001","0.969631","0.023196","1.252632"
"370","50","16.246405","0.971636","0.02357","1.248136"
"380","50","15.997666","0.973503","0.023942","1.243862"
"390","50","15.756428","0.975244","0.024312","1.239793"
"400","50","15.522358","0.97687","0.024682","1.235912"
"410","50","15.295141","0.978389","0.02505","1.232205"
"420","50","15.074479","0.97981","0.025417","1.22866"
"-70","60","61.516821","0.084641","0.486719","1.438654"
"-60","60","58.63074","0.081895","0.401481","1.468654"
"-50","60","56.003326","0.07948","0.337803","1.497904"
"-40","60","53.601296","0.077355","0.289137","1.525728"
"-30","60","51.396842","0.075488","0.251099","1.552256"
"-20","60","49.36655","0.073854","0.220708","1.578021"
"-10","60","47.490565","0.072433","0.195904","1.603746"
"0","60","45.751939","0.071213","0.17525","1.630252"
"10","60","44.136119","0.070185","0.157727","1.658449"
"20","60","42.630538","0.069347","0.142606","1.689373"
"30","60","41.224286","0.068703","0.129354","1.724274"
"40","60","39.907847","0.068265","0.117574","1.764782"
"50","60","38.672883","0.068053","0.10696","1.813189"
"60","60","37.512058","0.068106","0.097266","1.872986"
"70","60","36.41889","0.068487","0.088275","1.950018"
"80","60","35.387632","0.069309","0.079775","2.055287"
"90","60","34.413169","0.070795","0.071507","2.213544"
"100","60","33.490934","0.62817","0.013246","2.416564"
"110","60","32.61684","0.685946","0.013577","2.024169"
"120","60","31.787211","0.727385","0.01395","1.836086"
"130","60","30.99874","0.759659","0.014337","1.721316"
"140","60","30.248438","0.785904","0.014731","1.642253"
"150","60","29.533598","0.807831","0.015127","1.583635"
"160","60","28.851765","0.826499","0.015525","1.537985"
"170","60","28.200704","0.842612","0.015924","1.501163"
"180","60","27.578378","0.856671","0.016322","1.470669"
"190","60","26.982926","0.869044","0.016719","1.444896"
"200","60","26.412643","0.880011","0.017115","1.422754"
"210","60","25.865967","0.889789","0.01751","1.403475"
"220","60","25.341462","0.898552","0.017904","1.386501"
"230","60","24.837806","0.906441","0.018296","1.371414"
"240","60","24.35378","0.913571","0.018687","1.357895"
"250","60","23.888258","0.920037","0.019077","1.345693"
"260","60","23.440199","0.925919","0.019465","1.334611"
"270","60","23.008639","0.931286","0.019852","1.324491"
"280","60","22.592682","0.936195","0.020238","1.315203"
"290","60","22.191498","0.940697","0.020622","1.306639"
"300","60","21.804313","0.944833","0.021004","1.298712"
"310","60","21.430408","0.948642","0.021385","1.291347"
"320","60","21.069109","0.952155","0.021765","1.284481"
"330","60","20.719791","0.955403","0.022143","1.27806"
"340","60","20.381868","0.958408","0.022519","1.272039"
"350","60","20.05479","0.961195","0.022895","1.266377"
"360","60","19.738043","0.963782","0.023268","1.261041"
"370","60","19.431147","0.966188","0.023641","1.256001"
"380","60","19.133648","0.968427","0.024012","1.251229"
"390","60","18.845121","0.970514","0.024382","1.246704"
"400","60","18.565167","0.972462","0.024751","1.242404"
"410","60","18.293409","0.974281","0.025119","1.238312"
"420","60","18.029492","0.975983","0.025485","1.234411"
"-70","70","71.599356","0.098467","0.488631","1.436317"
"-60","70","68.240249","0.095268","0.403148","1.466411"
"-50","70","65.182205","0.092453","0.339268","1.495686"
"-40","70","62.386485","0.089975","0.290436","1.523472"
"-30","70","59.820724","0.087797","0.252263","1.549902"
"-20","70","57.45767","0.085888","0.221763","1.575505"
"-10","70","55.274213","0.084227","0.196871","1.600996"
"0","70","53.250628","0.082799","0.176146","1.627182"
"10","70","51.369977","0.081592","0.158568","1.654946"
"20","70","49.617633","0.080604","0.143406","1.685287"
"30","70","47.980898","0.079838","0.130126","1.719391"
"40","70","46.448696","0.079306","0.118331","1.758786"
"50","70","45.011323","0.079031","0.107715","1.80558"
"60","70","43.66024","0.079052","0.098034","1.862929"
"70","70","42.387903","0.079437","0.089078","1.935974"
"80","70","41.187623","0.080301","0.080647","2.034051"
"90","70","40.053446","0.081863","0.072509","2.176969"
"100","70","38.980059","0.084607","0.064307","2.419342"
"110","70","37.962702","0.602554","0.014026","2.604668"
"120","70","36.997098","0.664612","0.014267","2.122436"
"130","70","36.079397","0.708649","0.014589","1.902214"
"140","70","35.206121","0.742854","0.014944","1.77067"
"150","70","34.37412","0.77066","0.015314","1.681195"
"160","70","33.580536","0.793908","0.015693","1.615445"
"170","70","32.822767","0.81372","0.016077","1.564589"
"180","70","32.098442","0.830844","0.016463","1.523797"
"190","70","31.405396","0.845805","0.016851","1.490179"
"200","70","30.741644","0.85899","0.01724","1.461884"
"210","70","30.105369","0.870693","0.017628","1.437668"
"220","70","29.494898","0.881141","0.018017","1.416657"
"230","70","28.908693","0.890517","0.018405","1.398217"
"240","70","28.345336","0.898969","0.018792","1.381877"
"250","70","27.803515","0.906616","0.019178","1.367275"
"260","70","27.28202","0.91356","0.019563","1.354132"
"270","70","26.779728","0.919884","0.019947","1.342227"
"280","70","26.295596","0.925661","0.02033","1.331381"
"290","70","25.828659","0.93095","0.020712","1.32145"
"300","70","25.378015","0.935805","0.021092","1.312314"
"310","70","24.942826","0.940271","0.021471","1.303876"
"320","70","24.522312","0.944387","0.021849","1.296053"
"330","70","24.115741","0.948187","0.022225","1.288775"
"340","70","23.722432","0.951702","0.0226","1.281983"
"350","70","23.341746","0.954959","0.022974","1.275625"
"360","70","22.973085","0.957981","0.023347","1.269658"
"370","70","22.615889","0.960789","0.023718","1.264045"
"380","70","22.26963","0.963401","0.024088","1.258752"
"390","70","21.933814","0.965835","0.024457","1.25375"
"400","70","21.607976","0.968105","0.024825","1.249014"
"410","70","21.291677","0.970224","0.025191","1.244521"
"420","70","20.984504","0.972205","0.025557","1.240251"
"-70","80","81.68189","0.112281","0.490541","1.434005"
"-60","80","77.849758","0.108627","0.404813","1.464193"
"-50","80","74.361084","0.105411","0.34073","1.493493"
"-40","80","71.171675","0.102579","0.291732","1.521242"
"-30","80","68.244606","0.100087","0.253424","1.547575"
"-20","80","65.548789","0.097903","0.222814","1.57302"
"-10","80","63.057861","0.096001","0.197834","1.598283"
"0","80","60.749317","0.094361","0.177038","1.624157"
"10","80","58.603835","0.092973","0.159405","1.651503"
"20","80","56.604728","0.091831","0.144202","1.681281"
"30","80","54.737509","0.090939","0.130892","1.714622"
"40","80","52.989545","0.090309","0.11908","1.752956"
"50","80","51.349763","0.089964","0.10846","1.798233"
"60","80","49.808423","0.089946","0.09879","1.853308"
"70","80","48.356917","0.090322","0.089865","1.922728"
"80","80","46.987614","0.091211","0.081494","2.014476"
"90","80","45.693724","0.092825","0.073467","2.144638"
"100","80","44.469184","0.09561","0.065488","2.353624"
"110","80","43.308563","0.100792","0.056928","2.798084"
"120","80","42.206985","0.58812","0.01484","2.699177"
"130","80","41.160055","0.651106","0.014988","2.183967"
"140","80","40.163805","0.696074","0.015257","1.947529"
"150","80","39.214643","0.731152","0.015575","1.80616"
"160","80","38.309306","0.759768","0.015919","1.710036"
"170","80","37.444829","0.783765","0.016277","1.639469"
"180","80","36.618506","0.80427","0.016644","1.584962"
"190","80","35.827866","0.822035","0.017017","1.541307"
"200","80","35.070646","0.837589","0.017393","1.505388"
"210","80","34.344771","0.851325","0.017772","1.475207"
"220","80","33.648334","0.863538","0.018152","1.44942"
"230","80","32.979581","0.874461","0.018533","1.427083"
"240","80","32.336892","0.884279","0.018914","1.407512"
"250","80","31.718773","0.893142","0.019295","1.390197"
"260","80","31.123841","0.901173","0.019675","1.374748"
"270","80","30.550817","0.908475","0.020055","1.360865"
"280","80","29.99851","0.915134","0.020434","1.348308"
"290","80","29.465819","0.921224","0.020812","1.336886"
"300","80","28.951716","0.926807","0.02119","1.326442"
"310","80","28.455245","0.931936","0.021566","1.31685"
"320","80","27.975514","0.93666","0.021941","1.308002"
"330","80","27.51169","0.941018","0.022316","1.29981"
"340","80","27.062996","0.945045","0.022689","1.2922"
"350","80","26.628703","0.948774","0.023061","1.285107"
"360","80","26.208128","0.952232","0.023431","1.278477"
"370","80","25.800631","0.955443","0.023801","1.272263"
"380","80","25.405613","0.958429","0.024169","1.266424"
"390","80","25.022508","0.961209","0.024537","1.260926"
"400","80","24.650785","0.963801","0.024903","1.255736"
"410","80","24.289945","0.96622","0.025269","1.250827"
"420","80","23.939517","0.968481","0.025633","1.246177"
"-70","90","91.764425","0.126083","0.492448","1.431718"
"-60","90","87.459268","0.121973","0.406476","1.461999"
"-50","90","83.539964","0.118354","0.34219","1.491323"
"-40","90","79.956864","0.115166","0.293026","1.519036"
"-30","90","76.668488","0.112361","0.254583","1.545275"
"-20","90","73.639909","0.1099","0.223862","1.570566"
"-10","90","70.841508","0.107753","0.198793","1.595607"
"0","90","68.248006","0.105901","0.177927","1.621177"
"10","90","65.837694","0.104328","0.160238","1.648117"
"20","90","63.591823","0.10303","0.144992","1.677352"
"30","90","61.494121","0.102008","0.131653","1.70996"
"40","90","59.530394","0.101275","0.119822","1.747285"
"50","90","57.688203","0.100854","0.109196","1.79113"
"60","90","55.956605","0.100787","0.099535","1.844088"
"70","90","54.32593","0.101145","0.090636","1.910198"
"80","90","52.787606","0.102043","0.082317","1.996332"
"90","90","51.334002","0.103689","0.074385","2.115717"
"100","90","49.958309","0.106494","0.066589","2.299076"
"110","90","48.654425","0.111472","0.058466","2.646805"
"120","90","47.416871","0.476203","0.016185","4.96642"
"130","90","46.240712","0.583162","0.015647","2.69966"
"140","90","45.121488","0.644301","0.015717","2.208339"
"150","90","44.055165","0.688801","0.015935","1.971901"
"160","90","43.038077","0.723861","0.016218","1.827808"
"170","90","42.066891","0.752652","0.016534","1.728872"
"180","90","41.13857","0.776913","0.016871","1.655844"
"190","90","40.250336","0.797725","0.017221","1.599255"
"200","90","39.399647","0.815815","0.017579","1.553851"
"210","90","38.584172","0.831698","0.017944","1.516455"
"220","90","37.80177","0.845759","0.018311","1.485018"
"230","90","37.050468","0.858289","0.018682","1.458156"
"240","90","36.328448","0.869518","0.019054","1.434891"
"250","90","35.63403","0.87963","0.019428","1.414514"
"260","90","34.965662","0.888773","0.019802","1.396494"
"270","90","34.321905","0.897072","0.020176","1.380426"
"280","90","33.701424","0.904628","0.02055","1.365995"
"290","90","33.10298","0.911529","0.020924","1.352952"
"300","90","32.525417","0.917848","0.021298","1.341096"
"310","90","31.967663","0.923648","0.021671","1.330264"
"320","90","31.428716","0.928983","0.022043","1.320322"
"330","90","30.90764","0.933902","0.022414","1.31116"
"340","90","30.40356","0.938444","0.022784","1.302685"
"350","90","29.915659","0.942646","0.023154","1.294817"
"360","90","29.44317","0.946541","0.023522","1.287491"
"370","90","28.985373","0.950155","0.02389","1.280648"
"380","90","28.541595","0.953515","0.024256","1.274241"
"390","90","28.111201","0.956641","0.024622","1.268225"
"400","90","27.693594","0.959555","0.024986","1.262564"
"410","90","27.288213","0.962273","0.02535","1.257226"
"420","90","26.894529","0.964812","0.025713","1.252182"
"-70","100","101.84696","0.139871","0.494353","1.429455"
"-60","100","97.068777","0.135305","0.408136","1.459828"
"-50","100","92.718843","0.131282","0.343648","1.489176"
"-40","100","88.742054","0.127738","0.294317","1.516854"
"-30","100","85.09237","0.124617","0.255738","1.543002"
"-20","100","81.731028","0.121877","0.224908","1.568142"
"-10","100","78.625156","0.119485","0.19975","1.592966"
"0","100","75.746695","0.117418","0.178812","1.618241"
"10","100","73.071552","0.115659","0.161067","1.644787"
"20","100","70.578918","0.114201","0.145778","1.673497"
"30","100","68.250733","0.113046","0.132408","1.705401"
"40","100","66.071243","0.112204","0.120558","1.741764"
"50","100","64.026643","0.111702","0.109925","1.784255"
"60","100","62.104787","0.11158","0.100269","1.835239"
"70","100","60.294943","0.111908","0.091393","1.898313"
"80","100","58.587597","0.112802","0.083119","1.979433"
"90","100","56.97428","0.114462","0.07527","2.089591"
"100","100","55.447434","0.117269","0.067625","2.252663"
"110","100","54.000287","0.122082","0.059829","2.53704"
"120","100","52.626758","0.131785","0.050901","3.301118"
"130","100","51.321369","0.493932","0.016932","4.07795"
"140","100","50.079172","0.585282","0.016422","2.637016"
"150","100","48.895687","0.642873","0.016437","2.202275"
"160","100","47.766847","0.685907","0.016612","1.977952"
"170","100","46.688954","0.720273","0.016862","1.836989"
"180","100","45.658634","0.748738","0.017153","1.738569"
"190","100","44.672805","0.772874","0.017469","1.665178"
"200","100","43.728648","0.793679","0.017802","1.607934"
"210","100","42.823574","0.811833","0.018146","1.5618"
"220","100","41.955206","0.827826","0.018497","1.523686"
"230","100","41.121355","0.842023","0.018854","1.491579"
"240","100","40.320004","0.854707","0.019215","1.464101"
"250","100","39.549288","0.866099","0.019579","1.440278"
"260","100","38.807484","0.876378","0.019945","1.419398"
"270","100","38.092994","0.885691","0.020312","1.400924"
"280","100","37.404339","0.894157","0.02068","1.384447"
"290","100","36.74014","0.901878","0.021048","1.369647"
"300","100","36.099119","0.90894","0.021416","1.35627"
"310","100","35.480082","0.915415","0.021785","1.344112"
"320","100","34.881918","0.921366","0.022153","1.333007"
"330","100","34.303589","0.926847","0.02252","1.322817"
"340","100","33.744124","0.931905","0.022887","1.313429"
"350","100","33.202615","0.936582","0.023254","1.304747"
"360","100","32.678212","0.940913","0.023619","1.296692"
"370","100","32.170116","0.944931","0.023984","1.289193"
"380","100","31.677578","0.948663","0.024348","1.282194"
"390","100","31.199894","0.952135","0.024712","1.275642"
"400","100","30.736403","0.95537","0.025074","1.269494"
"410","100","30.286482","0.958386","0.025436","1.263712"
"420","100","29.849542","0.961202","0.025797","1.258262"
"-70","110","111.929494","0.153648","0.496256","1.427217"
"-60","110","106.678286","0.148623","0.409793","1.457681"
"-50","110","101.897722","0.144196","0.345103","1.487053"
"-40","110","97.527243","0.140294","0.295606","1.514696"
"-30","110","93.516252","0.136856","0.256891","1.540754"
"-20","110","89.822148","0.133836","0.22595","1.565747"
"-10","110","86.408804","0.131197","0.200703","1.590359"
"0","110","83.245384","0.128912","0.179694","1.615348"
"10","110","80.30541","0.126964","0.161892","1.641511"
"20","110","77.566013","0.125344","0.14656","1.669715"
"30","110","75.007345","0.124052","0.133158","1.700943"
"40","110","72.612092","0.123099","0.121288","1.736386"
"50","110","70.365084","0.122509","0.110646","1.777596"
"60","110","68.252969","0.122324","0.100994","1.826732"
"70","110","66.263957","0.122614","0.092136","1.887013"
"80","110","64.387588","0.123493","0.083902","1.963626"
"90","110","62.614558","0.125152","0.076124","2.065794"
"100","110","60.936558","0.127945","0.068608","2.212411"
"110","110","59.346148","0.132615","0.061067","2.452153"
"120","110","57.836644","0.141261","0.052863","2.979661"
"130","110","56.402026","0.170649","0.039836","8.33973"
"140","110","55.036855","0.51419","0.017602","3.496947"
"150","110","53.736209","0.59223","0.017152","2.544388"
"160","110","52.495618","0.645543","0.017136","2.175051"
"170","110","51.311016","0.686506","0.017278","1.969644"
"180","110","50.178697","0.719713","0.017501","1.835832"
"190","110","49.095275","0.747486","0.017769","1.740447"
"200","110","48.057649","0.7712","0.018066","1.668377"
"210","110","47.062976","0.791752","0.018382","1.61166"
"220","110","46.108642","0.809763","0.018712","1.565664"
"230","110","45.192242","0.825687","0.019051","1.527489"
"240","110","44.31156","0.839867","0.019397","1.495221"
"250","110","43.464545","0.85257","0.019749","1.467533"
"260","110","42.649305","0.864006","0.020104","1.443481"
"270","110","41.864083","0.874348","0.020462","1.422367"
"280","110","41.107253","0.883735","0.020822","1.403663"
"290","110","40.3773","0.892284","0.021183","1.386967"
"300","110","39.67282","0.900094","0.021546","1.371958"
"310","110","38.992501","0.907247","0.021908","1.358386"
"320","110","38.335121","0.913816","0.022271","1.346045"
"330","110","37.699539","0.919861","0.022635","1.334769"
"340","110","37.084689","0.925436","0.022998","1.324422"
"350","110","36.489572","0.930587","0.02336","1.314887"
"360","110","35.913254","0.935355","0.023723","1.30607"
"370","110","35.354858","0.939775","0.024085","1.297889"
"380","110","34.81356","0.943879","0.024446","1.290275"
"390","110","34.288587","0.947696","0.024807","1.283168"
"400","110","33.779212","0.951249","0.025167","1.276517"
"410","110","33.28475","0.954562","0.025527","1.270277"
"420","110","32.804554","0.957654","0.025885","1.26441"
"-70","120","122.012029","0.167412","0.498157","1.425003"
"-60","120","116.287796","0.161928","0.411449","1.455556"
"-50","120","111.076602","0.157096","0.346555","1.484952"
"-40","120","106.312433","0.152835","0.296892","1.512562"
"-30","120","101.940134","0.149079","0.258041","1.538532"
"-20","120","97.913268","0.145777","0.22699","1.563381"
"-10","120","94.192452","0.142889","0.201653","1.587787"
"0","120","90.744074","0.140385","0.180572","1.612496"
"10","120","87.539268","0.138246","0.162714","1.638288"
"20","120","84.553108","0.13646","0.147337","1.666003"
"30","120","81.763957","0.135028","0.133903","1.696579"
"40","120","79.152942","0.133959","0.122011","1.731144"
"50","120","76.703524","0.133276","0.111359","1.77114"
"60","120","74.401152","0.133023","0.101708","1.818544"
"70","120","72.23297","0.133266","0.092867","1.876246"
"80","120","70.187579","0.134119","0.084668","1.948786"
"90","120","68.254836","0.135764","0.076951","2.043969"
"100","120","66.425683","0.138529","0.069544","2.176972"
"110","120","64.69201","0.143068","0.062209","2.383616"
"120","120","63.046531","0.151005","0.054495","2.782515"
"130","120","61.482683","0.1694","0.04478","4.261531"
"140","120","59.994539","0.416096","0.020136","6.299406"
"150","120","58.576731","0.534964","0.018222","3.104943"
"160","120","57.224388","0.602289","0.017838","2.443392"
"170","120","55.933078","0.651218","0.017808","2.13506"
"180","120","54.698761","0.689813","0.017927","1.951052"
"190","120","53.517745","0.721575","0.018128","1.826667"
"200","120","52.38665","0.748407","0.018376","1.735995"
"210","120","51.302377","0.771487","0.018656","1.666468"
"220","120","50.262078","0.791601","0.018958","1.611187"
"230","120","49.26313","0.809309","0.019275","1.566017"
"240","120","48.303115","0.825024","0.019603","1.528318"
"250","120","47.379803","0.839064","0.019939","1.496312"
"260","120","46.491126","0.851677","0.020281","1.468758"
"270","120","45.635172","0.86306","0.020628","1.444755"
"280","120","44.810167","0.873377","0.020978","1.423639"
"290","120","44.014461","0.88276","0.021331","1.404901"
"300","120","43.246521","0.891322","0.021686","1.388148"
"310","120","42.504919","0.899157","0.022042","1.373072"
"320","120","41.788323","0.906344","0.0224","1.359425"
"330","120","41.095488","0.912954","0.022758","1.347006"
"340","120","40.425253","0.919045","0.023116","1.335652"
"350","120","39.776528","0.924669","0.023474","1.325227"
"360","120","39.148296","0.929872","0.023833","1.315617"
"370","120","38.5396","0.934693","0.024191","1.306727"
"380","120","37.949542","0.939167","0.024549","1.298477"
"390","120","37.377281","0.943326","0.024907","1.290796"
"400","120","36.822021","0.947197","0.025265","1.283627"
"410","120","36.283018","0.950804","0.025621","1.276917"
"420","120","35.759567","0.95417","0.025978","1.270622"
"-70","130","132.094564","0.181163","0.500056","1.422812"
"-60","130","125.897305","0.17522","0.413102","1.453453"
"-50","130","120.255481","0.169981","0.348005","1.482873"
"-40","130","115.097622","0.16536","0.298175","1.510451"
"-30","130","110.364016","0.161285","0.259188","1.536335"
"-20","130","106.004387","0.1577","0.228026","1.561043"
"-10","130","101.9761","0.154561","0.2026","1.585248"
"0","130","98.242763","0.151836","0.181447","1.609684"
"10","130","94.773126","0.149503","0.163531","1.635117"
"20","130","91.540203","0.14755","0.14811","1.662358"
"30","130","88.520569","0.145974","0.134643","1.692308"
"40","130","85.693791","0.144785","0.122729","1.726032"
"50","130","83.041964","0.144005","0.112065","1.764876"
"60","130","80.549334","0.143677","0.102414","1.810653"
"70","130","78.201983","0.143866","0.093586","1.865965"
"80","130","75.987571","0.144683","0.085416","1.934807"
"90","130","73.895114","0.146302","0.077754","2.023829"
"100","130","71.914808","0.149029","0.07044","2.145384"
"110","130","70.037872","0.153442","0.063275","2.326535"
"120","130","68.256418","0.160852","0.055919","2.645004"
"130","130","66.56334","0.175576","0.047471","3.478765"
"140","130","64.952222","0.254123","0.030689","12.946846"
"150","130","63.417253","0.467614","0.019971","4.169278"
"160","130","61.953158","0.555522","0.018804","2.825195"
"170","130","60.555141","0.614273","0.018484","2.344917"
"180","130","59.218825","0.659031","0.018451","2.088522"
"190","130","57.940215","0.695171","0.018556","1.925686"
"200","130","56.715652","0.725339","0.01874","1.811661"
"210","130","55.541779","0.751077","0.018973","1.726659"
"220","130","54.415514","0.773376","0.019238","1.660477"
"230","130","53.334017","0.792921","0.019527","1.607274"
"240","130","52.294671","0.810207","0.019832","1.563445"
"250","130","51.29506","0.825607","0.020149","1.526635"
"260","130","50.332947","0.839411","0.020476","1.495228"
"270","130","49.406261","0.851847","0.020809","1.468082"
"280","130","48.513081","0.863099","0.021148","1.44436"
"290","130","47.651621","0.873321","0.021491","1.423434"
"300","130","46.820223","0.882637","0.021838","1.404824"
"310","130","46.017338","0.891153","0.022186","1.388155"
"320","130","45.241525","0.898959","0.022537","1.373131"
"330","130","44.491438","0.906132","0.022889","1.359513"
"340","130","43.765817","0.912737","0.023242","1.347107"
"350","130","43.063485","0.918833","0.023595","1.335753"
"360","130","42.383338","0.924469","0.023949","1.32532"
"370","130","41.724342","0.929689","0.024304","1.315697"
"380","130","41.085525","0.934531","0.024658","1.306789"
"390","130","40.465974","0.93903","0.025013","1.298518"
"400","130","39.86483","0.943216","0.025367","1.290816"
"410","130","39.281286","0.947115","0.025721","1.283623"
"420","130","38.714579","0.950753","0.026074","1.276889"
"-70","140","142.177098","0.194903","0.501953","1.420644"
"-60","140","135.506815","0.188498","0.414753","1.451373"
"-50","140","129.43436","0.182852","0.349453","1.480817"
"-40","140","123.882812","0.177869","0.299456","1.508363"
"-30","140","118.787899","0.173474","0.260333","1.534163"
"-20","140","114.095507","0.169604","0.22906","1.558733"
"-10","140","109.759747","0.166214","0.203544","1.582741"
"0","140","105.741452","0.163266","0.182318","1.606912"
"10","140","102.006984","0.160738","0.164345","1.631996"
"20","140","98.527298","0.158614","0.148879","1.658778"
"30","140","95.277181","0.156891","0.135378","1.688125"
"40","140","92.23464","0.155578","0.123441","1.721044"
"50","140","89.380404","0.154697","0.112764","1.758793"
"60","140","86.697516","0.154288","0.103111","1.803039"
"70","140","84.170997","0.154416","0.094293","1.856131"
"80","140","81.787562","0.155188","0.08615","1.921599"
"90","140","79.535392","0.156771","0.078535","2.005148"
"100","140","77.403933","0.15945","0.071302","2.116944"
"110","140","75.383734","0.163741","0.064277","2.277874"
"120","140","73.466304","0.170731","0.057196","2.541519"
"130","140","71.643997","0.183419","0.049485","3.108622"
"140","140","69.909906","0.218007","0.038785","5.646669"
"150","140","68.257775","0.385419","0.023283","6.380023"
"160","140","66.681929","0.504536","0.020176","3.392758"
"170","140","65.177203","0.575569","0.019356","2.615367"
"180","140","63.738889","0.627391","0.019094","2.253452"
"190","140","62.362685","0.668326","0.019067","2.039546"
"200","140","61.044653","0.70205","0.019164","1.896269"
"210","140","59.781181","0.730572","0.019336","1.792647"
"220","140","58.56895","0.755131","0.019557","1.713727"
"230","140","57.404904","0.77656","0.01981","1.651344"
"240","140","56.286227","0.795446","0.020087","1.600634"
"250","140","55.210317","0.812226","0.020382","1.558503"
"260","140","54.174768","0.827232","0.02069","1.522882"
"270","140","53.17735","0.840727","0.021008","1.492329"
"280","140","52.215995","0.85292","0.021333","1.465806"
"290","140","51.288782","0.86398","0.021665","1.442545"
"300","140","50.393924","0.87405","0.022001","1.421965"
"310","140","49.529757","0.883247","0.022341","1.403616"
"320","140","48.694727","0.89167","0.022684","1.387145"
"330","140","47.887387","0.899404","0.023029","1.372273"
"340","140","47.106381","0.906521","0.023376","1.35877"
"350","140","46.350441","0.913086","0.023724","1.346453"
"360","140","45.61838","0.919153","0.024073","1.335168"
"370","140","44.909084","0.924768","0.024422","1.324787"
"380","140","44.221507","0.929976","0.024772","1.315202"
"390","140","43.554667","0.934812","0.025123","1.306324"
"400","140","42.907639","0.93931","0.025474","1.298075"
"410","140","42.279554","0.9435","0.025824","1.290388"
"420","140","41.669592","0.947406","0.026175","1.283207"
"-70","150","152.259633","0.20863","0.503848","1.418499"
"-60","150","145.116324","0.201763","0.416402","1.449314"
"-50","150","138.61324","0.195709","0.350898","1.478781"
"-40","150","132.668001","0.190364","0.300734","1.506297"
"-30","150","127.211781","0.185647","0.261475","1.532015"
"-20","150","122.186626","0.181491","0.230091","1.55645"
"-10","150","117.543395","0.177847","0.204485","1.580267"
"0","150","113.240141","0.174675","0.183186","1.604179"
"10","150","109.240842","0.171949","0.165155","1.628923"
"20","150","105.514393","0.169652","0.149644","1.655262"
"30","150","102.033793","0.16778","0.136109","1.684026"
"40","150","98.775489","0.16634","0.124148","1.716174"
"50","150","95.718844","0.165353","0.113457","1.752882"
"60","150","92.845698","0.164857","0.103801","1.795684"
"70","150","90.14001","0.164918","0.094991","1.846709"
"80","150","87.587553","0.165637","0.086869","1.909087"
"90","150","85.17567","0.167175","0.079296","1.987741"
"100","150","82.893058","0.169797","0.072133","2.09112"
"110","150","80.729595","0.173968","0.065227","2.235631"
"120","150","78.676191","0.180608","0.058364","2.45964"
"130","150","76.724654","0.191951","0.051148","2.882906"
"140","150","74.867589","0.216287","0.042429","4.107835"
"150","150","73.098297","0.307613","0.029128","7.319953"
"160","150","71.410699","0.449237","0.022202","4.227916"
"170","150","69.799265","0.535145","0.020494","2.965753"
"180","150","68.258953","0.594981","0.019885","2.451561"
"190","150","66.785155","0.641125","0.019674","2.17031"
"200","150","65.373654","0.678613","0.019657","1.99065"
"210","150","64.020583","0.710033","0.019751","1.864781"
"220","150","62.722386","0.736918","0.019915","1.771079"
"230","150","61.475791","0.760268","0.020126","1.698275"
"240","150","60.277783","0.780777","0.02037","1.639886"
"250","150","59.125575","0.798949","0.020638","1.591901"
"260","150","58.016589","0.815165","0.020924","1.551693"
"270","150","56.948439","0.829722","0.021224","1.517467"
"280","150","55.918909","0.842855","0.021534","1.487948"
"290","150","54.925942","0.854754","0.021852","1.462206"
"300","150","53.967625","0.865576","0.022176","1.439544"
"310","150","53.042175","0.87545","0.022506","1.41943"
"320","150","52.14793","0.884487","0.02284","1.401446"
"330","150","51.283337","0.892778","0.023177","1.385267"
"340","150","50.446945","0.900405","0.023517","1.370626"
"350","150","49.637398","0.907435","0.023859","1.357311"
"360","150","48.853422","0.913928","0.024202","1.345146"
"370","150","48.093826","0.919936","0.024547","1.333985"
"380","150","47.35749","0.925506","0.024892","1.323706"
"390","150","46.64336","0.930676","0.025239","1.314205"
"400","150","45.950449","0.935483","0.025585","1.305397"
"410","150","45.277822","0.939959","0.025933","1.297206"
"420","150","44.624604","0.944132","0.02628","1.289567"
"-70","160","162.342168","0.222345","0.50574","1.416376"
"-60","160","154.725833","0.215016","0.418048","1.447276"
"-50","160","147.792119","0.208552","0.352341","1.476768"
"-40","160","141.45319","0.202843","0.30201","1.504253"
"-30","160","135.635663","0.197803","0.262615","1.529891"
"-20","160","130.277746","0.193361","0.231119","1.554194"
"-10","160","125.327043","0.189461","0.205423","1.577823"
"0","160","120.73883","0.186063","0.184052","1.601484"
"10","160","116.4747","0.183137","0.165962","1.625897"
"20","160","112.501489","0.180665","0.150405","1.651806"
"30","160","108.790405","0.178641","0.136835","1.68001"
"40","160","105.316338","0.17707","0.124849","1.711419"
"50","160","102.057284","0.175973","0.114143","1.747133"
"60","160","98.993881","0.175386","0.104482","1.788572"
"70","160","96.109023","0.175374","0.095678","1.837667"
"80","160","93.387545","0.176033","0.087576","1.897205"
"90","160","90.815948","0.177517","0.080039","1.971456"
"100","160","88.382182","0.180074","0.072937","2.067501"
"110","160","86.075457","0.184125","0.066132","2.198423"
"120","160","83.886077","0.190461","0.059446","2.392516"
"130","160","81.805312","0.200826","0.052589","2.726724"
"140","160","79.825273","0.220394","0.04489","3.48937"
"150","160","77.938819","0.272986","0.034562","5.635119"
"160","160","76.13947","0.393453","0.025175","5.126116"
"170","160","74.421328","0.49349","0.021987","3.405433"
"180","160","72.779017","0.562014","0.020858","2.687272"
"190","160","71.207625","0.613709","0.020393","2.319597"
"200","160","69.702655","0.655131","0.020227","2.095408"
"210","160","68.259984","0.689537","0.020224","1.943277"
"220","160","66.875821","0.718796","0.020318","1.832591"
"230","160","65.546679","0.744094","0.020478","1.748059"
"240","160","64.269339","0.766238","0.020682","1.681168"
"250","160","63.040832","0.785808","0.020919","1.626783"
"260","160","61.85841","0.803236","0.021179","1.581616"
"270","160","60.719527","0.818854","0.021457","1.543452"
"280","160","59.621823","0.832924","0.021749","1.510747"
"290","160","58.563103","0.845658","0.022052","1.482382"
"300","160","57.541327","0.857227","0.022364","1.457532"
"310","160","56.554594","0.867774","0.022682","1.43557"
"320","160","55.601132","0.877419","0.023006","1.41601"
"330","160","54.679286","0.886264","0.023335","1.398474"
"340","160","53.787509","0.894394","0.023667","1.382656"
"350","160","52.924354","0.901885","0.024001","1.368312"
"360","160","52.088465","0.908801","0.024338","1.355241"
"370","160","51.278569","0.915197","0.024677","1.343279"
"380","160","50.493472","0.921124","0.025018","1.332288"
"390","160","49.732054","0.926625","0.025359","1.322151"
"400","160","48.993258","0.931738","0.025702","1.312772"
"410","160","48.276091","0.936497","0.026045","1.304067"
"420","160","47.579617","0.940932","0.026389","1.295964"
"-70","170","172.424702","0.236048","0.507631","1.414275"
"-60","170","164.335343","0.228255","0.419693","1.44526"
"-50","170","156.970998","0.22138","0.353782","1.474775"
"-40","170","150.23838","0.215308","0.303284","1.502231"
"-30","170","144.059545","0.209944","0.263752","1.52779"
"-20","170","138.368865","0.205213","0.232145","1.551965"
"-10","170","133.110691","0.201057","0.206358","1.575411"
"0","170","128.237519","0.197431","0.184914","1.598826"
"10","170","123.708558","0.194303","0.166765","1.622918"
"20","170","119.488584","0.191653","0.151162","1.648411"
"30","170","115.547017","0.189474","0.137557","1.676073"
"40","170","111.857188","0.18777","0.125546","1.706771"
"50","170","108.395724","0.186558","0.114824","1.741539"
"60","170","105.142063","0.185877","0.105156","1.781688"
"70","170","102.078037","0.185785","0.096356","1.828978"
"80","170","99.187536","0.186377","0.08827","1.885896"
"90","170","96.456225","0.1878","0.080764","1.956165"
"100","170","93.871307","0.190285","0.073716","2.045764"
"110","170","91.421319","0.194216","0.066998","2.165259"
"120","170","89.095964","0.200282","0.060459","2.336017"
"130","170","86.885969","0.209888","0.053876","2.610117"
"140","170","84.782956","0.226613","0.046814","3.147397"
"150","170","82.779341","0.262895","0.038288","4.437013"
"160","170","80.86824","0.34898","0.02889","5.287733"
"170","170","79.04339","0.452253","0.023928","3.884411"
"180","170","77.29908","0.528952","0.022051","2.958363"
"190","170","75.630095","0.586301","0.021243","2.487539"
"200","170","74.031657","0.631741","0.020884","2.210625"
"210","170","72.499386","0.669181","0.020758","2.028111"
"220","170","71.029257","0.700836","0.020769","1.898193"
"230","170","69.617566","0.728091","0.020867","1.800613"
"240","170","68.260895","0.751873","0.021025","1.724397"
"250","170","66.95609","0.772838","0.021224","1.663076"
"260","170","65.700231","0.791472","0.021455","1.612584"
"270","170","64.490616","0.808145","0.021709","1.570229"
"280","170","63.324737","0.823146","0.021981","1.534152"
"290","170","62.200263","0.836707","0.022267","1.503031"
"300","170","61.115028","0.849016","0.022564","1.475892"
"310","170","60.067012","0.86023","0.022869","1.452005"
"320","170","59.054334","0.870478","0.023182","1.43081"
"330","170","58.075235","0.879869","0.023501","1.41187"
"340","170","57.128074","0.888497","0.023824","1.394838"
"350","170","56.211311","0.896443","0.024151","1.379436"
"360","170","55.323507","0.903776","0.024481","1.365437"
"370","170","54.463311","0.910556","0.024814","1.352655"
"380","170","53.629455","0.916836","0.025149","1.340936"
"390","170","52.820747","0.922663","0.025485","1.330152"
"400","170","52.036067","0.928078","0.025823","1.320192"
"410","170","51.274359","0.933116","0.026162","1.310964"
"420","170","50.534629","0.937811","0.026502","1.302389"
"-70","180","182.507237","0.249739","0.509519","1.412197"
"-60","180","173.944852","0.241482","0.421335","1.443264"
"-50","180","166.149878","0.234196","0.35522","1.472803"
"-40","180","159.023569","0.227758","0.304555","1.500231"
"-30","180","152.483427","0.222069","0.264886","1.525712"
"-20","180","146.459985","0.217048","0.233168","1.549761"
"-10","180","140.894339","0.212634","0.20729","1.573028"
"0","180","135.736208","0.208778","0.185773","1.596203"
"10","180","130.942416","0.205447","0.167566","1.619983"
"20","180","126.475679","0.202617","0.151916","1.645073"
"30","180","122.303629","0.200281","0.138275","1.672213"
"40","180","118.398037","0.198439","0.126237","1.702228"
"50","180","114.734164","0.19711","0.115498","1.736092"
"60","180","111.290245","0.196329","0.105822","1.77502"
"70","180","108.04705","0.196152","0.097024","1.820617"
"80","180","104.987527","0.196672","0.088952","1.875111"
"90","180","102.096503","0.198027","0.081474","1.941761"
"100","180","99.360432","0.200434","0.074473","2.025652"
"110","180","96.76718","0.204244","0.06783","2.135409"
"120","180","94.305851","0.210064","0.061414","2.287482"
"130","180","91.966626","0.219054","0.055047","2.518523"
"140","180","89.740639","0.233851","0.048426","2.925625"
"150","180","87.619863","0.261969","0.040965","3.766664"
"160","180","85.597011","0.32288","0.032492","4.794472"
"170","180","83.665452","0.415024","0.026312","4.228854"
"180","180","81.819144","0.496688","0.023497","3.244527"
"190","180","80.052564","0.55925","0.022239","2.670733"
"200","180","78.360658","0.608632","0.021637","2.335346"
"210","180","76.738788","0.649082","0.021361","2.118856"
"220","180","75.182693","0.683121","0.02127","1.967624"
"230","180","73.688453","0.712321","0.021296","1.855751"
"240","180","72.252451","0.737727","0.021399","1.769432"
"250","180","70.871347","0.760075","0.021556","1.700668"
"260","180","69.542052","0.779903","0.021753","1.644509"
"270","180","68.261705","0.797619","0.021979","1.597723"
"280","180","67.027651","0.81354","0.022228","1.558105"
"290","180","65.837424","0.827918","0.022495","1.524102"
"300","180","64.688729","0.840959","0.022776","1.494581"
"310","180","63.579431","0.85283","0.023067","1.4687"
"320","180","62.507536","0.863671","0.023368","1.445816"
"330","180","61.471185","0.873602","0.023676","1.425431"
"340","180","60.468638","0.882721","0.02399","1.407152"
"350","180","59.498267","0.891116","0.024308","1.390665"
"360","180","58.558549","0.89886","0.024631","1.375717"
"370","180","57.648053","0.906018","0.024957","1.362099"
"380","180","56.765437","0.912646","0.025285","1.34964"
"390","180","55.90944","0.918794","0.025616","1.338195"
"400","180","55.078876","0.924505","0.025949","1.327645"
"410","180","54.272627","0.929819","0.026283","1.317888"
"420","180","53.489642","0.934769","0.026619","1.308836"
"-70","190","192.589772","0.263418","0.511406","1.41014"
"-60","190","183.554361","0.254695","0.422975","1.441289"
"-50","190","175.328757","0.246997","0.356657","1.470851"
"-40","190","167.808759","0.240193","0.305824","1.498251"
"-30","190","160.907309","0.234177","0.266018","1.523657"
"-20","190","154.551105","0.228866","0.234189","1.547582"
"-10","190","148.677986","0.224192","0.20822","1.570674"
"0","190","143.234897","0.220105","0.186629","1.593617"
"10","190","138.176274","0.216568","0.168362","1.617093"
"20","190","133.462774","0.213558","0.152665","1.64179"
"30","190","129.060241","0.211061","0.138988","1.668426"
"40","190","124.938886","0.20908","0.126924","1.697786"
"50","190","121.072604","0.20763","0.116167","1.730785"
"60","190","117.438427","0.206744","0.106482","1.768555"
"70","190","114.016063","0.206478","0.097685","1.812562"
"80","190","110.787518","0.206919","0.089623","1.864806"
"90","190","107.736781","0.2082","0.08217","1.928154"
"100","190","104.849557","0.210523","0.07521","2.006955"
"110","190","102.113042","0.214212","0.068633","2.108317"
"120","190","99.515737","0.219803","0.062321","2.245112"
"130","190","97.047283","0.228275","0.056128","2.443924"
"140","190","94.698323","0.241659","0.049832","2.767559"
"150","190","92.460385","0.264959","0.043055","3.362939"
"160","190","90.325781","0.310438","0.035523","4.227984"
"170","190","88.287515","0.385993","0.028941","4.275636"
"180","190","86.339208","0.466696","0.025199","3.495402"
"190","190","84.475034","0.533089","0.023396","2.859129"
"200","190","82.689659","0.586056","0.022494","2.466799"
"210","190","80.978189","0.629389","0.022036","2.214442"
"220","190","79.336129","0.665747","0.021825","2.040348"
"230","190","77.75934","0.69685","0.021766","1.913153"
"240","190","76.244007","0.723851","0.021806","1.816058"
"250","190","74.786604","0.747558","0.021915","1.739404"
"260","190","73.383873","0.76856","0.022074","1.677274"
"270","190","72.032794","0.787301","0.022269","1.625843"
"280","190","70.730565","0.804126","0.022493","1.582533"
"290","190","69.474584","0.819307","0.022738","1.545537"
"300","190","68.262431","0.833067","0.023","1.513552"
"310","190","67.09185","0.845584","0.023276","1.485614"
"320","190","65.960739","0.85701","0.023563","1.460994"
"330","190","64.867134","0.867471","0.02386","1.439127"
"340","190","63.809202","0.877073","0.024163","1.419573"
"350","190","62.785224","0.885909","0.024472","1.40198"
"360","190","61.793591","0.894057","0.024787","1.386064"
"370","190","60.832795","0.901587","0.025105","1.371596"
"380","190","59.901419","0.908557","0.025427","1.358384"
"390","190","58.998133","0.915021","0.025752","1.346271"
"400","190","58.121685","0.921024","0.026079","1.335124"
"410","190","57.270895","0.926608","0.026409","1.324831"
"420","190","56.444654","0.931809","0.02674","1.315296"
"-70","200","202.672306","0.277085","0.51329","1.408104"
"-60","200","193.163871","0.267896","0.424613","1.439335"
"-50","200","184.507636","0.259785","0.35809","1.468919"
"-40","200","176.593948","0.252613","0.307091","1.496292"
"-30","200","169.331191","0.246271","0.267148","1.521624"
"-20","200","162.642224","0.240667","0.235207","1.545429"
"-10","200","156.461634","0.235733","0.209147","1.56835"
"0","200","150.733586","0.231413","0.187482","1.591064"
"10","200","145.410133","0.227669","0.169156","1.614245"
"20","200","140.449869","0.224474","0.153412","1.638563"
"30","200","135.816853","0.221815","0.139697","1.66471"
"40","200","131.479735","0.219691","0.127606","1.693439"
"50","200","127.411045","0.218117","0.11683","1.725612"
"60","200","123.58661","0.217123","0.107136","1.762282"
"70","200","119.985077","0.216763","0.098337","1.804791"
"80","200","116.58751","0.217121","0.090285","1.854943"
"90","200","113.377059","0.218322","0.082852","1.915267"
"100","200","110.338682","0.220556","0.075928","1.989501"
"110","200","107.458904","0.224122","0.069408","2.083553"
"120","200","104.725624","0.229498","0.063186","2.207634"
"130","200","102.12794","0.237522","0.057136","2.381498"
"140","200","99.656006","0.24981","0.05109","2.647679"
"150","200","97.300908","0.269926","0.044788","3.095756"
"160","200","95.054552","0.305908","0.037995","3.770458"
"170","200","92.909577","0.366518","0.031525","4.093667"
"180","200","90.859272","0.440799","0.027102","3.645497"
"190","200","88.897504","0.508553","0.024711","3.033553"
"200","200","87.01866","0.564347","0.023458","2.599479"
"210","200","85.217591","0.610283","0.022787","2.312861"
"220","200","83.489565","0.648827","0.022436","2.115447"
"230","200","81.830228","0.681757","0.022279","1.972317"
"240","200","80.235563","0.710301","0.022247","1.863966"
"250","200","78.701862","0.735328","0.022301","1.779076"
"260","200","77.225695","0.757474","0.022417","1.710729"
"270","200","75.803883","0.777216","0.022578","1.65448"
"280","200","74.433479","0.794924","0.022773","1.60735"
"290","200","73.111745","0.810892","0.022995","1.567268"
"300","200","71.836132","0.825355","0.023238","1.532751"
"310","200","70.604268","0.838505","0.023497","1.502705"
"320","200","69.413941","0.850504","0.023769","1.476308"
"330","200","68.263084","0.861484","0.024052","1.452929"
"340","200","67.149766","0.87156","0.024344","1.432076"
"350","200","66.07218","0.880828","0.024644","1.413357"
"360","200","65.028633","0.889373","0.024949","1.39646"
"370","200","64.017537","0.897267","0.02526","1.38113"
"380","200","63.037402","0.904573","0.025575","1.367157"
"390","200","62.086827","0.911347","0.025893","1.354368"
"400","200","61.164494","0.917637","0.026214","1.342617"
"410","200","60.269163","0.923487","0.026538","1.331783"
"420","200","59.399667","0.928935","0.026864","1.321762"
"-70","210","212.754841","0.290741","0.515173","1.406089"
"-60","210","202.77338","0.281085","0.426248","1.4374"
"-50","210","193.686516","0.272559","0.359522","1.467008"
"-40","210","185.379138","0.26502","0.308355","1.494354"
"-30","210","177.755073","0.258348","0.268275","1.519614"
"-20","210","170.733344","0.252452","0.236222","1.5433"
"-10","210","164.245282","0.247255","0.210071","1.566054"
"0","210","158.232275","0.242701","0.188332","1.588546"
"10","210","152.643991","0.238748","0.169946","1.611438"
"20","210","147.436964","0.235368","0.154154","1.635388"
"30","210","142.573465","0.232544","0.140403","1.661063"
"40","210","138.020584","0.230275","0.128283","1.689185"
"50","210","133.749485","0.228573","0.117488","1.720567"
"60","210","129.734792","0.227467","0.107783","1.75619"
"70","210","125.95409","0.227009","0.098982","1.797288"
"80","210","122.387501","0.227278","0.090936","1.845489"
"90","210","119.017337","0.228394","0.083521","1.903031"
"100","210","115.827806","0.230535","0.076629","1.973146"
"110","210","112.804766","0.233976","0.070159","2.060779"
"120","210","109.935511","0.239149","0.064014","2.174125"
"130","210","107.208597","0.246778","0.058085","2.328151"
"140","210","104.61369","0.25818","0.052237","2.552694"
"150","210","102.14143","0.276021","0.046282","2.905353"
"160","210","99.783322","0.305838","0.04004","3.429707"
"170","210","97.531639","0.354992","0.033886","3.831701"
"180","210","95.379336","0.420357","0.029096","3.666668"
"190","210","93.319974","0.486511","0.026165","3.168602"
"200","210","91.347661","0.543918","0.024529","2.724628"
"210","210","89.456993","0.59198","0.023614","2.410895"
"220","210","87.643001","0.63249","0.023103","2.191515"
"230","210","85.901115","0.667125","0.022835","2.032524"
"240","210","84.227119","0.697135","0.022723","1.912736"
"250","210","82.617119","0.723429","0.022716","1.819415"
"260","210","81.067516","0.746678","0.022784","1.744691"
"270","210","79.574972","0.767389","0.022907","1.683499"
"280","210","78.136393","0.785956","0.023071","1.632457"
"290","210","76.748905","0.802688","0.023267","1.58922"
"300","210","75.409833","0.817837","0.023487","1.552117"
"310","210","74.116687","0.831604","0.023728","1.519923"
"320","210","72.867143","0.844161","0.023984","1.491719"
"330","210","71.659033","0.855649","0.024254","1.466805"
"340","210","70.49033","0.866188","0.024534","1.444634"
"350","210","69.359137","0.87588","0.024822","1.424776"
"360","210","68.263675","0.884813","0.025118","1.406886"
"370","210","67.202279","0.893064","0.02542","1.390685"
"380","210","66.173384","0.900699","0.025727","1.375944"
"390","210","65.17552","0.907776","0.026039","1.362473"
"400","210","64.207303","0.914347","0.026354","1.350115"
"410","210","63.267432","0.920457","0.026672","1.338736"
"420","210","62.354679","0.926146","0.026993","1.328226"
"-70","220","222.837376","0.304385","0.517053","1.404094"
"-60","220","212.382889","0.294261","0.427882","1.435485"
"-50","220","202.865395","0.28532","0.360952","1.465115"
"-40","220","194.164327","0.277411","0.309617","1.492436"
"-30","220","186.178955","0.270411","0.2694","1.517624"
"-20","220","178.824463","0.26422","0.237235","1.541194"
"-10","220","172.02893","0.25876","0.210993","1.563785"
"0","220","165.730964","0.25397","0.189179","1.58606"
"10","220","159.877849","0.249807","0.170734","1.608673"
"20","220","154.424059","0.246238","0.154894","1.632264"
"30","220","149.330077","0.243248","0.141104","1.657483"
"40","220","144.561433","0.240831","0.128956","1.685019"
"50","220","140.087925","0.238998","0.118141","1.715644"
"60","220","135.882974","0.237778","0.108424","1.750271"
"70","220","131.923103","0.237218","0.099619","1.790036"
"80","220","128.187492","0.237394","0.091579","1.836412"
"90","220","124.657615","0.238419","0.084179","1.891389"
"100","220","121.316931","0.240463","0.077314","1.95777"
"110","220","118.150627","0.243778","0.070888","2.039723"
"120","220","115.145397","0.248756","0.06481","2.143889"
"130","220","112.289254","0.256028","0.058983","2.281797"
"140","220","109.571373","0.266693","0.053296","2.474955"
"150","220","106.981952","0.282815","0.047607","2.761968"
"160","220","104.512093","0.308384","0.041777","3.176849"
"170","220","102.153702","0.349146","0.035976","3.570854"
"180","220","99.899399","0.405594","0.031068","3.588646"
"190","220","97.742444","0.467747","0.027713","3.244112"
"200","220","95.676663","0.52523","0.025695","2.831152"
"210","220","93.696394","0.57473","0.024516","2.504029"
"220","220","91.796437","0.616882","0.023828","2.266575"
"230","220","89.972002","0.653047","0.023436","2.092792"
"240","220","88.218675","0.684417","0.023233","1.961822"
"250","220","86.532377","0.711906","0.023159","1.860087"
"260","220","84.909337","0.736207","0.023174","1.778938"
"270","220","83.346061","0.757848","0.023255","1.712748"
"280","220","81.839307","0.777242","0.023385","1.657742"
"290","220","80.386066","0.794713","0.023553","1.611308"
"300","220","78.983535","0.810526","0.02375","1.571585"
"310","220","77.629106","0.824893","0.02397","1.537216"
"320","220","76.320345","0.837993","0.024209","1.507186"
"330","220","75.054983","0.849975","0.024464","1.48072"
"340","220","73.830894","0.860964","0.024731","1.45722"
"350","220","72.646093","0.871069","0.025008","1.436213"
"360","220","71.498717","0.880381","0.025294","1.417323"
"370","220","70.387021","0.88898","0.025587","1.400245"
"380","220","69.309367","0.896936","0.025886","1.38473"
"390","220","68.264213","0.90431","0.02619","1.370574"
"400","220","67.250112","0.911156","0.026498","1.357606"
"410","220","66.2657","0.917521","0.02681","1.345681"
"420","220","65.309692","0.923447","0.027126","1.33468"
"-70","230","232.91991","0.318017","0.518932","1.40212"
"-60","230","221.992399","0.307424","0.429513","1.433589"
"-50","230","212.044274","0.298068","0.362379","1.463242"
"-40","230","202.949517","0.289789","0.310876","1.490538"
"-30","230","194.602837","0.282458","0.270523","1.515656"
"-20","230","186.915583","0.275971","0.238245","1.539113"
"-10","230","179.812578","0.270247","0.211912","1.561544"
"0","230","173.229653","0.26522","0.190024","1.583607"
"10","230","167.111707","0.260845","0.171518","1.605946"
"20","230","161.411154","0.257087","0.15563","1.62919"
"30","230","156.086689","0.253927","0.141802","1.653968"
"40","230","151.102283","0.251359","0.129625","1.680939"
"50","230","146.426365","0.249394","0.118789","1.710837"
"60","230","142.031157","0.248055","0.109059","1.744515"
"70","230","137.892117","0.247389","0.100249","1.783019"
"80","230","133.987483","0.247467","0.092212","1.827687"
"90","230","130.297893","0.248399","0.084825","1.880291"
"100","230","126.806056","0.250341","0.077985","1.943272"
"110","230","123.496489","0.253529","0.071598","2.020163"
"120","230","120.355284","0.258318","0.065578","2.116395"
"130","230","117.369911","0.265265","0.059838","2.240967"
"140","230","114.529057","0.2753","0.054284","2.409729"
"150","230","111.822474","0.290066","0.048803","2.649408"
"160","230","109.240863","0.31255","0.043288","2.985082"
"170","230","106.775764","0.347166","0.037813","3.340151"
"180","230","104.419463","0.395815","0.032937","3.459352"
"190","230","102.164914","0.452695","0.0293","3.256945"
"200","230","100.005664","0.508721","0.026936","2.908666"
"210","230","97.935796","0.5588","0.025486","2.58684"
"220","230","95.949873","0.60216","0.024606","2.338099"
"230","230","94.042889","0.639623","0.024079","2.151863"
"240","230","92.210231","0.672214","0.023778","2.010534"
"250","230","90.447634","0.700807","0.023629","1.900679"
"260","230","88.751158","0.726096","0.023587","1.813206"
"270","230","87.11715","0.748619","0.023622","1.742045"
"280","230","85.542221","0.768803","0.023716","1.683075"
"290","230","84.023226","0.786984","0.023853","1.633435"
"300","230","82.557236","0.803435","0.024025","1.591083"
"310","230","81.141524","0.818381","0.024223","1.55453"
"320","230","79.773548","0.832007","0.024444","1.522663"
"330","230","78.450932","0.844468","0.024682","1.494639"
"340","230","77.171459","0.855896","0.024935","1.469803"
"350","230","75.93305","0.866401","0.0252","1.447643"
"360","230","74.733759","0.876082","0.025475","1.427749"
"370","230","73.571764","0.88502","0.025758","1.409792"
"380","230","72.445349","0.89329","0.026049","1.393502"
"390","230","71.352906","0.900953","0.026345","1.37866"
"400","230","70.292921","0.908067","0.026647","1.36508"
"410","230","69.263968","0.914681","0.026952","1.352609"
"420","230","68.264704","0.920838","0.027262","1.341117"
"-70","240","243.002445","0.331637","0.520809","1.400166"
"-60","240","231.601908","0.320575","0.431143","1.431712"
"-50","240","221.223154","0.310802","0.363804","1.461388"
"-40","240","211.734706","0.302152","0.312134","1.488659"
"-30","240","203.026719","0.29449","0.271643","1.513709"
"-20","240","195.006702","0.287707","0.239254","1.537055"
"-10","240","187.596225","0.281716","0.212828","1.559329"
"0","240","180.728342","0.276452","0.190866","1.581185"
"10","240","174.345565","0.271862","0.1723","1.603259"
"20","240","168.398249","0.267913","0.156363","1.626165"
"30","240","162.843301","0.264582","0.142497","1.650515"
"40","240","157.643132","0.261862","0.13029","1.676942"
"50","240","152.764805","0.25976","0.119433","1.706142"
"60","240","148.179339","0.258299","0.109689","1.738914"
"70","240","143.86113","0.257524","0.100873","1.776225"
"80","240","139.787475","0.257501","0.092838","1.81929"
"90","240","135.938171","0.258334","0.085462","1.86969"
"100","240","132.295181","0.260171","0.078642","1.929564"
"110","240","128.842351","0.263231","0.072289","2.001919"
"120","240","125.56517","0.267836","0.06632","2.091228"
"130","240","122.450569","0.274484","0.060656","2.204599"
"140","240","119.48674","0.283968","0.055213","2.353919"
"150","240","116.662996","0.29763","0.0499","2.558173"
"160","240","113.969633","0.317774","0.044632","2.835597"
"170","240","111.397826","0.347807","0.039435","3.145466"
"180","240","108.939527","0.390008","0.034668","3.313167"
"190","240","106.587384","0.441335","0.030872","3.220105"
"200","240","104.334665","0.494708","0.028224","2.951475"
"210","240","102.175198","0.544442","0.026513","2.653981"
"220","240","100.103309","0.588489","0.025435","2.403186"
"230","240","98.113777","0.626958","0.024763","2.20823"
"240","240","96.201786","0.660595","0.024356","2.058049"
"250","240","94.362892","0.690181","0.024127","1.940708"
"260","240","92.592979","0.71638","0.024023","1.84719"
"270","240","90.888238","0.739729","0.024009","1.771186"
"280","240","89.245136","0.760659","0.024063","1.708315"
"290","240","87.660387","0.779515","0.024167","1.6555"
"300","240","86.130937","0.796579","0.024312","1.610533"
"310","240","84.653943","0.812081","0.024487","1.571802"
"320","240","83.22675","0.826213","0.024688","1.538104"
"330","240","81.846882","0.839137","0.02491","1.508523"
"340","240","80.512023","0.850988","0.025148","1.482354"
"350","240","79.220006","0.861882","0.0254","1.459041"
"360","240","77.968802","0.87192","0.025663","1.438144"
"370","240","76.756506","0.881189","0.025936","1.419308"
"380","240","75.581332","0.889763","0.026217","1.402245"
"390","240","74.4416","0.897708","0.026505","1.386717"
"400","240","73.33573","0.905083","0.026799","1.372527"
"410","240","72.262236","0.911939","0.027098","1.35951"
"420","240","71.219717","0.918321","0.027402","1.347527"
"-70","250","253.08498","0.345246","0.522683","1.398232"
"-60","250","241.211417","0.333714","0.43277","1.429854"
"-50","250","230.402033","0.323524","0.365227","1.459552"
"-40","250","220.519896","0.314502","0.313389","1.486799"
"-30","250","211.450601","0.306507","0.272761","1.511783"
"-20","250","203.097822","0.299426","0.240259","1.535019"
"-10","250","195.379873","0.293169","0.213742","1.557141"
"0","250","188.227031","0.287664","0.191705","1.578795"
"10","250","181.579423","0.28286","0.173078","1.600609"
"20","250","175.385344","0.278717","0.157092","1.623187"
"30","250","169.599913","0.275213","0.143188","1.647122"
"40","250","164.183981","0.272338","0.130951","1.673025"
"50","250","159.103245","0.270098","0.120072","1.701554"
"60","250","154.327521","0.268513","0.110313","1.733461"
"70","250","149.830143","0.267624","0.10149","1.76964"
"80","250","145.587466","0.267497","0.093455","1.811197"
"90","250","141.578449","0.268227","0.086088","1.859549"
"100","250","137.784306","0.269956","0.079287","1.916572"
"110","250","134.188213","0.272885","0.072964","1.984839"
"120","250","130.775057","0.277312","0.06704","2.068058"
"130","250","127.531226","0.283679","0.06144","2.171897"
"140","250","124.444424","0.292675","0.056092","2.305402"
"150","250","121.503518","0.305413","0.050917","2.482336"
"160","250","118.698404","0.323716","0.045846","2.715959"
"170","250","116.019889","0.350251","0.040882","2.983752"
"180","250","113.459591","0.38723","0.036254","3.168548"
"190","250","111.009853","0.433308","0.032389","3.15194"
"200","250","108.663666","0.483319","0.029529","2.960574"
"210","250","106.414599","0.531863","0.027581","2.701558"
"220","250","104.256745","0.576022","0.026306","2.458943"
"230","250","102.184664","0.615156","0.025485","2.260231"
"240","250","100.193342","0.649633","0.024965","2.103425"
"250","250","98.278149","0.680077","0.024651","1.979615"
"260","250","96.4348","0.707096","0.024481","1.880543"
"270","250","94.659327","0.731205","0.024415","1.799944"
"280","250","92.94805","0.752832","0.024426","1.733304"
"290","250","91.297547","0.772325","0.024495","1.677387"
"300","250","89.704639","0.78997","0.024611","1.62985"
"310","250","88.166361","0.806002","0.024762","1.58897"
"320","250","86.679952","0.82062","0.024942","1.553458"
"330","250","85.242831","0.833988","0.025145","1.522334"
"340","250","83.852587","0.846247","0.025368","1.49484"
"350","250","82.506962","0.857517","0.025606","1.470381"
"360","250","81.203844","0.867901","0.025857","1.448487"
"370","250","79.941248","0.877488","0.026119","1.428777"
"380","250","78.717314","0.886358","0.026391","1.410944"
"390","250","77.530293","0.894576","0.02667","1.394733"
"400","250","76.378539","0.902205","0.026956","1.379935"
"410","250","75.260504","0.909297","0.027248","1.366375"
"420","250","74.174729","0.915898","0.027545","1.353904"
"-70","260","263.167514","0.358844","0.524556","1.396317"
"-60","260","250.820927","0.346841","0.434396","1.428015"
"-50","260","239.580912","0.336232","0.366648","1.457735"
"-40","260","229.305085","0.326837","0.314642","1.484958"
"-30","260","219.874483","0.31851","0.273877","1.509877"
"-20","260","211.188942","0.31113","0.241263","1.533007"
"-10","260","203.163521","0.304604","0.214654","1.554978"
"0","260","195.725721","0.298859","0.192542","1.576434"
"10","260","188.813281","0.293837","0.173854","1.597996"
"20","260","182.372439","0.2895","0.157819","1.620255"
"30","260","176.356525","0.285821","0.143875","1.643788"
"40","260","170.72483","0.282789","0.131608","1.669184"
"50","260","165.441685","0.280407","0.120706","1.697069"
"60","260","160.475703","0.278695","0.110932","1.72815"
"70","260","155.799157","0.27769","0.102101","1.763253"
"80","260","151.387457","0.277455","0.094065","1.80339"
"90","260","147.218727","0.278079","0.086705","1.849832"
"100","260","143.27343","0.279696","0.079919","1.90423"
"110","260","139.534074","0.282494","0.073622","1.968794"
"120","260","135.984944","0.286746","0.067738","2.046618"
"130","260","132.611883","0.292849","0.062196","2.142254"
"140","260","129.402107","0.301406","0.056928","2.262671"
"150","260","126.34404","0.313353","0.051868","2.418009"
"160","260","123.427174","0.330165","0.046957","2.617949"
"170","260","120.641951","0.353962","0.042186","2.849482"
"180","260","117.979655","0.386727","0.037703","3.034065"
"190","260","115.432323","0.428107","0.033831","3.067774"
"200","260","112.992667","0.474488","0.030823","2.942126"
"210","260","110.654001","0.521182","0.028674","2.728194"
"220","260","108.410181","0.56489","0.027212","2.503004"
"230","260","106.255551","0.604314","0.02624","2.306213"
"240","260","104.184898","0.639394","0.025604","2.145657"
"250","260","102.193406","0.670545","0.0252","2.016794"
"260","260","100.276621","0.698278","0.02496","1.912881"
"270","260","98.430416","0.723073","0.024838","1.828067"
"280","260","96.650964","0.745342","0.024804","1.75787"
"290","260","94.934708","0.765428","0.024837","1.698976"
"300","260","93.27834","0.78362","0.024922","1.648946"
"310","260","91.67878","0.800155","0.025047","1.605967"
"320","260","90.133154","0.815235","0.025205","1.568675"
"330","260","88.638781","0.829028","0.025389","1.536031"
"340","260","87.193151","0.841678","0.025595","1.507229"
"350","260","85.793919","0.853309","0.025818","1.481638"
"360","260","84.438886","0.864027","0.026057","1.458756"
"370","260","83.12599","0.873923","0.026308","1.43818"
"380","260","81.853296","0.883078","0.026569","1.419583"
"390","260","80.618986","0.891561","0.02684","1.402695"
"400","260","79.421348","0.899436","0.027118","1.387294"
"410","260","78.258773","0.906756","0.027402","1.373194"
"420","260","77.129742","0.913571","0.027692","1.360239"
"-70","270","273.250049","0.37243","0.526427","1.394422"
"-60","270","260.430436","0.359955","0.436019","1.426194"
"-50","270","248.759792","0.348927","0.368067","1.455936"
"-40","270","238.090274","0.339159","0.315893","1.483136"
"-30","270","228.298365","0.330497","0.27499","1.507991"
"-20","270","219.280061","0.322818","0.242264","1.531016"
"-10","270","210.947169","0.316023","0.215563","1.55284"
"0","270","203.22441","0.310035","0.193376","1.574104"
"10","270","196.047139","0.304795","0.174627","1.595419"
"20","270","189.359534","0.300262","0.158542","1.617368"
"30","270","183.113137","0.296406","0.144559","1.640511"
"40","270","177.265679","0.293215","0.132261","1.665417"
"50","270","171.780125","0.290689","0.121336","1.692683"
"60","270","166.623886","0.288847","0.111546","1.722972"
"70","270","161.76817","0.287723","0.102706","1.757054"
"80","270","157.187449","0.287376","0.094668","1.795851"
"90","270","152.859004","0.287892","0.087313","1.840508"
"100","270","148.762555","0.289394","0.080541","1.892482"
"110","270","144.879936","0.29206","0.074267","1.953678"
"120","270","141.19483","0.296139","0.068417","2.026689"
"130","270","137.69254","0.301992","0.062925","2.115199"
"140","270","134.359791","0.310148","0.057727","2.224625"
"150","270","131.184562","0.321406","0.052764","2.362534"
"160","270","128.155945","0.336982","0.047985","2.536029"
"170","270","125.264013","0.358582","0.043375","2.737224"
"180","270","122.499719","0.387931","0.03903","2.912919"
"190","270","119.854793","0.425218","0.035188","2.977832"
"200","270","117.321669","0.468002","0.032085","2.904159"
"210","270","114.893403","0.512424","0.029773","2.73518"
"220","270","112.563616","0.555183","0.028141","2.534004"
"230","270","110.326438","0.594517","0.027022","2.344749"
"240","270","108.176454","0.629945","0.026269","2.183754"
"250","270","106.108664","0.661631","0.025772","2.051609"
"260","270","104.118442","0.689962","0.025459","1.9438"
"270","270","102.201505","0.715359","0.025279","1.855288"
"280","270","100.353878","0.738207","0.025198","1.781831"
"290","270","98.571868","0.75884","0.025192","1.720139"
"300","270","96.852041","0.777541","0.025244","1.667727"
"310","270","95.191199","0.794549","0.025342","1.622722"
"320","270","93.586357","0.810066","0.025476","1.5837"
"330","270","92.03473","0.824264","0.025641","1.549571"
"340","270","90.533715","0.837288","0.025829","1.519487"
"350","270","89.080875","0.849265","0.026037","1.492783"
"360","270","87.673928","0.860303","0.026263","1.468929"
"370","270","86.310732","0.870495","0.026502","1.447499"
"380","270","84.989279","0.879926","0.026752","1.428148"
"390","270","83.707679","0.888665","0.027013","1.410591"
"400","270","82.464157","0.896778","0.027283","1.394593"
"410","270","81.257041","0.90432","0.02756","1.37996"
"420","270","80.084754","0.91134","0.027843","1.366525"
"-70","280","283.332584","0.386005","0.528296","1.392545"
"-60","280","270.039946","0.373057","0.43764","1.424391"
"-50","280","257.938671","0.36161","0.369484","1.454155"
"-40","280","246.875464","0.351467","0.317142","1.481333"
"-30","280","236.722247","0.34247","0.276101","1.506124"
"-20","280","227.371181","0.33449","0.243262","1.529047"
"-10","280","218.730817","0.327425","0.21647","1.550728"
"0","280","210.723099","0.321193","0.194208","1.571803"
"10","280","203.280997","0.315734","0.175397","1.592878"
"20","280","196.346629","0.311002","0.159263","1.614524"
"30","280","189.869749","0.306968","0.14524","1.63729"
"40","280","183.806528","0.303616","0.13291","1.661722"
"50","280","178.118565","0.300945","0.121962","1.688392"
"60","280","172.772068","0.29897","0.112156","1.717923"
"70","280","167.737183","0.297724","0.103305","1.751032"
"80","280","162.98744","0.297262","0.095264","1.788563"
"90","280","158.499282","0.297666","0.087913","1.831549"
"100","280","154.25168","0.299051","0.081152","1.881278"
"110","280","150.225798","0.301583","0.074898","1.939399"
"120","280","146.404717","0.305492","0.069079","2.008091"
"130","280","142.773197","0.311106","0.06363","2.090355"
"140","280","139.317474","0.318893","0.058493","2.190435"
"150","280","136.025084","0.329543","0.053612","2.314032"
"160","280","132.884715","0.34407","0.048944","2.466373"
"170","280","129.886076","0.363871","0.044469","2.642419"
"180","280","127.019782","0.390422","0.040249","2.805522"
"190","280","124.277263","0.424189","0.036458","2.88824"
"200","280","121.65067","0.463583","0.033302","2.853986"
"210","280","119.132804","0.505521","0.030865","2.725684"
"220","280","116.717052","0.54694","0.029083","2.551811"
"230","280","114.397326","0.585827","0.027825","2.374849"
"240","280","112.16801","0.621339","0.026955","2.216837"
"250","280","110.023921","0.653377","0.026365","2.083441"
"260","280","107.960263","0.682179","0.025976","1.972884"
"270","280","105.972594","0.708088","0.025736","1.881329"
"280","280","104.056792","0.731448","0.025605","1.804996"
"290","280","102.209028","0.752576","0.025558","1.74074"
"300","280","100.425743","0.771746","0.025577","1.686096"
"310","280","98.703617","0.789194","0.025646","1.639162"
"320","280","97.039559","0.805122","0.025757","1.598478"
"330","280","95.43068","0.819701","0.0259","1.562912"
"340","280","93.874279","0.833081","0.02607","1.531581"
"350","280","92.367832","0.845387","0.026263","1.50379"
"360","280","90.90897","0.856731","0.026474","1.478984"
"370","280","89.495474","0.867209","0.0267","1.456716"
"380","280","88.125261","0.876904","0.02694","1.436623"
"390","280","86.796372","0.88589","0.027191","1.418407"
"400","280","85.506966","0.894232","0.027452","1.401822"
"410","280","84.255309","0.901988","0.027721","1.386662"
"420","280","83.039767","0.909209","0.027996","1.372753"
"-70","290","293.415118","0.399569","0.530163","1.390687"
"-60","290","279.649455","0.386148","0.43926","1.422606"
"-50","290","267.11755","0.374279","0.370898","1.452392"
"-40","290","255.660653","0.363762","0.318389","1.479547"
"-30","290","245.146129","0.354429","0.27721","1.504277"
"-20","290","235.4623","0.346147","0.244259","1.527099"
"-10","290","226.514464","0.33881","0.217374","1.548639"
"0","290","218.221788","0.332334","0.195037","1.56953"
"10","290","210.514855","0.326654","0.176165","1.59037"
"20","290","203.333724","0.321723","0.15998","1.611723"
"30","290","196.626361","0.317508","0.145917","1.634122"
"40","290","190.347378","0.313993","0.133556","1.658097"
"50","290","184.457005","0.311173","0.122584","1.684192"
"60","290","178.92025","0.309064","0.11276","1.712997"
"70","290","173.706196","0.307693","0.103899","1.745178"
"80","290","168.787431","0.307114","0.095854","1.781512"
"90","290","164.13956","0.307402","0.088505","1.82293"
"100","290","159.740805","0.308668","0.081753","1.870574"
"110","290","155.571659","0.311065","0.075517","1.925875"
"120","290","151.614603","0.314807","0.069725","1.990674"
"130","290","147.853854","0.32019","0.064314","2.067423"
"140","290","144.275157","0.327634","0.059229","2.159468"
"150","290","140.865606","0.337739","0.05442","2.271133"
"160","290","137.613486","0.351362","0.049845","2.406272"
"170","290","134.508138","0.369662","0.045484","2.561469"
"180","290","131.539846","0.393894","0.041375","2.710959"
"190","290","128.699733","0.424648","0.037645","2.802422"
"200","290","125.979671","0.460932","0.034467","2.797189"
"210","290","123.372206","0.50034","0.031936","2.703608"
"220","290","120.870488","0.540149","0.030027","2.557413"
"230","290","118.468213","0.578279","0.028642","2.396101"
"240","290","116.159566","0.613619","0.027659","2.244238"
"250","290","113.939179","0.645821","0.026975","2.111735"
"260","290","111.802084","0.67496","0.02651","1.999735"
"270","290","109.743683","0.701281","0.026207","1.905913"
"280","290","107.759706","0.725081","0.026026","1.827171"
"290","290","105.846189","0.746649","0.025937","1.760642"
"300","290","103.999444","0.766244","0.02592","1.703952"
"310","290","102.216036","0.784098","0.02596","1.655214"
"320","290","100.492761","0.800408","0.026045","1.612953"
"330","290","98.826629","0.815346","0.026167","1.57601"
"340","290","97.214844","0.829061","0.026318","1.543477"
"350","290","95.654788","0.84168","0.026494","1.514632"
"360","290","94.144012","0.853316","0.026691","1.488899"
"370","290","92.680217","0.864066","0.026904","1.465812"
"380","290","91.261244","0.874015","0.027133","1.444994"
"390","290","89.885066","0.883238","0.027373","1.426132"
"400","290","88.549775","0.891801","0.027625","1.40897"
"410","290","87.253577","0.899763","0.027885","1.393291"
"420","290","85.994779","0.907176","0.028154","1.378916"
"-70","300","303.497653","0.413121","0.532028","1.388848"
"-60","300","289.258964","0.399226","0.440877","1.420838"
"-50","300","276.296429","0.386937","0.372311","1.450645"
"-40","300","264.445843","0.376043","0.319633","1.47778"
"-30","300","253.570011","0.366373","0.278317","1.502448"
"-20","300","243.55342","0.357789","0.245253","1.525172"
"-10","300","234.298112","0.350179","0.218276","1.546575"
"0","300","225.720477","0.343457","0.195863","1.567285"
"10","300","217.748714","0.337555","0.17693","1.587897"
"20","300","210.320819","0.332423","0.160695","1.608963"
"30","300","203.382973","0.328026","0.146592","1.631006"
"40","300","196.888227","0.324346","0.134199","1.654538"
"50","300","190.795446","0.321376","0.123202","1.68008"
"60","300","185.068432","0.319129","0.11336","1.708189"
"70","300","179.67521","0.317632","0.104488","1.739486"
"80","300","174.587422","0.316932","0.096437","1.774684"
"90","300","169.779838","0.317103","0.089089","1.814628"
"100","300","165.22993","0.318247","0.082345","1.860331"
"110","300","160.917521","0.320508","0.076125","1.913039"
"120","300","156.82449","0.324083","0.070356","1.97431"
"130","300","152.934511","0.329244","0.064979","2.046157"
"140","300","149.232841","0.336368","0.05994","2.131226"
"150","300","145.706128","0.345979","0.055193","2.232817"
"160","300","142.342256","0.358811","0.050697","2.353758"
"170","300","139.1302","0.375835","0.046433","2.491594"
"180","300","136.05991","0.398121","0.042421","2.627803"
"190","300","133.122203","0.426293","0.038756","2.722114"
"200","300","130.308672","0.459773","0.035575","2.737649"
"210","300","127.611608","0.496709","0.032978","2.67269"
"220","300","125.023924","0.534752","0.030965","2.552556"
"230","300","122.5391","0.571878","0.029465","2.40869"
"240","300","120.151122","0.606812","0.028375","2.265573"
"250","300","117.854436","0.638992","0.027599","2.136044"
"260","300","115.643906","0.668328","0.027058","2.023988"
"270","300","113.514772","0.69496","0.026692","1.928772"
"280","300","111.46262","0.719123","0.026459","1.848166"
"290","300","109.483349","0.741071","0.026327","1.779707"
"300","300","107.573145","0.761047","0.026273","1.721194"
"310","300","105.728454","0.779269","0.026283","1.670803"
"320","300","103.945963","0.795932","0.026341","1.627067"
"330","300","102.222579","0.811204","0.02644","1.588822"
"340","300","100.555408","0.825233","0.026572","1.555139"
"350","300","98.941745","0.838148","0.026731","1.525281"
"360","300","97.379054","0.850061","0.026913","1.498651"
"370","300","95.864959","0.86107","0.027113","1.47477"
"380","300","94.397226","0.871261","0.02733","1.453245"
"390","300","92.973759","0.88071","0.02756","1.433753"
"400","300","91.592584","0.889485","0.027801","1.416025"
"410","300","90.251845","0.897646","0.028053","1.39984"
"420","300","88.949792","0.905245","0.028314","1.385007"
"-70","310","313.580188","0.426662","0.533892","1.387027"
"-60","310","298.868474","0.412293","0.442492","1.419088"
"-50","310","285.475309","0.399581","0.373721","1.448916"
"-40","310","273.231032","0.38831","0.320876","1.47603"
"-30","310","261.993893","0.378303","0.279422","1.500639"
"-20","310","251.644539","0.369415","0.246245","1.523266"
"-10","310","242.08176","0.361532","0.219176","1.544534"
"0","310","233.219166","0.354563","0.196687","1.565068"
"10","310","224.982572","0.348438","0.177692","1.585456"
"20","310","217.307915","0.343103","0.161407","1.606244"
"30","310","210.139585","0.338523","0.147263","1.627941"
"40","310","203.429076","0.334675","0.134838","1.651044"
"50","310","197.133886","0.331554","0.123816","1.676052"
"60","310","191.216615","0.329167","0.113956","1.703493"
"70","310","185.644223","0.32754","0.105071","1.733945"
"80","310","180.387414","0.326718","0.097014","1.768067"
"90","310","175.420116","0.326768","0.089666","1.806623"
"100","310","170.719054","0.327788","0.082929","1.850516"
"110","310","166.263383","0.329912","0.076721","1.90083"
"120","310","162.034377","0.333323","0.070973","1.958891"
"130","310","158.015168","0.338269","0.065626","2.026352"
"140","310","154.190524","0.34509","0.060628","2.105317"
"150","310","150.54665","0.354249","0.055933","2.198303"
"160","310","147.071027","0.366379","0.051506","2.307375"
"170","310","143.752263","0.382303","0.047324","2.430656"
"180","310","140.579974","0.402936","0.043399","2.55453"
"190","310","137.544673","0.428888","0.039797","2.648011"
"200","310","134.637673","0.459861","0.036628","2.677925"
"210","310","131.851009","0.494449","0.033986","2.636041"
"220","310","129.17736","0.530659","0.031889","2.539306"
"230","310","126.609987","0.566602","0.030288","2.413304"
"240","310","124.142678","0.600927","0.0291","2.280777"
"250","310","121.769693","0.632909","0.028235","2.156073"
"260","310","119.485727","0.662303","0.027618","2.045347"
"270","310","117.285861","0.689141","0.027189","1.949665"
"280","310","115.165534","0.713587","0.026902","1.867798"
"290","310","113.12051","0.735855","0.026726","1.797802"
"300","310","111.146847","0.756162","0.026636","1.737725"
"310","310","109.240873","0.774715","0.026613","1.685854"
"320","310","107.399166","0.791699","0.026645","1.640766"
"330","310","105.618528","0.80728","0.026721","1.601303"
"340","310","103.895972","0.821602","0.026832","1.566534"
"350","310","102.228701","0.834794","0.026974","1.535709"
"360","310","100.614096","0.846968","0.02714","1.508219"
"370","310","99.049701","0.858222","0.027326","1.483572"
"380","310","97.533209","0.868643","0.027531","1.461362"
"390","310","96.062452","0.878309","0.02775","1.441257"
"400","310","94.635394","0.887287","0.027982","1.422979"
"410","310","93.250114","0.895637","0.028225","1.406298"
"420","310","91.904804","0.903415","0.028477","1.391018"
"-70","320","323.662722","0.440192","0.535753","1.385223"
"-60","320","308.477983","0.425347","0.444106","1.417355"
"-50","320","294.654188","0.412213","0.37513","1.447204"
"-40","320","282.016222","0.400565","0.322116","1.474297"
"-30","320","270.417775","0.390219","0.280525","1.498848"
"-20","320","259.735659","0.381027","0.247235","1.52138"
"-10","320","249.865408","0.372869","0.220074","1.542516"
"0","320","240.717855","0.365652","0.197509","1.562877"
"10","320","232.21643","0.359302","0.178452","1.583048"
"20","320","224.29501","0.353763","0.162117","1.603564"
"30","320","216.896197","0.348998","0.147931","1.624925"
"40","320","209.969925","0.344982","0.135474","1.647613"
"50","320","203.472326","0.341707","0.124426","1.672106"
"60","320","197.364797","0.339178","0.114547","1.698904"
"70","320","191.613236","0.33742","0.10565","1.72855"
"80","320","186.187405","0.336472","0.097586","1.761649"
"90","320","181.060394","0.3364","0.090236","1.798896"
"100","320","176.208179","0.337294","0.083504","1.841096"
"110","320","171.609245","0.339279","0.077307","1.889196"
"120","320","167.244263","0.342526","0.071577","1.944323"
"130","320","163.095826","0.347263","0.066257","2.007842"
"140","320","159.148208","0.353797","0.061294","2.081422"
"150","320","155.387173","0.362539","0.056646","2.166986"
"160","320","151.799797","0.37404","0.052278","2.26602"
"170","320","148.374325","0.389004","0.048167","2.377007"
"180","320","145.100038","0.408214","0.044317","2.489714"
"190","320","141.967143","0.432247","0.040775","2.580194"
"200","320","138.966675","0.460988","0.037627","2.619642"
"210","320","136.090411","0.493383","0.034956","2.596049"
"220","320","133.330796","0.527761","0.032793","2.519696"
"230","320","130.680875","0.562404","0.031106","2.410964"
"240","320","128.134234","0.595956","0.029828","2.29008"
"250","320","125.684951","0.627581","0.028879","2.171699"
"260","320","123.327548","0.6569","0.028188","2.063595"
"270","320","121.056949","0.683837","0.027696","1.968389"
"280","320","118.868448","0.708485","0.027356","1.885902"
"290","320","116.75767","0.731009","0.027135","1.814798"
"300","320","114.720548","0.751599","0.027007","1.753447"
"310","320","112.753292","0.770442","0.026952","1.700295"
"320","320","110.852368","0.787715","0.026956","1.653992"
"330","320","109.014477","0.803577","0.027008","1.613411"
"340","320","107.236536","0.81817","0.027098","1.577628"
"350","320","105.515658","0.83162","0.027222","1.54589"
"360","320","103.849139","0.844039","0.027372","1.517581"
"370","320","102.234443","0.855525","0.027544","1.492199"
"380","320","100.669191","0.866164","0.027736","1.46933"
"390","320","99.151145","0.876036","0.027944","1.448632"
"400","320","97.678203","0.885207","0.028165","1.429821"
"410","320","96.248382","0.893739","0.028399","1.412657"
"420","320","94.859817","0.901687","0.028643","1.396941"
"-70","330","333.745257","0.453711","0.537613","1.383438"
"-60","330","318.087492","0.43839","0.445717","1.415638"
"-50","330","303.833067","0.424832","0.376537","1.445509"
"-40","330","290.801411","0.412806","0.323355","1.472581"
"-30","330","278.841657","0.402121","0.281626","1.497075"
"-20","330","267.826779","0.392623","0.248223","1.519514"
"-10","330","257.649056","0.38419","0.220969","1.54052"
"0","330","248.216544","0.376724","0.198329","1.560713"
"10","330","239.450288","0.370148","0.179209","1.58067"
"20","330","231.282105","0.364404","0.162823","1.600922"
"30","330","223.652809","0.359452","0.148597","1.621957"
"40","330","216.510774","0.355266","0.136106","1.644243"
"50","330","209.810766","0.351835","0.125033","1.668239"
"60","330","203.512979","0.349163","0.115134","1.69442"
"70","330","197.58225","0.34727","0.106223","1.723294"
"80","330","191.987396","0.346195","0.098152","1.75542"
"90","330","186.700672","0.345998","0.0908","1.79143"
"100","330","181.697304","0.346764","0.084071","1.832044"
"110","330","176.955106","0.34861","0.077883","1.87809"
"120","330","172.45415","0.351695","0.07217","1.930528"
"130","330","168.176483","0.356228","0.066872","1.990483"
"140","330","164.105891","0.362488","0.061941","2.059282"
"150","330","160.227695","0.370842","0.057334","2.138386"
"160","330","156.528567","0.381773","0.053018","2.228844"
"170","330","152.996387","0.395887","0.048968","2.329367"
"180","330","149.620101","0.413861","0.045184","2.432097"
"190","330","146.389612","0.436224","0.041697","2.518394"
"200","330","143.295676","0.462981","0.038574","2.563778"
"210","330","140.329813","0.493349","0.035888","2.554462"
"220","330","137.484232","0.525942","0.033674","2.49552"
"230","330","134.751762","0.559221","0.031914","2.402843"
"240","330","132.12579","0.591875","0.030555","2.293953"
"250","330","129.600208","0.623004","0.029527","2.182973"
"260","330","127.169369","0.652124","0.028765","2.078617"
"270","330","124.828038","0.679059","0.028211","1.984791"
"280","330","122.571362","0.703827","0.027818","1.90234"
"290","330","120.394831","0.726543","0.027552","1.830583"
"300","330","118.294249","0.747364","0.027385","1.768271"
"310","330","116.26571","0.766457","0.027297","1.714055"
"320","330","114.30557","0.783985","0.027273","1.666692"
"330","330","112.410427","0.800101","0.027301","1.625104"
"340","330","110.5771","0.814942","0.02737","1.588388"
"350","330","108.802614","0.828631","0.027474","1.555798"
"360","330","107.084181","0.841277","0.027608","1.526716"
"370","330","105.419185","0.85298","0.027766","1.500635"
"380","330","103.805173","0.863826","0.027945","1.477135"
"390","330","102.239839","0.873891","0.028141","1.455867"
"400","330","100.721012","0.883246","0.028352","1.436541"
"410","330","99.24665","0.891952","0.028577","1.41891"
"420","330","97.814829","0.900063","0.028812","1.402771"
"-70","340","343.827792","0.46722","0.539471","1.38167"
"-60","340","327.697002","0.451422","0.447327","1.413939"
"-50","340","313.011947","0.43744","0.377941","1.44383"
"-40","340","299.586601","0.425034","0.324591","1.470883"
"-30","340","287.265539","0.414009","0.282724","1.49532"
"-20","340","275.917898","0.404205","0.249209","1.517667"
"-10","340","265.432703","0.395496","0.221862","1.538547"
"0","340","255.715233","0.387779","0.199146","1.558575"
"10","340","246.684146","0.380976","0.179964","1.578324"
"20","340","238.2692","0.375026","0.163527","1.598318"
"30","340","230.409421","0.369886","0.149259","1.619036"
"40","340","223.051624","0.365528","0.136735","1.640932"
"50","340","216.149206","0.361939","0.125636","1.664448"
"60","340","209.661161","0.359121","0.115718","1.690035"
"70","340","203.551263","0.357092","0.106793","1.718169"
"80","340","197.787388","0.355888","0.098712","1.74937"
"90","340","192.34095","0.355563","0.091357","1.78421"
"100","340","187.186429","0.356199","0.08463","1.823335"
"110","340","182.300968","0.357906","0.07845","1.86747"
"120","340","177.664036","0.360829","0.072751","1.917434"
"130","340","173.25714","0.365163","0.067473","1.974155"
"140","340","169.063575","0.37116","0.06257","2.038684"
"150","340","165.068217","0.379152","0.057999","2.112122"
"160","340","161.257338","0.389562","0.053728","2.195183"
"170","340","157.61845","0.402917","0.049732","2.286733"
"180","340","154.140165","0.419804","0.046005","2.38061"
"190","340","150.812082","0.440704","0.042569","2.46217"
"200","340","147.624677","0.465694","0.039474","2.510874"
"210","340","144.569214","0.494202","0.036782","2.512521"
"220","340","141.637668","0.525083","0.034529","2.468251"
"230","340","138.822649","0.556978","0.032708","2.390108"
"240","340","136.117346","0.588647","0.031277","2.293025"
"250","340","133.515466","0.619167","0.030177","2.190098"
"260","340","131.01119","0.647975","0.029347","2.090396"
"270","340","128.599127","0.674811","0.028732","1.998775"
"280","340","126.274276","0.699619","0.028287","1.917"
"290","340","124.031991","0.722462","0.027976","1.845058"
"300","340","121.867951","0.743462","0.02777","1.782117"
"310","340","119.778129","0.762763","0.027649","1.727072"
"320","340","117.758773","0.780513","0.027597","1.678815"
"330","340","115.806376","0.796854","0.027599","1.636341"
"340","340","113.917664","0.811919","0.027647","1.598782"
"350","340","112.089571","0.825827","0.027732","1.565406"
"360","340","110.319223","0.838685","0.027849","1.535603"
"370","340","108.603927","0.85059","0.027992","1.508863"
"380","340","106.941156","0.861628","0.028157","1.484764"
"390","340","105.328532","0.871878","0.028342","1.462951"
"400","340","103.763821","0.881406","0.028542","1.443129"
"410","340","102.244918","0.890276","0.028757","1.425048"
"420","340","100.769842","0.898543","0.028984","1.408499"
"-70","350","353.910327","0.480717","0.541327","1.379919"
"-60","350","337.306511","0.464441","0.448935","1.412255"
"-50","350","322.190826","0.450035","0.379344","1.442167"
"-40","350","308.37179","0.437249","0.325826","1.4692"
"-30","350","295.689421","0.425883","0.283821","1.493582"
"-20","350","284.009018","0.415773","0.250193","1.515841"
"-10","350","273.216351","0.406786","0.222753","1.536596"
"0","350","263.213922","0.398817","0.199961","1.556462"
"10","350","253.918004","0.391786","0.180717","1.576008"
"20","350","245.256295","0.385628","0.164229","1.59575"
"30","350","237.166033","0.380299","0.149919","1.61616"
"40","350","229.592473","0.375768","0.137362","1.637678"
"50","350","222.487646","0.37202","0.126235","1.66073"
"60","350","215.809344","0.369054","0.116297","1.685745"
"70","350","209.520276","0.366887","0.107357","1.713172"
"80","350","203.587379","0.365551","0.099268","1.743489"
"90","350","197.981228","0.365098","0.091908","1.777222"
"100","350","192.675554","0.365602","0.085182","1.814947"
"110","350","187.64683","0.367167","0.079009","1.857301"
"120","350","182.873923","0.36993","0.073321","1.904981"
"130","350","178.337797","0.374068","0.068062","1.958754"
"140","350","174.021258","0.379813","0.063183","2.019447"
"150","350","169.908739","0.387463","0.058644","2.087881"
"160","350","165.986108","0.397394","0.054412","2.164511"
"170","350","162.240512","0.410065","0.050462","2.248309"
"180","350","158.660229","0.425988","0.046786","2.334349"
"190","350","155.234552","0.445596","0.043396","2.411011"
"200","350","151.953678","0.46901","0.04033","2.461174"
"210","350","148.808616","0.495816","0.037639","2.471086"
"220","350","145.791104","0.525076","0.035357","2.439049"
"230","350","142.893536","0.555596","0.033485","2.373833"
"240","350","140.108902","0.586226","0.031991","2.287997"
"250","350","137.430723","0.616047","0.030825","2.193399"
"260","350","134.853011","0.644447","0.029931","2.099014"
"270","350","132.370216","0.671093","0.029259","2.010307"
"280","350","129.97719","0.695864","0.028762","1.92981"
"290","350","127.669152","0.718771","0.028406","1.858144"
"300","350","125.441652","0.739898","0.028162","1.794913"
"310","350","123.290548","0.759364","0.028007","1.739286"
"320","350","121.211975","0.777301","0.027925","1.690314"
"330","350","119.202326","0.79384","0.027902","1.647084"
"340","350","117.258229","0.809105","0.027928","1.608779"
"350","350","115.376527","0.82321","0.027994","1.574692"
"360","350","113.554265","0.836262","0.028094","1.544222"
"370","350","111.78867","0.848355","0.028222","1.516867"
"380","350","110.077138","0.859574","0.028374","1.492202"
"390","350","108.417225","0.869995","0.028546","1.469872"
"400","350","106.80663","0.879687","0.028736","1.449576"
"410","350","105.243186","0.888713","0.02894","1.431064"
"420","350","103.724854","0.897127","0.029158","1.414119"
"-70","360","363.992861","0.494203","0.543181","1.378185"
"-60","360","346.91602","0.47745","0.450541","1.410588"
"-50","360","331.369705","0.462617","0.380745","1.44052"
"-40","360","317.156979","0.449452","0.327058","1.467535"
"-30","360","304.113304","0.437744","0.284916","1.491862"
"-20","360","292.100137","0.427325","0.251174","1.514033"
"-10","360","280.999999","0.41806","0.223642","1.534666"
"0","360","270.712611","0.40984","0.200774","1.554374"
"10","360","261.151862","0.402579","0.181467","1.573721"
"20","360","252.24339","0.396212","0.164927","1.593219"
"30","360","243.922645","0.390692","0.150576","1.613328"
"40","360","236.133322","0.385986","0.137985","1.634479"
"50","360","228.826086","0.382077","0.126832","1.657083"
"60","360","221.957526","0.378962","0.116873","1.681548"
"70","360","215.48929","0.376655","0.107918","1.708295"
"80","360","209.38737","0.375185","0.099818","1.737771"
"90","360","203.621506","0.374601","0.092454","1.770453"
"100","360","198.164678","0.374972","0.085728","1.806859"
"110","360","192.992692","0.376396","0.079559","1.847549"
"120","360","188.08381","0.378998","0.073882","1.893116"
"130","360","183.418454","0.382944","0.068638","1.944191"
"140","360","178.978942","0.388446","0.063781","2.001422"
"150","360","174.749261","0.395772","0.05927","2.065408"
"160","360","170.714879","0.405258","0.055072","2.136404"
"170","360","166.862574","0.417308","0.051163","2.213459"
"180","360","163.180293","0.432368","0.047532","2.292564"
"190","360","159.657022","0.450827","0.044183","2.364397"
"200","360","156.282679","0.472831","0.041146","2.414726"
"210","360","153.048018","0.498083","0.03846","2.430735"
"220","360","149.94454","0.525818","0.036158","2.408803"
"230","360","146.964424","0.554996","0.034244","2.354942"
"240","360","144.100457","0.584559","0.032695","2.279576"
"250","360","141.345981","0.613615","0.031469","2.193278"
"260","360","138.694832","0.641524","0.030516","2.104634"
"270","360","136.141305","0.6679","0.029788","2.019414"
"280","360","133.680104","0.692562","0.029241","1.940735"
"290","360","131.306312","0.715471","0.028841","1.869787"
"300","360","129.015353","0.736674","0.028558","1.806605"
"310","360","126.802966","0.756264","0.02837","1.750647"
"320","360","124.665177","0.774353","0.028259","1.701147"
"330","360","122.598275","0.79106","0.028211","1.6573"
"340","360","120.598793","0.8065","0.028214","1.618352"
"350","360","118.663484","0.820784","0.02826","1.58363"
"360","360","116.789307","0.834012","0.028343","1.552555"
"370","360","114.973412","0.846277","0.028455","1.524631"
"380","360","113.213121","0.857662","0.028593","1.499437"
"390","360","111.505918","0.868244","0.028753","1.476619"
"400","360","109.849439","0.87809","0.028932","1.455874"
"410","360","108.241455","0.887263","0.029126","1.436949"
"420","360","106.679867","0.895817","0.029335","1.419626"
"-70","370","374.075396","0.507679","0.545034","1.376469"
"-60","370","356.52553","0.490447","0.452144","1.408937"
"-50","370","340.548585","0.475188","0.382144","1.438889"
"-40","370","325.942169","0.461641","0.328289","1.465885"
"-30","370","312.537186","0.449591","0.286008","1.490159"
"-20","370","300.191257","0.438864","0.252154","1.512243"
"-10","370","288.783647","0.429319","0.224529","1.532757"
"0","370","278.2113","0.420845","0.201584","1.55231"
"10","370","268.38572","0.413354","0.182215","1.571464"
"20","370","259.230485","0.406778","0.165624","1.590722"
"30","370","250.679257","0.401065","0.151231","1.61054"
"40","370","242.674171","0.396183","0.138605","1.631335"
"50","370","235.164526","0.392111","0.127425","1.653504"
"60","370","228.105708","0.388846","0.117444","1.677439"
"70","370","221.458303","0.386397","0.108474","1.703535"
"80","370","215.187361","0.384791","0.100364","1.732206"
"90","370","209.261783","0.384074","0.092994","1.76389"
"100","370","203.653803","0.384311","0.086266","1.799053"
"110","370","198.338553","0.385592","0.080102","1.838184"
"120","370","193.293696","0.388034","0.074433","1.881791"
"130","370","188.499111","0.391791","0.069203","1.93039"
"140","370","183.936625","0.397058","0.064365","1.984482"
"150","370","179.589783","0.404076","0.059878","2.04449"
"160","370","175.443649","0.413147","0.055711","2.110517"
"170","370","171.484637","0.424628","0.051838","2.18167"
"180","370","167.700357","0.438909","0.048246","2.254629"
"190","370","164.079492","0.456341","0.044935","2.321836"
"200","370","160.611681","0.477077","0.041924","2.371454"
"210","370","157.287419","0.500911","0.039247","2.391842"
"220","370","154.097976","0.52722","0.036931","2.378179"
"230","370","151.035311","0.555101","0.034983","2.334203"
"240","370","148.092013","0.58359","0.033387","2.268427"
"250","370","145.261238","0.611836","0.032107","2.190176"
"260","370","142.536653","0.639189","0.031099","2.107482"
"270","370","139.912394","0.665223","0.030318","2.026175"
"280","370","137.383018","0.689709","0.029723","1.949777"
"290","370","134.943473","0.712563","0.02928","1.879955"
"300","370","132.589055","0.733793","0.028959","1.81715"
"310","370","130.315385","0.753464","0.028738","1.761115"
"320","370","128.118379","0.77167","0.028597","1.711278"
"330","370","125.994225","0.788516","0.028523","1.666957"
"340","370","123.939357","0.804107","0.028504","1.627474"
"350","370","121.95044","0.818548","0.02853","1.592202"
"360","370","120.024349","0.831934","0.028595","1.560584"
"370","370","118.158154","0.844356","0.028692","1.532141"
"380","370","116.349103","0.855895","0.028816","1.506458"
"390","370","114.594612","0.866626","0.028963","1.483182"
"400","370","112.892248","0.876616","0.02913","1.462014"
"410","370","111.239723","0.885926","0.029315","1.442697"
"420","370","109.634879","0.894611","0.029515","1.425012"
"-70","380","384.157931","0.521144","0.546885","1.374768"
"-60","380","366.135039","0.503432","0.453747","1.407302"
"-50","380","349.727464","0.487747","0.383541","1.437274"
"-40","380","334.727358","0.473818","0.329517","1.464251"
"-30","380","320.961068","0.461425","0.287099","1.488473"
"-20","380","308.282376","0.450388","0.253131","1.510473"
"-10","380","296.567295","0.440563","0.225414","1.530869"
"0","380","285.709989","0.431835","0.202392","1.55027"
"10","380","275.619578","0.424113","0.18296","1.569234"
"20","380","266.21758","0.417325","0.166318","1.588259"
"30","380","257.435869","0.411419","0.151882","1.607793"
"40","380","249.21502","0.406359","0.139222","1.628243"
"50","380","241.502966","0.402123","0.128015","1.649992"
"60","380","234.25389","0.398705","0.118013","1.673415"
"70","380","227.427316","0.396113","0.109026","1.698885"
"80","380","220.987353","0.39437","0.100905","1.726788"
"90","380","214.902061","0.393518","0.093528","1.757524"
"100","380","209.142928","0.393619","0.086799","1.791511"
"110","380","203.684415","0.394756","0.080637","1.829181"
"120","380","198.503583","0.397039","0.074975","1.870965"
"130","380","193.579768","0.400611","0.069757","1.917283"
"140","380","188.894309","0.405648","0.064935","1.968517"
"150","380","184.430305","0.412373","0.060471","2.02495"
"160","380","180.17242","0.421054","0.056331","2.086567"
"170","380","176.106699","0.43201","0.052489","2.152523"
"180","380","172.220421","0.445584","0.048932","2.220022"
"190","380","168.501962","0.462089","0.045654","2.282873"
"200","380","164.940682","0.481682","0.042669","2.33121"
"210","380","161.526821","0.504221","0.040002","2.35463"
"220","380","158.251412","0.529199","0.037677","2.347669"
"230","380","155.106198","0.555838","0.035702","2.312237"
"240","380","152.083569","0.583264","0.034065","2.255143"
"250","380","149.176495","0.610672","0.032737","2.184538"
"260","380","146.378474","0.637417","0.031678","2.107826"
"270","380","143.683483","0.66305","0.030848","2.030718"
"280","380","141.085933","0.6873","0.030207","1.956976"
"290","380","138.580633","0.710043","0.029722","1.888643"
"300","380","136.162756","0.731251","0.029364","1.826525"
"310","380","133.827803","0.750964","0.029109","1.770658"
"320","380","131.571582","0.769253","0.028939","1.720675"
"330","380","129.390174","0.786208","0.02884","1.676028"
"340","380","127.279921","0.801927","0.028798","1.636122"
"350","380","125.237396","0.816503","0.028804","1.600385"
"360","380","123.259391","0.83003","0.028851","1.568293"
"370","380","121.342896","0.842594","0.028932","1.539383"
"380","380","119.485085","0.854273","0.029041","1.513252"
"390","380","117.683305","0.865141","0.029176","1.489553"
"400","380","115.935057","0.875264","0.029332","1.467988"
"410","380","114.237991","0.884702","0.029506","1.448301"
"420","380","112.589892","0.893511","0.029696","1.430272"
"-70","390","394.240465","0.534598","0.548734","1.373084"
"-60","390","375.744548","0.516406","0.455347","1.405682"
"-50","390","358.906343","0.500293","0.384936","1.435674"
"-40","390","343.512548","0.485982","0.330744","1.462633"
"-30","390","329.38495","0.473245","0.288188","1.486804"
"-20","390","316.373496","0.461898","0.254107","1.50872"
"-10","390","304.350942","0.451792","0.226296","1.529001"
"0","390","293.208678","0.442809","0.203199","1.548254"
"10","390","282.853436","0.434854","0.183703","1.567032"
"20","390","273.204675","0.427854","0.167009","1.58583"
"30","390","264.192481","0.421754","0.152531","1.605087"
"40","390","255.755869","0.416515","0.139837","1.625201"
"50","390","247.841407","0.412113","0.128601","1.646544"
"60","390","240.402073","0.408541","0.118578","1.669473"
"70","390","233.39633","0.405803","0.109574","1.694342"
"80","390","226.787344","0.403921","0.101441","1.721509"
"90","390","220.542339","0.402934","0.094057","1.751343"
"100","390","214.632053","0.402897","0.087326","1.784218"
"110","390","209.030277","0.40389","0.081165","1.820515"
"120","390","203.713469","0.406014","0.075509","1.860599"
"130","390","198.660425","0.409402","0.070301","1.90481"
"140","390","193.851992","0.414217","0.065494","1.953433"
"150","390","189.270827","0.42066","0.061049","2.006637"
"160","390","184.90119","0.428974","0.056932","2.064319"
"170","390","180.728761","0.439442","0.053119","2.125671"
"180","390","176.740484","0.452369","0.049592","2.188309"
"190","390","172.924432","0.468034","0.046344","2.247103"
"200","390","169.269683","0.486591","0.043383","2.293803"
"210","390","165.766223","0.507945","0.040728","2.319216"
"220","390","162.404847","0.531685","0.038397","2.317629"
"230","390","159.177085","0.55714","0.036401","2.289536"
"240","390","156.075125","0.583524","0.034729","2.240236"
"250","390","153.091753","0.610081","0.033358","2.176791"
"260","390","150.220295","0.636182","0.032253","2.105953"
"270","390","147.454572","0.661363","0.031376","2.033203"
"280","390","144.788847","0.685325","0.030691","1.962401"
"290","390","142.217794","0.707906","0.030165","1.895869"
"300","390","139.736457","0.729049","0.02977","1.834719"
"310","390","137.340222","0.748763","0.029483","1.779258"
"320","390","135.024784","0.767101","0.029285","1.729317"
"330","390","132.786124","0.784138","0.029159","1.684491"
"340","390","130.620485","0.799959","0.029094","1.644277"
"350","390","128.524353","0.814651","0.029081","1.608165"
"360","390","126.494433","0.8283","0.029109","1.575667"
"370","390","124.527638","0.84099","0.029174","1.546345"
"380","390","122.621068","0.852796","0.02927","1.519809"
"390","390","120.771998","0.863789","0.029391","1.495722"
"400","390","118.977866","0.874034","0.029535","1.473788"
"410","390","117.236259","0.883592","0.029699","1.453755"
"420","390","115.544904","0.892516","0.02988","1.435402"
"-70","400","404.323","0.548041","0.550581","1.371416"
"-60","400","385.354058","0.529369","0.456945","1.404077"
"-50","400","368.085223","0.512828","0.386329","1.434089"
"-40","400","352.297737","0.498133","0.331969","1.461031"
"-30","400","337.808832","0.485052","0.289275","1.485151"
"-20","400","324.464616","0.473394","0.255081","1.506985"
"-10","400","312.13459","0.463007","0.227177","1.527153"
"0","400","300.707367","0.453768","0.204003","1.546261"
"10","400","290.087294","0.445579","0.184445","1.564858"
"20","400","280.19177","0.438365","0.167699","1.583433"
"30","400","270.949093","0.432069","0.153178","1.602421"
"40","400","262.296719","0.42665","0.140449","1.622209"
"50","400","254.179847","0.422081","0.129185","1.643159"
"60","400","246.550255","0.418353","0.119139","1.665611"
"70","400","239.365343","0.415469","0.110119","1.689901"
"80","400","232.587335","0.413446","0.101973","1.716365"
"90","400","226.182617","0.412321","0.094582","1.745338"
"100","400","220.121178","0.412146","0.087846","1.77716"
"110","400","214.376138","0.412994","0.081686","1.812164"
"120","400","208.923356","0.41496","0.076035","1.85066"
"130","400","203.741083","0.418166","0.070836","1.89292"
"140","400","198.809675","0.422763","0.066042","1.939148"
"150","400","194.111349","0.428935","0.061613","1.989424"
"160","400","189.629961","0.436902","0.057518","2.043576"
"170","400","185.350823","0.446915","0.053729","2.100829"
"180","400","181.260548","0.459246","0.050229","2.159124"
"190","400","177.346902","0.474145","0.047008","2.214167"
"200","400","173.598684","0.491758","0.044069","2.259026"
"210","400","170.005624","0.512026","0.041425","2.285636"
"220","400","166.558283","0.534616","0.039092","2.288314"
"230","400","163.247973","0.558948","0.037079","2.266486"
"240","400","160.066681","0.584318","0.035377","2.224139"
"250","400","157.00701","0.610023","0.033968","2.167325"
"260","400","154.062117","0.635455","0.032821","2.102156"
"270","400","151.22566","0.660145","0.031901","2.033812"
"280","400","148.491761","0.683772","0.031175","1.96615"
"290","400","145.854954","0.706147","0.03061","1.901672"
"300","400","143.310159","0.727181","0.030179","1.841742"
"310","400","140.852641","0.74686","0.02986","1.786905"
"320","400","138.477986","0.765215","0.029633","1.737189"
"330","400","136.182073","0.782305","0.029482","1.692328"
"340","400","133.961049","0.798204","0.029394","1.651923"
"350","400","131.811309","0.81299","0.02936","1.615524"
"360","400","129.729476","0.826745","0.029371","1.582692"
"370","400","127.71238","0.839544","0.029419","1.553015"
"380","400","125.75705","0.851463","0.0295","1.526121"
"390","400","123.860691","0.86257","0.029609","1.501681"
"400","400","122.020675","0.872928","0.029741","1.479408"
"410","400","120.234527","0.882595","0.029894","1.459052"
"420","400","118.499917","0.891626","0.030065","1.440394"
"-70","410","414.405535","0.561474","0.552426","1.369764"
"-60","410","394.963567","0.542321","0.458542","1.402488"
"-50","410","377.264102","0.525351","0.387721","1.432519"
"-40","410","361.082927","0.510273","0.333192","1.459444"
"-30","410","346.232714","0.496846","0.290359","1.483514"
"-20","410","332.555735","0.484876","0.256052","1.505268"
"-10","410","319.918238","0.474206","0.228055","1.525325"
"0","410","308.206057","0.46471","0.204805","1.54429"
"10","410","297.321153","0.456287","0.185183","1.56271"
"20","410","287.178865","0.448859","0.168385","1.581069"
"30","410","277.705705","0.442366","0.153822","1.599793"
"40","410","268.837568","0.436765","0.141058","1.619265"
"50","410","260.518287","0.432028","0.129766","1.639833"
"60","410","252.698437","0.428143","0.119697","1.661825"
"70","410","245.334356","0.42511","0.11066","1.685559"
"80","410","238.387326","0.422946","0.102501","1.711347"
"90","410","231.822895","0.421681","0.095102","1.739501"
"100","410","225.610302","0.421366","0.088362","1.770324"
"110","410","219.722","0.422068","0.082201","1.804109"
"120","410","214.133243","0.423876","0.076553","1.841119"
"130","410","208.82174","0.426903","0.071361","1.881567"
"140","410","203.767359","0.431287","0.066579","1.925591"
"150","410","198.951871","0.437198","0.062165","1.973201"
"160","410","194.358731","0.444834","0.058088","2.02417"
"170","410","189.972886","0.454421","0.054321","2.077758"
"180","410","185.780612","0.466201","0.050845","2.132159"
"190","410","181.769371","0.480397","0.047648","2.183748"
"200","410","177.927685","0.497147","0.044729","2.226669"
"210","410","174.245026","0.516417","0.042097","2.253877"
"220","410","170.711719","0.537936","0.039764","2.259895"
"230","410","167.31886","0.561207","0.037736","2.243386"
"240","410","164.058237","0.585597","0.03601","2.207209"
"250","410","160.922268","0.610457","0.034568","2.156487"
"260","410","157.903938","0.635204","0.033382","2.096715"
"270","410","154.996749","0.659373","0.032422","2.032741"
"280","410","152.194675","0.682628","0.031656","1.968339"
"290","410","149.492115","0.704756","0.031054","1.906111"
"300","410","146.88386","0.725643","0.030589","1.847615"
"310","410","144.365059","0.745251","0.030238","1.793603"
"320","410","141.931188","0.763591","0.029983","1.744283"
"330","410","139.578023","0.780707","0.029806","1.69953"
"340","410","137.301614","0.79666","0.029696","1.659045"
"350","410","135.098266","0.811521","0.029642","1.622453"
"360","410","132.964518","0.825362","0.029635","1.589359"
"370","410","130.897123","0.838257","0.029667","1.559384"
"380","410","128.893033","0.850276","0.029734","1.532177"
"390","410","126.949385","0.861484","0.029829","1.507422"
"400","410","125.063484","0.871944","0.02995","1.484841"
"410","410","123.232796","0.881713","0.030092","1.464187"
"420","410","121.454929","0.890842","0.030253","1.445246"
"-70","420","424.488069","0.574897","0.55427","1.368128"
"-60","420","404.573077","0.555261","0.460137","1.400914"
"-50","420","386.442981","0.537862","0.38911","1.430963"
"-40","420","369.868116","0.522399","0.334413","1.457871"
"-30","420","354.656596","0.508627","0.291443","1.481893"
"-20","420","340.646855","0.496345","0.257022","1.503568"
"-10","420","327.701886","0.485392","0.228932","1.523517"
"0","420","315.704746","0.475637","0.205605","1.542342"
"10","420","304.555011","0.466979","0.18592","1.560588"
"20","420","294.16596","0.459335","0.16907","1.578735"
"30","420","284.462317","0.452644","0.154464","1.597204"
"40","420","275.378417","0.44686","0.141664","1.616368"
"50","420","266.856727","0.441954","0.130344","1.636566"
"60","420","258.846619","0.43791","0.120252","1.658113"
"70","420","251.30337","0.434727","0.111197","1.681311"
"80","420","244.187318","0.432419","0.103025","1.706453"
"90","420","237.463173","0.431015","0.095617","1.733823"
"100","420","231.099427","0.430559","0.088872","1.763698"
"110","420","225.067862","0.431114","0.08271","1.796333"
"120","420","219.343129","0.432764","0.077064","1.831948"
"130","420","213.902397","0.435613","0.071879","1.87071"
"140","420","208.725042","0.439789","0.067105","1.9127"
"150","420","203.792393","0.445447","0.062705","1.957873"
"160","420","199.087501","0.452767","0.058644","2.005962"
"170","420","194.594948","0.461953","0.054897","2.056254"
"180","420","190.300676","0.47322","0.051441","2.107155"
"190","420","186.191841","0.486767","0.048265","2.15557"
"200","420","182.256687","0.502725","0.045365","2.196528"
"210","420","178.484428","0.521076","0.042745","2.223886"
"220","420","174.865155","0.541599","0.040413","2.232486"
"230","420","171.389747","0.563868","0.038375","2.220463"
"240","420","168.049793","0.587316","0.036627","2.189737"
"250","420","164.837525","0.611345","0.035155","2.144578"
"260","420","161.745759","0.635401","0.033935","2.089895"
"270","420","158.767838","0.659026","0.032938","2.030187"
"280","420","155.897589","0.681877","0.032135","1.969096"
"290","420","153.129275","0.703722","0.031497","1.90926"
"300","420","150.457561","0.724428","0.030999","1.852375"
"310","420","147.877478","0.743932","0.030618","1.799365"
"320","420","145.384391","0.762228","0.030334","1.750599"
"330","420","142.973972","0.779344","0.030133","1.706088"
"340","420","140.642178","0.795328","0.030001","1.665636"
"350","420","138.385222","0.810243","0.029926","1.628939"
"360","420","136.19956","0.824154","0.029901","1.595657"
"370","420","134.081865","0.837129","0.029917","1.565442"
"380","420","132.029015","0.849233","0.029969","1.53797"
"390","420","130.038078","0.860532","0.030051","1.512939"
"400","420","128.106293","0.871083","0.03016","1.490081"
"410","420","126.231064","0.880943","0.030291","1.469155"
"420","420","124.409942","0.890163","0.030442","1.449952"
"-70","430","434.570604","0.588308","0.556112","1.366507"
"-60","430","414.182586","0.568191","0.46173","1.399354"
"-50","430","395.621861","0.550362","0.390498","1.429423"
"-40","430","378.653306","0.534514","0.335633","1.456314"
"-30","430","363.080478","0.520395","0.292524","1.480287"
"-20","430","348.737974","0.5078","0.25799","1.501885"
"-10","430","335.485534","0.496562","0.229807","1.521727"
"0","430","323.203435","0.486549","0.206403","1.540415"
"10","430","311.788869","0.477655","0.186655","1.558492"
"20","430","301.153055","0.469795","0.169752","1.576432"
"30","430","291.218929","0.462904","0.155103","1.594651"
"40","430","281.919266","0.456936","0.142268","1.613516"
"50","430","273.195167","0.451859","0.130919","1.633355"
"60","430","264.994802","0.447655","0.120804","1.654473"
"70","430","257.272383","0.444321","0.111731","1.677155"
"80","430","249.987309","0.441868","0.103546","1.701675"
"90","430","243.103451","0.440322","0.096127","1.728297"
"100","430","236.588552","0.439724","0.089377","1.75727"
"110","430","230.413724","0.440133","0.083213","1.788817"
"120","430","224.553016","0.441625","0.077569","1.823123"
"130","430","218.983054","0.444297","0.072388","1.860311"
"140","430","213.682726","0.448269","0.067623","1.90042"
"150","430","208.632915","0.453682","0.063234","1.943357"
"160","430","203.816272","0.460699","0.059188","1.988828"
"170","430","199.21701","0.469505","0.055457","2.036146"
"180","430","194.82074","0.480292","0.05202","2.083889"
"190","430","190.614311","0.49324","0.048863","2.129392"
"200","430","186.585688","0.508466","0.04598","2.16841"
"210","430","182.723829","0.525968","0.043371","2.195592"
"220","430","179.018591","0.545564","0.041041","2.206149"
"230","430","175.460634","0.566887","0.038995","2.197891"
"240","430","172.041349","0.589432","0.037229","2.17196"
"250","430","168.752783","0.612649","0.03573","2.131858"
"260","430","165.58758","0.636013","0.034479","2.081933"
"270","430","162.538927","0.65908","0.033448","2.026341"
"280","430","159.600503","0.681502","0.03261","1.968556"
"290","430","156.766436","0.703035","0.031939","1.911205"
"300","430","154.031263","0.723527","0.031409","1.85607"
"310","430","151.389897","0.742897","0.030998","1.804212"
"320","430","148.837593","0.761121","0.030687","1.756145"
"330","430","146.369922","0.778211","0.030461","1.712004"
"340","430","143.982742","0.794205","0.030307","1.671691"
"350","430","141.672179","0.809154","0.030212","1.634979"
"360","430","139.434602","0.823117","0.030169","1.601579"
"370","430","137.266607","0.836157","0.030169","1.571185"
"380","430","135.164998","0.848335","0.030206","1.543494"
"390","430","133.126771","0.859711","0.030275","1.518227"
"400","430","131.149102","0.870344","0.030371","1.495123"
"410","430","129.229332","0.880286","0.030492","1.473953"
"420","430","127.364954","0.889589","0.030633","1.454509"
"-70","440","444.653139","0.60171","0.557952","1.364902"
"-60","440","423.792095","0.58111","0.463321","1.397809"
"-50","440","404.80074","0.56285","0.391884","1.427896"
"-40","440","387.438495","0.546616","0.33685","1.454771"
"-30","440","371.50436","0.53215","0.293603","1.478697"
"-20","440","356.829094","0.519241","0.258956","1.500219"
"-10","440","343.269181","0.507719","0.23068","1.519956"
"0","440","330.702124","0.497446","0.207199","1.53851"
"10","440","319.022727","0.488315","0.187387","1.55642"
"20","440","308.14015","0.480237","0.170433","1.574158"
"30","440","297.975541","0.473146","0.15574","1.592135"
"40","440","288.460115","0.466993","0.14287","1.610708"
"50","440","279.533607","0.461744","0.131491","1.6302"
"60","440","271.142984","0.457378","0.121353","1.650901"
"70","440","263.241396","0.453892","0.112261","1.673085"
"80","440","255.7873","0.451293","0.104062","1.697009"
"90","440","248.743729","0.449604","0.096633","1.722916"
"100","440","242.077677","0.448862","0.089877","1.75103"
"110","440","235.759585","0.449123","0.08371","1.781548"
"120","440","229.762902","0.450458","0.078067","1.814621"
"130","440","224.063711","0.452956","0.07289","1.850339"
"140","440","218.640409","0.456727","0.068131","1.888701"
"150","440","213.473438","0.461902","0.063752","1.929583"
"160","440","208.545042","0.468628","0.059719","1.972664"
"170","440","203.839073","0.477073","0.056003","2.017288"
"180","440","199.340804","0.48741","0.052583","2.062172"
"190","440","195.036781","0.499798","0.049443","2.105004"
"200","440","190.914689","0.514348","0.046574","2.142137"
"210","440","186.963231","0.531063","0.043975","2.168906"
"220","440","183.172027","0.549795","0.041649","2.180917"
"230","440","179.531522","0.570226","0.039596","2.175798"
"240","440","176.032905","0.591908","0.037815","2.154069"
"250","440","172.66804","0.614334","0.036294","2.118544"
"260","440","169.429401","0.637013","0.035014","2.073044"
"270","440","166.310016","0.659511","0.033952","2.021384"
"280","440","163.303417","0.681485","0.033082","1.966857"
"290","440","160.403596","0.702682","0.032378","1.912037"
"300","440","157.604964","0.722932","0.031817","1.858756"
"310","440","154.902315","0.742141","0.031378","1.808178"
"320","440","152.290795","0.760267","0.031041","1.760936"
"330","440","149.765871","0.777307","0.030791","1.717281"
"340","440","147.323306","0.793289","0.030614","1.677208"
"350","440","144.959135","0.808253","0.0305","1.640566"
"360","440","142.669644","0.822252","0.030438","1.607121"
"370","440","140.451349","0.835342","0.030422","1.576604"
"380","440","138.30098","0.84758","0.030445","1.548745"
"390","440","136.215464","0.859023","0.0305","1.523279"
"400","440","134.191911","0.869726","0.030585","1.499963"
"410","440","132.2276","0.879742","0.030694","1.478574"
"420","440","130.319967","0.889119","0.030825","1.458913"
"-70","450","454.735673","0.615101","0.559791","1.363311"
"-60","450","433.401605","0.594017","0.464911","1.396278"
"-50","450","413.979619","0.575327","0.393268","1.426384"
"-40","450","396.223684","0.558707","0.338066","1.453243"
"-30","450","379.928242","0.543892","0.294681","1.477123"
"-20","450","364.920213","0.530669","0.25992","1.498569"
"-10","450","351.052829","0.518861","0.231551","1.518204"
"0","450","338.200813","0.508328","0.207993","1.536626"
"10","450","326.256585","0.498958","0.188118","1.554374"
"20","450","315.127246","0.490662","0.171111","1.571914"
"30","450","304.732152","0.48337","0.156375","1.589654"
"40","450","295.000964","0.477031","0.143468","1.607944"
"50","450","285.872047","0.471608","0.132061","1.627098"
"60","450","277.291166","0.46708","0.121899","1.647397"
"70","450","269.21041","0.46344","0.112788","1.669101"
"80","450","261.587292","0.460693","0.104574","1.692451"
"90","450","254.384007","0.45886","0.097135","1.717674"
"100","450","247.566802","0.457975","0.090372","1.74497"
"110","450","241.105447","0.458088","0.084202","1.774511"
"120","450","234.972789","0.459265","0.078558","1.806423"
"130","450","229.144368","0.46159","0.073384","1.840763"
"140","450","223.598093","0.465163","0.068632","1.877502"
"150","450","218.31396","0.470105","0.064261","1.916486"
"160","450","213.273813","0.476552","0.060238","1.957381"
"170","450","208.461135","0.484654","0.056536","1.999554"
"180","450","203.860867","0.494565","0.05313","2.041843"
"190","450","199.459251","0.506431","0.050005","2.082223"
"200","450","195.24369","0.520351","0.04715","2.117544"
"210","450","191.202633","0.536335","0.044561","2.143734"
"220","450","187.325463","0.554259","0.042238","2.156791"
"230","450","183.602409","0.57385","0.04018","2.154274"
"240","450","180.024461","0.594708","0.038386","2.136213"
"250","450","176.583297","0.616369","0.036845","2.104817"
"260","450","173.271222","0.63837","0.035539","2.063413"
"270","450","170.081105","0.660298","0.034448","2.015484"
"280","450","167.006331","0.68181","0.033548","1.964131"
"290","450","164.040757","0.702648","0.032814","1.911854"
"300","450","161.178665","0.722634","0.032224","1.860497"
"310","450","158.414734","0.741656","0.031757","1.8113"
"320","450","155.743997","0.759659","0.031394","1.764994"
"330","450","153.16182","0.776628","0.031121","1.721929"
"340","450","150.66387","0.792577","0.030923","1.682192"
"350","450","148.246092","0.807539","0.030789","1.645701"
"360","450","145.904686","0.821557","0.030709","1.612279"
"370","450","143.636091","0.834682","0.030677","1.581698"
"380","450","141.436962","0.846967","0.030685","1.553717"
"390","450","139.304157","0.858465","0.030727","1.528093"
"400","450","137.23472","0.86923","0.0308","1.504597"
"410","450","135.225868","0.87931","0.030898","1.483017"
"420","450","133.274979","0.888753","0.031019","1.463161"
"-70","460","464.818208","0.628482","0.561628","1.361736"
"-60","460","443.011114","0.606914","0.466498","1.394761"
"-50","460","423.158499","0.587792","0.394651","1.424885"
"-40","460","405.008874","0.570785","0.33928","1.451729"
"-30","460","388.352124","0.555622","0.295756","1.475563"
"-20","460","373.011333","0.542083","0.260882","1.496936"
"-10","460","358.836477","0.529989","0.23242","1.51647"
"0","460","345.699502","0.519195","0.208785","1.534763"
"10","460","333.490443","0.509586","0.188847","1.552351"
"20","460","322.114341","0.501071","0.171787","1.569699"
"30","460","311.488764","0.493576","0.157007","1.587207"
"40","460","301.541814","0.48705","0.144065","1.605221"
"50","460","292.210487","0.481453","0.132628","1.624047"
"60","460","283.439348","0.476761","0.122442","1.643956"
"70","460","275.179423","0.472966","0.113312","1.665197"
"80","460","267.387283","0.47007","0.105083","1.687997"
"90","460","260.024285","0.468092","0.097633","1.712563"
"100","460","253.055926","0.467062","0.090862","1.739079"
"110","460","246.451309","0.467026","0.084688","1.767694"
"120","460","240.182676","0.468046","0.079044","1.798509"
"130","460","234.225025","0.470198","0.073871","1.831557"
"140","460","228.555776","0.473578","0.069124","1.866783"
"150","460","223.154482","0.478293","0.06476","1.90401"
"160","460","218.002583","0.484469","0.060747","1.942897"
"170","460","213.083197","0.492242","0.057056","1.982834"
"180","460","208.380931","0.501752","0.053664","2.022759"
"190","460","203.881721","0.513128","0.050552","2.060888"
"200","460","199.572691","0.52646","0.047709","2.094483"
"210","460","195.442034","0.541762","0.045129","2.11998"
"220","460","191.478899","0.558931","0.042809","2.133758"
"230","460","187.673296","0.57773","0.040748","2.133383"
"240","460","184.016017","0.597802","0.038943","2.118513"
"250","460","180.498555","0.618723","0.037383","2.090831"
"260","460","177.113043","0.64006","0.036055","2.053204"
"270","460","173.852194","0.661416","0.034938","2.008794"
"280","460","170.709245","0.682456","0.034009","1.960508"
"290","460","167.677917","0.70292","0.033247","1.910752"
"300","460","164.752367","0.722621","0.032629","1.861361"
"310","460","161.927152","0.741435","0.032135","1.813622"
"320","460","159.1972","0.759293","0.031748","1.768343"
"330","460","156.55777","0.77617","0.031451","1.725963"
"340","460","154.004434","0.792067","0.031232","1.686648"
"350","460","151.533048","0.807008","0.031078","1.650386"
"360","460","149.139728","0.821029","0.030981","1.617053"
"370","460","146.820833","0.834176","0.030933","1.586464"
"380","460","144.572945","0.846495","0.030926","1.558407"
"390","460","142.392851","0.858038","0.030955","1.532664"
"400","460","140.277529","0.868853","0.031016","1.509021"
"410","460","138.224137","0.878988","0.031103","1.487278"
"420","460","136.229992","0.888489","0.031214","1.46725"
"-70","470","474.900743","0.641852","0.563463","1.360175"
"-60","470","452.620623","0.6198","0.468084","1.393259"
"-50","470","432.337378","0.600246","0.396031","1.423401"
"-40","470","413.794063","0.582851","0.340492","1.450229"
"-30","470","396.776006","0.567339","0.29683","1.474018"
"-20","470","381.102453","0.553484","0.261843","1.495318"
"-10","470","366.620125","0.541103","0.233287","1.514753"
"0","470","353.198191","0.530048","0.209575","1.53292"
"10","470","340.724301","0.520199","0.189573","1.550352"
"20","470","329.101436","0.511463","0.17246","1.567511"
"30","470","318.245376","0.503766","0.157637","1.584793"
"40","470","308.082663","0.497051","0.144659","1.60254"
"50","470","298.548927","0.491278","0.133192","1.621047"
"60","470","289.587531","0.486422","0.122982","1.640579"
"70","470","281.148436","0.48247","0.113833","1.661372"
"80","470","273.187274","0.479425","0.105589","1.683642"
"90","470","265.664562","0.4773","0.098128","1.707579"
"100","470","258.545051","0.476123","0.091349","1.733351"
"110","470","251.79717","0.475938","0.08517","1.761085"
"120","470","245.392562","0.476801","0.079524","1.790863"
"130","470","239.305682","0.478783","0.074352","1.822697"
"140","470","233.51346","0.48197","0.069608","1.856509"
"150","470","227.995004","0.486464","0.065251","1.892108"
"160","470","222.731354","0.492378","0.061246","1.929145"
"170","470","217.70526","0.499836","0.057565","1.967033"
"180","470","212.900995","0.508965","0.054184","2.004799"
"190","470","208.304191","0.519878","0.051084","2.040858"
"200","470","203.901693","0.53266","0.048252","2.072817"
"210","470","199.681436","0.547325","0.04568","2.097549"
"220","470","195.632335","0.563787","0.043364","2.11179"
"230","470","191.744183","0.581838","0.0413","2.113165"
"240","470","188.007573","0.60116","0.039485","2.101061"
"250","470","184.413812","0.621368","0.03791","2.07671"
"260","470","180.954864","0.642055","0.036561","2.042555"
"270","470","177.623282","0.662844","0.035419","2.00145"
"280","470","174.412159","0.683407","0.034465","1.956106"
"290","470","171.315077","0.703484","0.033675","1.908827"
"300","470","168.326068","0.722882","0.033031","1.861419"
"310","470","165.439571","0.741468","0.032512","1.815192"
"320","470","162.650402","0.759163","0.0321","1.771016"
"330","470","159.953719","0.775927","0.031781","1.729402"
"340","470","157.344999","0.791754","0.031541","1.690588"
"350","470","154.820005","0.806658","0.031369","1.654625"
"360","470","152.37477","0.820667","0.031254","1.621444"
"370","470","150.005575","0.833821","0.03119","1.590901"
"380","470","147.708927","0.846164","0.031169","1.562816"
"390","470","145.481544","0.857739","0.031185","1.536992"
"400","470","143.320339","0.868596","0.031233","1.513235"
"410","470","141.222405","0.878777","0.031309","1.491356"
"420","470","139.185004","0.888329","0.03141","1.471179"
"-70","480","484.983277","0.655213","0.565297","1.358629"
"-60","480","462.230133","0.632675","0.469669","1.39177"
"-50","480","441.516257","0.612688","0.39741","1.42193"
"-40","480","422.579253","0.594906","0.341702","1.448742"
"-30","480","405.199888","0.579044","0.297903","1.472487"
"-20","480","389.193572","0.564873","0.262802","1.493717"
"-10","480","374.403773","0.552204","0.234152","1.513055"
"0","480","360.69688","0.540885","0.210363","1.531097"
"10","480","347.958159","0.530796","0.190298","1.548376"
"20","480","336.088531","0.521839","0.173132","1.565351"
"30","480","325.001988","0.513937","0.158265","1.582413"
"40","480","314.623512","0.507033","0.14525","1.599898"
"50","480","304.887367","0.501084","0.133754","1.618096"
"60","480","295.735713","0.496062","0.123519","1.637262"
"70","480","287.117449","0.491953","0.11435","1.657623"
"80","480","278.987265","0.488756","0.106091","1.679382"
"90","480","271.30484","0.486484","0.098618","1.702716"
"100","480","264.034176","0.485161","0.091831","1.727776"
"110","480","257.143032","0.484826","0.085647","1.754674"
"120","480","250.602449","0.485531","0.079998","1.78347"
"130","480","244.38634","0.487343","0.074827","1.81416"
"140","480","238.471143","0.490341","0.070086","1.846649"
"150","480","232.835526","0.494618","0.065734","1.880733"
"160","480","227.460124","0.500279","0.061736","1.916061"
"170","480","222.327322","0.507434","0.058064","1.95207"
"180","480","217.421059","0.516198","0.054692","1.987858"
"190","480","212.72666","0.526676","0.051603","2.022011"
"200","480","208.230694","0.53894","0.048781","2.052425"
"210","480","203.920838","0.553008","0.046216","2.07635"
"220","480","199.785771","0.568805","0.043903","2.090848"
"230","480","195.815071","0.58615","0.041837","2.093644"
"240","480","191.999128","0.604759","0.040014","2.083929"
"250","480","188.32907","0.62428","0.038425","2.062557"
"260","480","184.796685","0.644334","0.037057","2.031585"
"270","480","181.394371","0.664561","0.035893","1.993572"
"280","480","178.115073","0.684644","0.034914","1.951036"
"290","480","174.952238","0.704325","0.0341","1.906171"
"300","480","171.899769","0.723407","0.03343","1.860739"
"310","480","168.95199","0.741748","0.032886","1.816061"
"320","480","166.103604","0.759261","0.032452","1.773047"
"330","480","163.349669","0.775895","0.032111","1.732266"
"340","480","160.685563","0.791635","0.03185","1.694023"
"350","480","158.106961","0.806485","0.031659","1.658426"
"360","480","155.609813","0.820469","0.031528","1.625457"
"370","480","153.190318","0.833618","0.031448","1.595011"
"380","480","150.84491","0.84597","0.031412","1.566941"
"390","480","148.570237","0.857569","0.031415","1.541075"
"400","480","146.363148","0.868456","0.031451","1.517235"
"410","480","144.220673","0.878676","0.031517","1.495247"
"420","480","142.140017","0.88827","0.031608","1.474945"
"-70","490","495.065812","0.668563","0.567128","1.357098"
"-60","490","471.839642","0.64554","0.471251","1.390295"
"-50","490","450.695136","0.625119","0.398787","1.420472"
"-40","490","431.364442","0.606948","0.342911","1.44727"
"-30","490","413.62377","0.590737","0.298973","1.470971"
"-20","490","397.284692","0.576248","0.263759","1.492131"
"-10","490","382.187421","0.56329","0.235016","1.511373"
"0","490","368.195569","0.551709","0.21115","1.529294"
"10","490","355.192017","0.541378","0.19102","1.546423"
"20","490","343.075626","0.532199","0.173802","1.563217"
"30","490","331.7586","0.524092","0.158891","1.580064"
"40","490","321.164361","0.516998","0.14584","1.597295"
"50","490","311.225808","0.510871","0.134313","1.615192"
"60","490","301.883895","0.505681","0.124054","1.634004"
"70","490","293.086463","0.501414","0.114865","1.653947"
"80","490","284.787257","0.498065","0.10659","1.675214"
"90","490","276.945118","0.495644","0.099105","1.697969"
"100","490","269.523301","0.494174","0.092308","1.722349"
"110","490","262.488894","0.493689","0.086119","1.748449"
"120","490","255.812336","0.494237","0.080467","1.776315"
"130","490","249.466997","0.49588","0.075296","1.805927"
"140","490","243.428827","0.498691","0.070557","1.837176"
"150","490","237.676048","0.502756","0.066209","1.869848"
"160","490","232.188895","0.508169","0.062217","1.903594"
"170","490","226.949384","0.515033","0.058552","1.93787"
"180","490","221.941123","0.52345","0.055189","1.971843"
"190","490","217.14913","0.533513","0.052109","2.004238"
"200","490","212.559695","0.54529","0.049295","2.033198"
"210","490","208.160239","0.558796","0.046737","2.056295"
"220","490","203.939207","0.573967","0.044427","2.07089"
"230","490","199.885958","0.590645","0.04236","2.074829"
"240","490","195.990684","0.608575","0.040529","2.067171"
"250","490","192.244327","0.627435","0.038928","2.048456"
"260","490","188.638506","0.646873","0.037543","2.020396"
"270","490","185.16546","0.666546","0.036359","1.985267"
"280","490","181.817987","0.68615","0.035357","1.945399"
"290","490","178.589398","0.705429","0.034519","1.902871"
"300","490","175.473471","0.724183","0.033826","1.859394"
"310","490","172.464408","0.742266","0.033259","1.816281"
"320","490","169.556806","0.75958","0.032802","1.774471"
"330","490","166.745618","0.776069","0.03244","1.734582"
"340","490","164.026127","0.791705","0.032159","1.69697"
"350","490","161.393918","0.806488","0.03195","1.661799"
"360","490","158.844855","0.820431","0.031802","1.629095"
"370","490","156.37506","0.833562","0.031706","1.598796"
"380","490","153.980892","0.845913","0.031657","1.570784"
"390","490","151.65893","0.857524","0.031646","1.544913"
"400","490","149.405957","0.868434","0.031671","1.521022"
"410","490","147.218941","0.878683","0.031725","1.498952"
"420","490","145.09503","0.888312","0.031806","1.478547"
"-70","500","505.148347","0.681903","0.568959","1.35558"
"-60","500","481.449151","0.658393","0.472832","1.388833"
"-50","500","459.874016","0.637539","0.400163","1.419028"
"-40","500","440.149632","0.618979","0.344117","1.445811"
"-30","500","422.047652","0.602417","0.300042","1.469469"
"-20","500","405.375811","0.58761","0.264714","1.49056"
"-10","500","389.971068","0.574363","0.235878","1.509708"
"0","500","375.694258","0.562518","0.211935","1.52751"
"10","500","362.425875","0.551945","0.191741","1.544492"
"20","500","350.062721","0.542543","0.17447","1.56111"
"30","500","338.515212","0.53423","0.159515","1.577747"
"40","500","327.70521","0.526944","0.146427","1.59473"
"50","500","317.564248","0.520639","0.13487","1.612335"
"60","500","308.032078","0.515281","0.124586","1.630803"
"70","500","299.055476","0.510854","0.115377","1.650342"
"80","500","290.587248","0.507352","0.107086","1.671134"
"90","500","282.585396","0.504782","0.099588","1.693333"
"100","500","275.012426","0.503163","0.092782","1.717062"
"110","500","267.834756","0.502528","0.086586","1.742402"
"120","500","261.022222","0.502919","0.080931","1.769386"
"130","500","254.547654","0.504394","0.075759","1.797979"
"140","500","248.38651","0.50702","0.071021","1.828063"
"150","500","242.51657","0.510876","0.066676","1.859417"
"160","500","236.917665","0.516049","0.062689","1.891694"
"170","500","231.571447","0.522631","0.059031","1.92437"
"180","500","226.461186","0.530715","0.055676","1.95667"
"190","500","221.5716","0.540385","0.052603","1.987443"
"200","500","216.888696","0.551701","0.049797","2.015036"
"210","500","212.399641","0.564677","0.047245","2.037302"
"220","500","208.092642","0.579258","0.044937","2.051869"
"230","500","203.956845","0.595304","0.042869","2.056717"
"240","500","199.98224","0.612587","0.041032","2.050824"
"250","500","196.159584","0.630812","0.03942","2.034476"
"260","500","192.480328","0.649652","0.03802","2.009072"
"270","500","188.936549","0.668782","0.036817","1.976627"
"280","500","185.520901","0.687909","0.035794","1.939284"
"290","500","182.226559","0.706781","0.034934","1.899008"
"300","500","179.047172","0.725199","0.034218","1.857449"
"310","500","175.976827","0.743011","0.033629","1.815904"
"320","500","173.010009","0.760114","0.03315","1.775329"
"330","500","170.141568","0.776442","0.032767","1.736375"
"340","500","167.366691","0.791961","0.032468","1.699447"
"350","500","164.680874","0.806662","0.032241","1.664754"
"360","500","162.079897","0.820552","0.032076","1.632367"
"370","500","159.559802","0.833652","0.031965","1.60226"
"380","500","157.116875","0.845991","0.031901","1.574348"
"390","500","154.747624","0.857604","0.031878","1.548506"
"400","500","152.448766","0.868526","0.031891","1.524596"
"410","500","150.217209","0.878797","0.031934","1.50247"
"420","500","148.050042","0.888453","0.032005","1.481984"
"-70","0","1.021613","0.00141","0.475201","1.453229"
"-60","0","0.973684","0.001364","0.391425","1.482634"
"-50","0","0.93005","0.001325","0.328957","1.511737"
"-40","0","0.890159","0.00129","0.281282","1.539813"
"-30","0","0.85355","0.974554","0.008164","1.344973"
"-20","0","0.819833","0.978869","0.0085","1.338188"
"-10","0","0.788678","0.982217","0.008843","1.332395"
"0","0","0.759805","0.984861","0.009193","1.327243"
"10","0","0.732971","0.986983","0.009549","1.322522"
"20","0","0.707967","0.98871","0.00991","1.318101"
"30","0","0.684614","0.990134","0.010276","1.313896"
"40","0","0.662752","0.991319","0.010646","1.309853"
"50","0","0.642242","0.992317","0.01102","1.305935"
"60","0","0.622965","0.993164","0.011397","1.302118"
"70","0","0.60481","0.993888","0.011777","1.298385"
"80","0","0.587684","0.994513","0.012159","1.294725"
"90","0","0.571501","0.995054","0.012543","1.29113"
"100","0","0.556186","0.995527","0.012929","1.287594"
"110","0","0.541669","0.995941","0.013317","1.284115"
"120","0","0.527892","0.996307","0.013705","1.28069"
"130","0","0.514798","0.99663","0.014094","1.277318"
"140","0","0.502337","0.996918","0.014483","1.273997"
"150","0","0.490466","0.997175","0.014873","1.270729"
"160","0","0.479143","0.997405","0.015263","1.267512"
"170","0","0.46833","0.997612","0.015653","1.264346"
"180","0","0.457995","0.997799","0.016043","1.261232"
"190","0","0.448107","0.997968","0.016433","1.25817"
"200","0","0.438636","0.998121","0.016822","1.255159"
"210","0","0.429557","0.99826","0.01721","1.2522"
"220","0","0.420847","0.998387","0.017598","1.249292"
"230","0","0.412483","0.998503","0.017985","1.246436"
"240","0","0.404444","0.998609","0.018371","1.243632"
"250","0","0.396713","0.998706","0.018756","1.240878"
"260","0","0.389273","0.998795","0.019141","1.238175"
"270","0","0.382106","0.998878","0.019524","1.235523"
"280","0","0.375198","0.998954","0.019906","1.23292"
"290","0","0.368535","0.999024","0.020287","1.230367"
"300","0","0.362105","0.999089","0.020667","1.227863"
"310","0","0.355896","0.999149","0.021046","1.225407"
"320","0","0.349896","0.999204","0.021424","1.222999"
"330","0","0.344095","0.999256","0.021801","1.220638"
"340","0","0.338483","0.999304","0.022176","1.218323"
"350","0","0.333051","0.999349","0.02255","1.216054"
"360","0","0.327791","0.999391","0.022924","1.21383"
"370","0","0.322694","0.99943","0.023296","1.211651"
"380","0","0.317753","0.999466","0.023667","1.209514"
"390","0","0.312962","0.9995","0.024037","1.207421"
"400","0","0.308313","0.999532","0.024406","1.205369"
"410","0","0.3038","0.999562","0.024773","1.203359"
"420","0","0.299417","0.99959","0.02514","1.201389"
"-70","1","2.029866","0.002801","0.475394","1.452978"
"-60","1","1.934634","0.002711","0.391593","1.482393"
"-50","1","1.847938","0.002632","0.329106","1.511499"
"-40","1","1.768678","0.002563","0.281414","1.53957"
"-30","1","1.695938","0.002502","0.24417","1.566729"
"-20","1","1.628945","0.002449","0.214421","1.593533"
"-10","1","1.567043","0.963812","0.008795","1.354812"
"0","1","1.509674","0.96935","0.009152","1.345738"
"10","1","1.456356","0.973747","0.009514","1.338081"
"20","1","1.406677","0.977295","0.00988","1.331386"
"30","1","1.360275","0.980201","0.01025","1.325374"
"40","1","1.316836","0.98261","0.010624","1.319863"
"50","1","1.276086","0.984629","0.011001","1.314734"
"60","1","1.237783","0.986338","0.011381","1.309902"
"70","1","1.201712","0.987796","0.011763","1.305311"
"80","1","1.167683","0.98905","0.012147","1.300918"
"90","1","1.135529","0.990137","0.012533","1.296691"
"100","1","1.105098","0.991083","0.01292","1.292608"
"110","1","1.076256","0.991913","0.013309","1.288651"
"120","1","1.04888","0.992643","0.013698","1.284807"
"130","1","1.022863","0.99329","0.014088","1.281066"
"140","1","0.998106","0.993864","0.014479","1.277419"
"150","1","0.974518","0.994377","0.01487","1.273861"
"160","1","0.95202","0.994837","0.015261","1.270385"
"170","1","0.930537","0.995249","0.015651","1.266988"
"180","1","0.910002","0.995621","0.016042","1.263666"
"190","1","0.890354","0.995958","0.016432","1.260417"
"200","1","0.871536","0.996263","0.016822","1.257237"
"210","1","0.853498","0.99654","0.01721","1.254126"
"220","1","0.83619","0.996792","0.017599","1.25108"
"230","1","0.819571","0.997023","0.017986","1.248098"
"240","1","0.8036","0.997234","0.018373","1.245179"
"250","1","0.788239","0.997428","0.018758","1.24232"
"260","1","0.773455","0.997606","0.019143","1.239522"
"270","1","0.759214","0.997769","0.019526","1.236781"
"280","1","0.745489","0.99792","0.019909","1.234098"
"290","1","0.732251","0.99806","0.02029","1.231471"
"300","1","0.719475","0.998189","0.02067","1.228899"
"310","1","0.707138","0.998308","0.021049","1.22638"
"320","1","0.695216","0.998419","0.021427","1.223914"
"330","1","0.68369","0.998522","0.021804","1.221499"
"340","1","0.672539","0.998617","0.02218","1.219134"
"350","1","0.661747","0.998706","0.022554","1.216819"
"360","1","0.651295","0.998789","0.022928","1.214552"
"370","1","0.641168","0.998867","0.0233","1.212333"
"380","1","0.631352","0.998939","0.023671","1.210159"
"390","1","0.621831","0.999007","0.024041","1.208031"
"400","1","0.612594","0.99907","0.02441","1.205947"
"410","1","0.603626","0.999129","0.024778","1.203907"
"420","1","0.594918","0.999185","0.025145","1.201908"
"-70","2","3.03812","0.004192","0.475586","1.452727"
"-60","2","2.895585","0.004057","0.391762","1.482153"
"-50","2","2.765826","0.003939","0.329254","1.511261"
"-40","2","2.647197","0.003835","0.281546","1.539328"
"-30","2","2.538326","0.003744","0.244289","1.566475"
"-20","2","2.438057","0.003665","0.214528","1.59326"
"-10","2","2.345408","0.003597","0.19023","1.620468"
"0","2","2.259542","0.953208","0.009111","1.366574"
"10","2","2.179742","0.960087","0.009479","1.355174"
"20","2","2.105386","0.965588","0.00985","1.345717"
"30","2","2.035936","0.970062","0.010224","1.337587"
"40","2","1.970921","0.973752","0.010602","1.330406"
"50","2","1.90993","0.976832","0.010982","1.323927"
"60","2","1.852601","0.97943","0.011364","1.317985"
"70","2","1.798613","0.981642","0.011748","1.312467"
"80","2","1.747682","0.98354","0.012135","1.30729"
"90","2","1.699557","0.985182","0.012522","1.302394"
"100","2","1.654011","0.98661","0.012911","1.297736"
"110","2","1.610842","0.987861","0.013301","1.29328"
"120","2","1.569869","0.988961","0.013692","1.289"
"130","2","1.530929","0.989934","0.014083","1.284877"
"140","2","1.493874","0.990799","0.014475","1.280893"
"150","2","1.45857","0.99157","0.014866","1.277036"
"160","2","1.424897","0.99226","0.015258","1.273294"
"170","2","1.392743","0.99288","0.01565","1.26966"
"180","2","1.362008","0.993438","0.016041","1.266126"
"190","2","1.332601","0.993943","0.016431","1.262686"
"200","2","1.304436","0.994401","0.016822","1.259335"
"210","2","1.277438","0.994817","0.017211","1.256068"
"220","2","1.251534","0.995196","0.0176","1.252881"
"230","2","1.22666","0.995542","0.017987","1.249772"
"240","2","1.202756","0.995858","0.018374","1.246736"
"250","2","1.179765","0.996148","0.01876","1.243771"
"260","2","1.157637","0.996415","0.019145","1.240876"
"270","2","1.136323","0.99666","0.019529","1.238047"
"280","2","1.115781","0.996887","0.019912","1.235282"
"290","2","1.095967","0.997096","0.020293","1.23258"
"300","2","1.076846","0.997289","0.020674","1.229939"
"310","2","1.05838","0.997468","0.021053","1.227357"
"320","2","1.040536","0.997633","0.021431","1.224832"
"330","2","1.023284","0.997788","0.021808","1.222363"
"340","2","1.006595","0.997931","0.022184","1.219948"
"350","2","0.990442","0.998064","0.022558","1.217587"
"360","2","0.974799","0.998188","0.022932","1.215276"
"370","2","0.959642","0.998304","0.023304","1.213017"
"380","2","0.94495","0.998413","0.023675","1.210806"
"390","2","0.9307","0.998514","0.024045","1.208643"
"400","2","0.916874","0.998609","0.024414","1.206527"
"410","2","0.903453","0.998697","0.024782","1.204456"
"420","2","0.890419","0.998781","0.025149","1.202429"
"-70","3","4.046373","0.005582","0.475779","1.452477"
"-60","3","3.856536","0.005403","0.39193","1.481912"
"-50","3","3.683714","0.005246","0.329402","1.511023"
"-40","3","3.525716","0.005107","0.281678","1.539086"
"-30","3","3.380714","0.004986","0.244407","1.566221"
"-20","3","3.247169","0.004881","0.214636","1.592988"
"-10","3","3.123772","0.00479","0.190329","1.620168"
"0","3","3.009411","0.936355","0.009068","1.390264"
"10","3","2.903128","0.945961","0.009443","1.374068"
"20","3","2.804096","0.953566","0.00982","1.361238"
"30","3","2.711597","0.959704","0.010198","1.350619"
"40","3","2.625006","0.964737","0.010579","1.34153"
"50","3","2.543774","0.96892","0.010963","1.333545"
"60","3","2.467419","0.972437","0.011348","1.326386"
"70","3","2.395514","0.975423","0.011734","1.319866"
"80","3","2.327681","0.977981","0.012123","1.313851"
"90","3","2.263585","0.980189","0.012512","1.308247"
"100","3","2.202923","0.982108","0.012903","1.302983"
"110","3","2.145428","0.983785","0.013294","1.298004"
"120","3","2.090858","0.98526","0.013686","1.293272"
"130","3","2.038995","0.986564","0.014078","1.288752"
"140","3","1.989642","0.987721","0.014471","1.28442"
"150","3","1.942623","0.988752","0.014863","1.280255"
"160","3","1.897774","0.989675","0.015256","1.276241"
"170","3","1.854949","0.990503","0.015648","1.272364"
"180","3","1.814015","0.99125","0.01604","1.268613"
"190","3","1.774848","0.991924","0.016431","1.264978"
"200","3","1.737336","0.992535","0.016822","1.261452"
"210","3","1.701378","0.993091","0.017211","1.258027"
"220","3","1.666878","0.993596","0.017601","1.254697"
"230","3","1.633749","0.994058","0.017989","1.251458"
"240","3","1.601911","0.99448","0.018376","1.248304"
"250","3","1.571291","0.994868","0.018762","1.245232"
"260","3","1.541819","0.995223","0.019147","1.242238"
"270","3","1.513432","0.995551","0.019531","1.239319"
"280","3","1.486072","0.995852","0.019914","1.236473"
"290","3","1.459683","0.996131","0.020296","1.233695"
"300","3","1.434216","0.996388","0.020677","1.230984"
"310","3","1.409621","0.996627","0.021056","1.228338"
"320","3","1.385856","0.996848","0.021435","1.225754"
"330","3","1.362879","0.997053","0.021812","1.22323"
"340","3","1.340652","0.997244","0.022188","1.220765"
"350","3","1.319138","0.997422","0.022562","1.218356"
"360","3","1.298303","0.997588","0.022936","1.216003"
"370","3","1.278117","0.997742","0.023308","1.213703"
"380","3","1.258548","0.997886","0.02368","1.211454"
"390","3","1.23957","0.998021","0.02405","1.209256"
"400","3","1.221155","0.998148","0.024419","1.207107"
"410","3","1.20328","0.998266","0.024787","1.205006"
"420","3","1.18592","0.998377","0.025154","1.202951"
"-70","4","5.054627","0.006973","0.475971","1.452227"
"-60","4","4.817487","0.006749","0.392098","1.481673"
"-50","4","4.601602","0.006552","0.32955","1.510786"
"-40","4","4.404235","0.00638","0.281809","1.538844"
"-30","4","4.223103","0.006229","0.244525","1.565968"
"-20","4","4.056281","0.006097","0.214743","1.592716"
"-10","4","3.902137","0.005983","0.190428","1.619868"
"0","4","3.75928","0.005887","0.170158","1.648354"
"10","4","3.626514","0.931322","0.009406","1.395096"
"20","4","3.502805","0.941203","0.009789","1.378125"
"30","4","3.387258","0.949112","0.010172","1.364567"
"40","4","3.279091","0.955557","0.010557","1.353293"
"50","4","3.177618","0.960889","0.010944","1.343623"
"60","4","3.082237","0.965356","0.011331","1.335127"
"70","4","2.992416","0.969138","0.011721","1.327522"
"80","4","2.907681","0.972371","0.012111","1.320611"
"90","4","2.827612","0.975157","0.012502","1.314255"
"100","4","2.751835","0.977574","0.012894","1.308353"
"110","4","2.680014","0.979686","0.013287","1.302828"
"120","4","2.611846","0.98154","0.01368","1.297624"
"130","4","2.54706","0.983178","0.014073","1.292693"
"140","4","2.485411","0.98463","0.014467","1.288001"
"150","4","2.426675","0.985924","0.01486","1.28352"
"160","4","2.370651","0.987082","0.015254","1.279226"
"170","4","2.317155","0.98812","0.015647","1.2751"
"180","4","2.266021","0.989056","0.016039","1.271127"
"190","4","2.217095","0.989901","0.016431","1.267293"
"200","4","2.170237","0.990666","0.016822","1.263588"
"210","4","2.125318","0.991362","0.017212","1.260002"
"220","4","2.082221","0.991995","0.017602","1.256527"
"230","4","2.040838","0.992573","0.01799","1.253156"
"240","4","2.001067","0.993101","0.018378","1.249883"
"250","4","1.962816","0.993586","0.018764","1.246702"
"260","4","1.926001","0.994031","0.01915","1.243609"
"270","4","1.890541","0.99444","0.019534","1.240599"
"280","4","1.856363","0.994817","0.019917","1.237669"
"290","4","1.823399","0.995166","0.020299","1.234815"
"300","4","1.791586","0.995488","0.02068","1.232034"
"310","4","1.760863","0.995786","0.02106","1.229323"
"320","4","1.731177","0.996062","0.021438","1.226679"
"330","4","1.702474","0.996319","0.021816","1.224101"
"340","4","1.674708","0.996558","0.022192","1.221585"
"350","4","1.647833","0.99678","0.022566","1.219129"
"360","4","1.621807","0.996987","0.02294","1.216731"
"370","4","1.596591","0.99718","0.023313","1.214391"
"380","4","1.572146","0.99736","0.023684","1.212104"
"390","4","1.548439","0.997529","0.024054","1.209871"
"400","4","1.525436","0.997687","0.024423","1.207689"
"410","4","1.503107","0.997834","0.024792","1.205557"
"420","4","1.481422","0.997973","0.025159","1.203474"
"-70","5","6.06288","0.008364","0.476164","1.451977"
"-60","5","5.778438","0.008095","0.392267","1.481433"
"-50","5","5.51949","0.007859","0.329698","1.510549"
"-40","5","5.282754","0.007652","0.281941","1.538602"
"-30","5","5.065491","0.00747","0.244644","1.565715"
"-20","5","4.865392","0.007312","0.214851","1.592444"
"-10","5","4.680502","0.007176","0.190527","1.619569"
"0","5","4.509149","0.00706","0.170251","1.648016"
"10","5","4.3499","0.916109","0.009369","1.418686"
"20","5","4.201515","0.928467","0.009758","1.396592"
"30","5","4.06292","0.938268","0.010146","1.379547"
"40","5","3.933176","0.946202","0.010535","1.36576"
"50","5","3.811462","0.952733","0.010925","1.3542"
"60","5","3.697056","0.958183","0.011315","1.344233"
"70","5","3.589317","0.962785","0.011707","1.335451"
"80","5","3.48768","0.966709","0.012099","1.327579"
"90","5","3.39164","0.970085","0.012492","1.320425"
"100","5","3.300748","0.97301","0.012886","1.313851"
"110","5","3.2146","0.975561","0.01328","1.307755"
"120","5","3.132835","0.977801","0.013674","1.302058"
"130","5","3.055126","0.979776","0.014069","1.296702"
"140","5","2.981179","0.981527","0.014463","1.291639"
"150","5","2.910727","0.983086","0.014858","1.286831"
"160","5","2.843528","0.98448","0.015252","1.282249"
"170","5","2.779362","0.985731","0.015645","1.277868"
"180","5","2.718027","0.986856","0.016038","1.273668"
"190","5","2.659342","0.987873","0.016431","1.269632"
"200","5","2.603137","0.988794","0.016822","1.265744"
"210","5","2.549258","0.98963","0.017213","1.261995"
"220","5","2.497565","0.990391","0.017603","1.258372"
"230","5","2.447926","0.991085","0.017992","1.254867"
"240","5","2.400222","0.99172","0.01838","1.251472"
"250","5","2.354342","0.992302","0.018767","1.248181"
"260","5","2.310183","0.992837","0.019152","1.244987"
"270","5","2.26765","0.993329","0.019537","1.241886"
"280","5","2.226655","0.993782","0.01992","1.238872"
"290","5","2.187116","0.9942","0.020303","1.23594"
"300","5","2.148956","0.994587","0.020684","1.233089"
"310","5","2.112105","0.994945","0.021064","1.230312"
"320","5","2.076497","0.995277","0.021442","1.227609"
"330","5","2.042069","0.995585","0.021819","1.224974"
"340","5","2.008765","0.995871","0.022196","1.222407"
"350","5","1.976529","0.996138","0.022571","1.219904"
"360","5","1.945312","0.996386","0.022944","1.217462"
"370","5","1.915065","0.996618","0.023317","1.21508"
"380","5","1.885745","0.996835","0.023688","1.212756"
"390","5","1.857308","0.997037","0.024059","1.210488"
"400","5","1.829717","0.997226","0.024428","1.208273"
"410","5","1.802934","0.997403","0.024796","1.20611"
"420","5","1.776923","0.99757","0.025163","1.203998"
"-70","6","7.071134","0.009754","0.476357","1.451727"
"-60","6","6.739389","0.009441","0.392435","1.481194"
"-50","6","6.437378","0.009165","0.329846","1.510312"
"-40","6","6.161273","0.008924","0.282073","1.538361"
"-30","6","5.907879","0.008712","0.244762","1.565462"
"-20","6","5.674504","0.008528","0.214958","1.592172"
"-10","6","5.458867","0.008368","0.190625","1.61927"
"0","6","5.259018","0.008233","0.170343","1.647679"
"10","6","5.073286","0.008121","0.153106","1.678474"
"20","6","4.900224","0.915324","0.009726","1.416901"
"30","6","4.738581","0.927153","0.01012","1.395693"
"40","6","4.587261","0.93666","0.010513","1.379006"
"50","6","4.445307","0.944444","0.010906","1.365319"
"60","6","4.311874","0.950915","0.0113","1.353728"
"70","6","4.186218","0.956361","0.011693","1.343668"
"80","6","4.067679","0.960994","0.012088","1.334766"
"90","6","3.955668","0.964972","0.012483","1.326764"
"100","6","3.84966","0.968413","0.012878","1.319482"
"110","6","3.749186","0.971412","0.013273","1.312787"
"120","6","3.653824","0.974041","0.013669","1.306578"
"130","6","3.563192","0.976359","0.014065","1.30078"
"140","6","3.476947","0.978412","0.01446","1.295333"
"150","6","3.394779","0.980238","0.014855","1.290189"
"160","6","3.316405","0.98187","0.01525","1.285312"
"170","6","3.241568","0.983334","0.015644","1.28067"
"180","6","3.170034","0.984651","0.016038","1.276237"
"190","6","3.101589","0.98584","0.016431","1.271993"
"200","6","3.036037","0.986917","0.016823","1.267921"
"210","6","2.973198","0.987895","0.017214","1.264004"
"220","6","2.912908","0.988784","0.017604","1.260231"
"230","6","2.855015","0.989596","0.017994","1.25659"
"240","6","2.799378","0.990338","0.018382","1.253073"
"250","6","2.745868","0.991018","0.018769","1.24967"
"260","6","2.694365","0.991642","0.019155","1.246374"
"270","6","2.644759","0.992217","0.01954","1.24318"
"280","6","2.596946","0.992746","0.019924","1.24008"
"290","6","2.550832","0.993234","0.020306","1.237071"
"300","6","2.506326","0.993686","0.020687","1.234148"
"310","6","2.463347","0.994104","0.021067","1.231306"
"320","6","2.421817","0.994491","0.021446","1.228542"
"330","6","2.381664","0.994851","0.021823","1.225851"
"340","6","2.342821","0.995185","0.0222","1.223232"
"350","6","2.305225","0.995496","0.022575","1.220681"
"360","6","2.268816","0.995786","0.022949","1.218195"
"370","6","2.233539","0.996057","0.023321","1.215772"
"380","6","2.199343","0.996309","0.023693","1.21341"
"390","6","2.166178","0.996545","0.024063","1.211106"
"400","6","2.133998","0.996766","0.024433","1.208858"
"410","6","2.10276","0.996973","0.024801","1.206664"
"420","6","2.072424","0.997167","0.025168","1.204523"
"-70","7","8.079387","0.011144","0.476549","1.451478"
"-60","7","7.70034","0.010786","0.392603","1.480955"
"-50","7","7.355265","0.010472","0.329994","1.510075"
"-40","7","7.039792","0.010195","0.282204","1.538119"
"-30","7","6.750267","0.009953","0.24488","1.56521"
"-20","7","6.483616","0.009743","0.215066","1.591901"
"-10","7","6.237232","0.009561","0.190724","1.618972"
"0","7","6.008887","0.009406","0.170435","1.647343"
"10","7","5.796671","0.009278","0.153192","1.678085"
"20","7","5.598934","0.901732","0.009694","1.439379"
"30","7","5.414242","0.915748","0.010093","1.413166"
"40","7","5.241346","0.926921","0.010491","1.393117"
"50","7","5.079151","0.936017","0.010887","1.377028"
"60","7","4.926692","0.943546","0.011284","1.363643"
"70","7","4.78312","0.949863","0.01168","1.352193"
"80","7","4.647678","0.955224","0.012077","1.342183"
"90","7","4.519696","0.959817","0.012473","1.33328"
"100","7","4.398573","0.963785","0.01287","1.325251"
"110","7","4.283773","0.967238","0.013267","1.317928"
"120","7","4.174812","0.970262","0.013664","1.311186"
"130","7","4.071258","0.972925","0.01406","1.304929"
"140","7","3.972716","0.975283","0.014457","1.299085"
"150","7","3.878831","0.97738","0.014853","1.293596"
"160","7","3.789282","0.979252","0.015248","1.288414"
"170","7","3.703774","0.980931","0.015643","1.283504"
"180","7","3.62204","0.982441","0.016037","1.278834"
"190","7","3.543836","0.983804","0.016431","1.274379"
"200","7","3.468937","0.985037","0.016823","1.270117"
"210","7","3.397139","0.986156","0.017215","1.266031"
"220","7","3.328252","0.987175","0.017606","1.262105"
"230","7","3.262104","0.988104","0.017996","1.258326"
"240","7","3.198534","0.988954","0.018384","1.254684"
"250","7","3.137394","0.989732","0.018772","1.251168"
"260","7","3.078547","0.990447","0.019158","1.247769"
"270","7","3.021868","0.991104","0.019543","1.24448"
"280","7","2.967238","0.991709","0.019927","1.241295"
"290","7","2.914548","0.992268","0.020309","1.238208"
"300","7","2.863696","0.992784","0.020691","1.235212"
"310","7","2.814589","0.993262","0.021071","1.232304"
"320","7","2.767137","0.993705","0.02145","1.229478"
"330","7","2.721259","0.994117","0.021828","1.226732"
"340","7","2.676878","0.994499","0.022204","1.22406"
"350","7","2.63392","0.994855","0.022579","1.221461"
"360","7","2.59232","0.995186","0.022953","1.218931"
"370","7","2.552014","0.995495","0.023326","1.216466"
"380","7","2.512941","0.995784","0.023698","1.214065"
"390","7","2.475047","0.996054","0.024068","1.211725"
"400","7","2.438279","0.996306","0.024437","1.209444"
"410","7","2.402587","0.996542","0.024806","1.207219"
"420","7","2.367925","0.996764","0.025173","1.205049"
"-70","8","9.087641","0.012534","0.476742","1.451229"
"-60","8","8.661291","0.012131","0.392771","1.480716"
"-50","8","8.273153","0.011778","0.330142","1.509839"
"-40","8","7.918311","0.011467","0.282336","1.537879"
"-30","8","7.592655","0.011195","0.244998","1.564958"
"-20","8","7.292728","0.010958","0.215173","1.591631"
"-10","8","7.015596","0.010753","0.190823","1.618674"
"0","8","6.758756","0.010579","0.170526","1.647007"
"10","8","6.520057","0.010434","0.153279","1.677697"
"20","8","6.297643","0.01032","0.138359","1.712035"
"30","8","6.089903","0.904026","0.010067","1.432162"
"40","8","5.895431","0.916971","0.010469","1.408192"
"50","8","5.712995","0.927445","0.010869","1.389384"
"60","8","5.54151","0.936074","0.011268","1.37401"
"70","8","5.380021","0.94329","0.011667","1.361045"
"80","8","5.227677","0.949397","0.012066","1.349844"
"90","8","5.083723","0.954619","0.012464","1.339982"
"100","8","4.947485","0.959123","0.012863","1.331164"
"110","8","4.818359","0.963037","0.013261","1.323183"
"120","8","4.695801","0.966462","0.013659","1.315884"
"130","8","4.579323","0.969476","0.014057","1.309151"
"140","8","4.468484","0.972142","0.014454","1.302897"
"150","8","4.362884","0.974511","0.014851","1.297051"
"160","8","4.262159","0.976626","0.015247","1.291557"
"170","8","4.16598","0.978521","0.015642","1.286373"
"180","8","4.074047","0.980225","0.016037","1.281459"
"190","8","3.986083","0.981762","0.016431","1.276788"
"200","8","3.901837","0.983153","0.016824","1.272334"
"210","8","3.821079","0.984415","0.017216","1.268075"
"220","8","3.743596","0.985564","0.017608","1.263994"
"230","8","3.669192","0.986611","0.017998","1.260075"
"240","8","3.597689","0.987568","0.018386","1.256306"
"250","8","3.528919","0.988445","0.018774","1.252675"
"260","8","3.462729","0.98925","0.019161","1.249172"
"270","8","3.398977","0.98999","0.019546","1.245789"
"280","8","3.337529","0.990672","0.01993","1.242517"
"290","8","3.278264","0.991301","0.020313","1.239349"
"300","8","3.221066","0.991882","0.020695","1.236281"
"310","8","3.165831","0.992421","0.021075","1.233306"
"320","8","3.112458","0.992919","0.021454","1.230418"
"330","8","3.060854","0.993382","0.021832","1.227615"
"340","8","3.010934","0.993813","0.022208","1.224891"
"350","8","2.962616","0.994213","0.022583","1.222243"
"360","8","2.915824","0.994586","0.022958","1.219668"
"370","8","2.870488","0.994934","0.02333","1.217162"
"380","8","2.826539","0.995259","0.023702","1.214722"
"390","8","2.783916","0.995562","0.024073","1.212346"
"400","8","2.74256","0.995846","0.024442","1.210031"
"410","8","2.702414","0.996112","0.024811","1.207775"
"420","8","2.663427","0.996362","0.025178","1.205576"
"-70","9","10.095894","0.013924","0.476934","1.45098"
"-60","9","9.622242","0.013477","0.392939","1.480477"
"-50","9","9.191041","0.013083","0.33029","1.509603"
"-40","9","8.79683","0.012738","0.282467","1.537638"
"-30","9","8.435044","0.012436","0.245116","1.564706"
"-20","9","8.10184","0.012172","0.21528","1.59136"
"-10","9","7.793961","0.011945","0.190921","1.618376"
"0","9","7.508625","0.011751","0.170618","1.646672"
"10","9","7.243443","0.011591","0.153366","1.677309"
"20","9","6.996353","0.011463","0.138442","1.711575"
"30","9","6.765564","0.891959","0.01004","1.452915"
"40","9","6.549516","0.906796","0.010447","1.424348"
"50","9","6.346839","0.918718","0.010851","1.402448"
"60","9","6.156329","0.928493","0.011253","1.384864"
"70","9","5.976922","0.936637","0.011655","1.370245"
"80","9","5.807676","0.943511","0.012055","1.357761"
"90","9","5.647751","0.949376","0.012456","1.346877"
"100","9","5.496398","0.954427","0.012856","1.337227"
"110","9","5.352945","0.95881","0.013255","1.328555"
"120","9","5.21679","0.962641","0.013654","1.320675"
"130","9","5.087389","0.96601","0.014053","1.313449"
"140","9","4.964252","0.968987","0.014451","1.30677"
"150","9","4.846936","0.971632","0.014849","1.300556"
"160","9","4.735036","0.973991","0.015246","1.294742"
"170","9","4.628187","0.976104","0.015642","1.289276"
"180","9","4.526053","0.978003","0.016037","1.284114"
"190","9","4.42833","0.979716","0.016432","1.279222"
"200","9","4.334737","0.981266","0.016825","1.274571"
"210","9","4.245019","0.982671","0.017218","1.270136"
"220","9","4.158939","0.98395","0.017609","1.265898"
"230","9","4.076281","0.985116","0.018","1.261837"
"240","9","3.996845","0.986181","0.018389","1.25794"
"250","9","3.920445","0.987157","0.018777","1.254192"
"260","9","3.846912","0.988053","0.019164","1.250584"
"270","9","3.776086","0.988876","0.019549","1.247104"
"280","9","3.70782","0.989634","0.019934","1.243744"
"290","9","3.64198","0.990334","0.020317","1.240497"
"300","9","3.578436","0.99098","0.020698","1.237355"
"310","9","3.517073","0.991579","0.021079","1.234312"
"320","9","3.457778","0.992134","0.021458","1.231362"
"330","9","3.400449","0.992648","0.021836","1.228502"
"340","9","3.34499","0.993127","0.022212","1.225725"
"350","9","3.291312","0.993572","0.022588","1.223028"
"360","9","3.239329","0.993986","0.022962","1.220408"
"370","9","3.188962","0.994373","0.023335","1.21786"
"380","9","3.140138","0.994734","0.023707","1.215381"
"390","9","3.092786","0.995072","0.024077","1.212969"
"400","9","3.046841","0.995387","0.024447","1.21062"
"410","9","3.002241","0.995683","0.024815","1.208333"
"420","9","2.958928","0.99596","0.025183","1.206104"
"-70","10","11.104148","0.015314","0.477126","1.450732"
"-60","10","10.583193","0.014822","0.393107","1.480239"
"-50","10","10.108929","0.014389","0.330438","1.509367"
"-40","10","9.675349","0.014009","0.282599","1.537398"
"-30","10","9.277432","0.013677","0.245234","1.564454"
"-20","10","8.910952","0.013387","0.215387","1.59109"
"-10","10","8.572326","0.013136","0.19102","1.618079"
"0","10","8.258494","0.012923","0.17071","1.646337"
"10","10","7.966829","0.012746","0.153453","1.676922"
"20","10","7.695062","0.012606","0.138525","1.711116"
"30","10","7.441226","0.879516","0.010013","1.475716"
"40","10","7.203601","0.896379","0.010425","1.441722"
"50","10","6.980683","0.909828","0.010833","1.416292"
"60","10","6.771147","0.920797","0.011238","1.396245"
"70","10","6.573824","0.929902","0.011642","1.379816"
"80","10","6.387675","0.937564","0.012045","1.36595"
"90","10","6.211779","0.944088","0.012447","1.353975"
"100","10","6.04531","0.949696","0.012849","1.343444"
"110","10","5.887531","0.954557","0.013249","1.334048"
"120","10","5.737778","0.9588","0.01365","1.325562"
"130","10","5.595455","0.962527","0.014049","1.317823"
"140","10","5.460021","0.965819","0.014449","1.310705"
"150","10","5.330988","0.968742","0.014847","1.304113"
"160","10","5.207913","0.971347","0.015245","1.297969"
"170","10","5.090393","0.97368","0.015641","1.292214"
"180","10","4.978059","0.975776","0.016037","1.286798"
"190","10","4.870577","0.977666","0.016432","1.281681"
"200","10","4.767637","0.979375","0.016826","1.276829"
"210","10","4.668959","0.980924","0.017219","1.272216"
"220","10","4.574283","0.982334","0.017611","1.267817"
"230","10","4.48337","0.983619","0.018002","1.263612"
"240","10","4.396","0.984793","0.018391","1.259584"
"250","10","4.311971","0.985868","0.01878","1.255719"
"260","10","4.231094","0.986854","0.019167","1.252004"
"270","10","4.153194","0.987761","0.019553","1.248426"
"280","10","4.078112","0.988596","0.019937","1.244978"
"290","10","4.005696","0.989366","0.02032","1.241649"
"300","10","3.935807","0.990078","0.020702","1.238433"
"310","10","3.868314","0.990737","0.021083","1.235322"
"320","10","3.803098","0.991348","0.021462","1.23231"
"330","10","3.740044","0.991914","0.02184","1.229392"
"340","10","3.679047","0.992441","0.022217","1.226562"
"350","10","3.620007","0.992931","0.022592","1.223816"
"360","10","3.562833","0.993387","0.022967","1.22115"
"370","10","3.507436","0.993812","0.02334","1.21856"
"380","10","3.453736","0.99421","0.023711","1.216042"
"390","10","3.401655","0.994581","0.024082","1.213593"
"400","10","3.351122","0.994928","0.024452","1.211211"
"410","10","3.302068","0.995253","0.02482","1.208892"
"420","10","3.254429","0.995558","0.025188","1.206634"
