"1.01","Ethane","C2 H6","15/05/2015"
"-80","0","1.897172","0.970997","0.006154","1.275905"
"-70","0","1.803785","0.975308","0.006467","1.264972"
"-60","0","1.719159","0.978761","0.006779","1.255272"
"-50","0","1.642119","0.98157","0.007089","1.246401"
"-40","0","1.571687","0.983887","0.007398","1.23814"
"-30","0","1.507048","0.985824","0.007705","1.230362"
"-20","0","1.447517","0.987459","0.008009","1.222991"
"-10","0","1.392509","0.988854","0.008312","1.215978"
"0","0","1.34153","0.990052","0.008613","1.209294"
"10","0","1.294151","0.991089","0.008911","1.202918"
"20","0","1.250005","0.991991","0.009207","1.196835"
"30","0","1.208771","0.992781","0.009501","1.191035"
"40","0","1.17017","0.993475","0.009792","1.185507"
"50","0","1.133959","0.994089","0.01008","1.180243"
"60","0","1.099921","0.994634","0.010366","1.175234"
"70","0","1.067868","0.995119","0.010649","1.170471"
"80","0","1.037629","0.995552","0.01093","1.165943"
"90","0","1.009056","0.995941","0.011209","1.161642"
"100","0","0.982015","0.99629","0.011485","1.157557"
"110","0","0.956385","0.996605","0.011758","1.153679"
"120","0","0.932059","0.99689","0.012029","1.149996"
"130","0","0.908939","0.997149","0.012297","1.1465"
"140","0","0.886939","0.997383","0.012563","1.143179"
"150","0","0.865979","0.997597","0.012827","1.140025"
"160","0","0.845986","0.997792","0.013089","1.137028"
"170","0","0.826896","0.99797","0.013348","1.134179"
"180","0","0.808648","0.998133","0.013604","1.131469"
"190","0","0.791188","0.998283","0.013859","1.12889"
"200","0","0.774467","0.998421","0.014111","1.126435"
"210","0","0.758437","0.998547","0.014361","1.124095"
"220","0","0.743058","0.998664","0.014609","1.121865"
"230","0","0.728289","0.998772","0.014855","1.119736"
"240","0","0.714097","0.998872","0.015099","1.117704"
"250","0","0.700447","0.998964","0.015341","1.115763"
"260","0","0.687309","0.999049","0.01558","1.113906"
"270","0","0.674655","0.999129","0.015818","1.112129"
"280","0","0.662458","0.999202","0.016054","1.110428"
"290","0","0.650695","0.999271","0.016288","1.108797"
"300","0","0.639342","0.999335","0.01652","1.107233"
"310","0","0.628378","0.999394","0.016751","1.105733"
"320","0","0.617784","0.999449","0.016979","1.104291"
"330","0","0.607542","0.999501","0.017206","1.102906"
"340","0","0.597633","0.999549","0.017431","1.101574"
"350","0","0.588043","0.999594","0.017655","1.100291"
"-80","10","20.620808","0.038619","0.151199","1.715437"
"-70","10","19.605754","0.037642","0.134455","1.741908"
"-60","10","18.685944","0.036847","0.119877","1.771548"
"-50","10","17.848573","0.036233","0.106974","1.806283"
"-40","10","17.083032","0.035809","0.095366","1.849291"
"-30","10","16.380461","0.0356","0.084738","1.906296"
"-20","10","15.733395","0.843377","0.008329","1.395476"
"-10","10","15.135508","0.864359","0.008619","1.352886"
"0","10","14.581399","0.88134","0.00891","1.321016"
"10","10","14.066428","0.895375","0.0092","1.295922"
"20","10","13.586591","0.90716","0.009489","1.275471"
"30","10","13.13841","0.91718","0.009776","1.258366"
"40","10","12.718854","0.925789","0.010061","1.243762"
"50","10","12.325264","0.933251","0.010344","1.231088"
"60","10","11.955302","0.939767","0.010624","1.219945"
"70","10","11.606904","0.945495","0.010903","1.210042"
"80","10","11.278236","0.950558","0.011179","1.201166"
"90","10","10.967669","0.955054","0.011453","1.193153"
"100","10","10.673748","0.959066","0.011725","1.185875"
"110","10","10.395169","0.962659","0.011994","1.179233"
"120","10","10.130762","0.965888","0.012261","1.173143"
"130","10","9.879472","0.9688","0.012526","1.167539"
"140","10","9.640346","0.971434","0.012788","1.162365"
"150","10","9.412523","0.973822","0.013048","1.157572"
"160","10","9.195219","0.975993","0.013306","1.153122"
"170","10","8.987722","0.977971","0.013562","1.148978"
"180","10","8.789383","0.979777","0.013815","1.145111"
"190","10","8.599609","0.98143","0.014066","1.141495"
"200","10","8.417857","0.982946","0.014316","1.138107"
"210","10","8.243628","0.984338","0.014563","1.134926"
"220","10","8.076466","0.985618","0.014808","1.131934"
"230","10","7.915948","0.986798","0.015051","1.129115"
"240","10","7.761686","0.987887","0.015292","1.126456"
"250","10","7.613321","0.988894","0.015531","1.123942"
"260","10","7.470522","0.989825","0.015768","1.121564"
"270","10","7.332982","0.990688","0.016004","1.119309"
"280","10","7.200414","0.991488","0.016237","1.117169"
"290","10","7.072554","0.992231","0.016469","1.115136"
"300","10","6.949156","0.992922","0.016699","1.113201"
"310","10","6.829991","0.993565","0.016927","1.111359"
"320","10","6.714843","0.994164","0.017153","1.109601"
"330","10","6.603513","0.994723","0.017378","1.107924"
"340","10","6.495815","0.995244","0.017601","1.10632"
"350","10","6.391573","0.995731","0.017822","1.104787"
"-80","20","39.344443","0.073537","0.152572","1.708746"
"-70","20","37.407724","0.07165","0.1358","1.73383"
"-60","20","35.652729","0.070104","0.121216","1.761588"
"-50","20","34.055027","0.068893","0.108331","1.793643"
"-40","20","32.594378","0.068028","0.09677","1.83259"
"-30","20","31.253873","0.067546","0.086229","1.882899"
"-20","20","30.019274","0.067529","0.076431","1.953069"
"-10","20","28.878507","0.06815","0.067076","2.062039"
"0","20","27.821267","0.739673","0.009483","1.617385"
"10","20","26.838705","0.777962","0.009706","1.496616"
"20","20","25.923176","0.807382","0.009949","1.423294"
"30","20","25.068049","0.831004","0.010201","1.372756"
"40","20","24.267537","0.850488","0.010459","1.33531"
"50","20","23.516569","0.866867","0.010719","1.306196"
"60","20","22.810683","0.880834","0.010982","1.282756"
"70","20","22.14594","0.892882","0.011244","1.263378"
"80","20","21.518842","0.903371","0.011507","1.247024"
"90","20","20.926282","0.912574","0.011768","1.232993"
"100","20","20.365481","0.9207","0.012029","1.220794"
"110","20","19.833953","0.927916","0.012289","1.210069"
"120","20","19.329465","0.934355","0.012547","1.200555"
"130","20","18.850004","0.940125","0.012803","1.192049"
"140","20","18.393753","0.945315","0.013058","1.184394"
"150","20","17.959067","0.95","0.013311","1.177464"
"160","20","17.544452","0.954242","0.013563","1.171158"
"170","20","17.148548","0.958093","0.013812","1.165395"
"180","20","16.770118","0.961599","0.01406","1.160107"
"190","20","16.40803","0.964798","0.014306","1.155237"
"200","20","16.061247","0.967723","0.01455","1.150737"
"210","20","15.72882","0.970404","0.014793","1.146567"
"220","20","15.409874","0.972865","0.015033","1.142691"
"230","20","15.103606","0.975129","0.015272","1.139079"
"240","20","14.809274","0.977214","0.015509","1.135705"
"250","20","14.526196","0.979138","0.015744","1.132547"
"260","20","14.253736","0.980916","0.015977","1.129585"
"270","20","13.991308","0.982561","0.016209","1.1268"
"280","20","13.73837","0.984086","0.016439","1.124177"
"290","20","13.494414","0.9855","0.016667","1.121703"
"300","20","13.258971","0.986813","0.016894","1.119365"
"310","20","13.031603","0.988034","0.017119","1.117153"
"320","20","12.811901","0.989171","0.017342","1.115056"
"330","20","12.599485","0.99023","0.017564","1.113065"
"340","20","12.393997","0.991217","0.017784","1.111174"
"350","20","12.195104","0.992139","0.018003","1.109373"
"-80","30","58.068078","0.108319","0.15394","1.702301"
"-70","30","55.209694","0.105503","0.137136","1.7261"
"-60","30","52.619514","0.103181","0.122542","1.75214"
"-50","30","50.26148","0.101339","0.109669","1.781793"
"-40","30","48.105723","0.099987","0.098146","1.817194"
"-30","30","46.127285","0.099166","0.087677","1.861874"
"-20","30","44.305153","0.098969","0.078003","1.922164"
"-10","30","42.621506","0.099585","0.068866","2.010916"
"0","30","41.061136","0.101436","0.059933","2.160898"
"10","30","39.610981","0.105728","0.050545","2.502267"
"20","30","38.259762","0.677674","0.010805","1.820018"
"30","30","36.997689","0.727004","0.010908","1.610852"
"40","30","35.81622","0.763754","0.011072","1.498719"
"50","30","34.707874","0.792847","0.011268","1.426863"
"60","30","33.666064","0.816682","0.011481","1.376165"
"70","30","32.684976","0.83666","0.011706","1.338134"
"80","30","31.759449","0.853683","0.011938","1.308359"
"90","30","30.884894","0.868371","0.012174","1.284299"
"100","30","30.057214","0.881171","0.012413","1.26438"
"110","30","29.272737","0.892418","0.012654","1.247571"
"120","30","28.528168","0.902367","0.012896","1.233165"
"130","30","27.820537","0.911217","0.013138","1.220662"
"140","30","27.147161","0.91913","0.01338","1.209695"
"150","30","26.505611","0.926236","0.013622","1.199989"
"160","30","25.893684","0.93264","0.013863","1.191331"
"170","30","25.309375","0.938433","0.014103","1.183558"
"180","30","24.750854","0.943689","0.014342","1.176538"
"190","30","24.216451","0.94847","0.01458","1.170165"
"200","30","23.704638","0.95283","0.014817","1.164352"
"210","30","23.214011","0.956817","0.015052","1.159029"
"220","30","22.743282","0.960469","0.015286","1.154134"
"230","30","22.291264","0.963822","0.015519","1.149619"
"240","30","21.856863","0.966906","0.01575","1.14544"
"250","30","21.43907","0.969747","0.01598","1.141561"
"260","30","21.036949","0.972369","0.016208","1.137952"
"270","30","20.649635","0.974791","0.016435","1.134584"
"280","30","20.276325","0.977033","0.016661","1.131434"
"290","30","19.916273","0.979111","0.016884","1.128481"
"300","30","19.568785","0.981038","0.017107","1.125708"
"310","30","19.233215","0.982829","0.017328","1.123099"
"320","30","18.90896","0.984494","0.017548","1.120639"
"330","30","18.595456","0.986044","0.017766","1.118316"
"340","30","18.292179","0.987489","0.017983","1.116119"
"350","30","17.998635","0.988836","0.018198","1.114037"
"-80","40","76.791714","0.142969","0.155303","1.696086"
"-70","40","73.011664","0.139206","0.138464","1.718692"
"-60","40","69.586299","0.136085","0.123856","1.743157"
"-50","40","66.467934","0.133582","0.110991","1.770648"
"-40","40","63.617069","0.131703","0.099498","1.802932"
"-30","40","61.000697","0.130488","0.089088","1.842824"
"-20","40","58.591031","0.130031","0.079516","1.895122"
"-10","40","56.364505","0.13052","0.07055","1.968834"
"0","40","54.301005","0.132347","0.06193","2.083906"
"10","40","52.383258","0.136451","0.053253","2.298552"
"20","40","50.596348","0.146196","0.04344","2.927786"
"30","40","48.927328","0.581458","0.012393","2.464406"
"40","40","47.364904","0.657105","0.012126","1.869241"
"50","40","45.899179","0.70751","0.012116","1.647486"
"60","40","44.521445","0.745608","0.012203","1.526075"
"70","40","43.224011","0.776048","0.012342","1.447931"
"80","40","42.000055","0.801172","0.01251","1.392816"
"90","40","40.843507","0.822364","0.012697","1.351561"
"100","40","39.748947","0.840522","0.012897","1.319359"
"110","40","38.711522","0.856269","0.013105","1.293428"
"120","40","37.726872","0.870056","0.01332","1.272037"
"130","40","36.791069","0.88222","0.013539","1.254053"
"140","40","35.900568","0.893021","0.013761","1.238697"
"150","40","35.052155","0.902664","0.013986","1.225416"
"160","40","34.242917","0.911315","0.014211","1.213806"
"170","40","33.470201","0.919107","0.014437","1.203563"
"180","40","32.731589","0.926152","0.014664","1.194455"
"190","40","32.024872","0.932542","0.014891","1.186299"
"200","40","31.348028","0.938354","0.015117","1.178953"
"210","40","30.699202","0.943655","0.015343","1.1723"
"220","40","30.07669","0.948501","0.015568","1.166246"
"230","40","29.478922","0.952942","0.015793","1.160713"
"240","40","28.904452","0.95702","0.016017","1.155635"
"250","40","28.351944","0.960771","0.016239","1.150959"
"260","40","27.820162","0.964227","0.016461","1.146639"
"270","40","27.307962","0.967417","0.016682","1.142635"
"280","40","26.814281","0.970367","0.016902","1.138914"
"290","40","26.338133","0.973097","0.01712","1.135447"
"300","40","25.8786","0.975627","0.017338","1.132208"
"310","40","25.434827","0.977976","0.017554","1.129176"
"320","40","25.006018","0.980158","0.017769","1.126332"
"330","40","24.591428","0.982188","0.017982","1.123658"
"340","40","24.19036","0.984079","0.018195","1.12114"
"350","40","23.802166","0.985841","0.018406","1.118764"
"-80","50","95.515349","0.177492","0.156661","1.690085"
"-70","50","90.813634","0.172765","0.139785","1.711582"
"-60","50","86.553083","0.168824","0.12516","1.7346"
"-50","50","82.674388","0.165634","0.112297","1.760137"
"-40","50","79.128414","0.163193","0.100828","1.789663"
"-30","50","75.874109","0.161536","0.090466","1.825443"
"-20","50","72.87691","0.160753","0.080978","1.871164"
"-10","50","70.107504","0.161022","0.07215","1.933301"
"0","50","67.540874","0.162697","0.063765","2.024699"
"10","50","65.155535","0.166531","0.055544","2.176087"
"20","50","62.932934","0.174531","0.046975","2.491368"
"30","50","60.856968","0.196605","0.036142","3.869953"
"40","50","58.913587","0.500879","0.014654","3.495404"
"50","50","57.090483","0.60338","0.013599","2.150996"
"60","50","55.376826","0.665058","0.01331","1.792679"
"70","50","53.763047","0.710153","0.013244","1.617953"
"80","50","52.240662","0.745604","0.013281","1.512414"
"90","50","50.80212","0.774596","0.013376","1.441006"
"100","50","49.44068","0.798912","0.013507","1.389135"
"110","50","48.150306","0.819672","0.013662","1.349566"
"120","50","46.925575","0.837633","0.013834","1.318283"
"130","50","45.761602","0.853334","0.014018","1.292866"
"140","50","44.653975","0.867173","0.01421","1.271768"
"150","50","43.5987","0.879454","0.014409","1.25395"
"160","50","42.59215","0.890417","0.014612","1.238685"
"170","50","41.631027","0.900251","0.014819","1.225451"
"180","50","40.712324","0.909109","0.015029","1.213861"
"190","50","39.833293","0.91712","0.01524","1.203623"
"200","50","38.991419","0.924387","0.015453","1.194511"
"210","50","38.184393","0.931","0.015666","1.186346"
"220","50","37.410098","0.937034","0.015881","1.178987"
"230","50","36.66658","0.942553","0.016095","1.17232"
"240","50","35.952041","0.947613","0.016309","1.166251"
"250","50","35.264818","0.95226","0.016523","1.160702"
"260","50","34.603376","0.956537","0.016737","1.155611"
"270","50","33.966289","0.96048","0.01695","1.150921"
"280","50","33.352237","0.964122","0.017163","1.146588"
"290","50","32.759992","0.967489","0.017375","1.142572"
"300","50","32.188414","0.970608","0.017586","1.138839"
"310","50","31.63644","0.9735","0.017796","1.135361"
"320","50","31.103076","0.976186","0.018005","1.132113"
"330","50","30.587399","0.978682","0.018214","1.129072"
"340","50","30.088542","0.981005","0.018422","1.126219"
"350","50","29.605696","0.983169","0.018628","1.123537"
"-80","60","114.238985","0.21189","0.158016","1.684287"
"-70","60","108.615604","0.206186","0.141099","1.704749"
"-60","60","103.519868","0.201405","0.126454","1.726435"
"-50","60","98.880842","0.197503","0.113589","1.750198"
"-40","60","94.639759","0.194469","0.102137","1.77727"
"-30","60","90.747522","0.192329","0.091816","1.809487"
"-20","60","87.162788","0.191166","0.082396","1.849717"
"-10","60","83.850503","0.191143","0.07368","1.902709"
"0","60","80.780743","0.192574","0.065477","1.97708"
"10","60","77.927812","0.196073","0.057576","2.090664"
"20","60","75.26952","0.203025","0.049673","2.289836"
"30","60","72.786607","0.217544","0.04112","2.758044"
"40","60","70.46227","0.26543","0.029287","5.190271"
"50","60","68.281788","0.463988","0.01706","3.803993"
"60","60","66.232207","0.571812","0.015186","2.326107"
"70","60","64.302083","0.63839","0.014582","1.893413"
"80","60","62.481268","0.687114","0.014341","1.684613"
"90","60","60.760732","0.725406","0.014264","1.560361"
"100","60","59.132413","0.756717","0.014278","1.47741"
"110","60","57.58909","0.782984","0.014347","1.417839"
"120","60","56.124278","0.805419","0.014453","1.372841"
"130","60","54.732134","0.824841","0.014585","1.337567"
"140","60","53.407382","0.841831","0.014734","1.309122"
"150","60","52.145244","0.856817","0.014898","1.285664"
"160","60","50.941383","0.870128","0.015071","1.265968"
"170","60","49.791854","0.882019","0.015252","1.249182"
"180","60","48.693059","0.892695","0.015439","1.234699"
"190","60","47.641714","0.90232","0.015631","1.222068"
"200","60","46.634809","0.911031","0.015826","1.210954"
"210","60","45.669585","0.91894","0.016024","1.201096"
"220","60","44.743506","0.926143","0.016224","1.192292"
"230","60","43.854238","0.932721","0.016426","1.184381"
"240","60","42.99963","0.938742","0.016628","1.177232"
"250","60","42.177693","0.944265","0.016832","1.170742"
"260","60","41.386589","0.949343","0.017035","1.164822"
"270","60","40.624615","0.954019","0.017239","1.159401"
"280","60","39.890192","0.958333","0.017444","1.154418"
"290","60","39.181852","0.962319","0.017648","1.149823"
"300","60","38.498229","0.966008","0.017852","1.145572"
"310","60","37.838052","0.969426","0.018055","1.141627"
"320","60","37.200135","0.972597","0.018258","1.137957"
"330","60","36.58337","0.975544","0.018461","1.134535"
"340","60","35.986724","0.978284","0.018662","1.131335"
"350","60","35.409227","0.980835","0.018864","1.128338"
"-80","70","132.96262","0.246169","0.159367","1.678678"
"-70","70","126.417574","0.239471","0.142407","1.698174"
"-60","70","120.486653","0.233834","0.127739","1.718629"
"-50","70","115.087296","0.229199","0.114868","1.740777"
"-40","70","110.151105","0.225543","0.103428","1.765654"
"-30","70","105.620934","0.222886","0.093139","1.794761"
"-20","70","101.448667","0.221297","0.083777","1.83035"
"-10","70","97.593502","0.220923","0.075152","1.875965"
"0","70","94.020612","0.222039","0.067094","1.937565"
"10","70","90.700088","0.225153","0.05943","2.026159"
"20","70","87.606106","0.231289","0.051951","2.165636"
"30","70","84.716246","0.242839","0.044338","2.422835"
"40","70","82.010953","0.26731","0.035917","3.037189"
"50","70","79.473093","0.338182","0.025591","4.502785"
"60","70","77.087588","0.469262","0.018752","3.289647"
"70","70","74.841119","0.562474","0.016664","2.326338"
"80","70","72.721875","0.626972","0.015829","1.926535"
"90","70","70.719345","0.675766","0.015436","1.716044"
"100","70","68.824146","0.714693","0.015253","1.586751"
"110","70","67.027874","0.746799","0.015188","1.499261"
"120","70","65.322981","0.773887","0.015196","1.436057"
"130","70","63.702667","0.797123","0.015253","1.388203"
"140","70","62.160789","0.817304","0.015343","1.350671"
"150","70","60.691788","0.835006","0.015459","1.32042"
"160","70","59.290615","0.850658","0.015592","1.2955"
"170","70","57.95268","0.864588","0.01574","1.274604"
"180","70","56.673795","0.877055","0.015898","1.256824"
"190","70","55.450135","0.888267","0.016065","1.241505"
"200","70","54.278199","0.89839","0.016238","1.228168"
"210","70","53.154776","0.907564","0.016417","1.216449"
"220","70","52.076914","0.915906","0.016599","1.206071"
"230","70","51.041896","0.923511","0.016785","1.196816"
"240","70","50.047218","0.930464","0.016974","1.18851"
"250","70","49.090567","0.936836","0.017165","1.181015"
"260","70","48.169802","0.942686","0.017357","1.174218"
"270","70","47.282942","0.94807","0.01755","1.168027"
"280","70","46.428148","0.953032","0.017745","1.162363"
"290","70","45.603711","0.957613","0.01794","1.157163"
"300","70","44.808043","0.96185","0.018135","1.152372"
"310","70","44.039664","0.965774","0.01833","1.147944"
"320","70","43.297193","0.969412","0.018526","1.14384"
"330","70","42.579342","0.97279","0.018722","1.140024"
"340","70","41.884906","0.97593","0.018917","1.136469"
"350","70","41.212758","0.978852","0.019112","1.133149"
"-80","80","151.686255","0.280331","0.160715","1.673248"
"-70","80","144.219543","0.272627","0.14371","1.691839"
"-60","80","137.453438","0.266117","0.129015","1.711154"
"-50","80","131.29375","0.260728","0.116135","1.731828"
"-40","80","125.66245","0.256427","0.104703","1.754734"
"-30","80","120.494346","0.25322","0.09444","1.781105"
"-20","80","115.734546","0.251166","0.085124","1.812731"
"-10","80","111.336501","0.250394","0.076574","1.852292"
"0","80","107.26048","0.25114","0.068633","1.904007"
"10","80","103.472365","0.253831","0.06115","1.974974"
"20","80","99.942692","0.259251","0.053969","2.078593"
"30","80","96.645886","0.26899","0.046895","2.244952"
"40","80","93.559637","0.286792","0.039642","2.548407"
"50","80","90.664398","0.32291","0.031854","3.120822"
"60","80","87.942969","0.397794","0.02428","3.502021"
"70","80","85.380155","0.492616","0.019847","2.796786"
"80","80","82.962481","0.569232","0.01791","2.220458"
"90","80","80.677957","0.627833","0.016975","1.903285"
"100","80","78.515879","0.674179","0.016479","1.715002"
"110","80","76.466659","0.712028","0.016212","1.592502"
"120","80","74.521684","0.743693","0.01608","1.506981"
"130","80","72.673199","0.770669","0.016033","1.444051"
"140","80","70.914196","0.793971","0.016045","1.395852"
"150","80","69.238332","0.814318","0.016097","1.357768"
"160","80","67.639848","0.832243","0.01618","1.326919"
"170","80","66.113506","0.848149","0.016285","1.301421"
"180","80","64.65453","0.862347","0.016407","1.279993"
"190","80","63.258556","0.875088","0.016543","1.261732"
"200","80","61.92159","0.886572","0.01669","1.245984"
"210","80","60.639967","0.896963","0.016845","1.232264"
"220","80","59.410322","0.906397","0.017007","1.220205"
"230","80","58.229554","0.914989","0.017175","1.209524"
"240","80","57.094807","0.922835","0.017347","1.199997"
"250","80","56.003441","0.930018","0.017523","1.191449"
"260","80","54.953016","0.936608","0.017701","1.183736"
"270","80","53.941269","0.942667","0.017882","1.176743"
"280","80","52.966104","0.948249","0.018065","1.170374"
"290","80","52.025571","0.953399","0.01825","1.16455"
"300","80","51.117858","0.958158","0.018435","1.159205"
"310","80","50.241276","0.962564","0.018622","1.154281"
"320","80","49.394251","0.966647","0.018809","1.149732"
"330","80","48.575313","0.970436","0.018997","1.145516"
"340","80","47.783088","0.973957","0.019185","1.141599"
"350","80","47.016289","0.977231","0.019373","1.13795"
"-80","90","170.409891","0.31438","0.16206","1.667985"
"-70","90","162.021513","0.305658","0.145008","1.685729"
"-60","90","154.420222","0.298259","0.130284","1.703987"
"-50","90","147.500203","0.292099","0.117392","1.723309"
"-40","90","141.173795","0.28713","0.105963","1.744437"
"-30","90","135.367758","0.283347","0.095719","1.76839"
"-20","90","130.020424","0.280795","0.086442","1.796599"
"-10","90","125.0795","0.279583","0.077954","1.831118"
"0","90","120.500349","0.279916","0.070107","1.874992"
"10","90","116.244642","0.28215","0.062767","1.932945"
"20","90","112.279278","0.286904","0.055805","2.012927"
"30","90","108.575525","0.295313","0.049087","2.130102"
"40","90","105.10832","0.309633","0.042457","2.314598"
"50","90","101.855703","0.334675","0.035764","2.606436"
"60","90","98.79835","0.379411","0.029177","2.940375"
"70","90","95.919191","0.448116","0.02382","2.883537"
"80","90","93.203088","0.521997","0.020628","2.451634"
"90","90","90.63657","0.585414","0.018931","2.088142"
"100","90","88.207612","0.637262","0.017989","1.849461"
"110","90","85.905443","0.679952","0.017442","1.691725"
"120","90","83.720388","0.715689","0.017119","1.582482"
"130","90","81.643732","0.74608","0.016936","1.50323"
"140","90","79.667604","0.772269","0.016845","1.443438"
"150","90","77.784876","0.795085","0.016817","1.396858"
"160","90","75.989081","0.815141","0.016836","1.35961"
"170","90","74.274332","0.832903","0.016889","1.329174"
"180","90","72.635265","0.848733","0.016968","1.303855"
"190","90","71.066977","0.862916","0.017067","1.282473"
"200","90","69.56498","0.875684","0.017182","1.264183"
"210","90","68.125159","0.887223","0.017309","1.248363"
"220","90","66.74373","0.89769","0.017447","1.234549"
"230","90","65.417212","0.907214","0.017594","1.222385"
"240","90","64.142396","0.915904","0.017747","1.211594"
"250","90","62.916315","0.923855","0.017905","1.201959"
"260","90","61.736229","0.931144","0.018068","1.193305"
"270","90","60.599596","0.937843","0.018235","1.185491"
"280","90","59.504059","0.94401","0.018405","1.178401"
"290","90","58.44743","0.949697","0.018578","1.171941"
"300","90","57.427672","0.954951","0.018753","1.166031"
"310","90","56.442888","0.959812","0.01893","1.160604"
"320","90","55.49131","0.964315","0.019107","1.155605"
"330","90","54.571285","0.968493","0.019287","1.150985"
"340","90","53.68127","0.972374","0.019467","1.146702"
"350","90","52.819819","0.975982","0.019647","1.142723"
"-80","100","189.133526","0.348318","0.163402","1.662881"
"-70","100","179.823483","0.338566","0.146301","1.679829"
"-60","100","171.387007","0.330266","0.131546","1.697104"
"-50","100","163.706657","0.323318","0.118638","1.715185"
"-40","100","156.685141","0.31766","0.107208","1.734702"
"-30","100","150.24117","0.313277","0.096979","1.756504"
"-20","100","144.306303","0.310197","0.087733","1.781745"
"-10","100","138.822499","0.308513","0.079297","1.812014"
"0","100","133.740218","0.308398","0.071528","1.849544"
"10","100","129.016919","0.310149","0.064301","1.897556"
"20","100","124.615864","0.314263","0.057507","1.960951"
"30","100","120.505164","0.321588","0.051041","2.047911"
"40","100","116.657003","0.333627","0.044802","2.172319"
"50","100","113.047008","0.353133","0.03871","2.349411"
"60","100","109.653731","0.384654","0.032827","2.558164"
"70","100","106.458227","0.432525","0.027591","2.661671"
"80","100","103.443694","0.492726","0.023695","2.497111"
"90","100","100.595183","0.553084","0.021246","2.210224"
"100","100","97.899345","0.606546","0.019776","1.964616"
"110","100","95.344227","0.652135","0.018879","1.785313"
"120","100","92.919091","0.690876","0.018317","1.65667"
"130","100","90.614264","0.724033","0.017963","1.562447"
"140","100","88.421011","0.75268","0.017745","1.491429"
"150","100","86.33142","0.777658","0.01762","1.436397"
"160","100","84.338314","0.799616","0.017562","1.392689"
"170","100","82.435159","0.819055","0.017552","1.357234"
"180","100","80.616","0.836371","0.01758","1.327948"
"190","100","78.875398","0.851878","0.017636","1.30338"
"200","100","77.208371","0.865828","0.017714","1.282495"
"210","100","75.61035","0.87843","0.017809","1.264535"
"220","100","74.077138","0.889854","0.01792","1.248934"
"230","100","72.60487","0.900244","0.018041","1.235263"
"240","100","71.189985","0.90972","0.018173","1.22319"
"250","100","69.82919","0.918385","0.018312","1.212454"
"260","100","68.519442","0.926328","0.018458","1.202848"
"270","100","67.257922","0.933624","0.018609","1.194205"
"280","100","66.042015","0.940338","0.018765","1.186389"
"290","100","64.86929","0.946528","0.018924","1.179289"
"300","100","63.737487","0.952245","0.019087","1.172812"
"310","100","62.644501","0.957533","0.019252","1.16688"
"320","100","61.588368","0.96243","0.01942","1.16143"
"330","100","60.567256","0.966972","0.01959","1.156404"
"340","100","59.579451","0.97119","0.019761","1.151757"
"350","100","58.62335","0.97511","0.019933","1.147448"
"-80","110","207.857162","0.382149","0.164743","1.657926"
"-70","110","197.625453","0.371356","0.14759","1.674126"
"-60","110","188.353792","0.362142","0.132801","1.690486"
"-50","110","179.913111","0.35439","0.119875","1.707423"
"-40","110","172.196486","0.348026","0.108441","1.725476"
"-30","110","165.114583","0.343021","0.098222","1.745356"
"-20","110","158.592182","0.339389","0.089001","1.767999"
"-10","110","152.565498","0.337203","0.080607","1.794648"
"0","110","146.980087","0.336609","0.072901","1.82696"
"10","110","141.789196","0.337856","0.065767","1.867173"
"20","110","136.95245","0.341346","0.059104","1.918392"
"30","110","132.434804","0.34773","0.052825","1.985216"
"40","110","128.205687","0.358073","0.046856","2.074484"
"50","110","124.238313","0.374134","0.041143","2.192621"
"60","110","120.509112","0.398569","0.035712","2.32946"
"70","110","116.997263","0.434199","0.030766","2.43111"
"80","110","113.684301","0.481017","0.026685","2.404094"
"90","110","110.553795","0.533353","0.02373","2.237977"
"100","110","107.591078","0.584211","0.021769","2.034717"
"110","110","104.783011","0.630073","0.020495","1.85875"
"120","110","102.117794","0.670253","0.019662","1.721647"
"130","110","99.584797","0.70521","0.019109","1.617231"
"140","110","97.174418","0.735683","0.018743","1.537153"
"150","110","94.877965","0.762386","0.018504","1.474694"
"160","110","92.687546","0.785927","0.018356","1.425038"
"170","110","90.595985","0.806802","0.018274","1.384828"
"180","110","88.596736","0.825415","0.018242","1.351718"
"190","110","86.683819","0.842092","0.018248","1.324046"
"200","110","84.851761","0.857099","0.018285","1.300614"
"210","110","83.095541","0.870658","0.018344","1.280543"
"220","110","81.410546","0.882949","0.018423","1.263175"
"230","110","79.792529","0.894128","0.018517","1.248011"
"240","110","78.237573","0.904323","0.018624","1.234666"
"250","110","76.742064","0.913644","0.018742","1.222837"
"260","110","75.302655","0.922187","0.018868","1.212286"
"270","110","73.916249","0.930033","0.019002","1.20282"
"280","110","72.579971","0.937253","0.019142","1.194282"
"290","110","71.291149","0.943908","0.019287","1.186547"
"300","110","70.047301","0.950054","0.019437","1.179507"
"310","110","68.846113","0.955737","0.01959","1.173075"
"320","110","67.685427","0.961","0.019747","1.167177"
"330","110","66.563228","0.96588","0.019906","1.16175"
"340","110","65.477633","0.970411","0.020067","1.156742"
"350","110","64.426881","0.974622","0.020231","1.152105"
"-80","120","226.580797","0.415875","0.166081","1.653113"
"-70","120","215.427423","0.404031","0.148875","1.668609"
"-60","120","205.320577","0.393891","0.134051","1.684115"
"-50","120","196.119565","0.385322","0.121104","1.699994"
"-40","120","187.707832","0.378236","0.109663","1.716713"
"-30","120","179.987995","0.372588","0.099449","1.734868"
"-20","120","172.87806","0.368382","0.090247","1.755223"
"-10","120","166.308497","0.36567","0.081888","1.778759"
"0","120","160.219956","0.364573","0.074235","1.80672"
"10","120","154.561472","0.365296","0.067175","1.840683"
"20","120","149.289036","0.368169","0.060617","1.882651"
"30","120","144.364443","0.373702","0.054482","1.935267"
"40","120","139.75437","0.382681","0.048708","2.001988"
"50","120","135.429618","0.396307","0.043255","2.085539"
"60","120","131.364493","0.416281","0.038129","2.180126"
"70","120","127.536299","0.444442","0.033435","2.25929"
"80","120","123.924907","0.481489","0.029383","2.27579"
"90","120","120.512408","0.525195","0.026179","2.196354"
"100","120","117.282811","0.570908","0.023851","2.053439"
"110","120","114.221795","0.614671","0.022234","1.902212"
"120","120","111.316497","0.65458","0.021124","1.770196"
"130","120","108.555329","0.690181","0.020359","1.662946"
"140","120","105.927825","0.721696","0.019829","1.577678"
"150","120","103.424509","0.749577","0.019464","1.50986"
"160","120","101.036779","0.774304","0.019215","1.455399"
"170","120","98.756811","0.796319","0.019052","1.411093"
"180","120","96.577471","0.815999","0.018953","1.374554"
"190","120","94.49224","0.833664","0.018904","1.344025"
"200","120","92.495151","0.84958","0.018893","1.318207"
"210","120","90.580733","0.863973","0.018912","1.296134"
"220","120","88.743954","0.877029","0.018957","1.277075"
"230","120","86.980187","0.888909","0.019021","1.260474"
"240","120","85.285162","0.899747","0.019101","1.245898"
"250","120","83.654938","0.909659","0.019195","1.233008"
"260","120","82.085869","0.918744","0.0193","1.221536"
"270","120","80.574576","0.92709","0.019415","1.211267"
"280","120","79.117926","0.93477","0.019537","1.202025"
"290","120","77.713009","0.94185","0.019667","1.193668"
"300","120","76.357116","0.948387","0.019802","1.186078"
"310","120","75.047725","0.954433","0.019942","1.179155"
"320","120","73.782485","0.960031","0.020087","1.172819"
"330","120","72.559199","0.965222","0.020235","1.166998"
"340","120","71.375815","0.970041","0.020386","1.161635"
"350","120","70.230412","0.97452","0.02054","1.156678"
"-80","130","245.304432","0.449499","0.167418","1.648435"
"-70","130","233.229393","0.436595","0.150156","1.663266"
"-60","130","222.287361","0.425518","0.135294","1.677973"
"-50","130","212.326019","0.416118","0.122324","1.692875"
"-40","130","203.219177","0.408295","0.110873","1.708373"
"-30","130","194.861407","0.401989","0.100661","1.724972"
"-20","130","187.163939","0.397188","0.091474","1.743301"
"-10","130","180.051496","0.393928","0.083142","1.764138"
"0","130","173.459825","0.392306","0.075532","1.788429"
"10","130","167.333749","0.392491","0.068535","1.817295"
"20","130","161.625622","0.394752","0.062061","1.852042"
"30","130","156.294082","0.399493","0.056039","1.894197"
"40","130","151.303053","0.407312","0.050413","1.945484"
"50","130","146.620922","0.419066","0.045147","2.006924"
"60","130","142.219874","0.435913","0.040238","2.074837"
"70","130","138.075335","0.459102","0.035739","2.134475"
"80","130","134.165514","0.489324","0.031772","2.159846"
"90","130","130.471021","0.52575","0.028476","2.125735"
"100","130","126.974544","0.565695","0.025915","2.034037"
"110","130","123.66058","0.605928","0.024024","1.915769"
"120","130","120.515201","0.644157","0.022661","1.798958"
"130","130","117.525862","0.679281","0.021686","1.696299"
"140","130","114.681232","0.711009","0.020988","1.610513"
"150","130","111.971053","0.739462","0.020488","1.540138"
"160","130","109.386012","0.764929","0.020131","1.482548"
"170","130","106.917638","0.787745","0.01988","1.435166"
"180","130","104.558206","0.808232","0.019708","1.395839"
"190","130","102.300661","0.826679","0.019598","1.362866"
"200","130","100.138542","0.843339","0.019536","1.334939"
"210","130","98.065924","0.858429","0.019512","1.311053"
"220","130","96.077362","0.872137","0.019518","1.290439"
"230","130","94.167845","0.884621","0.019549","1.272497"
"240","130","92.332751","0.89602","0.019601","1.256763"
"250","130","90.567812","0.906451","0.019669","1.242868"
"260","130","88.869082","0.916017","0.019751","1.23052"
"270","130","87.232903","0.924808","0.019845","1.219482"
"280","130","85.655882","0.932899","0.019949","1.209564"
"290","130","84.134868","0.940361","0.020062","1.200608"
"300","130","82.66693","0.947252","0.020182","1.192485"
"310","130","81.249337","0.953626","0.020308","1.185088"
"320","130","79.879543","0.959528","0.020439","1.178327"
"330","130","78.555171","0.965002","0.020575","1.172124"
"340","130","77.273997","0.970084","0.020716","1.166416"
"350","130","76.033942","0.974807","0.020859","1.161147"
"-80","140","264.028068","0.483023","0.168753","1.643883"
"-70","140","251.031362","0.46905","0.151435","1.658088"
"-60","140","239.254146","0.457026","0.136533","1.672047"
"-50","140","228.532473","0.446784","0.123538","1.686041"
"-40","140","218.730522","0.438209","0.112074","1.70042"
"-30","140","209.734819","0.431229","0.10186","1.715612"
"-20","140","201.449817","0.425816","0.092683","1.732136"
"-10","140","193.794495","0.42199","0.084374","1.750618"
"0","140","186.699693","0.419825","0.076799","1.771779"
"10","140","180.106026","0.419458","0.069853","1.796426"
"20","140","173.962208","0.421109","0.063447","1.825414"
"30","140","168.223722","0.4251","0.057514","1.85961"
"40","140","162.851736","0.431893","0.052003","1.899814"
"50","140","157.812227","0.442122","0.046877","1.946225"
"60","140","153.075255","0.456607","0.042127","1.996296"
"70","140","148.614371","0.476224","0.037779","2.041158"
"80","140","144.40612","0.501541","0.033902","2.06517"
"90","140","140.429633","0.532266","0.030588","2.051641"
"100","140","136.666277","0.566888","0.027893","1.99445"
"110","140","133.099364","0.603099","0.025803","1.906745"
"120","140","129.713904","0.638775","0.024229","1.809285"
"130","140","126.496394","0.67254","0.023062","1.716387"
"140","140","123.434639","0.703732","0.0222","1.634274"
"150","140","120.517597","0.732163","0.021563","1.564275"
"160","140","117.735245","0.757912","0.021094","1.505494"
"170","140","115.078464","0.781174","0.020751","1.456301"
"180","140","112.538941","0.80219","0.020503","1.415015"
"190","140","110.109082","0.821198","0.020329","1.380152"
"200","140","107.781932","0.838423","0.020212","1.350493"
"210","140","105.551115","0.854065","0.020141","1.32506"
"220","140","103.41077","0.868302","0.020106","1.303078"
"230","140","101.355503","0.881289","0.020102","1.283935"
"240","140","99.38034","0.893161","0.020122","1.267146"
"250","140","97.480687","0.904036","0.020163","1.252325"
"260","140","95.652295","0.914018","0.020221","1.23916"
"270","140","93.891229","0.923196","0.020293","1.227402"
"280","140","92.193838","0.93165","0.020377","1.216846"
"290","140","90.556728","0.939448","0.020472","1.207323"
"300","140","88.976745","0.946653","0.020575","1.198694"
"310","140","87.45095","0.953319","0.020686","1.190844"
"320","140","85.976602","0.959493","0.020804","1.183676"
"330","140","84.551142","0.96522","0.020928","1.177107"
"340","140","83.172179","0.970538","0.021056","1.171067"
"350","140","81.837473","0.975481","0.021189","1.165498"
"-80","150","282.751703","0.51645","0.170087","1.639453"
"-70","150","268.833332","0.5014","0.15271","1.653065"
"-60","150","256.220931","0.488419","0.137767","1.666322"
"-50","150","244.738927","0.477325","0.124744","1.679473"
"-40","150","234.241868","0.467986","0.113265","1.692823"
"-30","150","224.608231","0.460317","0.103047","1.706736"
"-20","150","215.735696","0.454276","0.093876","1.721647"
"-10","150","207.537494","0.449868","0.085584","1.738058"
"0","150","199.939562","0.447144","0.078038","1.756528"
"10","150","192.878303","0.446213","0.071133","1.777639"
"20","150","186.298794","0.447254","0.064784","1.80195"
"30","150","180.153361","0.450525","0.058923","1.82993"
"40","150","174.40042","0.456387","0.053501","1.861877"
"50","150","169.003532","0.465318","0.048484","1.897587"
"60","150","163.930636","0.477915","0.043854","1.935184"
"70","150","159.153407","0.49481","0.039622","1.969021"
"80","150","154.646726","0.516448","0.035826","1.989113"
"90","150","150.388246","0.542744","0.032523","1.984284"
"100","150","146.35801","0.572822","0.029758","1.9479"
"110","150","142.538148","0.605109","0.02753","1.884014"
"120","150","138.912607","0.637864","0.02579","1.805411"
"130","150","135.466927","0.669707","0.024457","1.724545"
"140","150","132.188047","0.699783","0.023443","1.648935"
"150","150","129.064141","0.727679","0.022676","1.581765"
"160","150","126.084478","0.753282","0.022095","1.523651"
"170","150","123.23929","0.776644","0.021658","1.473971"
"180","150","120.519677","0.79791","0.021331","1.431648"
"190","150","117.917503","0.817254","0.02109","1.395539"
"200","150","115.425323","0.83486","0.020915","1.364601"
"210","150","113.036306","0.850903","0.020795","1.337942"
"220","150","110.744178","0.865543","0.020718","1.314826"
"230","150","108.543161","0.878926","0.020677","1.294654"
"240","150","106.427928","0.891181","0.020664","1.27694"
"250","150","104.393561","0.902423","0.020676","1.261291"
"260","150","102.435509","0.912753","0.020708","1.247388"
"270","150","100.549556","0.92226","0.020756","1.23497"
"280","150","98.731793","0.931023","0.02082","1.223824"
"290","150","96.978587","0.939112","0.020895","1.213773"
"300","150","95.286559","0.94659","0.020982","1.204671"
"310","150","93.652562","0.953511","0.021077","1.196395"
"320","150","92.07366","0.959925","0.02118","1.188842"
"330","150","90.547113","0.965876","0.02129","1.181925"
"340","150","89.07036","0.971403","0.021407","1.175571"
"350","150","87.641004","0.976541","0.021528","1.169715"
"-80","160","301.475338","0.549782","0.17142","1.635137"
"-70","160","286.635302","0.533647","0.153983","1.648189"
"-60","160","273.187716","0.5197","0.138997","1.660786"
"-50","160","260.94538","0.507743","0.125945","1.673153"
"-40","160","249.753213","0.497629","0.114448","1.685553"
"-30","160","239.481644","0.489258","0.104223","1.698302"
"-20","160","230.021575","0.482576","0.095054","1.711763"
"-10","160","221.280493","0.47757","0.086775","1.726344"
"0","160","213.179431","0.474274","0.079252","1.742481"
"10","160","205.65058","0.47277","0.072381","1.760597"
"20","160","198.63538","0.473201","0.066077","1.781051"
"30","160","192.083001","0.475774","0.060276","1.804073"
"40","160","185.949103","0.480772","0.054926","1.829683"
"50","160","180.194837","0.488562","0.049992","1.857495"
"60","160","174.786017","0.499586","0.045455","1.886054"
"70","160","169.692442","0.51431","0.041313","1.911593"
"80","160","164.887333","0.533072","0.037585","1.927487"
"90","160","160.346858","0.55587","0.034306","1.926002"
"100","160","156.049743","0.582169","0.031504","1.901624"
"110","160","151.976932","0.610896","0.029184","1.854665"
"120","160","148.11131","0.640702","0.027318","1.792116"
"130","160","144.437459","0.670347","0.025846","1.72333"
"140","160","140.941454","0.698924","0.024699","1.655555"
"150","160","137.610686","0.725891","0.023809","1.592857"
"160","160","134.43371","0.750984","0.023122","1.536901"
"170","160","131.400116","0.774135","0.022593","1.48793"
"180","160","128.500412","0.795388","0.022186","1.445476"
"190","160","125.725924","0.81485","0.021876","1.408787"
"200","160","123.068713","0.832657","0.021643","1.377057"
"210","160","120.521498","0.848948","0.021472","1.349529"
"220","160","118.077586","0.863865","0.021351","1.325545"
"230","160","115.730819","0.877537","0.021271","1.304542"
"240","160","113.475517","0.890083","0.021224","1.286053"
"250","160","111.306435","0.901613","0.021205","1.269693"
"260","160","109.218722","0.912222","0.02121","1.255142"
"270","160","107.207883","0.921998","0.021235","1.242136"
"280","160","105.269749","0.931018","0.021276","1.230457"
"290","160","103.400447","0.939352","0.021332","1.219925"
"300","160","101.596374","0.947061","0.0214","1.210387"
"310","160","99.854174","0.954201","0.021479","1.201716"
"320","160","98.170718","0.960821","0.021567","1.193805"
"330","160","96.543085","0.966965","0.021663","1.186563"
"340","160","94.968542","0.972674","0.021767","1.179912"
"350","160","93.444534","0.977983","0.021876","1.173785"
"-80","170","320.198974","0.583021","0.172753","1.630931"
"-70","170","304.437272","0.565794","0.155254","1.643451"
"-60","170","290.154501","0.550874","0.140223","1.655429"
"-50","170","277.151834","0.538044","0.127139","1.667063"
"-40","170","265.264558","0.527143","0.115622","1.678586"
"-30","170","254.355056","0.51806","0.105388","1.690271"
"-20","170","244.307453","0.510724","0.096219","1.702424"
"-10","170","235.023492","0.505107","0.087949","1.71538"
"0","170","226.4193","0.501226","0.080444","1.72948"
"10","170","218.422856","0.49914","0.0736","1.745034"
"20","170","210.971966","0.498961","0.067334","1.762268"
"30","170","204.01264","0.500852","0.06158","1.781264"
"40","170","197.497786","0.505037","0.056287","1.801895"
"50","170","191.386142","0.511799","0.051421","1.823702"
"60","170","185.641398","0.52147","0.046956","1.845519"
"70","170","180.231478","0.534393","0.042885","1.864729"
"80","170","175.127939","0.550828","0.039213","1.876803"
"90","170","170.305471","0.570799","0.035959","1.876255"
"100","170","165.741476","0.593959","0.033139","1.858746"
"110","170","161.415717","0.61956","0.030759","1.823288"
"120","170","157.310013","0.646575","0.028798","1.773402"
"130","170","153.407992","0.673952","0.027214","1.715498"
"140","170","149.694861","0.700824","0.025951","1.655739"
"150","170","146.15723","0.72659","0.024951","1.598339"
"160","170","142.782943","0.750895","0.024164","1.545543"
"170","170","139.560943","0.773572","0.023545","1.498222"
"180","170","136.481147","0.79458","0.023061","1.456426"
"190","170","133.534345","0.81396","0.022683","1.419781"
"200","170","130.712104","0.831795","0.022391","1.387739"
"210","170","128.006689","0.848191","0.022169","1.35971"
"220","170","125.410994","0.86326","0.022002","1.335134"
"230","170","122.918477","0.877115","0.021882","1.313513"
"240","170","120.523106","0.889862","0.0218","1.294414"
"250","170","118.21931","0.9016","0.02175","1.27747"
"260","170","116.001935","0.91242","0.021727","1.26237"
"270","170","113.86621","0.922406","0.021726","1.248856"
"280","170","111.807705","0.931631","0.021745","1.236709"
"290","170","109.822306","0.940163","0.02178","1.225747"
"300","170","107.906188","0.948062","0.02183","1.215816"
"310","170","106.055786","0.955383","0.021891","1.206785"
"320","170","104.267777","0.962176","0.021964","1.198545"
"330","170","102.539056","0.968484","0.022046","1.191002"
"340","170","100.866724","0.974348","0.022135","1.184076"
"350","170","99.248065","0.979803","0.022232","1.177697"
"-80","180","338.922609","0.616169","0.174085","1.626828"
"-70","180","322.239242","0.597844","0.156523","1.638845"
"-60","180","307.121285","0.581941","0.141446","1.650239"
"-50","180","293.358288","0.56823","0.128329","1.661189"
"-40","180","280.775904","0.556534","0.11679","1.6719"
"-30","180","269.228468","0.546727","0.106544","1.68261"
"-20","180","258.593332","0.538725","0.097372","1.693579"
"-10","180","248.76649","0.532487","0.089106","1.705085"
"0","180","239.659169","0.52801","0.081615","1.717396"
"10","180","231.195133","0.525334","0.074793","1.73074"
"20","180","223.308552","0.524544","0.068557","1.745255"
"30","180","215.942279","0.525767","0.062842","1.760933"
"40","180","209.04647","0.529178","0.057596","1.777573"
"50","180","202.577447","0.534995","0.052783","1.794704"
"60","180","196.496779","0.543469","0.048376","1.811368"
"70","180","190.770514","0.554858","0.04436","1.825679"
"80","180","185.368546","0.569352","0.040734","1.834466"
"90","180","180.264084","0.586982","0.037503","1.833768"
"100","180","175.433209","0.607509","0.034676","1.820206"
"110","180","170.854501","0.630395","0.032254","1.792446"
"120","180","166.508717","0.654856","0.030222","1.752131"
"130","180","162.378524","0.680023","0.028548","1.703424"
"140","180","158.448268","0.705112","0.027187","1.651166"
"150","180","154.703774","0.729518","0.02609","1.599255"
"160","180","151.132176","0.752838","0.025211","1.550156"
"170","180","147.721769","0.774837","0.024509","1.505123"
"180","180","144.461882","0.795407","0.02395","1.464597"
"190","180","141.342766","0.814529","0.023506","1.428528"
"200","180","138.355494","0.832238","0.023155","1.39661"
"210","180","135.49188","0.848603","0.022881","1.368427"
"220","180","132.744402","0.863708","0.022668","1.343536"
"230","180","130.106135","0.877644","0.022508","1.321512"
"240","180","127.570695","0.890503","0.02239","1.301971"
"250","180","125.132184","0.902374","0.022308","1.284576"
"260","180","122.785149","0.913339","0.022256","1.269035"
"270","180","120.524536","0.923475","0.022229","1.255097"
"280","180","118.34566","0.932852","0.022225","1.242551"
"290","180","116.244166","0.941536","0.022239","1.231215"
"300","180","114.216003","0.949585","0.022269","1.220937"
"310","180","112.257399","0.957051","0.022313","1.211585"
"320","180","110.364835","0.963984","0.022369","1.203048"
"330","180","108.535028","0.970427","0.022436","1.195231"
"340","180","106.764906","0.976418","0.022512","1.188052"
"350","180","105.051596","0.981995","0.022597","1.181441"
"-80","190","357.646245","0.649229","0.175417","1.622826"
"-70","190","340.041212","0.629798","0.15779","1.634364"
"-60","190","324.08807","0.612907","0.142665","1.645208"
"-50","190","309.564742","0.598306","0.129514","1.655516"
"-40","190","296.287249","0.585806","0.117951","1.665474"
"-30","190","284.10188","0.575265","0.10769","1.675288"
"-20","190","272.879211","0.566587","0.098513","1.685183"
"-10","190","262.509489","0.559716","0.090249","1.695388"
"0","190","252.899038","0.554634","0.082768","1.706119"
"10","190","243.96741","0.551362","0.075963","1.717544"
"20","190","235.645138","0.549959","0.069752","1.72974"
"30","190","227.871919","0.550524","0.064068","1.74265"
"40","190","220.595153","0.553191","0.05886","1.756039"
"50","190","213.768752","0.558128","0.054089","1.769452"
"60","190","207.35216","0.565524","0.049727","1.782096"
"70","190","201.30955","0.575569","0.045756","1.792562"
"80","190","195.609152","0.588405","0.042166","1.798583"
"90","190","190.222696","0.604054","0.038956","1.797262"
"100","190","185.124942","0.622344","0.036127","1.78597"
"110","190","180.293285","0.642871","0.033676","1.763376"
"120","190","175.70742","0.66503","0.03159","1.730149"
"130","190","171.349057","0.688112","0.029843","1.688921"
"140","190","167.201675","0.711426","0.0284","1.64331"
"150","190","163.250318","0.7344","0.027218","1.596674"
"160","190","159.481409","0.756612","0.026256","1.551439"
"170","190","155.882595","0.777786","0.025476","1.509055"
"180","190","152.442618","0.797766","0.024846","1.470221"
"190","190","149.151187","0.816483","0.024338","1.435139"
"200","190","145.998884","0.833931","0.02393","1.403712"
"210","190","142.977072","0.850143","0.023604","1.375685"
"220","190","140.07781","0.865176","0.023347","1.350732"
"230","190","137.293793","0.879099","0.023146","1.328512"
"240","190","134.618283","0.891987","0.022992","1.308697"
"250","190","132.045058","0.903917","0.022877","1.290985"
"260","190","129.568362","0.914962","0.022796","1.27511"
"270","190","127.182863","0.925191","0.022743","1.260837"
"280","190","124.883616","0.934671","0.022715","1.247962"
"290","190","122.666025","0.943462","0.022707","1.236311"
"300","190","120.525817","0.95162","0.022718","1.225734"
"310","190","118.459011","0.959196","0.022744","1.216101"
"320","190","116.461894","0.966236","0.022783","1.207302"
"330","190","114.530999","0.972784","0.022835","1.199239"
"340","190","112.663088","0.978877","0.022897","1.191832"
"350","190","110.855127","0.984552","0.022968","1.185008"
"-80","200","376.36988","0.682202","0.17675","1.618918"
"-70","200","357.843181","0.661659","0.159056","1.630002"
"-60","200","341.054855","0.643772","0.143881","1.640325"
"-50","200","325.771196","0.628275","0.130694","1.650034"
"-40","200","311.798595","0.614961","0.119106","1.659291"
"-30","200","298.975292","0.603678","0.108829","1.66828"
"-20","200","287.165089","0.594315","0.099643","1.677195"
"-10","200","276.252488","0.586802","0.091379","1.68623"
"0","200","266.138907","0.581106","0.083904","1.695558"
"10","200","256.739687","0.577232","0.077112","1.705305"
"20","200","247.981724","0.575216","0.07092","1.715508"
"30","200","239.801558","0.575131","0.065261","1.726082"
"40","200","232.143836","0.577078","0.060084","1.736784"
"50","200","224.960057","0.581184","0.055347","1.747194"
"60","200","218.207541","0.587591","0.051021","1.756641"
"70","200","211.848586","0.596438","0.047085","1.764052"
"80","200","205.849759","0.607825","0.043524","1.767767"
"90","200","200.181309","0.621766","0.040331","1.765647"
"100","200","194.816675","0.638125","0.037501","1.755644"
"110","200","189.732069","0.656592","0.035029","1.736554"
"120","200","184.906123","0.67669","0.032902","1.708547"
"130","200","180.319589","0.697837","0.031097","1.673269"
"140","200","175.955082","0.719439","0.029584","1.633351"
"150","200","171.796862","0.740966","0.028328","1.591549"
"160","200","167.830641","0.762004","0.027292","1.550099"
"170","200","164.043422","0.782256","0.026441","1.510501"
"180","200","160.423353","0.801533","0.025744","1.473609"
"190","200","156.959608","0.819729","0.025176","1.439802"
"200","200","153.642275","0.836804","0.024712","1.40915"
"210","200","150.462263","0.852758","0.024337","1.381536"
"220","200","147.411218","0.867623","0.024035","1.356746"
"230","200","144.481451","0.881447","0.023794","1.334518"
"240","200","141.665872","0.894287","0.023603","1.314584"
"250","200","138.957932","0.906207","0.023456","1.296685"
"260","200","136.351575","0.917271","0.023346","1.280581"
"270","200","133.84119","0.92754","0.023266","1.266059"
"280","200","131.421572","0.937073","0.023214","1.252929"
"290","200","129.087885","0.945928","0.023184","1.241023"
"300","200","126.835632","0.954157","0.023174","1.230196"
"310","200","124.660623","0.961807","0.023182","1.220324"
"320","200","122.558952","0.968923","0.023205","1.211296"
"330","200","120.526971","0.975547","0.023241","1.203018"
"340","200","118.561269","0.981717","0.023288","1.195407"
"350","200","116.658657","0.987466","0.023346","1.188392"
"-80","210","395.093515","0.715089","0.178082","1.615101"
"-70","210","375.645151","0.69343","0.160321","1.625752"
"-60","210","358.02164","0.674541","0.145095","1.635584"
"-50","210","341.97765","0.658139","0.13187","1.644729"
"-40","210","327.30994","0.644005","0.120255","1.653335"
"-30","210","313.848704","0.631971","0.10996","1.661562"
"-20","210","301.450968","0.621914","0.100764","1.669583"
"-10","210","289.995487","0.613751","0.092496","1.67756"
"0","210","279.378775","0.607434","0.085024","1.685637"
"10","210","269.511964","0.602951","0.078242","1.693908"
"20","210","260.31831","0.600322","0.072065","1.702385"
"30","210","251.731197","0.599593","0.066426","1.710969"
"40","210","243.69252","0.60084","0.061273","1.719425"
"50","210","236.151362","0.604155","0.056563","1.727371"
"60","210","229.062922","0.609643","0.052266","1.734239"
"70","210","222.387622","0.617402","0.048357","1.73919"
"80","210","216.090365","0.627502","0.044819","1.740987"
"90","210","210.139922","0.639943","0.04164","1.738035"
"100","210","204.508408","0.654614","0.03881","1.728741"
"110","210","199.170853","0.671267","0.036322","1.712058"
"120","210","194.104826","0.689517","0.034162","1.687908"
"130","210","189.290122","0.708886","0.032309","1.657316"
"140","210","184.70849","0.728862","0.030738","1.62217"
"150","210","180.343407","0.748969","0.029418","1.584667"
"160","210","176.179874","0.76881","0.028315","1.546773"
"170","210","172.204248","0.788083","0.0274","1.509944"
"180","210","168.404088","0.806579","0.026641","1.475104"
"190","210","164.768029","0.824167","0.026015","1.442749"
"200","210","161.285665","0.840778","0.025499","1.413074"
"210","210","157.947454","0.856386","0.025076","1.386075"
"220","210","154.744626","0.871","0.02473","1.361631"
"230","210","151.66911","0.884647","0.024449","1.339559"
"240","210","148.713461","0.89737","0.024223","1.319647"
"250","210","145.870807","0.909217","0.024043","1.301679"
"260","210","143.134789","0.920243","0.023903","1.285449"
"270","210","140.499517","0.9305","0.023797","1.270762"
"280","210","137.959527","0.940041","0.02372","1.257445"
"290","210","135.509744","0.948919","0.023668","1.245342"
"300","210","133.145446","0.95718","0.023638","1.234316"
"310","210","130.862235","0.964871","0.023627","1.224246"
"320","210","128.65601","0.972034","0.023633","1.215025"
"330","210","126.522942","0.978707","0.023653","1.206561"
"340","210","124.459451","0.984928","0.023685","1.198773"
"350","210","122.462188","0.990729","0.02373","1.191589"
"-80","220","413.817151","0.747894","0.179415","1.61137"
"-70","220","393.447121","0.725112","0.161584","1.62161"
"-60","220","374.988424","0.705214","0.146306","1.630977"
"-50","220","358.184103","0.687902","0.133042","1.639592"
"-40","220","342.821285","0.672941","0.121398","1.647589"
"-30","220","328.722117","0.660148","0.111083","1.655113"
"-20","220","315.736846","0.649389","0.101875","1.662314"
"-10","220","303.738486","0.640568","0.093602","1.669333"
"0","220","292.618644","0.633623","0.086131","1.67629"
"10","220","282.28424","0.628528","0.079355","1.683255"
"20","220","272.654896","0.625283","0.073188","1.690227"
"30","220","263.660837","0.623917","0.067565","1.697102"
"40","220","255.241203","0.624479","0.062431","1.703661"
"50","220","247.342666","0.627036","0.057743","1.70956"
"60","220","239.918303","0.63166","0.053469","1.714319"
"70","220","232.926658","0.638419","0.049581","1.717267"
"80","220","226.330972","0.647357","0.04606","1.717468"
"90","220","220.098534","0.658461","0.042891","1.713722"
"100","220","214.200141","0.671635","0.040062","1.704789"
"110","220","208.609638","0.686675","0.037561","1.689782"
"120","220","203.30353","0.703264","0.035373","1.668505"
"130","220","198.260654","0.721003","0.03348","1.641594"
"140","220","193.461897","0.739454","0.03186","1.610399"
"150","220","188.889951","0.75819","0.030484","1.576642"
"160","220","184.529107","0.77684","0.029323","1.542"
"170","220","180.365074","0.795107","0.028348","1.507821"
"180","220","176.384823","0.812774","0.027533","1.475043"
"190","220","172.57645","0.829691","0.026853","1.444228"
"200","220","168.929056","0.845768","0.026287","1.415659"
"210","220","165.432645","0.86096","0.025817","1.389419"
"220","220","162.078034","0.875252","0.025429","1.365467"
"230","220","158.856768","0.888656","0.025109","1.343686"
"240","220","155.76105","0.901199","0.024848","1.323918"
"250","220","152.783681","0.912917","0.024637","1.305988"
"260","220","149.918002","0.923852","0.024467","1.289722"
"270","220","147.157843","0.934049","0.024335","1.274949"
"280","220","144.497483","0.943556","0.024233","1.261513"
"290","220","141.931604","0.952417","0.024159","1.24927"
"300","220","139.455261","0.960677","0.024109","1.238093"
"310","220","137.063847","0.968376","0.024079","1.227865"
"320","220","134.753069","0.975556","0.024067","1.218487"
"330","220","132.518913","0.982252","0.024071","1.209867"
"340","220","130.357633","0.988499","0.024088","1.201926"
"350","220","128.265719","0.99433","0.024119","1.194596"
"-80","230","432.540786","0.780617","0.180748","1.607723"
"-70","230","411.249091","0.756707","0.162847","1.617571"
"-60","230","391.955209","0.735796","0.147516","1.626497"
"-50","230","374.390557","0.717567","0.134211","1.634614"
"-40","230","358.332631","0.701771","0.122537","1.642042"
"-30","230","343.595529","0.688213","0.112201","1.648914"
"-20","230","330.022725","0.676745","0.102978","1.655362"
"-10","230","317.481485","0.667259","0.094698","1.66151"
"0","230","305.858513","0.65968","0.087225","1.66746"
"10","230","295.056517","0.653967","0.080451","1.673266"
"20","230","284.991482","0.650106","0.074293","1.678917"
"30","230","275.590476","0.648107","0.068681","1.684314"
"40","230","266.789886","0.647998","0.063562","1.689256"
"50","230","258.533971","0.649823","0.058891","1.693437"
"60","230","250.773684","0.653629","0.054634","1.696448"
"70","230","243.465694","0.659458","0.050762","1.69775"
"80","230","236.571578","0.667331","0.047255","1.69662"
"90","230","230.057147","0.677228","0.044094","1.692146"
"100","230","223.891874","0.68906","0.041263","1.683366"
"110","230","218.048422","0.702652","0.03875","1.669541"
"120","230","212.502233","0.71774","0.03654","1.650428"
"130","230","207.231187","0.733986","0.034613","1.626415"
"140","230","202.215304","0.751011","0.03295","1.598473"
"150","230","197.436495","0.768438","0.031525","1.567939"
"160","230","192.87834","0.785923","0.030312","1.536214"
"170","230","188.525901","0.803181","0.029284","1.504512"
"180","230","184.365559","0.819992","0.028417","1.473736"
"190","230","180.384871","0.836196","0.027687","1.444482"
"200","230","176.572446","0.851689","0.027073","1.417088"
"210","230","172.917837","0.866407","0.02656","1.391703"
"220","230","169.411442","0.880321","0.02613","1.36835"
"230","230","166.044426","0.893426","0.025773","1.346966"
"240","230","162.808638","0.905734","0.025478","1.327442"
"250","230","159.696555","0.917271","0.025235","1.309642"
"260","230","156.701215","0.928069","0.025037","1.293421"
"270","230","153.81617","0.938164","0.024877","1.278633"
"280","230","151.035439","0.947596","0.024752","1.26514"
"290","230","148.353463","0.956405","0.024655","1.252811"
"300","230","145.765075","0.964629","0.024584","1.241528"
"310","230","143.26546","0.972307","0.024535","1.231183"
"320","230","140.850127","0.979476","0.024506","1.22168"
"330","230","138.514885","0.986169","0.024494","1.212934"
"340","230","136.255815","0.992421","0.024496","1.204867"
"350","230","134.06925","0.998261","0.024513","1.197412"
"-80","240","451.264422","0.813259","0.182082","1.604155"
"-70","240","429.051061","0.788218","0.16411","1.613629"
"-60","240","408.921994","0.766287","0.148723","1.622138"
"-50","240","390.597011","0.747136","0.135376","1.629785"
"-40","240","373.843976","0.730499","0.123671","1.636682"
"-30","240","358.468941","0.716169","0.113312","1.642948"
"-20","240","344.308604","0.703986","0.104074","1.648703"
"-10","240","331.224484","0.693828","0.095784","1.654057"
"0","240","319.098382","0.68561","0.088306","1.659098"
"10","240","307.828794","0.679276","0.081533","1.663869"
"20","240","297.328068","0.674798","0.07538","1.668357"
"30","240","287.520116","0.672169","0.069777","1.672467"
"40","240","278.338569","0.6714","0.064668","1.676018"
"50","240","269.725276","0.672515","0.06001","1.678743"
"60","240","261.629065","0.675539","0.055766","1.680294"
"70","240","254.00473","0.680495","0.051907","1.680228"
"80","240","246.812185","0.687385","0.048409","1.677983"
"90","240","240.015759","0.696179","0.045253","1.672861"
"100","240","233.583607","0.706792","0.04242","1.664111"
"110","240","227.487206","0.719074","0.039897","1.651129"
"120","240","221.700936","0.732796","0.037666","1.633665"
"130","240","216.201719","0.74767","0.035711","1.611947"
"140","240","210.968711","0.763367","0.03401","1.586679"
"150","240","205.983039","0.779552","0.032542","1.558898"
"160","240","201.227572","0.795909","0.031283","1.529759"
"170","240","196.686727","0.812169","0.030207","1.500329"
"180","240","192.346294","0.828115","0.029291","1.471454"
"190","240","188.193292","0.843581","0.028514","1.443734"
"200","240","184.215836","0.858453","0.027856","1.417538"
"210","240","180.403028","0.872656","0.027301","1.393064"
"220","240","176.74485","0.886146","0.026832","1.370381"
"230","240","173.232084","0.898905","0.026439","1.349474"
"240","240","169.856227","0.910934","0.02611","1.330274"
"250","240","166.609429","0.922246","0.025836","1.31268"
"260","240","163.484428","0.932865","0.025609","1.296575"
"270","240","160.474497","0.942818","0.025424","1.281835"
"280","240","157.573394","0.952139","0.025274","1.26834"
"290","240","154.775323","0.960861","0.025156","1.255974"
"300","240","152.07489","0.96902","0.025064","1.244628"
"310","240","149.467072","0.976648","0.024996","1.234203"
"320","240","146.947185","0.98378","0.02495","1.224609"
"330","240","144.510856","0.990448","0.024921","1.215764"
"340","240","142.153997","0.996681","0.024909","1.207596"
"350","240","139.87278","1.00251","0.024911","1.200037"
"-80","250","469.988057","0.845824","0.183417","1.600664"
"-70","250","446.853031","0.819645","0.165372","1.609781"
"-60","250","425.888779","0.79669","0.149929","1.617894"
"-50","250","406.803465","0.776611","0.136539","1.625097"
"-40","250","389.355321","0.759128","0.124801","1.631495"
"-30","250","373.342353","0.74402","0.114418","1.637198"
"-20","250","358.594482","0.731115","0.105162","1.642315"
"-10","250","344.967483","0.72028","0.096861","1.646943"
"0","250","332.338251","0.711417","0.089377","1.651161"
"10","250","320.601071","0.704459","0.082602","1.655006"
"20","250","309.664654","0.699363","0.076451","1.658463"
"30","250","299.449755","0.696108","0.070853","1.661445"
"40","250","289.887253","0.694689","0.065752","1.663794"
"50","250","280.916581","0.695112","0.061103","1.665275"
"60","250","272.484446","0.697386","0.056869","1.665592"
"70","250","264.543766","0.701514","0.053018","1.664382"
"80","250","257.052791","0.707485","0.049527","1.661199"
"90","250","249.974372","0.715261","0.046373","1.655506"
"100","250","243.27534","0.724759","0.043538","1.646719"
"110","250","236.92599","0.735843","0.041004","1.634346"
"120","250","230.899639","0.748316","0.038756","1.618152"
"130","250","225.172251","0.761925","0.036775","1.598266"
"140","250","219.722118","0.776384","0.035042","1.5752"
"150","250","214.529583","0.791394","0.033535","1.549761"
"160","250","209.576805","0.806668","0.032234","1.522895"
"170","250","204.847553","0.821952","0.031114","1.495525"
"180","250","200.327029","0.837035","0.030154","1.468427"
"190","250","196.001713","0.851752","0.029334","1.442181"
"200","250","191.859227","0.865981","0.028634","1.417174"
"210","250","187.888219","0.879637","0.028039","1.393634"
"220","250","184.078259","0.892668","0.027533","1.371665"
"230","250","180.419742","0.905044","0.027105","1.351291"
"240","250","176.903816","0.916754","0.026743","1.332476"
"250","250","173.522304","0.927804","0.026439","1.315149"
"260","250","170.267642","0.938207","0.026185","1.299217"
"270","250","167.132824","0.947984","0.025974","1.284579"
"280","250","164.11135","0.957161","0.025801","1.271132"
"290","250","161.197182","0.965767","0.02566","1.258773"
"300","250","158.384704","0.973831","0.025548","1.247403"
"310","250","155.668684","0.981383","0.025461","1.236933"
"320","250","153.044244","0.988454","0.025397","1.227278"
"330","250","150.506828","0.995073","0.025352","1.218362"
"340","250","148.052178","1.001268","0.025325","1.210115"
"350","250","145.676311","1.007066","0.025313","1.202474"
"-80","260","488.711692","0.878311","0.184754","1.597246"
"-70","260","464.655001","0.850991","0.166634","1.606022"
"-60","260","442.855564","0.827008","0.151134","1.613758"
"-50","260","423.009919","0.805995","0.137699","1.620543"
"-40","260","404.866667","0.78766","0.125927","1.626474"
"-30","260","388.215765","0.771769","0.115518","1.631652"
"-20","260","372.880361","0.758137","0.106244","1.636178"
"-10","260","358.710482","0.746619","0.097929","1.640142"
"0","260","345.57812","0.737107","0.090437","1.643613"
"10","260","333.373348","0.729521","0.083659","1.646625"
"20","260","322.00124","0.723806","0.077507","1.649164"
"30","260","311.379394","0.719928","0.071912","1.651155"
"40","260","301.435936","0.717867","0.066816","1.652456"
"50","260","292.107886","0.717615","0.062173","1.652867"
"60","260","283.339827","0.719163","0.057945","1.652134"
"70","260","275.082802","0.722503","0.054101","1.649958"
"80","260","267.293398","0.727609","0.050614","1.645983"
"90","260","259.932985","0.734437","0.04746","1.639792"
"100","260","252.967073","0.742904","0.044621","1.630931"
"110","260","246.364775","0.752886","0.042077","1.619005"
"120","260","240.098343","0.764207","0.039812","1.603802"
"130","260","234.142784","0.776646","0.037808","1.58539"
"140","260","228.475526","0.78995","0.036046","1.564145"
"150","260","223.076128","0.803852","0.034505","1.540696"
"160","260","217.926038","0.818089","0.033166","1.515818"
"170","260","213.008379","0.832425","0.032006","1.490301"
"180","260","208.307764","0.846657","0.031005","1.464844"
"190","260","203.810134","0.860622","0.030145","1.439996"
"200","260","199.502617","0.874194","0.029406","1.416145"
"210","260","195.373411","0.887284","0.028773","1.393537"
"220","260","191.411667","0.899829","0.028232","1.372304"
"230","260","187.6074","0.911791","0.02777","1.352498"
"240","260","183.951405","0.923152","0.027377","1.334111"
"250","260","180.435178","0.933908","0.027044","1.317096"
"260","260","177.050855","0.944064","0.026762","1.301385"
"270","260","173.79115","0.953634","0.026526","1.286895"
"280","260","170.649306","0.962638","0.026329","1.273538"
"290","260","167.619042","0.9711","0.026167","1.261224"
"300","260","164.694519","0.979043","0.026035","1.249867"
"310","260","161.870296","0.986496","0.02593","1.239383"
"320","260","159.141302","0.993484","0.025848","1.229695"
"330","260","156.502799","1.000033","0.025787","1.220732"
"340","260","153.95036","1.00617","0.025744","1.212429"
"350","260","151.479842","1.01192","0.025718","1.204726"
"-80","270","507.435328","0.910723","0.186091","1.593898"
"-70","270","482.45697","0.882258","0.167896","1.602349"
"-60","270","459.822348","0.857241","0.152337","1.609727"
"-50","270","439.216373","0.835291","0.138857","1.616116"
"-40","270","420.378012","0.816099","0.12705","1.621608"
"-30","270","403.089178","0.799419","0.116614","1.626297"
"-20","270","387.16624","0.785055","0.107319","1.630276"
"-10","270","372.453481","0.77285","0.09899","1.63363"
"0","270","358.817988","0.762684","0.091488","1.636421"
"10","270","346.145624","0.754468","0.084704","1.638682"
"20","270","334.337825","0.748133","0.07855","1.640401"
"30","270","323.309034","0.743634","0.072955","1.641514"
"40","270","312.984619","0.740938","0.067862","1.641898"
"50","270","303.299191","0.740023","0.063223","1.641382"
"60","270","294.195208","0.740869","0.058999","1.639749"
"70","270","285.621837","0.743452","0.055157","1.636753"
"80","270","277.534004","0.747739","0.051672","1.632106"
"90","270","269.891597","0.753676","0.048517","1.625484"
"100","270","262.658806","0.761184","0.045672","1.616533"
"110","270","255.803559","0.770143","0.043119","1.604939"
"120","270","249.297046","0.780398","0.040839","1.590519"
"130","270","243.113316","0.791749","0.038813","1.573304"
"140","270","237.228933","0.803972","0.037024","1.553572"
"150","270","231.622672","0.816827","0.035453","1.531817"
"160","270","226.275271","0.830074","0.034079","1.508674"
"170","270","221.169206","0.843493","0.032882","1.484814"
"180","270","216.288499","0.856892","0.031844","1.46086"
"190","270","211.618555","0.87011","0.030946","1.437321"
"200","270","207.146008","0.883022","0.03017","1.414578"
"210","270","202.858602","0.895531","0.029502","1.392884"
"220","270","198.745075","0.907572","0.028927","1.372392"
"230","270","194.795058","0.919099","0.028433","1.353172"
"240","270","190.998994","0.930086","0.02801","1.335241"
"250","270","187.348052","0.940521","0.027648","1.318573"
"260","270","183.834068","0.950403","0.02734","1.303119"
"270","270","180.449477","0.95974","0.027079","1.288814"
"280","270","177.187261","0.968546","0.02686","1.275582"
"290","270","174.040901","0.976838","0.026676","1.263347"
"300","270","171.004333","0.984638","0.026524","1.252033"
"310","270","168.071909","0.991969","0.0264","1.241564"
"320","270","165.238361","0.998852","0.026301","1.231869"
"330","270","162.498771","1.005313","0.026224","1.222883"
"340","270","159.848542","1.011374","0.026167","1.214544"
"350","270","157.283372","1.017058","0.026127","1.206796"
"-80","280","526.158963","0.943061","0.18743","1.590618"
"-70","280","500.25894","0.913446","0.169158","1.598758"
"-60","280","476.789133","0.887392","0.15354","1.605795"
"-50","280","455.422826","0.8645","0.140013","1.61181"
"-40","280","435.889358","0.844447","0.12817","1.616889"
"-30","280","417.96259","0.826973","0.117705","1.62112"
"-20","280","401.452118","0.811871","0.108388","1.624593"
"-10","280","386.19648","0.798975","0.100043","1.627384"
"0","280","372.057857","0.788152","0.09253","1.629555"
"10","280","358.917901","0.779302","0.085739","1.631137"
"20","280","346.674411","0.772347","0.07958","1.632121"
"30","280","335.238673","0.76723","0.073984","1.632454"
"40","280","324.533303","0.763905","0.068891","1.632033"
"50","280","314.490496","0.76234","0.064253","1.630708"
"60","280","305.050589","0.762501","0.060031","1.6283"
"70","280","296.160873","0.764356","0.05619","1.624601"
"80","280","287.774611","0.767861","0.052704","1.619383"
"90","280","279.85021","0.772957","0.049547","1.612388"
"100","280","272.350539","0.779564","0.046696","1.603344"
"110","280","265.242343","0.787569","0.044133","1.592002"
"120","280","258.495749","0.796829","0.041837","1.578208"
"130","280","252.083849","0.807165","0.039792","1.561973"
"140","280","245.98234","0.818374","0.037979","1.543506"
"150","280","240.169216","0.830239","0.036379","1.523197"
"160","280","234.624504","0.842542","0.034973","1.501565"
"170","280","229.330032","0.855079","0.033743","1.479183"
"180","280","224.269235","0.867665","0.032671","1.456598"
"190","280","219.426976","0.880146","0.031737","1.434277"
"200","280","214.789398","0.892398","0.030927","1.412584"
"210","280","210.343793","0.904321","0.030225","1.391775"
"220","280","206.078483","0.915846","0.029617","1.372013"
"230","280","201.982716","0.92692","0.029093","1.353387"
"240","280","198.046582","0.937513","0.028641","1.335928"
"250","280","194.260927","0.947606","0.028252","1.319631"
"260","280","190.617282","0.957192","0.027918","1.304461"
"270","280","187.107804","0.966273","0.027633","1.290368"
"280","280","183.725217","0.974858","0.027391","1.277291"
"290","280","180.462761","0.98296","0.027186","1.265164"
"300","280","177.314148","0.990596","0.027015","1.253919"
"310","280","174.273521","0.997784","0.026873","1.243489"
"320","280","171.335419","1.004545","0.026757","1.23381"
"330","280","168.494742","1.010899","0.026664","1.224822"
"340","280","165.746724","1.016868","0.026591","1.216467"
"350","280","163.086903","1.022471","0.026537","1.208692"
"-80","290","544.882598","0.975326","0.188771","1.587403"
"-70","290","518.06091","0.944558","0.170421","1.595245"
"-60","290","493.755918","0.917463","0.154742","1.601958"
"-50","290","471.62928","0.893624","0.141167","1.607618"
"-40","290","451.400703","0.872705","0.129286","1.612308"
"-30","290","432.836002","0.854434","0.118792","1.616112"
"-20","290","415.737997","0.83859","0.109453","1.619113"
"-10","290","399.939479","0.824998","0.10109","1.621387"
"0","290","385.297726","0.813514","0.093564","1.62299"
"10","290","371.690178","0.804029","0.086763","1.623955"
"20","290","359.010997","0.796453","0.080599","1.624279"
"30","290","347.168312","0.790719","0.074999","1.623917"
"40","290","336.081986","0.786771","0.069904","1.622783"
"50","290","325.681801","0.784565","0.065266","1.620752"
"60","290","315.90597","0.784059","0.061043","1.617671"
"70","290","306.699909","0.785209","0.057202","1.613369"
"80","290","298.015217","0.787964","0.053714","1.607661"
"90","290","289.808822","0.792261","0.050552","1.600346"
"100","290","282.042272","0.798018","0.047694","1.591212"
"110","290","274.681127","0.805127","0.04512","1.580064"
"120","290","267.694452","0.813454","0.042811","1.566778"
"130","290","261.054381","0.822838","0.040747","1.551354"
"140","290","254.735747","0.833092","0.038911","1.533951"
"150","290","248.71576","0.844021","0.037285","1.514879"
"160","290","242.973736","0.855424","0.03585","1.494567"
"170","290","237.490858","0.867111","0.034589","1.4735"
"180","290","232.24997","0.878908","0.033484","1.452155"
"190","290","227.235396","0.890667","0.032518","1.43096"
"200","290","222.432789","0.902263","0.031675","1.410256"
"210","290","217.828985","0.913599","0.030941","1.390294"
"220","290","213.411891","0.9246","0.030303","1.371245"
"230","290","209.170374","0.935211","0.029749","1.353208"
"240","290","205.094171","0.945395","0.029269","1.336229"
"250","290","201.173801","0.955129","0.028854","1.320316"
"260","290","197.400495","0.9644","0.028495","1.305449"
"270","290","193.766131","0.973207","0.028187","1.291591"
"280","290","190.263173","0.981552","0.027923","1.278691"
"290","290","186.88462","0.989445","0.027698","1.266695"
"300","290","183.623962","0.996897","0.027507","1.255542"
"310","290","180.475133","1.003926","0.027347","1.245173"
"320","290","177.432477","1.010546","0.027214","1.235531"
"330","290","174.490714","1.016778","0.027105","1.226559"
"340","290","171.644906","1.022638","0.027018","1.218205"
"350","290","168.890434","1.028146","0.02695","1.210418"
"-80","300","563.606234","1.007519","0.190113","1.584251"
"-70","300","535.86288","0.975596","0.171684","1.591807"
"-60","300","510.722703","0.947455","0.155943","1.598211"
"-50","300","487.835734","0.922666","0.14232","1.603535"
"-40","300","466.912048","0.900877","0.1304","1.607859"
"-30","300","447.709414","0.881803","0.119875","1.611262"
"-20","300","430.023875","0.865214","0.110512","1.613826"
"-10","300","413.682478","0.850922","0.102131","1.61562"
"0","300","398.537595","0.838775","0.09459","1.616704"
"10","300","384.462455","0.828651","0.087779","1.617108"
"20","300","371.347583","0.820454","0.081608","1.616836"
"30","300","359.097952","0.814105","0.076003","1.615852"
"40","300","347.630669","0.809539","0.070904","1.614086"
"50","300","336.873106","0.806701","0.066263","1.611433"
"60","300","326.761351","0.805541","0.062038","1.607766"
"70","300","317.238945","0.806007","0.058195","1.602943"
"80","300","308.255823","0.80804","0.054702","1.596815"
"90","300","299.767435","0.811574","0.051535","1.589224"
"100","300","291.734005","0.816524","0.04867","1.580007"
"110","300","284.119911","0.822786","0.046085","1.569014"
"120","300","276.893155","0.830235","0.043761","1.556146"
"130","300","270.024914","0.838721","0.04168","1.541399"
"140","300","263.489154","0.848075","0.039823","1.524897"
"150","300","257.262304","0.858116","0.038172","1.506889"
"160","300","251.322969","0.868661","0.036711","1.48773"
"170","300","245.651685","0.879531","0.035421","1.467831"
"180","300","240.230705","0.890563","0.034285","1.44761"
"190","300","235.043817","0.901615","0.033289","1.427451"
"200","300","230.076179","0.912565","0.032415","1.407671"
"210","300","225.314176","0.923315","0.031651","1.388516"
"220","300","220.745299","0.933789","0.030984","1.370155"
"230","300","216.358033","0.943929","0.030402","1.352696"
"240","300","212.14176","0.953694","0.029895","1.336196"
"250","300","208.086675","0.963055","0.029454","1.320674"
"260","300","204.183708","0.971998","0.029071","1.306123"
"270","300","200.424457","0.980514","0.02874","1.292515"
"280","300","196.801128","0.988603","0.028455","1.279811"
"290","300","193.30648","0.99627","0.028209","1.267963"
"300","300","189.933777","1.003523","0.028","1.256921"
"310","300","186.676745","1.010376","0.027822","1.246632"
"320","300","183.529536","1.016841","0.027672","1.237044"
"330","300","180.486685","1.022934","0.027548","1.228105"
"340","300","177.543087","1.028673","0.027446","1.219766"
"350","300","174.693965","1.034072","0.027364","1.211983"
"-80","310","582.329869","1.039643","0.191458","1.581159"
"-70","310","553.66485","1.006559","0.172948","1.588442"
"-60","310","527.689487","0.97737","0.157144","1.594551"
"-50","310","504.042188","0.951626","0.143471","1.599557"
"-40","310","482.423394","0.928964","0.131511","1.603534"
"-30","310","462.582826","0.909084","0.120955","1.606562"
"-20","310","444.309754","0.891746","0.111566","1.608717"
"-10","310","427.425477","0.87675","0.103165","1.610069"
"0","310","411.777464","0.863937","0.09561","1.610675"
"10","310","397.234732","0.853173","0.088787","1.610568"
"20","310","383.684169","0.844354","0.082606","1.609757"
"30","310","371.027591","0.837391","0.076994","1.608215"
"40","310","359.179352","0.832211","0.071891","1.605886"
"50","310","348.06441","0.82875","0.067246","1.602684"
"60","310","337.616732","0.826949","0.063017","1.598504"
"70","310","327.777981","0.826748","0.059169","1.593229"
"80","310","318.49643","0.828084","0.055672","1.586739"
"90","310","309.726048","0.830884","0.052499","1.578912"
"100","310","301.425738","0.835065","0.049625","1.569621"
"110","310","293.558696","0.840524","0.047029","1.558754"
"120","310","286.091859","0.847142","0.044691","1.546234"
"130","310","278.995446","0.854779","0.042592","1.532058"
"140","310","272.242561","0.863279","0.040715","1.516324"
"150","310","265.808848","0.872476","0.039042","1.499236"
"160","310","259.672202","0.882201","0.037555","1.481088"
"170","310","253.812511","0.892286","0.036238","1.462228"
"180","310","248.21144","0.902578","0.035074","1.443022"
"190","310","242.852238","0.912941","0.034049","1.423813"
"200","310","237.719569","0.923255","0.033146","1.404895"
"210","310","232.799367","0.933425","0.032354","1.386501"
"220","310","228.078707","0.943372","0.031658","1.3688"
"230","310","223.545691","0.953036","0.031049","1.351903"
"240","310","219.189349","0.962374","0.030517","1.335876"
"250","310","214.999549","0.971354","0.030051","1.320747"
"260","310","210.966922","0.979956","0.029645","1.306518"
"270","310","207.082784","0.988169","0.029292","1.293171"
"280","310","203.339084","0.995988","0.028986","1.280675"
"290","310","199.728339","1.003414","0.028721","1.268991"
"300","310","196.243591","1.010455","0.028493","1.258076"
"310","310","192.878358","1.017117","0.028297","1.247881"
"320","310","189.626594","1.023413","0.028131","1.238361"
"330","310","186.482656","1.029356","0.027991","1.22947"
"340","310","183.441269","1.034959","0.027875","1.221161"
"350","310","180.497495","1.040237","0.027779","1.213394"
"-80","320","601.053505","1.071697","0.192804","1.578126"
"-70","320","571.46682","1.037451","0.174213","1.585147"
"-60","320","544.656272","1.00721","0.158345","1.590974"
"-50","320","520.248642","0.980508","0.144621","1.595677"
"-40","320","497.934739","0.956968","0.13262","1.599328"
"-30","320","477.456239","0.936279","0.122031","1.602003"
"-20","320","458.595633","0.918187","0.112617","1.603777"
"-10","320","441.168476","0.902486","0.104195","1.604719"
"0","320","425.017333","0.889003","0.096623","1.604885"
"10","320","410.007008","0.877598","0.089787","1.604311"
"20","320","396.020755","0.868156","0.083596","1.603011"
"30","320","382.95723","0.860581","0.077976","1.600968"
"40","320","370.728036","0.854791","0.072866","1.598136"
"50","320","359.255715","0.850713","0.068215","1.594448"
"60","320","348.472113","0.848282","0.063981","1.589816"
"70","320","338.317017","0.84743","0.060128","1.584147"
"80","320","328.737036","0.848089","0.056625","1.577346"
"90","320","319.68466","0.850184","0.053444","1.569315"
"100","320","311.117471","0.853627","0.05056","1.559962"
"110","320","302.99748","0.85832","0.047953","1.5492"
"120","320","295.290562","0.864147","0.045601","1.536975"
"130","320","287.965979","0.870978","0.043486","1.523285"
"140","320","280.995969","0.878668","0.04159","1.508211"
"150","320","274.355393","0.887061","0.039895","1.491921"
"160","320","268.021435","0.896001","0.038384","1.47466"
"170","320","261.973337","0.905332","0.037041","1.456726"
"180","320","256.192176","0.914908","0.035851","1.438436"
"190","320","250.660659","0.924599","0.034798","1.420098"
"200","320","245.36296","0.934291","0.033869","1.401981"
"210","320","240.284558","0.943887","0.033049","1.384303"
"220","320","235.412115","0.953309","0.032327","1.367231"
"230","320","230.733349","0.962497","0.031692","1.350877"
"240","320","226.236937","0.971404","0.031135","1.335313"
"250","320","221.912424","0.979995","0.030646","1.320573"
"260","320","217.750135","0.988247","0.030217","1.306669"
"270","320","213.741111","0.996146","0.029843","1.293589"
"280","320","209.87704","1.003684","0.029516","1.28131"
"290","320","206.150199","1.010859","0.029232","1.269801"
"300","320","202.553406","1.017673","0.028985","1.259023"
"310","320","199.07997","1.024134","0.028773","1.248936"
"320","320","195.723652","1.030248","0.028591","1.239497"
"330","320","192.478628","1.036028","0.028436","1.230665"
"340","320","189.339451","1.041485","0.028305","1.222399"
"350","320","186.301026","1.046631","0.028196","1.214658"
"-80","330","619.77714","1.103683","0.194153","1.575148"
"-70","330","589.268789","1.068271","0.175479","1.581918"
"-60","330","561.623057","1.036975","0.159545","1.587477"
"-50","330","536.455096","1.009313","0.14577","1.591892"
"-40","330","513.446084","0.984892","0.133727","1.595234"
"-30","330","492.329651","0.963389","0.123105","1.597578"
"-20","330","472.881511","0.944542","0.113663","1.598996"
"-10","330","454.911475","0.928131","0.105219","1.599557"
"0","330","438.257201","0.913976","0.097629","1.599318"
"10","330","422.779285","0.901928","0.090779","1.598317"
"20","330","408.357341","0.891864","0.084577","1.596572"
"30","330","394.88687","0.883678","0.078947","1.594076"
"40","330","382.276719","0.87728","0.073829","1.590795"
"50","330","370.44702","0.872593","0.069172","1.586674"
"60","330","359.327494","0.869541","0.064931","1.581645"
"70","330","348.856053","0.868052","0.061072","1.575632"
"80","330","338.977643","0.868053","0.057561","1.56856"
"90","330","329.643273","0.869464","0.054372","1.560355"
"100","330","320.809204","0.872199","0.051479","1.550949"
"110","330","312.436264","0.876158","0.04886","1.540279"
"120","330","304.489265","0.881231","0.046494","1.528305"
"130","330","296.936511","0.887294","0.044363","1.515034"
"140","330","289.749376","0.894211","0.042448","1.500531"
"150","330","282.901937","0.901837","0.040732","1.484937"
"160","330","276.370667","0.910025","0.039199","1.468458"
"170","330","270.134164","0.91863","0.037832","1.45135"
"180","330","264.172911","0.927514","0.036617","1.433888"
"190","330","258.46908","0.936552","0.035538","1.416347"
"200","330","253.00635","0.945633","0.034583","1.398971"
"210","330","247.76975","0.954664","0.033737","1.381966"
"220","330","242.745523","0.963567","0.03299","1.36549"
"230","330","237.921007","0.972279","0.03233","1.349658"
"240","330","233.284526","0.980752","0.031749","1.334543"
"250","330","228.825298","0.98895","0.031237","1.320187"
"260","330","224.533348","0.996846","0.030787","1.306605"
"270","330","220.399438","1.004423","0.030391","1.293795"
"280","330","216.414995","1.01167","0.030045","1.281739"
"290","330","212.572058","1.018583","0.029742","1.270412"
"300","330","208.86322","1.025162","0.029478","1.259781"
"310","330","205.281582","1.031409","0.029248","1.249811"
"320","330","201.820711","1.037332","0.02905","1.240465"
"330","330","198.474599","1.042938","0.02888","1.231703"
"340","330","195.237633","1.048238","0.028735","1.223488"
"350","330","192.104557","1.053242","0.028613","1.215784"
"-80","340","638.500775","1.135603","0.195504","1.572225"
"-70","340","607.070759","1.099023","0.176746","1.578754"
"-60","340","578.589842","1.066668","0.160746","1.584056"
"-50","340","552.661549","1.038042","0.146918","1.588197"
"-40","340","528.95743","1.012736","0.134833","1.591248"
"-30","340","507.203063","0.990418","0.124176","1.593279"
"-20","340","487.16739","0.970811","0.114706","1.594365"
"-10","340","468.654474","0.953688","0.106239","1.594572"
"0","340","451.49707","0.938859","0.09863","1.593958"
"10","340","435.551562","0.926167","0.091765","1.592566"
"20","340","420.693927","0.915479","0.08555","1.590416"
"30","340","406.816509","0.906683","0.07991","1.58751"
"40","340","393.825402","0.899682","0.074783","1.583825"
"50","340","381.638325","0.89439","0.070117","1.579319"
"60","340","370.182875","0.890726","0.065869","1.573938"
"70","340","359.395089","0.888613","0.062002","1.567624"
"80","340","349.218249","0.887972","0.058483","1.560317"
"90","340","339.601886","0.888721","0.055285","1.551964"
"100","340","330.500937","0.890771","0.052381","1.542514"
"110","340","321.875048","0.894026","0.04975","1.531925"
"120","340","313.687968","0.898376","0.047371","1.520172"
"130","340","305.907044","0.903705","0.045224","1.507263"
"140","340","298.502783","0.909882","0.043291","1.493257"
"150","340","291.448481","0.916774","0.041555","1.478274"
"160","340","284.7199","0.924241","0.04","1.462487"
"170","340","278.29499","0.932147","0.038611","1.446117"
"180","340","272.153646","0.940361","0.037372","1.429404"
"190","340","266.277501","0.948764","0.036268","1.412591"
"200","340","260.649741","0.957249","0.035288","1.395901"
"210","340","255.254941","0.965725","0.034418","1.379525"
"220","340","250.078931","0.974114","0.033646","1.363614"
"230","340","245.108665","0.982352","0.032963","1.34828"
"240","340","240.332115","0.990392","0.032359","1.3336"
"250","340","235.738172","0.998193","0.031825","1.319618"
"260","340","231.316561","1.005728","0.031353","1.306355"
"270","340","227.057764","1.012977","0.030937","1.293814"
"280","340","222.952951","1.019926","0.030572","1.281985"
"290","340","218.993918","1.026569","0.03025","1.270845"
"300","340","215.173035","1.032903","0.029969","1.260368"
"310","340","211.483194","1.038928","0.029723","1.250523"
"320","340","207.917769","1.044649","0.02951","1.241276"
"330","340","204.470571","1.050073","0.029325","1.232593"
"340","340","201.135815","1.055206","0.029166","1.224439"
"350","340","197.908088","1.060059","0.029031","1.216781"
"-80","350","657.224411","1.167457","0.196857","1.569355"
"-70","350","624.872729","1.129705","0.178014","1.575652"
"-60","350","595.556626","1.09629","0.161947","1.580708"
"-50","350","568.868003","1.066697","0.148065","1.584589"
"-40","350","544.468775","1.040504","0.135937","1.587363"
"-30","350","522.076475","1.017367","0.125244","1.589101"
"-20","350","501.453269","0.996998","0.115745","1.589875"
"-10","350","482.397473","0.97916","0.107254","1.589753"
"0","350","464.736939","0.963655","0.099626","1.588793"
"10","350","448.323839","0.950316","0.092744","1.58704"
"20","350","433.030513","0.939005","0.086515","1.584522"
"30","350","418.746149","0.929601","0.080864","1.581244"
"40","350","405.374086","0.921999","0.075727","1.577195"
"50","350","392.82963","0.916108","0.071052","1.572345"
"60","350","381.038256","0.91184","0.066796","1.566652"
"70","350","369.934125","0.909112","0.06292","1.560073"
"80","350","359.458856","0.907844","0.059392","1.552563"
"90","350","349.560498","0.907949","0.056184","1.544084"
"100","350","340.19267","0.909337","0.053269","1.534599"
"110","350","331.313833","0.911912","0.050626","1.524084"
"120","350","322.886672","0.915568","0.048232","1.512524"
"130","350","314.877576","0.920192","0.04607","1.499933"
"140","350","307.25619","0.925661","0.044119","1.486364"
"150","350","299.995025","0.931848","0.042364","1.471919"
"160","350","293.069133","0.938622","0.040789","1.456747"
"170","350","286.455816","0.945853","0.039378","1.441039"
"180","350","280.134381","0.953419","0.038116","1.425003"
"190","350","274.085922","0.961205","0.036989","1.408856"
"200","350","268.293131","0.969109","0.035985","1.3928"
"210","350","262.740132","0.977039","0.035091","1.377012"
"220","350","257.412339","0.98492","0.034297","1.361633"
"230","350","252.296323","0.992689","0.033591","1.346774"
"240","350","247.379704","1.000296","0.032964","1.332512"
"250","350","242.651046","1.0077","0.032409","1.318893"
"260","350","238.099775","1.014871","0.031917","1.305944"
"270","350","233.716091","1.021787","0.031481","1.293671"
"280","350","229.490906","1.028433","0.031097","1.282067"
"290","350","225.415777","1.034799","0.030758","1.271118"
"300","350","221.482849","1.04088","0.030459","1.2608"
"310","350","217.684807","1.046676","0.030198","1.251085"
"320","350","214.014827","1.052187","0.029969","1.241945"
"330","350","210.466542","1.05742","0.029769","1.233347"
"340","350","207.033996","1.062379","0.029597","1.225261"
"350","350","203.711618","1.067072","0.029448","1.217656"
"-80","360","675.948046","1.199247","0.198213","1.566534"
"-70","360","642.674699","1.160321","0.179284","1.572609"
"-60","360","612.523411","1.125842","0.163149","1.577431"
"-50","360","585.074457","1.095279","0.149212","1.581064"
"-40","360","559.980121","1.068197","0.137039","1.583576"
"-30","360","536.949887","1.044237","0.12631","1.585037"
"-20","360","515.739147","1.023103","0.116781","1.585519"
"-10","360","496.140472","1.004548","0.108266","1.58509"
"0","360","477.976808","0.988365","0.100617","1.58381"
"10","360","461.096115","0.97438","0.093717","1.581726"
"20","360","445.367099","0.962445","0.087474","1.57887"
"30","360","430.675788","0.952433","0.08181","1.575255"
"40","360","416.922769","0.944233","0.076662","1.570878"
"50","360","404.020935","0.937747","0.071977","1.565719"
"60","360","391.893637","0.932882","0.067711","1.55975"
"70","360","380.473161","0.929551","0.063826","1.552937"
"80","360","369.699462","0.927668","0.060288","1.545251"
"90","360","359.519111","0.927144","0.057069","1.536663"
"100","360","349.884403","0.92789","0.054144","1.527153"
"110","360","340.752617","0.929808","0.051487","1.516706"
"120","360","332.085375","0.932795","0.04908","1.505318"
"130","360","323.848109","0.93674","0.046902","1.493008"
"140","360","316.009597","0.941528","0.044934","1.479825"
"150","360","308.541569","0.947037","0.043161","1.465857"
"160","360","301.418366","0.953143","0.041566","1.451234"
"170","360","294.616642","0.959725","0.040133","1.43612"
"180","360","288.115117","0.966663","0.03885","1.420698"
"190","360","281.894343","0.973849","0.037701","1.405161"
"200","360","275.936521","0.981184","0.036674","1.389691"
"210","360","270.225324","0.988579","0.035758","1.37445"
"220","360","264.745747","0.995961","0.034941","1.359574"
"230","360","259.483981","1.003265","0.034213","1.345167"
"240","360","254.427292","1.010441","0.033565","1.331304"
"250","360","249.563921","1.017448","0.032989","1.318037"
"260","360","244.882988","1.024253","0.032477","1.305394"
"270","360","240.374418","1.030833","0.032023","1.293384"
"280","360","236.028862","1.037171","0.03162","1.282006"
"290","360","231.837637","1.043255","0.031263","1.271248"
"300","360","227.792664","1.049078","0.030948","1.261091"
"310","360","223.886419","1.054637","0.030671","1.251511"
"320","360","220.111886","1.059933","0.030427","1.242482"
"330","360","216.462514","1.064967","0.030214","1.233976"
"340","360","212.932178","1.069744","0.030027","1.225964"
"350","360","209.515149","1.07427","0.029866","1.218417"
"-80","370","694.671681","1.230972","0.199572","1.563763"
"-70","370","660.476669","1.190871","0.180555","1.569624"
"-60","370","629.490196","1.155326","0.164351","1.574222"
"-50","370","601.280911","1.12379","0.150359","1.577619"
"-40","370","575.491466","1.095815","0.138141","1.579882"
"-30","370","551.8233","1.071031","0.127374","1.581082"
"-20","370","530.025026","1.04913","0.117815","1.58129"
"-10","370","509.883471","1.029856","0.109274","1.580574"
"0","370","491.216677","1.012993","0.101603","1.578997"
"10","370","473.868392","0.998359","0.094685","1.576608"
"20","370","457.703685","0.9858","0.088427","1.573443"
"30","370","442.605427","0.975181","0.082749","1.569521"
"40","370","428.471452","0.966386","0.077589","1.564848"
"50","370","415.21224","0.959309","0.072893","1.559412"
"60","370","402.749018","0.953854","0.068617","1.553196"
"70","370","391.012197","0.949928","0.064721","1.546179"
"80","370","379.940069","0.947441","0.061173","1.538338"
"90","370","369.477723","0.946305","0.057943","1.529659"
"100","370","359.576136","0.946425","0.055005","1.52013"
"110","370","350.191401","0.947706","0.052336","1.509747"
"120","370","341.284078","0.950046","0.049915","1.498516"
"130","370","332.818641","0.953337","0.047721","1.486457"
"140","370","324.763004","0.957469","0.045737","1.473617"
"150","370","317.088114","0.962325","0.043946","1.460074"
"160","370","309.767598","0.967787","0.042331","1.445943"
"170","370","302.777469","0.973739","0.040879","1.431364"
"180","370","296.095852","0.980069","0.039574","1.4165"
"190","370","289.702764","0.986671","0.038404","1.401521"
"200","370","283.579912","0.993451","0.037355","1.386592"
"210","370","277.710515","1.000323","0.036417","1.371862"
"220","370","272.079155","1.007213","0.035579","1.357457"
"230","370","266.671639","1.014058","0.03483","1.343478"
"240","370","261.474881","1.020806","0.034161","1.329999"
"250","370","256.476795","1.027417","0.033565","1.317071"
"260","370","251.666201","1.033856","0.033034","1.304724"
"270","370","247.032745","1.040098","0.032561","1.292973"
"280","370","242.566818","1.046125","0.032141","1.281818"
"290","370","238.259496","1.051923","0.031767","1.271251"
"300","370","234.102478","1.057482","0.031436","1.261257"
"310","370","230.088031","1.0628","0.031143","1.251814"
"320","370","226.208944","1.067873","0.030885","1.2429"
"330","370","222.458485","1.072702","0.030657","1.23449"
"340","370","218.83036","1.077291","0.030458","1.226556"
"350","370","215.31868","1.081644","0.030284","1.219074"
"-80","380","713.395317","1.262636","0.200933","1.56104"
"-70","380","678.278639","1.221356","0.181829","1.566695"
"-60","380","646.456981","1.184742","0.165554","1.571077"
"-50","380","617.487365","1.152231","0.151505","1.574249"
"-40","380","591.002811","1.123361","0.139241","1.576276"
"-30","380","566.696712","1.09775","0.128437","1.57723"
"-20","380","544.310904","1.07508","0.118846","1.57718"
"-10","380","523.62647","1.055084","0.110278","1.576198"
"0","380","504.456546","1.03754","0.102585","1.574345"
"10","380","486.640669","1.022257","0.095648","1.571674"
"20","380","470.040271","1.009074","0.089373","1.568225"
"30","380","454.535067","0.997849","0.083681","1.564024"
"40","380","440.020136","0.988461","0.078508","1.559082"
"50","380","426.403545","0.980797","0.073801","1.553398"
"60","380","413.604399","0.974756","0.069513","1.546963"
"70","380","401.551233","0.970243","0.065606","1.539763"
"80","380","390.180675","0.967165","0.062047","1.531789"
"90","380","379.436336","0.965427","0.058806","1.523033"
"100","380","369.267869","0.964938","0.055856","1.513492"
"110","380","359.630185","0.9656","0.053173","1.503172"
"120","380","350.482781","0.967312","0.050738","1.492082"
"130","380","341.789174","0.969971","0.048529","1.480249"
"140","380","333.516412","0.973469","0.046528","1.467716"
"150","380","325.634658","0.977694","0.044719","1.454555"
"160","380","318.116831","0.982533","0.043086","1.440864"
"170","380","310.938295","0.987876","0.041614","1.426769"
"180","380","304.076587","0.993616","0.040289","1.412413"
"190","380","297.511185","0.999651","0.039098","1.397946"
"200","380","291.223302","1.00589","0.038029","1.383518"
"210","380","285.195706","1.012248","0.03707","1.369264"
"220","380","279.412563","1.018654","0.036211","1.355302"
"230","380","273.859297","1.025046","0.035441","1.341729"
"240","380","268.52247","1.031371","0.034753","1.328615"
"250","380","263.389669","1.037588","0.034138","1.316013"
"260","380","258.449415","1.043661","0.033588","1.303954"
"270","380","253.691071","1.049565","0.033097","1.292455"
"280","380","249.104773","1.055278","0.032659","1.281519"
"290","380","244.681356","1.060786","0.032269","1.271141"
"300","380","240.412293","1.066079","0.031922","1.261309"
"310","380","236.289643","1.07115","0.031614","1.252006"
"320","380","232.306003","1.075995","0.031341","1.24321"
"330","380","228.454457","1.080615","0.0311","1.234898"
"340","380","224.728542","1.08501","0.030887","1.227047"
"350","380","221.12221","1.089184","0.030701","1.219632"
"-80","390","732.118952","1.294237","0.202298","1.558362"
"-70","390","696.080609","1.251777","0.183104","1.563819"
"-60","390","663.423766","1.214092","0.166758","1.567996"
"-50","390","633.693819","1.180604","0.152652","1.570952"
"-40","390","606.514157","1.150837","0.140341","1.572756"
"-30","390","581.570124","1.124396","0.129497","1.573476"
"-20","390","558.596783","1.100954","0.119874","1.573185"
"-10","390","537.369468","1.080236","0.111279","1.571953"
"0","390","517.696415","1.062008","0.103563","1.569843"
"10","390","499.412946","1.046076","0.096606","1.566912"
"20","390","482.376857","1.032268","0.090314","1.563203"
"30","390","466.464706","1.020438","0.084607","1.558747"
"40","390","451.568819","1.010458","0.07942","1.553562"
"50","390","437.59485","1.002211","0.0747","1.547654"
"60","390","424.45978","0.995592","0.0704","1.541023"
"70","390","412.090268","0.990499","0.066482","1.533663"
"80","390","400.421282","0.986837","0.062911","1.525573"
"90","390","389.394949","0.984511","0.059658","1.516752"
"100","390","378.959602","0.983425","0.056695","1.507206"
"110","390","369.068969","0.983484","0.054","1.496944"
"120","390","359.681484","0.984588","0.05155","1.485986"
"130","390","350.759706","0.986634","0.049325","1.474357"
"140","390","342.269819","0.989517","0.047308","1.462101"
"150","390","334.181202","0.993131","0.045482","1.449284"
"160","390","326.466064","0.997368","0.043831","1.435992"
"170","390","319.099121","1.002121","0.04234","1.422335"
"180","390","312.057322","1.007288","0.040996","1.408442"
"190","390","305.319606","1.012771","0.039785","1.394445"
"200","390","298.866693","1.01848","0.038696","1.380479"
"210","390","292.680897","1.024336","0.037716","1.366669"
"220","390","286.745971","1.030267","0.036837","1.353123"
"230","390","281.046955","1.036212","0.036048","1.339933"
"240","390","275.570059","1.042118","0.03534","1.327168"
"250","390","270.302543","1.047943","0.034706","1.314878"
"260","390","265.232628","1.053652","0.034138","1.303097"
"270","390","260.349398","1.059216","0.03363","1.291843"
"280","390","255.642729","1.064615","0.033175","1.281122"
"290","390","251.103215","1.069831","0.032769","1.270932"
"300","390","246.722107","1.074854","0.032406","1.261262"
"310","390","242.491255","1.079675","0.032083","1.252097"
"320","390","238.403061","1.084289","0.031796","1.24342"
"330","390","234.450428","1.088694","0.031542","1.235209"
"340","390","230.626724","1.092891","0.031316","1.227444"
"350","390","226.925741","1.096881","0.031118","1.2201"
"-80","400","750.842588","1.325778","0.203666","1.555728"
"-70","400","713.882578","1.282135","0.184381","1.560996"
"-60","400","680.39055","1.243377","0.167963","1.564974"
"-50","400","649.900272","1.20891","0.153798","1.567726"
"-40","400","622.025502","1.178243","0.141439","1.569317"
"-30","400","596.443536","1.150971","0.130557","1.569817"
"-20","400","572.882662","1.126755","0.1209","1.569298"
"-10","400","551.112467","1.105312","0.112277","1.567832"
"0","400","530.936283","1.0864","0.104537","1.565484"
"10","400","512.185223","1.069816","0.09756","1.562312"
"20","400","494.713443","1.055384","0.09125","1.558364"
"30","400","478.394345","1.042951","0.085527","1.553675"
"40","400","463.117502","1.032381","0.080326","1.548269"
"50","400","448.786154","1.023554","0.075592","1.54216"
"60","400","435.315161","1.01636","0.07128","1.535353"
"70","400","422.629304","1.010694","0.067349","1.527852"
"80","400","410.661888","1.006458","0.063766","1.51966"
"90","400","399.353561","1.003553","0.0605","1.510786"
"100","400","388.651335","1.001885","0.057524","1.501239"
"110","400","378.507754","1.001355","0.054815","1.491036"
"120","400","368.880188","1.001866","0.052351","1.480199"
"130","400","359.730239","1.003316","0.050111","1.468757"
"140","400","351.023226","1.005604","0.048079","1.456753"
"150","400","342.727746","1.008626","0.046236","1.444246"
"160","400","334.815297","1.012278","0.044567","1.431315"
"170","400","327.259948","1.016459","0.043057","1.418058"
"180","400","320.038058","1.021068","0.041694","1.404587"
"190","400","313.128027","1.026012","0.040464","1.391022"
"200","400","306.510083","1.031206","0.039355","1.377485"
"210","400","300.166089","1.03657","0.038356","1.364088"
"220","400","294.079379","1.042034","0.037458","1.350933"
"230","400","288.234614","1.047538","0.03665","1.338105"
"240","400","282.617647","1.05303","0.035923","1.325672"
"250","400","277.215418","1.058467","0.035271","1.313681"
"260","400","272.015841","1.063813","0.034685","1.302168"
"270","400","267.007725","1.069039","0.034159","1.291152"
"280","400","262.180685","1.074122","0.033688","1.280641"
"290","400","257.525075","1.079046","0.033266","1.270634"
"300","400","253.031921","1.083796","0.032889","1.261124"
"310","400","248.692868","1.088363","0.032551","1.252099"
"320","400","244.500119","1.092743","0.032251","1.243541"
"330","400","240.446399","1.09693","0.031983","1.235433"
"340","400","236.524905","1.100924","0.031745","1.227755"
"350","400","232.729272","1.104726","0.031534","1.220485"
"-80","410","769.566223","1.35726","0.205037","1.553138"
"-70","410","731.684548","1.312432","0.18566","1.558222"
"-60","410","697.357335","1.272599","0.16917","1.562011"
"-50","410","666.106726","1.23715","0.154945","1.564567"
"-40","410","637.536847","1.205581","0.142538","1.565956"
"-30","410","611.316948","1.177476","0.131615","1.566247"
"-20","410","587.16854","1.152484","0.121924","1.565514"
"-10","410","564.855466","1.130314","0.113273","1.563829"
"0","410","544.176152","1.110718","0.105508","1.561259"
"10","410","524.957499","1.093482","0.09851","1.557864"
"20","410","507.050029","1.078425","0.09218","1.553696"
"30","410","490.323985","1.065388","0.086441","1.548794"
"40","410","474.666185","1.054231","0.081225","1.543188"
"50","410","459.977459","1.044827","0.076477","1.536896"
"60","410","446.170542","1.037063","0.072152","1.529933"
"70","410","433.16834","1.03083","0.068209","1.522306"
"80","410","420.902495","1.026027","0.064612","1.514028"
"90","410","409.312174","1.022554","0.061333","1.505109"
"100","410","398.343068","1.020313","0.058345","1.495567"
"110","410","387.946538","1.019208","0.055622","1.485421"
"120","410","378.078891","1.019141","0.053143","1.474697"
"130","410","368.700771","1.020012","0.050888","1.463427"
"140","410","359.776633","1.021721","0.048839","1.451652"
"150","410","351.27429","1.024168","0.04698","1.439428"
"160","410","343.16453","1.027252","0.045293","1.426826"
"170","410","335.420774","1.030876","0.043766","1.413933"
"180","410","328.018793","1.034943","0.042385","1.400849"
"190","410","320.936448","1.039363","0.041136","1.387682"
"200","410","314.153473","1.044052","0.040008","1.374542"
"210","410","307.65128","1.048933","0.03899","1.36153"
"220","410","301.412787","1.053939","0.038073","1.348742"
"230","410","295.422272","1.059009","0.037246","1.336257"
"240","410","289.665236","1.064092","0.036502","1.324138"
"250","410","284.128292","1.069145","0.035831","1.312434"
"260","410","278.799055","1.07413","0.035228","1.301179"
"270","410","273.666052","1.079019","0.034686","1.290393"
"280","410","268.71864","1.083787","0.034199","1.280086"
"290","410","263.946934","1.088416","0.033762","1.270259"
"300","410","259.341736","1.092892","0.033369","1.260907"
"310","410","254.89448","1.097205","0.033018","1.252019"
"320","410","250.597178","1.101347","0.032703","1.243581"
"330","410","246.442371","1.105313","0.032422","1.235577"
"340","410","242.423087","1.109101","0.032172","1.227987"
"350","410","238.532803","1.112711","0.031949","1.220794"
"-80","420","788.289858","1.388682","0.206411","1.550589"
"-70","420","749.486518","1.342667","0.186942","1.555497"
"-60","420","714.32412","1.301758","0.170377","1.559104"
"-50","420","682.31318","1.265325","0.156093","1.561473"
"-40","420","653.048193","1.232853","0.143636","1.562669"
"-30","420","626.19036","1.203912","0.132672","1.562763"
"-20","420","601.454419","1.178143","0.122947","1.561829"
"-10","420","578.598465","1.155245","0.114266","1.559938"
"0","420","557.416021","1.134962","0.106476","1.557161"
"10","420","537.729776","1.117074","0.099455","1.55356"
"20","420","519.386615","1.101392","0.093107","1.549189"
"30","420","502.253624","1.087752","0.08735","1.544092"
"40","420","486.214869","1.076009","0.082118","1.538303"
"50","420","471.168764","1.066032","0.077356","1.531847"
"60","420","457.025923","1.057701","0.073017","1.524743"
"70","420","443.707376","1.050907","0.06906","1.517007"
"80","420","431.143101","1.045544","0.065451","1.508653"
"90","420","419.270787","1.041511","0.062158","1.499698"
"100","420","408.034801","1.03871","0.059156","1.490165"
"110","420","397.385322","1.037042","0.056419","1.480075"
"120","420","387.277594","1.036409","0.053926","1.469458"
"130","420","377.671304","1.036715","0.051656","1.458347"
"140","420","368.53004","1.03786","0.049591","1.446782"
"150","420","359.820835","1.039748","0.047715","1.434817"
"160","420","351.513762","1.04228","0.046012","1.422515"
"170","420","343.5816","1.045362","0.044467","1.409955"
"180","420","335.999528","1.0489","0.043067","1.397227"
"190","420","328.744869","1.052808","0.0418","1.384428"
"200","420","321.796864","1.057004","0.040654","1.371655"
"210","420","315.136471","1.061413","0.039618","1.359003"
"220","420","308.746195","1.065969","0.038683","1.346559"
"230","420","302.60993","1.070612","0.037838","1.334397"
"240","420","296.712825","1.075291","0.037076","1.322577"
"250","420","291.041166","1.079963","0.036388","1.311147"
"260","420","285.582268","1.08459","0.035768","1.300139"
"270","420","280.324378","1.089143","0.03521","1.289576"
"280","420","275.256596","1.093597","0.034707","1.279467"
"290","420","270.368794","1.097932","0.034255","1.269816"
"300","420","265.65155","1.102133","0.033848","1.26062"
"310","420","261.096092","1.106189","0.033482","1.251868"
"320","420","256.694236","1.110091","0.033155","1.243549"
"330","420","252.438342","1.113833","0.032861","1.235648"
"340","420","248.321269","1.117412","0.032598","1.228148"
"350","420","244.336333","1.120827","0.032364","1.221032"
"-80","430","807.013494","1.420046","0.207789","1.548081"
"-70","430","767.288488","1.372843","0.188225","1.552819"
"-60","430","731.290905","1.330855","0.171586","1.556252"
"-50","430","698.519634","1.293437","0.157241","1.558442"
"-40","430","668.559538","1.260059","0.144734","1.559455"
"-30","430","641.063773","1.230281","0.133728","1.559362"
"-20","430","615.740298","1.203733","0.123967","1.558237"
"-10","430","592.341464","1.180106","0.115256","1.556154"
"0","430","570.65589","1.159135","0.10744","1.553184"
"10","430","550.502053","1.140594","0.100397","1.549391"
"20","430","531.723201","1.124287","0.094029","1.544833"
"30","430","514.183263","1.110046","0.088254","1.539558"
"40","430","497.763552","1.097718","0.083006","1.533603"
"50","430","482.360069","1.087169","0.078229","1.526998"
"60","430","467.881304","1.078277","0.073875","1.519769"
"70","430","454.246412","1.070926","0.069904","1.511934"
"80","430","441.383708","1.06501","0.066282","1.503515"
"90","430","429.229399","1.060426","0.062976","1.494533"
"100","430","417.726534","1.057072","0.059959","1.485012"
"110","430","406.824106","1.054852","0.057208","1.474978"
"120","430","396.476297","1.053667","0.0547","1.464462"
"130","430","386.641836","1.05342","0.052415","1.453498"
"140","430","377.283447","1.054016","0.050335","1.442128"
"150","430","368.367379","1.055359","0.048442","1.430399"
"160","430","359.862995","1.057353","0.046722","1.418373"
"170","430","351.742427","1.059906","0.04516","1.406119"
"180","430","343.980263","1.062929","0.043743","1.393719"
"190","430","336.55329","1.066337","0.042459","1.381258"
"200","430","329.440254","1.070051","0.041295","1.368827"
"210","430","322.621663","1.073997","0.040241","1.356512"
"220","430","316.079603","1.078111","0.039287","1.344391"
"230","430","309.797588","1.082333","0.038425","1.332534"
"240","430","303.760414","1.086614","0.037646","1.320998"
"250","430","297.954041","1.090909","0.036941","1.309829"
"260","430","292.365481","1.095182","0.036305","1.299059"
"270","430","286.982705","1.099401","0.035731","1.28871"
"280","430","281.794552","1.103541","0.035213","1.278794"
"290","430","276.790653","1.107582","0.034746","1.269315"
"300","430","271.961365","1.111508","0.034325","1.26027"
"310","430","267.297704","1.115305","0.033945","1.251653"
"320","430","262.791294","1.118965","0.033604","1.243452"
"330","430","258.434314","1.122482","0.033298","1.235654"
"340","430","254.219451","1.125849","0.033024","1.228244"
"350","430","250.139864","1.129066","0.032778","1.221205"
"-80","440","825.737129","1.451353","0.209171","1.545612"
"-70","440","785.090458","1.40296","0.189512","1.550186"
"-60","440","748.257689","1.359891","0.172796","1.553452"
"-50","440","714.726088","1.321486","0.158389","1.55547"
"-40","440","684.070884","1.287201","0.145832","1.556309"
"-30","440","655.937185","1.256584","0.134783","1.556039"
"-20","440","630.026176","1.229256","0.124987","1.554735"
"-10","440","606.084463","1.204898","0.116245","1.552471"
"0","440","583.895759","1.183238","0.108402","1.549321"
"10","440","563.27433","1.164043","0.101336","1.54535"
"20","440","544.059787","1.147112","0.094947","1.540619"
"30","440","526.112903","1.132269","0.089154","1.53518"
"40","440","509.312235","1.119359","0.083889","1.529074"
"50","440","493.551374","1.108241","0.079096","1.522335"
"60","440","478.736685","1.09879","0.074727","1.514993"
"70","440","464.785448","1.090888","0.070742","1.507073"
"80","440","451.624314","1.084425","0.067105","1.498598"
"90","440","439.188012","1.079296","0.063785","1.489595"
"100","440","427.418267","1.0754","0.060755","1.480089"
"110","440","416.26289","1.072637","0.057989","1.47011"
"120","440","405.675001","1.07091","0.055466","1.45969"
"130","440","395.612369","1.070124","0.053166","1.448865"
"140","440","386.036855","1.070183","0.05107","1.437674"
"150","440","376.913923","1.070993","0.049162","1.426164"
"160","440","368.212228","1.072462","0.047425","1.414391"
"170","440","359.903253","1.0745","0.045847","1.402419"
"180","440","351.960999","1.07702","0.044412","1.390321"
"190","440","344.361711","1.07994","0.04311","1.378175"
"200","440","337.083645","1.083181","0.041929","1.366062"
"210","440","330.106854","1.086674","0.040858","1.35406"
"220","440","323.413011","1.090354","0.039887","1.342242"
"230","440","316.985246","1.094162","0.039008","1.330674"
"240","440","310.808003","1.09805","0.038211","1.319408"
"250","440","304.866915","1.101973","0.037491","1.308488"
"260","440","299.148695","1.105893","0.036839","1.297946"
"270","440","293.641032","1.109781","0.036249","1.287804"
"280","440","288.332507","1.113609","0.035716","1.278074"
"290","440","283.212513","1.117356","0.035234","1.268761"
"300","440","278.271179","1.121006","0.034799","1.259865"
"310","440","273.499317","1.124545","0.034407","1.25138"
"320","440","268.888353","1.127963","0.034053","1.243296"
"330","440","264.430285","1.131251","0.033734","1.2356"
"340","440","260.117633","1.134406","0.033448","1.22828"
"350","440","255.943395","1.137422","0.033191","1.22132"
"-80","450","844.460765","1.482604","0.210556","1.543181"
"-70","450","802.892428","1.433019","0.190801","1.547597"
"-60","450","765.224474","1.388868","0.174008","1.550702"
"-50","450","730.932542","1.349474","0.159539","1.552557"
"-40","450","699.582229","1.31428","0.146929","1.55323"
"-30","450","670.810597","1.282823","0.135838","1.552791"
"-20","450","644.312055","1.254713","0.126005","1.551318"
"-10","450","619.827462","1.229623","0.117231","1.548884"
"0","450","597.135628","1.207273","0.109362","1.545565"
"10","450","576.046607","1.187424","0.102272","1.54143"
"20","450","556.396373","1.169869","0.095861","1.53654"
"30","450","538.042542","1.154425","0.090049","1.53095"
"40","450","520.860919","1.140933","0.084767","1.524706"
"50","450","504.742679","1.129249","0.079957","1.517846"
"60","450","489.592066","1.119243","0.075574","1.510404"
"70","450","475.324484","1.110794","0.071574","1.502408"
"80","450","461.86492","1.103789","0.067923","1.493886"
"90","450","449.146624","1.098122","0.064588","1.484867"
"100","450","437.11","1.093691","0.061543","1.475379"
"110","450","425.701675","1.090395","0.058763","1.465454"
"120","450","414.873704","1.088137","0.056225","1.455126"
"130","450","404.582901","1.086822","0.05391","1.444431"
"140","450","394.790262","1.086356","0.051799","1.433407"
"150","450","385.460467","1.086646","0.049874","1.4221"
"160","450","376.561461","1.087603","0.048122","1.410561"
"170","450","368.064079","1.089137","0.046526","1.39885"
"180","450","359.941734","1.091165","0.045075","1.387031"
"190","450","352.170132","1.093607","0.043756","1.375177"
"200","450","344.727035","1.096386","0.042558","1.36336"
"210","450","337.592045","1.099434","0.041469","1.351651"
"220","450","330.746419","1.102687","0.040482","1.340119"
"230","450","324.172904","1.106088","0.039586","1.328823"
"240","450","317.855591","1.109588","0.038773","1.317813"
"250","450","311.779789","1.113143","0.038036","1.307131"
"260","450","305.931908","1.116715","0.037369","1.296807"
"270","450","300.299359","1.120273","0.036764","1.286864"
"280","450","294.870463","1.123791","0.036216","1.277314"
"290","450","289.634372","1.127246","0.03572","1.268164"
"300","450","284.580994","1.13062","0.035272","1.259413"
"310","450","279.700929","1.1339","0.034866","1.251057"
"320","450","274.985411","1.137074","0.0345","1.243087"
"330","450","270.426257","1.140134","0.034169","1.235493"
"340","450","266.015815","1.143073","0.033871","1.228262"
"350","450","261.746926","1.145888","0.033603","1.221381"
"-80","460","863.1844","1.513799","0.211945","1.540788"
"-70","460","820.694397","1.463021","0.192092","1.545051"
"-60","460","782.191259","1.417786","0.175222","1.548001"
"-50","460","747.138995","1.377402","0.160689","1.5497"
"-40","460","715.093574","1.341297","0.148028","1.550214"
"-30","460","685.684009","1.308998","0.136892","1.549616"
"-20","460","658.597933","1.280105","0.127022","1.547982"
"-10","460","633.570461","1.254282","0.118216","1.54539"
"0","460","610.375496","1.231242","0.110319","1.541913"
"10","460","588.818883","1.210738","0.103205","1.537624"
"20","460","568.732959","1.192558","0.096772","1.532587"
"30","460","549.972182","1.176514","0.09094","1.526859"
"40","460","532.409602","1.162442","0.08564","1.520489"
"50","460","515.933984","1.150194","0.080814","1.51352"
"60","460","500.447447","1.139635","0.076415","1.505987"
"70","460","485.86352","1.130643","0.0724","1.497925"
"80","460","472.105527","1.123103","0.068733","1.489364"
"90","460","459.105237","1.116905","0.065385","1.480334"
"100","460","446.801733","1.111945","0.062325","1.470867"
"110","460","435.140459","1.108125","0.05953","1.460996"
"120","460","424.072407","1.105345","0.056977","1.450756"
"130","460","413.553434","1.103511","0.054647","1.440183"
"140","460","403.543669","1.102531","0.05252","1.429316"
"150","460","394.007011","1.102312","0.05058","1.418197"
"160","460","384.910693","1.102767","0.048811","1.406875"
"170","460","376.224905","1.103809","0.047199","1.395405"
"180","460","367.922469","1.105357","0.045732","1.383846"
"190","460","359.978553","1.10733","0.044396","1.372263"
"200","460","352.370426","1.109656","0.043181","1.360722"
"210","460","345.077237","1.112267","0.042076","1.349288"
"220","460","338.079827","1.115101","0.041072","1.338024"
"230","460","331.360562","1.118101","0.04016","1.326985"
"240","460","324.90318","1.121219","0.039331","1.316218"
"250","460","318.692663","1.12441","0.038579","1.305763"
"260","460","312.715121","1.127638","0.037896","1.295649"
"270","460","306.957685","1.130869","0.037276","1.285897"
"280","460","301.408419","1.134078","0.036714","1.276521"
"290","460","296.056232","1.137242","0.036204","1.267528"
"300","460","290.890808","1.140342","0.035742","1.258918"
"310","460","285.902541","1.143362","0.035324","1.250688"
"320","460","281.08247","1.146292","0.034945","1.242831"
"330","460","276.422228","1.149122","0.034602","1.235338"
"340","460","271.913996","1.151845","0.034293","1.228196"
"350","460","267.550456","1.154456","0.034013","1.221392"
"-80","470","881.908035","1.544939","0.213338","1.53843"
"-70","470","838.496367","1.492967","0.193387","1.542547"
"-60","470","799.158044","1.446647","0.176438","1.545348"
"-50","470","763.345449","1.40527","0.161841","1.546897"
"-40","470","730.60492","1.368254","0.149126","1.547259"
"-30","470","700.557421","1.335111","0.137946","1.54651"
"-20","470","672.883812","1.305434","0.128038","1.544725"
"-10","470","647.31346","1.278877","0.1192","1.541983"
"0","470","623.615365","1.255145","0.111274","1.538359"
"10","470","601.59116","1.233987","0.104135","1.533927"
"20","470","581.069545","1.215182","0.09768","1.528754"
"30","470","561.901821","1.198539","0.091828","1.522899"
"40","470","543.958285","1.183888","0.086509","1.516414"
"50","470","527.125289","1.171077","0.081666","1.509346"
"60","470","511.302828","1.159969","0.07725","1.501734"
"70","470","496.402556","1.150438","0.07322","1.493613"
"80","470","482.346133","1.142366","0.069539","1.485019"
"90","470","469.06385","1.135643","0.066175","1.475983"
"100","470","456.493466","1.130162","0.063101","1.466539"
"110","470","444.579243","1.125825","0.060291","1.456722"
"120","470","433.27111","1.122532","0.057723","1.446567"
"130","470","422.523966","1.120189","0.055377","1.436109"
"140","470","412.297076","1.118704","0.053235","1.425388"
"150","470","402.553556","1.117987","0.051279","1.414445"
"160","470","393.259926","1.117951","0.049494","1.403326"
"170","470","384.385732","1.118511","0.047867","1.392079"
"180","470","375.903204","1.119587","0.046383","1.380762"
"190","470","367.786974","1.121102","0.045031","1.369431"
"200","470","360.013816","1.122985","0.043799","1.358148"
"210","470","352.562428","1.125167","0.042678","1.346972"
"220","470","345.413235","1.127588","0.041658","1.335961"
"230","470","338.54822","1.130194","0.04073","1.325164"
"240","470","331.950769","1.132934","0.039885","1.314628"
"250","470","325.605538","1.135766","0.039118","1.304389"
"260","470","319.498334","1.138652","0.03842","1.294475"
"270","470","313.616012","1.14156","0.037785","1.284908"
"280","470","307.946374","1.144463","0.037209","1.2757"
"290","470","302.478091","1.147336","0.036686","1.266859"
"300","470","297.200623","1.150162","0.036211","1.258387"
"310","470","292.104153","1.152924","0.035779","1.25028"
"320","470","287.179528","1.15561","0.035388","1.242534"
"330","470","282.418199","1.15821","0.035034","1.235139"
"340","470","277.812178","1.160715","0.034713","1.228085"
"350","470","273.353987","1.163121","0.034423","1.221359"
"-80","480","900.631671","1.576025","0.214734","1.536107"
"-70","480","856.298337","1.522857","0.194684","1.540082"
"-60","480","816.124828","1.47545","0.177656","1.542741"
"-50","480","779.551903","1.43308","0.162994","1.544145"
"-40","480","746.116265","1.395151","0.150225","1.544364"
"-30","480","715.430834","1.361163","0.138999","1.543471"
"-20","480","687.169691","1.330701","0.129053","1.541543"
"-10","480","661.056459","1.303408","0.120182","1.538659"
"0","480","636.855234","1.278985","0.112227","1.534898"
"10","480","614.363437","1.257171","0.105062","1.530333"
"20","480","593.406131","1.237742","0.098585","1.525034"
"30","480","573.83146","1.2205","0.092712","1.519062"
"40","480","555.506969","1.205271","0.087374","1.512473"
"50","480","538.316593","1.1919","0.082514","1.505316"
"60","480","522.158209","1.180246","0.078082","1.497632"
"70","480","506.941592","1.170179","0.074035","1.489461"
"80","480","492.58674","1.16158","0.070338","1.480839"
"90","480","479.022462","1.154336","0.066959","1.471802"
"100","480","466.185199","1.148342","0.06387","1.462383"
"110","480","454.018027","1.143494","0.061045","1.452619"
"120","480","442.469814","1.139696","0.058462","1.442545"
"130","480","431.494499","1.136853","0.056101","1.432197"
"140","480","421.050483","1.134873","0.053944","1.421614"
"150","480","411.1001","1.133667","0.051972","1.410836"
"160","480","401.609159","1.133149","0.050172","1.399905"
"170","480","392.546558","1.133237","0.048528","1.388868"
"180","480","383.88394","1.133852","0.047028","1.377775"
"190","480","375.595395","1.134917","0.04566","1.36668"
"200","480","367.657206","1.136363","0.044412","1.355638"
"210","480","360.047619","1.138125","0.043275","1.344704"
"220","480","352.746643","1.140141","0.042239","1.33393"
"230","480","345.735878","1.142357","0.041295","1.323364"
"240","480","338.998358","1.144726","0.040436","1.313047"
"250","480","332.518412","1.147203","0.039653","1.303014"
"260","480","326.281548","1.149751","0.038941","1.293292"
"270","480","320.274339","1.152338","0.038292","1.283901"
"280","480","314.48433","1.154936","0.037702","1.274855"
"290","480","308.899951","1.157522","0.037165","1.266162"
"300","480","303.510437","1.160074","0.036677","1.257823"
"310","480","298.305766","1.162578","0.036233","1.249838"
"320","480","293.276586","1.16502","0.03583","1.2422"
"330","480","288.414171","1.167389","0.035464","1.234902"
"340","480","283.71036","1.169677","0.035133","1.227934"
"350","480","279.157518","1.171877","0.034832","1.221286"
"-80","490","919.355306","1.607058","0.216136","1.533818"
"-70","490","874.100307","1.552692","0.195985","1.537657"
"-60","490","833.091613","1.504197","0.178875","1.540178"
"-50","490","795.758357","1.460833","0.164148","1.541445"
"-40","490","761.62761","1.421989","0.151324","1.541526"
"-30","490","730.304246","1.387156","0.140053","1.540496"
"-20","490","701.455569","1.355906","0.130067","1.538433"
"-10","490","674.799458","1.327878","0.121163","1.535416"
"0","490","650.095103","1.302762","0.113178","1.531526"
"10","490","627.135714","1.280293","0.105987","1.526837"
"20","490","605.742717","1.260239","0.099487","1.521422"
"30","490","585.7611","1.242399","0.093593","1.515343"
"40","490","567.055652","1.226594","0.088236","1.508658"
"50","490","549.507898","1.212664","0.083358","1.50142"
"60","490","533.01359","1.200466","0.078908","1.493673"
"70","490","517.480628","1.189867","0.074846","1.485458"
"80","490","502.827346","1.180745","0.071133","1.476815"
"90","490","488.981075","1.172986","0.067739","1.467779"
"100","490","475.876933","1.166483","0.064634","1.458387"
"110","490","463.456812","1.161132","0.061794","1.448675"
"120","490","451.668517","1.156836","0.059196","1.43868"
"130","490","440.465031","1.1535","0.05682","1.428437"
"140","490","429.803891","1.151034","0.054646","1.417985"
"150","490","419.646644","1.149348","0.052659","1.407361"
"160","490","409.958392","1.148358","0.050843","1.396606"
"170","490","400.707384","1.147983","0.049184","1.385764"
"180","490","391.864675","1.148144","0.047668","1.374881"
"190","490","383.403816","1.148769","0.046284","1.364007"
"200","490","375.300597","1.149787","0.045021","1.353192"
"210","490","367.53281","1.151134","0.043868","1.342485"
"220","490","360.080051","1.152751","0.042817","1.331935"
"230","490","352.923536","1.154585","0.041858","1.321587"
"240","490","346.045946","1.156587","0.040983","1.311477"
"250","490","339.431286","1.158713","0.040185","1.301641"
"260","490","333.064761","1.160928","0.039459","1.292102"
"270","490","326.932666","1.163197","0.038796","1.282881"
"280","490","321.022286","1.165492","0.038192","1.273992"
"290","490","315.32181","1.167791","0.037642","1.265441"
"300","490","309.820252","1.170072","0.037142","1.257233"
"310","490","304.507378","1.172318","0.036686","1.249365"
"320","490","299.373645","1.174516","0.036271","1.241833"
"330","490","294.410142","1.176655","0.035893","1.23463"
"340","490","289.608542","1.178724","0.035551","1.227747"
"350","490","284.961048","1.180717","0.035239","1.221175"
"-80","500","938.078941","1.638038","0.217541","1.531563"
"-70","500","891.902277","1.582474","0.197288","1.535269"
"-60","500","850.058398","1.532889","0.180097","1.537658"
"-50","500","811.964811","1.488529","0.165303","1.538793"
"-40","500","777.138956","1.448769","0.152425","1.538743"
"-30","500","745.177658","1.413089","0.141107","1.537582"
"-20","500","715.741448","1.381052","0.131081","1.535391"
"-10","500","688.542457","1.352287","0.122142","1.53225"
"0","500","663.334972","1.326478","0.114128","1.528239"
"10","500","639.907991","1.303353","0.106911","1.523435"
"20","500","618.079303","1.282675","0.100387","1.517911"
"30","500","597.690739","1.264237","0.094471","1.511734"
"40","500","578.604335","1.247856","0.089094","1.504963"
"50","500","560.699203","1.23337","0.084197","1.497652"
"60","500","543.868971","1.22063","0.079731","1.489848"
"70","500","528.019664","1.209502","0.075651","1.481596"
"80","500","513.067953","1.199861","0.071923","1.472935"
"90","500","498.939688","1.191592","0.068513","1.463904"
"100","500","485.568666","1.184585","0.065393","1.454541"
"110","500","472.895596","1.178738","0.062537","1.444881"
"120","500","460.86722","1.173951","0.059924","1.434962"
"130","500","449.435564","1.17013","0.057533","1.424819"
"140","500","438.557298","1.167185","0.055344","1.41449"
"150","500","428.193188","1.165027","0.053342","1.404012"
"160","500","418.307624","1.163573","0.05151","1.393423"
"170","500","408.868211","1.162743","0.049835","1.382764"
"180","500","399.84541","1.16246","0.048304","1.372078"
"190","500","391.212237","1.162652","0.046904","1.36141"
"200","500","382.943987","1.163249","0.045625","1.350807"
"210","500","375.018002","1.164189","0.044457","1.340315"
"220","500","367.413459","1.165414","0.04339","1.329976"
"230","500","360.111195","1.16687","0.042416","1.319834"
"240","500","353.093535","1.16851","0.041526","1.309922"
"250","500","346.34416","1.17029","0.040715","1.300273"
"260","500","339.847974","1.172174","0.039974","1.29091"
"270","500","333.590992","1.174128","0.039297","1.281852"
"280","500","327.560241","1.176124","0.03868","1.273114"
"290","500","321.74367","1.178138","0.038117","1.264701"
"300","500","316.130066","1.180149","0.037604","1.256618"
"310","500","310.70899","1.182138","0.037136","1.248865"
"320","500","305.470703","1.184093","0.036709","1.241436"
"330","500","300.406114","1.186001","0.036321","1.234327"
"340","500","295.506724","1.187852","0.035967","1.227528"
"350","500","290.764579","1.189638","0.035646","1.221031"
"-80","0","1.897172","0.970997","0.006154","1.275905"
"-70","0","1.803785","0.975308","0.006467","1.264972"
"-60","0","1.719159","0.978761","0.006779","1.255272"
"-50","0","1.642119","0.98157","0.007089","1.246401"
"-40","0","1.571687","0.983887","0.007398","1.23814"
"-30","0","1.507048","0.985824","0.007705","1.230362"
"-20","0","1.447517","0.987459","0.008009","1.222991"
"-10","0","1.392509","0.988854","0.008312","1.215978"
"0","0","1.34153","0.990052","0.008613","1.209294"
"10","0","1.294151","0.991089","0.008911","1.202918"
"20","0","1.250005","0.991991","0.009207","1.196835"
"30","0","1.208771","0.992781","0.009501","1.191035"
"40","0","1.17017","0.993475","0.009792","1.185507"
"50","0","1.133959","0.994089","0.01008","1.180243"
"60","0","1.099921","0.994634","0.010366","1.175234"
"70","0","1.067868","0.995119","0.010649","1.170471"
"80","0","1.037629","0.995552","0.01093","1.165943"
"90","0","1.009056","0.995941","0.011209","1.161642"
"100","0","0.982015","0.99629","0.011485","1.157557"
"110","0","0.956385","0.996605","0.011758","1.153679"
"120","0","0.932059","0.99689","0.012029","1.149996"
"130","0","0.908939","0.997149","0.012297","1.1465"
"140","0","0.886939","0.997383","0.012563","1.143179"
"150","0","0.865979","0.997597","0.012827","1.140025"
"160","0","0.845986","0.997792","0.013089","1.137028"
"170","0","0.826896","0.99797","0.013348","1.134179"
"180","0","0.808648","0.998133","0.013604","1.131469"
"190","0","0.791188","0.998283","0.013859","1.12889"
"200","0","0.774467","0.998421","0.014111","1.126435"
"210","0","0.758437","0.998547","0.014361","1.124095"
"220","0","0.743058","0.998664","0.014609","1.121865"
"230","0","0.728289","0.998772","0.014855","1.119736"
"240","0","0.714097","0.998872","0.015099","1.117704"
"250","0","0.700447","0.998964","0.015341","1.115763"
"260","0","0.687309","0.999049","0.01558","1.113906"
"270","0","0.674655","0.999129","0.015818","1.112129"
"280","0","0.662458","0.999202","0.016054","1.110428"
"290","0","0.650695","0.999271","0.016288","1.108797"
"300","0","0.639342","0.999335","0.01652","1.107233"
"310","0","0.628378","0.999394","0.016751","1.105733"
"320","0","0.617784","0.999449","0.016979","1.104291"
"330","0","0.607542","0.999501","0.017206","1.102906"
"340","0","0.597633","0.999549","0.017431","1.101574"
"350","0","0.588043","0.999594","0.017655","1.100291"
"-80","1","3.769536","0.007073","0.149958","1.721684"
"-70","1","3.583982","0.949207","0.006486","1.292363"
"-60","1","3.415838","0.956629","0.006799","1.277035"
"-50","1","3.262764","0.96257","0.00711","1.264219"
"-40","1","3.122822","0.967415","0.007419","1.252991"
"-30","1","2.99439","0.971426","0.007727","1.242906"
"-20","1","2.876105","0.974787","0.008032","1.233703"
"-10","1","2.766809","0.977636","0.008335","1.22521"
"0","1","2.665517","0.980072","0.008636","1.217313"
"10","1","2.571379","0.982171","0.008934","1.20993"
"20","1","2.483663","0.983994","0.00923","1.203004"
"30","1","2.401735","0.985585","0.009523","1.19649"
"40","1","2.325039","0.986981","0.009814","1.190354"
"50","1","2.253089","0.988214","0.010102","1.184568"
"60","1","2.18546","0.989305","0.010388","1.179108"
"70","1","2.121771","0.990276","0.010671","1.173954"
"80","1","2.06169","0.991143","0.010952","1.169086"
"90","1","2.004918","0.99192","0.01123","1.164487"
"100","1","1.951188","0.992618","0.011506","1.16014"
"110","1","1.900263","0.993247","0.011779","1.15603"
"120","1","1.851929","0.993815","0.01205","1.152142"
"130","1","1.805992","0.994331","0.012318","1.148464"
"140","1","1.76228","0.994798","0.012584","1.144981"
"150","1","1.720633","0.995224","0.012847","1.141682"
"160","1","1.680909","0.995612","0.013109","1.138555"
"170","1","1.642978","0.995967","0.013367","1.13559"
"180","1","1.606722","0.996292","0.013624","1.132775"
"190","1","1.57203","0.99659","0.013878","1.130101"
"200","1","1.538806","0.996864","0.01413","1.12756"
"210","1","1.506956","0.997116","0.01438","1.125142"
"220","1","1.476398","0.997348","0.014628","1.122841"
"230","1","1.447055","0.997563","0.014874","1.120648"
"240","1","1.418856","0.997761","0.015117","1.118557"
"250","1","1.391734","0.997944","0.015359","1.116561"
"260","1","1.36563","0.998114","0.015598","1.114655"
"270","1","1.340488","0.998272","0.015836","1.112833"
"280","1","1.316254","0.998418","0.016072","1.111089"
"290","1","1.292881","0.998554","0.016305","1.10942"
"300","1","1.270323","0.998681","0.016537","1.107821"
"310","1","1.24854","0.998798","0.016768","1.106287"
"320","1","1.22749","0.998908","0.016996","1.104815"
"330","1","1.207139","0.999011","0.017223","1.103402"
"340","1","1.187451","0.999107","0.017448","1.102043"
"350","1","1.168396","0.999196","0.017671","1.100736"
"-80","2","5.641899","0.010583","0.150096","1.720979"
"-70","2","5.364179","0.010319","0.133373","1.74864"
"-60","2","5.112516","0.933242","0.006822","1.302953"
"-50","2","4.88341","0.942718","0.007134","1.284711"
"-40","2","4.673956","0.950344","0.007443","1.269693"
"-30","2","4.481731","0.956599","0.007751","1.256768"
"-20","2","4.304692","0.961805","0.008056","1.24537"
"-10","2","4.141109","0.96619","0.008359","1.235144"
"0","2","3.989503","0.969922","0.00866","1.225856"
"10","2","3.848606","0.973127","0.008958","1.217339"
"20","2","3.717322","0.9759","0.009254","1.209476"
"30","2","3.594699","0.978315","0.009547","1.20218"
"40","2","3.479907","0.980431","0.009837","1.195385"
"50","2","3.37222","0.982295","0.010126","1.189039"
"60","2","3.270998","0.983943","0.010411","1.1831"
"70","2","3.175675","0.985408","0.010694","1.177532"
"80","2","3.085751","0.986715","0.010975","1.172305"
"90","2","3.000779","0.987884","0.011253","1.167394"
"100","2","2.920361","0.988935","0.011528","1.162773"
"110","2","2.844142","0.989881","0.011801","1.158423"
"120","2","2.771799","0.990735","0.012071","1.154324"
"130","2","2.703046","0.991509","0.012339","1.150458"
"140","2","2.63762","0.992211","0.012605","1.146808"
"150","2","2.575287","0.99285","0.012868","1.143361"
"160","2","2.515833","0.993432","0.013129","1.140101"
"170","2","2.459061","0.993965","0.013388","1.137016"
"180","2","2.404795","0.994452","0.013644","1.134094"
"190","2","2.352872","0.994899","0.013898","1.131323"
"200","2","2.303145","0.995309","0.01415","1.128694"
"210","2","2.255475","0.995687","0.014399","1.126197"
"220","2","2.209739","0.996035","0.014647","1.123824"
"230","2","2.165821","0.996356","0.014892","1.121565"
"240","2","2.123615","0.996652","0.015136","1.119414"
"250","2","2.083022","0.996927","0.015377","1.117364"
"260","2","2.043952","0.997181","0.015616","1.115408"
"270","2","2.00632","0.997417","0.015854","1.11354"
"280","2","1.970049","0.997636","0.016089","1.111754"
"290","2","1.935067","0.99784","0.016323","1.110046"
"300","2","1.901305","0.998029","0.016555","1.108411"
"310","2","1.868701","0.998206","0.016785","1.106844"
"320","2","1.837196","0.99837","0.017013","1.105341"
"330","2","1.806736","0.998524","0.017239","1.103899"
"340","2","1.77727","0.998667","0.017464","1.102514"
"350","2","1.748749","0.998801","0.017687","1.101183"
"-80","3","7.514263","0.014093","0.150234","1.720276"
"-70","3","7.144376","0.01374","0.133509","1.747785"
"-60","3","6.809195","0.013454","0.118932","1.778852"
"-50","3","6.504055","0.921924","0.00716","1.308487"
"-40","3","6.225091","0.932625","0.007469","1.288553"
"-30","3","5.969072","0.941313","0.007777","1.272132"
"-20","3","5.73328","0.948491","0.008082","1.258107"
"-10","3","5.515409","0.954503","0.008385","1.245856"
"0","3","5.31349","0.959595","0.008685","1.234972"
"10","3","5.125834","0.96395","0.008983","1.225177"
"20","3","4.95098","0.967707","0.009278","1.216275"
"30","3","4.787663","0.97097","0.009571","1.208122"
"40","3","4.634775","0.973823","0.009862","1.200613"
"50","3","4.49135","0.976332","0.01015","1.193664"
"60","3","4.356536","0.978548","0.010435","1.187214"
"70","3","4.229579","0.980515","0.010718","1.181208"
"80","3","4.109811","0.982267","0.010998","1.175604"
"90","3","3.99664","0.983834","0.011275","1.170365"
"100","3","3.889535","0.98524","0.011551","1.16546"
"110","3","3.78802","0.986506","0.011823","1.160861"
"120","3","3.69167","0.987649","0.012093","1.156542"
"130","3","3.600099","0.988683","0.012361","1.152482"
"140","3","3.512961","0.989621","0.012626","1.148661"
"150","3","3.429942","0.990474","0.012889","1.14506"
"160","3","3.350756","0.991252","0.01315","1.141664"
"170","3","3.275144","0.991963","0.013408","1.138457"
"180","3","3.202869","0.992613","0.013664","1.135425"
"190","3","3.133715","0.993209","0.013918","1.132556"
"200","3","3.067484","0.993756","0.014169","1.129838"
"210","3","3.003994","0.99426","0.014419","1.127261"
"220","3","2.94308","0.994724","0.014666","1.124814"
"230","3","2.884587","0.995151","0.014911","1.122489"
"240","3","2.828374","0.995547","0.015154","1.120277"
"250","3","2.774309","0.995913","0.015396","1.118171"
"260","3","2.722273","0.996251","0.015635","1.116164"
"270","3","2.672153","0.996566","0.015872","1.11425"
"280","3","2.623845","0.996857","0.016107","1.112421"
"290","3","2.577253","0.997129","0.01634","1.110674"
"300","3","2.532286","0.997381","0.016572","1.109002"
"310","3","2.488862","0.997616","0.016802","1.107402"
"320","3","2.446902","0.997835","0.01703","1.105868"
"330","3","2.406333","0.998039","0.017256","1.104397"
"340","3","2.367088","0.99823","0.017481","1.102986"
"350","3","2.329102","0.998408","0.017703","1.10163"
"-80","4","9.386627","0.017601","0.150372","1.719577"
"-70","4","8.924573","0.017159","0.133644","1.746933"
"-60","4","8.505873","0.016802","0.119068","1.777791"
"-50","4","8.1247","0.900031","0.007189","1.33661"
"-40","4","7.776225","0.914191","0.007498","1.310017"
"-30","4","7.456413","0.925531","0.007805","1.289235"
"-20","4","7.161868","0.934824","0.00811","1.272058"
"-10","4","6.889709","0.942559","0.008412","1.257434"
"0","4","6.637477","0.949079","0.008712","1.244719"
"10","4","6.403062","0.954634","0.009009","1.233483"
"20","4","6.184639","0.959409","0.009305","1.223425"
"30","4","5.980626","0.963546","0.009597","1.214332"
"40","4","5.789644","0.967156","0.009887","1.206047"
"50","4","5.610481","0.970323","0.010175","1.198452"
"60","4","5.442074","0.973118","0.010459","1.191456"
"70","4","5.283482","0.975595","0.010742","1.184986"
"80","4","5.133872","0.977799","0.011022","1.178985"
"90","4","4.992501","0.979769","0.011299","1.173404"
"100","4","4.858708","0.981535","0.011574","1.168201"
"110","4","4.731898","0.983124","0.011846","1.163342"
"120","4","4.61154","0.984557","0.012116","1.158797"
"130","4","4.497152","0.985853","0.012383","1.154537"
"140","4","4.388302","0.987029","0.012648","1.150539"
"150","4","4.284596","0.988098","0.012911","1.146781"
"160","4","4.185679","0.989072","0.013171","1.143245"
"170","4","4.091226","0.989961","0.013429","1.139913"
"180","4","4.000942","0.990775","0.013685","1.136769"
"190","4","3.914557","0.991521","0.013938","1.1338"
"200","4","3.831823","0.992205","0.014189","1.130991"
"210","4","3.752514","0.992835","0.014439","1.128331"
"220","4","3.676421","0.993415","0.014686","1.12581"
"230","4","3.603353","0.99395","0.014931","1.123418"
"240","4","3.533132","0.994444","0.015173","1.121145"
"250","4","3.465597","0.994901","0.015414","1.118983"
"260","4","3.400594","0.995324","0.015653","1.116925"
"270","4","3.337986","0.995717","0.01589","1.114963"
"280","4","3.277641","0.996081","0.016125","1.113091"
"290","4","3.219439","0.99642","0.016358","1.111304"
"300","4","3.163268","0.996735","0.01659","1.109596"
"310","4","3.109023","0.997029","0.016819","1.107962"
"320","4","3.056608","0.997302","0.017047","1.106397"
"330","4","3.00593","0.997557","0.017273","1.104897"
"340","4","2.956906","0.997795","0.017497","1.103459"
"350","4","2.909455","0.998018","0.01772","1.102078"
"-80","5","11.25899","0.021107","0.15051","1.71888"
"-70","5","10.70477","0.020577","0.13378","1.746086"
"-60","5","10.202552","0.020148","0.119203","1.776736"
"-50","5","9.745346","0.019818","0.106288","1.812929"
"-40","5","9.32736","0.894948","0.00753","1.334748"
"-30","5","8.943755","0.909204","0.007836","1.308397"
"-20","5","8.590456","0.920774","0.008139","1.2874"
"-10","5","8.264009","0.930342","0.008441","1.269984"
"0","5","7.961464","0.938365","0.00874","1.255162"
"10","5","7.680289","0.945171","0.009037","1.242297"
"20","5","7.418298","0.951002","0.009332","1.230954"
"30","5","7.17359","0.956041","0.009624","1.220828"
"40","5","6.944512","0.960427","0.009913","1.211701"
"50","5","6.729611","0.964268","0.0102","1.203409"
"60","5","6.527612","0.967652","0.010485","1.195831"
"70","5","6.337386","0.970648","0.010767","1.18887"
"80","5","6.157933","0.973311","0.011046","1.182451"
"90","5","5.988363","0.975688","0.011323","1.176511"
"100","5","5.827881","0.977818","0.011597","1.170998"
"110","5","5.675777","0.979733","0.011869","1.16587"
"120","5","5.53141","0.981459","0.012139","1.161089"
"130","5","5.394205","0.98302","0.012406","1.156622"
"140","5","5.263643","0.984435","0.01267","1.152442"
"150","5","5.139251","0.985721","0.012933","1.148524"
"160","5","5.020602","0.986892","0.013193","1.144844"
"170","5","4.907309","0.987961","0.01345","1.141385"
"180","5","4.799016","0.988938","0.013706","1.138127"
"190","5","4.695399","0.989834","0.013959","1.135054"
"200","5","4.596162","0.990656","0.01421","1.132153"
"210","5","4.501033","0.991412","0.014459","1.12941"
"220","5","4.409762","0.992109","0.014705","1.126814"
"230","5","4.322119","0.992751","0.01495","1.124353"
"240","5","4.237891","0.993344","0.015193","1.122017"
"250","5","4.156884","0.993892","0.015433","1.119799"
"260","5","4.078916","0.9944","0.015672","1.117688"
"270","5","4.003818","0.994871","0.015909","1.115679"
"280","5","3.931436","0.995308","0.016143","1.113764"
"290","5","3.861625","0.995715","0.016376","1.111937"
"300","5","3.794249","0.996092","0.016607","1.110192"
"310","5","3.729184","0.996444","0.016837","1.108524"
"320","5","3.666314","0.996772","0.017064","1.106927"
"330","5","3.605528","0.997078","0.01729","1.105398"
"340","5","3.546724","0.997363","0.017514","1.103933"
"350","5","3.489808","0.99763","0.017737","1.102527"
"-80","6","13.131354","0.024613","0.150648","1.718186"
"-70","6","12.484967","0.023993","0.133915","1.745243"
"-60","6","11.89923","0.023491","0.119338","1.775687"
"-50","6","11.365991","0.023106","0.106425","1.811581"
"-40","6","10.878494","0.874759","0.007565","1.363765"
"-30","6","10.431096","0.892272","0.007869","1.330046"
"-20","6","10.019044","0.90631","0.008172","1.304354"
"-10","6","9.638309","0.917832","0.008472","1.283634"
"0","6","9.285451","0.92744","0.00877","1.266379"
"10","6","8.957517","0.935555","0.009067","1.251668"
"20","6","8.651956","0.942483","0.00936","1.238891"
"30","6","8.366554","0.948452","0.009652","1.22763"
"40","6","8.09938","0.953634","0.009941","1.217587"
"50","6","7.848742","0.958166","0.010227","1.208546"
"60","6","7.61315","0.962151","0.010511","1.200347"
"70","6","7.391289","0.965674","0.010792","1.192865"
"80","6","7.181993","0.968802","0.011071","1.186005"
"90","6","6.984224","0.971593","0.011348","1.179689"
"100","6","6.797055","0.974091","0.011622","1.173853"
"110","6","6.619655","0.976334","0.011893","1.168445"
"120","6","6.451281","0.978356","0.012162","1.16342"
"130","6","6.291259","0.980183","0.012429","1.15874"
"140","6","6.138983","0.981839","0.012693","1.154372"
"150","6","5.993905","0.983342","0.012955","1.150288"
"160","6","5.855526","0.984712","0.013215","1.146462"
"170","6","5.723392","0.985961","0.013472","1.142872"
"180","6","5.597089","0.987103","0.013727","1.139497"
"190","6","5.476241","0.98815","0.01398","1.13632"
"200","6","5.360501","0.98911","0.01423","1.133325"
"210","6","5.249552","0.989992","0.014479","1.130497"
"220","6","5.143102","0.990805","0.014725","1.127824"
"230","6","5.040884","0.991555","0.01497","1.125294"
"240","6","4.94265","0.992247","0.015212","1.122895"
"250","6","4.848172","0.992887","0.015452","1.120619"
"260","6","4.757237","0.993479","0.015691","1.118456"
"270","6","4.669651","0.994028","0.015927","1.116399"
"280","6","4.585232","0.994538","0.016162","1.11444"
"290","6","4.503811","0.995012","0.016394","1.112572"
"300","6","4.425231","0.995452","0.016625","1.11079"
"310","6","4.349346","0.995863","0.016854","1.109087"
"320","6","4.276019","0.996245","0.017082","1.107459"
"330","6","4.205125","0.996601","0.017307","1.105901"
"340","6","4.136542","0.996934","0.017531","1.104408"
"350","6","4.070161","0.997245","0.017753","1.102977"
"-80","7","15.003717","0.028116","0.150785","1.717495"
"-70","7","14.265163","0.027408","0.13405","1.744403"
"-60","7","13.595909","0.026833","0.119473","1.774643"
"-50","7","12.986637","0.026391","0.106563","1.810243"
"-40","7","12.429629","0.026089","0.094939","1.854586"
"-30","7","11.918437","0.874658","0.007906","1.354781"
"-20","7","11.447632","0.891392","0.008206","1.323206"
"-10","7","11.012609","0.905007","0.008505","1.298538"
"0","7","10.609438","0.916291","0.008802","1.278457"
"10","7","10.234745","0.925777","0.009097","1.261649"
"20","7","9.885615","0.933844","0.00939","1.247271"
"30","7","9.559518","0.940774","0.009681","1.23476"
"40","7","9.254249","0.946777","0.009969","1.22372"
"50","7","8.967872","0.952014","0.010255","1.213872"
"60","7","8.698688","0.956612","0.010538","1.205009"
"70","7","8.445193","0.960672","0.010819","1.196975"
"80","7","8.206054","0.964273","0.011097","1.18965"
"90","7","7.980085","0.967482","0.011373","1.182939"
"100","7","7.766228","0.970351","0.011646","1.176766"
"110","7","7.563534","0.972928","0.011917","1.171067"
"120","7","7.371151","0.975247","0.012186","1.16579"
"130","7","7.188312","0.977343","0.012452","1.16089"
"140","7","7.014324","0.97924","0.012716","1.156329"
"150","7","6.84856","0.980963","0.012978","1.152075"
"160","7","6.690449","0.982531","0.013237","1.148099"
"170","7","6.539474","0.983962","0.013494","1.144374"
"180","7","6.395163","0.985269","0.013748","1.140881"
"190","7","6.257083","0.986467","0.014001","1.137597"
"200","7","6.12484","0.987565","0.014251","1.134506"
"210","7","5.998071","0.988575","0.014499","1.131592"
"220","7","5.876443","0.989504","0.014746","1.128841"
"230","7","5.75965","0.990361","0.01499","1.12624"
"240","7","5.647409","0.991152","0.015232","1.123778"
"250","7","5.539459","0.991884","0.015472","1.121443"
"260","7","5.435558","0.992561","0.01571","1.119227"
"270","7","5.335484","0.993189","0.015946","1.117122"
"280","7","5.239027","0.993771","0.01618","1.115118"
"290","7","5.145997","0.994312","0.016413","1.11321"
"300","7","5.056212","0.994815","0.016643","1.11139"
"310","7","4.969507","0.995284","0.016872","1.109652"
"320","7","4.885725","0.99572","0.017099","1.107992"
"330","7","4.804722","0.996128","0.017325","1.106405"
"340","7","4.726361","0.996508","0.017548","1.104885"
"350","7","4.650514","0.996863","0.01777","1.103428"
"-80","8","16.876081","0.031618","0.150923","1.716806"
"-70","8","16.04536","0.030821","0.134185","1.743567"
"-60","8","15.292587","0.030173","0.119608","1.773606"
"-50","8","14.607282","0.029674","0.1067","1.808914"
"-40","8","13.980763","0.029332","0.095081","1.852805"
"-30","8","13.405778","0.856258","0.007946","1.383454"
"-20","8","12.87622","0.875973","0.008244","1.344324"
"-10","8","12.386909","0.891841","0.008541","1.314882"
"0","8","11.933425","0.904903","0.008836","1.291503"
"10","8","11.511972","0.915828","0.00913","1.272302"
"20","8","11.119273","0.925082","0.009422","1.256132"
"30","8","10.752482","0.933006","0.009711","1.242241"
"40","8","10.409117","0.939851","0.009998","1.230116"
"50","8","10.087003","0.945812","0.010283","1.219397"
"60","8","9.784226","0.951036","0.010566","1.209824"
"70","8","9.499097","0.955642","0.010846","1.201204"
"80","8","9.230115","0.959723","0.011124","1.19339"
"90","8","8.975947","0.963355","0.011399","1.186266"
"100","8","8.735401","0.966601","0.011672","1.17974"
"110","8","8.507412","0.969513","0.011942","1.173738"
"120","8","8.291021","0.972133","0.01221","1.1682"
"130","8","8.085365","0.974499","0.012476","1.163073"
"140","8","7.889665","0.97664","0.01274","1.158313"
"150","8","7.703214","0.978583","0.013001","1.153885"
"160","8","7.525372","0.980352","0.013259","1.149754"
"170","8","7.355557","0.981964","0.013516","1.145893"
"180","8","7.193236","0.983437","0.01377","1.142277"
"190","8","7.037925","0.984786","0.014022","1.138885"
"200","8","6.889179","0.986023","0.014272","1.135697"
"210","8","6.74659","0.98716","0.01452","1.132695"
"220","8","6.609784","0.988206","0.014766","1.129865"
"230","8","6.478416","0.989171","0.01501","1.127193"
"240","8","6.352168","0.990061","0.015252","1.124665"
"250","8","6.230746","0.990884","0.015491","1.122272"
"260","8","6.11388","0.991646","0.015729","1.120003"
"270","8","6.001316","0.992352","0.015965","1.117848"
"280","8","5.892823","0.993007","0.016199","1.115799"
"290","8","5.788183","0.993615","0.016431","1.113849"
"300","8","5.687194","0.994181","0.016662","1.111992"
"310","8","5.589668","0.994708","0.01689","1.110219"
"320","8","5.495431","0.995199","0.017117","1.108527"
"330","8","5.404319","0.995657","0.017342","1.10691"
"340","8","5.316179","0.996084","0.017566","1.105362"
"350","8","5.230867","0.996483","0.017787","1.10388"
"-80","9","18.748444","0.035119","0.151061","1.71612"
"-70","9","17.825557","0.034232","0.134321","1.742736"
"-60","9","16.989266","0.033511","0.119743","1.772574"
"-50","9","16.227927","0.032954","0.106837","1.807594"
"-40","9","15.531898","0.032572","0.095224","1.85104"
"-30","9","14.893119","0.836933","0.00799","1.41732"
"-20","9","14.304807","0.859992","0.008284","1.368194"
"-10","9","13.761208","0.878303","0.008579","1.332901"
"0","9","13.257412","0.893259","0.008872","1.30564"
"10","9","12.7892","0.905697","0.009164","1.283699"
"20","9","12.352932","0.916189","0.009454","1.265516"
"30","9","11.945446","0.925142","0.009743","1.2501"
"40","9","11.563985","0.932856","0.010029","1.23679"
"50","9","11.206133","0.939558","0.010313","1.225132"
"60","9","10.869764","0.945421","0.010595","1.2148"
"70","9","10.553","0.950583","0.010874","1.205558"
"80","9","10.254175","0.955151","0.011151","1.197227"
"90","9","9.971808","0.959213","0.011426","1.189669"
"100","9","9.704575","0.962839","0.011698","1.182776"
"110","9","9.451291","0.96609","0.011968","1.17646"
"120","9","9.210892","0.969013","0.012235","1.170651"
"130","9","8.982418","0.971651","0.012501","1.165289"
"140","9","8.765005","0.974038","0.012764","1.160325"
"150","9","8.557868","0.976203","0.013024","1.155717"
"160","9","8.360296","0.978172","0.013283","1.151428"
"170","9","8.171639","0.979967","0.013539","1.147427"
"180","9","7.99131","0.981606","0.013793","1.143688"
"190","9","7.818767","0.983107","0.014044","1.140185"
"200","9","7.653518","0.984483","0.014294","1.136897"
"210","9","7.495109","0.985748","0.014541","1.133807"
"220","9","7.343125","0.986911","0.014787","1.130896"
"230","9","7.197182","0.987983","0.01503","1.128151"
"240","9","7.056927","0.988973","0.015272","1.125558"
"250","9","6.922034","0.989887","0.015511","1.123105"
"260","9","6.792201","0.990734","0.015749","1.120781"
"270","9","6.667149","0.991518","0.015984","1.118577"
"280","9","6.546618","0.992246","0.016218","1.116483"
"290","9","6.430368","0.992922","0.01645","1.114491"
"300","9","6.318175","0.99355","0.01668","1.112595"
"310","9","6.209829","0.994135","0.016908","1.110788"
"320","9","6.105137","0.99468","0.017135","1.109063"
"330","9","6.003916","0.995188","0.01736","1.107416"
"340","9","5.905997","0.995663","0.017583","1.105841"
"350","9","5.81122","0.996106","0.017805","1.104333"
"-80","10","20.620808","0.038619","0.151199","1.715437"
"-70","10","19.605754","0.037642","0.134455","1.741908"
"-60","10","18.685944","0.036847","0.119877","1.771548"
"-50","10","17.848573","0.036233","0.106974","1.806283"
"-40","10","17.083032","0.035809","0.095366","1.849291"
"-30","10","16.380461","0.0356","0.084738","1.906296"
"-20","10","15.733395","0.843377","0.008329","1.395476"
"-10","10","15.135508","0.864359","0.008619","1.352886"
"0","10","14.581399","0.88134","0.00891","1.321016"
"10","10","14.066428","0.895375","0.0092","1.295922"
"20","10","13.586591","0.90716","0.009489","1.275471"
"30","10","13.13841","0.91718","0.009776","1.258366"
"40","10","12.718854","0.925789","0.010061","1.243762"
"50","10","12.325264","0.933251","0.010344","1.231088"
"60","10","11.955302","0.939767","0.010624","1.219945"
"70","10","11.606904","0.945495","0.010903","1.210042"
"80","10","11.278236","0.950558","0.011179","1.201166"
"90","10","10.967669","0.955054","0.011453","1.193153"
"100","10","10.673748","0.959066","0.011725","1.185875"
"110","10","10.395169","0.962659","0.011994","1.179233"
"120","10","10.130762","0.965888","0.012261","1.173143"
"130","10","9.879472","0.9688","0.012526","1.167539"
"140","10","9.640346","0.971434","0.012788","1.162365"
"150","10","9.412523","0.973822","0.013048","1.157572"
"160","10","9.195219","0.975993","0.013306","1.153122"
"170","10","8.987722","0.977971","0.013562","1.148978"
"180","10","8.789383","0.979777","0.013815","1.145111"
"190","10","8.599609","0.98143","0.014066","1.141495"
"200","10","8.417857","0.982946","0.014316","1.138107"
"210","10","8.243628","0.984338","0.014563","1.134926"
"220","10","8.076466","0.985618","0.014808","1.131934"
"230","10","7.915948","0.986798","0.015051","1.129115"
"240","10","7.761686","0.987887","0.015292","1.126456"
"250","10","7.613321","0.988894","0.015531","1.123942"
"260","10","7.470522","0.989825","0.015768","1.121564"
"270","10","7.332982","0.990688","0.016004","1.119309"
"280","10","7.200414","0.991488","0.016237","1.117169"
"290","10","7.072554","0.992231","0.016469","1.115136"
"300","10","6.949156","0.992922","0.016699","1.113201"
"310","10","6.829991","0.993565","0.016927","1.111359"
"320","10","6.714843","0.994164","0.017153","1.109601"
"330","10","6.603513","0.994723","0.017378","1.107924"
"340","10","6.495815","0.995244","0.017601","1.10632"
"350","10","6.391573","0.995731","0.017822","1.104787"
