"1.01","Carbon Dioxide","C O2","14/05/2015"
"-50","0","2.403457","0.986768","0.011222","1.345474"
"-40","0","2.300371","0.988591","0.011723","1.336843"
"-30","0","2.205764","0.990089","0.012223","1.32888"
"-20","0","2.118631","0.991334","0.012722","1.321504"
"-10","0","2.038121","0.992379","0.013217","1.314653"
"0","0","1.963505","0.993264","0.013711","1.308272"
"10","0","1.89416","0.994019","0.014201","1.302316"
"20","0","1.829546","0.994668","0.014689","1.296745"
"30","0","1.769195","0.99523","0.015174","1.291523"
"40","0","1.712698","0.995719","0.015655","1.28662"
"50","0","1.659698","0.996147","0.016134","1.282009"
"60","0","1.60988","0.996524","0.016609","1.277664"
"70","0","1.562965","0.996856","0.017081","1.273563"
"80","0","1.518707","0.997151","0.017549","1.269686"
"90","0","1.476887","0.997414","0.018014","1.266016"
"100","0","1.437308","0.997649","0.018475","1.262536"
"110","0","1.399795","0.99786","0.018933","1.259231"
"120","0","1.364191","0.998049","0.019387","1.256088"
"130","0","1.330352","0.99822","0.019838","1.253095"
"140","0","1.298152","0.998375","0.020284","1.250242"
"150","0","1.267474","0.998515","0.020728","1.247519"
"160","0","1.238212","0.998643","0.021168","1.244916"
"170","0","1.210271","0.998759","0.021604","1.242426"
"180","0","1.183563","0.998865","0.022037","1.24004"
"190","0","1.158008","0.998962","0.022466","1.237753"
"200","0","1.133534","0.999052","0.022891","1.235558"
"210","0","1.110072","0.999133","0.023314","1.233449"
"220","0","1.087563","0.999209","0.023732","1.231422"
"230","0","1.065948","0.999278","0.024148","1.22947"
"240","0","1.045175","0.999342","0.024559","1.227591"
"250","0","1.025196","0.999401","0.024968","1.22578"
"260","0","1.005967","0.999456","0.025373","1.224034"
"270","0","0.987446","0.999507","0.025775","1.222348"
"280","0","0.969595","0.999554","0.026174","1.22072"
"290","0","0.952378","0.999597","0.026569","1.219147"
"300","0","0.935761","0.999638","0.026961","1.217627"
"310","0","0.919715","0.999676","0.02735","1.216155"
"320","0","0.904209","0.999711","0.027736","1.214732"
"330","0","0.889217","0.999744","0.028119","1.213353"
"340","0","0.874715","0.999775","0.028499","1.212017"
"350","0","0.860678","0.999803","0.028876","1.210723"
"360","0","0.847084","0.99983","0.029249","1.209468"
"370","0","0.833914","0.999855","0.02962","1.208251"
"380","0","0.821146","0.999878","0.029989","1.20707"
"390","0","0.808764","0.9999","0.030354","1.205923"
"400","0","0.796749","0.999921","0.030716","1.20481"
"410","0","0.785086","0.99994","0.031076","1.203729"
"420","0","0.77376","0.999959","0.031433","1.202679"
"430","0","0.762755","0.999976","0.031787","1.201658"
"440","0","0.75206","0.999992","0.032139","1.200666"
"450","0","0.74166","1.000007","0.032488","1.199702"
"460","0","0.731544","1.000021","0.032835","1.198763"
"470","0","0.7217","1.000034","0.033179","1.197851"
"480","0","0.712118","1.000047","0.03352","1.196963"
"490","0","0.702786","1.000058","0.033859","1.196098"
"500","0","0.693697","1.00007","0.034196","1.195257"
"-50","10","26.123738","0.022607","0.230131","2.036963"
"-40","10","25.003268","0.02239","0.193946","2.109696"
"-30","10","23.974962","0.88043","0.012378","1.494785"
"-20","10","23.027897","0.897499","0.012864","1.455965"
"-10","10","22.15281","0.911195","0.01335","1.426422"
"0","10","21.341798","0.922416","0.013835","1.402865"
"10","10","20.58807","0.931756","0.014318","1.383481"
"20","10","19.885765","0.939629","0.0148","1.367158"
"30","10","19.229794","0.946334","0.015279","1.353174"
"40","10","18.615718","0.952095","0.015755","1.341038"
"50","10","18.039647","0.957082","0.016229","1.33038"
"60","10","17.49816","0.961429","0.0167","1.320921"
"70","10","16.988233","0.965238","0.017168","1.312457"
"80","10","16.507184","0.968596","0.017633","1.30483"
"90","10","16.052628","0.971568","0.018095","1.297913"
"100","10","15.622436","0.974212","0.018553","1.291604"
"110","10","15.214699","0.976572","0.019008","1.28582"
"120","10","14.827705","0.978687","0.019459","1.280493"
"130","10","14.459908","0.980588","0.019908","1.275566"
"140","10","14.109917","0.982303","0.020352","1.270993"
"150","10","13.776467","0.983854","0.020794","1.266733"
"160","10","13.458414","0.98526","0.021232","1.262753"
"170","10","13.154715","0.986539","0.021666","1.259024"
"180","10","12.86442","0.987704","0.022097","1.255519"
"190","10","12.586661","0.988769","0.022524","1.252219"
"200","10","12.320643","0.989743","0.022949","1.249104"
"210","10","12.065636","0.990636","0.023369","1.246156"
"220","10","11.820971","0.991457","0.023787","1.243363"
"230","10","11.586032","0.992211","0.024201","1.240711"
"240","10","11.360249","0.992907","0.024611","1.238189"
"250","10","11.143099","0.99355","0.025018","1.235786"
"260","10","10.934094","0.994143","0.025422","1.233494"
"270","10","10.732785","0.994693","0.025823","1.231305"
"280","10","10.538754","0.995202","0.026221","1.229211"
"290","10","10.351615","0.995675","0.026615","1.227206"
"300","10","10.171006","0.996114","0.027006","1.225284"
"310","10","9.996591","0.996522","0.027394","1.22344"
"320","10","9.828057","0.996902","0.027779","1.221668"
"330","10","9.665112","0.997257","0.028161","1.219965"
"340","10","9.507481","0.997587","0.02854","1.218327"
"350","10","9.35491","0.997896","0.028917","1.216749"
"360","10","9.207158","0.998184","0.02929","1.215228"
"370","10","9.064001","0.998454","0.02966","1.213762"
"380","10","8.925227","0.998706","0.030027","1.212347"
"390","10","8.790639","0.998942","0.030392","1.210981"
"400","10","8.660049","0.999164","0.030754","1.209661"
"410","10","8.533283","0.999371","0.031113","1.208385"
"420","10","8.410174","0.999566","0.031469","1.20715"
"430","10","8.290567","0.999749","0.031823","1.205956"
"440","10","8.174314","0.999921","0.032174","1.204799"
"450","10","8.061276","1.000082","0.032523","1.203679"
"460","10","7.951322","1.000234","0.032869","1.202594"
"470","10","7.844328","1.000377","0.033212","1.201541"
"480","10","7.740174","1.000511","0.033553","1.200521"
"490","10","7.63875","1.000637","0.033892","1.199531"
"500","10","7.53995","1.000757","0.034228","1.19857"
"-50","20","49.844018","0.043048","0.232112","2.026265"
"-40","20","47.706166","0.042612","0.195917","2.095451"
"-30","20","45.74416","0.042429","0.165563","2.186611"
"-20","20","43.937162","0.042564","0.139604","2.313394"
"-10","20","42.2675","0.814043","0.013614","1.633779"
"0","20","40.72009","0.84085","0.014068","1.558647"
"10","20","39.28198","0.862042","0.014528","1.506387"
"20","20","37.941984","0.879291","0.014991","1.46726"
"30","20","36.690393","0.893615","0.015455","1.43658"
"40","20","35.518737","0.905688","0.015919","1.411783"
"50","20","34.419596","0.915986","0.016382","1.391242"
"60","20","33.38644","0.924852","0.016843","1.373881"
"70","20","32.4135","0.932549","0.017303","1.358984"
"80","20","31.495661","0.939276","0.01776","1.346043"
"90","20","30.62837","0.945191","0.018215","1.334683"
"100","20","29.807564","0.950421","0.018668","1.324616"
"110","20","29.029603","0.955066","0.019117","1.315624"
"120","20","28.291218","0.95921","0.019564","1.307535"
"130","20","27.589464","0.962922","0.020008","1.300213"
"140","20","26.921681","0.966258","0.020448","1.293547"
"150","20","26.28546","0.969266","0.020886","1.287449"
"160","20","25.678616","0.971987","0.02132","1.281844"
"170","20","25.09916","0.974454","0.021752","1.276672"
"180","20","24.545278","0.976698","0.022179","1.271881"
"190","20","24.015314","0.978744","0.022604","1.267428"
"200","20","23.507751","0.980612","0.023026","1.263276"
"210","20","23.021199","0.982323","0.023444","1.259393"
"220","20","22.55438","0.983892","0.023859","1.255752"
"230","20","22.106117","0.985334","0.024271","1.252329"
"240","20","21.675324","0.986661","0.024679","1.249105"
"250","20","21.261001","0.987885","0.025085","1.246061"
"260","20","20.86222","0.989015","0.025487","1.243181"
"270","20","20.478123","0.99006","0.025886","1.240452"
"280","20","20.107914","0.991028","0.026282","1.237861"
"290","20","19.750852","0.991925","0.026675","1.235398"
"300","20","19.406251","0.992758","0.027064","1.233052"
"310","20","19.073467","0.993532","0.027451","1.230815"
"320","20","18.751905","0.994253","0.027835","1.228679"
"330","20","18.441006","0.994923","0.028215","1.226637"
"340","20","18.140247","0.995549","0.028593","1.224683"
"350","20","17.849142","0.996132","0.028968","1.222811"
"360","20","17.567231","0.996677","0.02934","1.221016"
"370","20","17.294088","0.997186","0.029709","1.219292"
"380","20","17.029308","0.997662","0.030076","1.217636"
"390","20","16.772514","0.998108","0.030439","1.216044"
"400","20","16.523349","0.998526","0.0308","1.214512"
"410","20","16.281479","0.998917","0.031158","1.213036"
"420","20","16.046588","0.999284","0.031514","1.211614"
"430","20","15.818378","0.999629","0.031867","1.210242"
"440","20","15.596568","0.999952","0.032217","1.208919"
"450","20","15.380893","1.000256","0.032565","1.207641"
"460","20","15.171101","1.000542","0.03291","1.206406"
"470","20","14.966955","1.00081","0.033253","1.205212"
"480","20","14.76823","1.001063","0.033593","1.204058"
"490","20","14.574713","1.001301","0.033931","1.202941"
"500","20","14.386203","1.001525","0.034267","1.201859"
"-50","30","73.564298","0.063408","0.234075","2.01601"
"-40","30","70.409063","0.062735","0.197865","2.081932"
"-30","30","67.513358","0.062421","0.167537","2.167638"
"-20","30","64.846427","0.062546","0.141668","2.284401"
"-10","30","62.382189","0.063284","0.119043","2.451919"
"0","30","60.098382","0.740134","0.014507","1.880847"
"10","30","57.975889","0.780794","0.014892","1.718213"
"20","30","55.998202","0.811498","0.015305","1.621427"
"30","30","54.150991","0.835876","0.015732","1.555436"
"40","30","52.421756","0.855817","0.016168","1.506993"
"50","30","50.799545","0.872463","0.016608","1.469636"
"60","30","49.27472","0.886568","0.017051","1.439758"
"70","30","47.838767","0.89866","0.017495","1.415238"
"80","30","46.484137","0.909124","0.017939","1.394715"
"90","30","45.204111","0.918251","0.018382","1.377258"
"100","30","43.992692","0.926265","0.018825","1.362204"
"110","30","42.844507","0.933343","0.019266","1.349074"
"120","30","41.754732","0.939627","0.019704","1.337509"
"130","30","40.71902","0.945232","0.020141","1.327235"
"140","30","39.733446","0.950252","0.020575","1.318039"
"150","30","38.794454","0.954764","0.021007","1.309755"
"160","30","37.898818","0.958833","0.021436","1.302248"
"170","30","37.043604","0.962515","0.021862","1.295408"
"180","30","36.226135","0.965856","0.022286","1.289147"
"190","30","35.443966","0.968895","0.022706","1.283391"
"200","30","34.69486","0.971666","0.023124","1.278078"
"210","30","33.976763","0.9742","0.023539","1.273156"
"220","30","33.287789","0.97652","0.02395","1.268582"
"230","30","32.626201","0.978649","0.024359","1.264318"
"240","30","31.990399","0.980607","0.024765","1.260332"
"250","30","31.378903","0.98241","0.025167","1.256596"
"260","30","30.790346","0.984073","0.025567","1.253086"
"270","30","30.223461","0.98561","0.025963","1.249781"
"280","30","29.677073","0.987031","0.026357","1.246662"
"290","30","29.15009","0.988348","0.026748","1.243714"
"300","30","28.641495","0.98957","0.027135","1.240922"
"310","30","28.150344","0.990705","0.02752","1.238273"
"320","30","27.675753","0.99176","0.027902","1.235757"
"330","30","27.2169","0.992741","0.028281","1.233362"
"340","30","26.773013","0.993656","0.028657","1.231081"
"350","30","26.343373","0.994509","0.02903","1.228904"
"360","30","25.927305","0.995306","0.029401","1.226825"
"370","30","25.524175","0.996049","0.029769","1.224837"
"380","30","25.133389","0.996745","0.030134","1.222933"
"390","30","24.754389","0.997396","0.030496","1.22111"
"400","30","24.386649","0.998005","0.030855","1.21936"
"410","30","24.029676","0.998576","0.031212","1.217681"
"420","30","23.683002","0.999111","0.031567","1.216067"
"430","30","23.346189","0.999613","0.031919","1.214516"
"440","30","23.018822","1.000084","0.032268","1.213022"
"450","30","22.700509","1.000527","0.032615","1.211584"
"460","30","22.390879","1.000942","0.032959","1.210198"
"470","30","22.089582","1.001333","0.033301","1.208862"
"480","30","21.796286","1.001701","0.03364","1.207573"
"490","30","21.510677","1.002046","0.033977","1.206328"
"500","30","21.232456","1.002371","0.034312","1.205125"
"-50","40","97.284578","0.083692","0.236022","2.006167"
"-40","40","93.11196","0.082764","0.199793","2.069079"
"-30","40","89.282556","0.082292","0.169482","2.149859"
"-20","40","85.755692","0.08237","0.143686","2.257878"
"-10","40","82.496878","0.083189","0.12124","2.4093"
"0","40","79.476674","0.085184","0.100995","2.644693"
"10","40","76.669799","0.67759","0.015576","2.204496"
"20","40","74.054421","0.732031","0.01583","1.894623"
"30","40","71.61159","0.771139","0.016165","1.738777"
"40","40","69.324776","0.801483","0.016539","1.641423"
"50","40","67.179494","0.825995","0.016934","1.573692"
"60","40","65.163","0.846304","0.017342","1.523287"
"70","40","63.264035","0.863433","0.017759","1.484085"
"80","40","61.472614","0.878075","0.01818","1.452631"
"90","40","59.779853","0.890723","0.018605","1.426774"
"100","40","58.17782","0.901743","0.019031","1.405101"
"110","40","56.659412","0.911414","0.019458","1.386647"
"120","40","55.218246","0.919955","0.019885","1.370725"
"130","40","53.848576","0.927538","0.020311","1.356835"
"140","40","52.54521","0.934304","0.020736","1.3446"
"150","40","51.303447","0.940365","0.021159","1.333734"
"160","40","50.11902","0.945816","0.02158","1.324013"
"170","40","48.988048","0.950735","0.022","1.315258"
"180","40","47.906992","0.955189","0.022417","1.307329"
"190","40","46.872619","0.959233","0.022832","1.30011"
"200","40","45.881969","0.962914","0.023244","1.293506"
"210","40","44.932327","0.966273","0.023654","1.28744"
"220","40","44.021198","0.969345","0.024061","1.281845"
"230","40","43.146286","0.97216","0.024466","1.276667"
"240","40","42.305473","0.974746","0.024867","1.271858"
"250","40","41.496805","0.977125","0.025266","1.267379"
"260","40","40.718472","0.979317","0.025663","1.263197"
"270","40","39.9688","0.981341","0.026056","1.25928"
"280","40","39.246233","0.983212","0.026447","1.255604"
"290","40","38.549327","0.984943","0.026835","1.252145"
"300","40","37.87674","0.986548","0.02722","1.248886"
"310","40","37.22722","0.988038","0.027602","1.245807"
"320","40","36.599601","0.989422","0.027981","1.242894"
"330","40","35.992794","0.99071","0.028358","1.240133"
"340","40","35.405779","0.991909","0.028732","1.237513"
"350","40","34.837605","0.993026","0.029103","1.235022"
"360","40","34.287378","0.994069","0.029472","1.232651"
"370","40","33.754262","0.995042","0.029838","1.230391"
"380","40","33.23747","0.995952","0.030201","1.228234"
"390","40","32.736264","0.996802","0.030562","1.226174"
"400","40","32.24995","0.997599","0.03092","1.224203"
"410","40","31.777872","0.998344","0.031275","1.222316"
"420","40","31.319417","0.999043","0.031628","1.220508"
"430","40","30.874001","0.999699","0.031979","1.218774"
"440","40","30.441076","1.000313","0.032327","1.217108"
"450","40","30.020125","1.000891","0.032672","1.215509"
"460","40","29.610658","1.001433","0.033015","1.21397"
"470","40","29.21221","1.001942","0.033356","1.21249"
"480","40","28.824343","1.002421","0.033694","1.211064"
"490","40","28.44664","1.002871","0.03403","1.20969"
"500","40","28.078709","1.003295","0.034364","1.208366"
"-50","50","121.004858","0.1039","0.237954","1.99671"
"-40","50","115.814858","0.102701","0.2017","2.05684"
"-30","50","111.051754","0.102049","0.171399","2.133151"
"-20","50","106.664958","0.102046","0.145662","2.23348"
"-10","50","102.611568","0.102891","0.123362","2.371132"
"0","50","98.854966","0.105016","0.103453","2.578108"
"10","50","95.363709","0.109604","0.084546","2.988003"
"20","50","92.11064","0.62972","0.016817","2.559969"
"30","50","89.072189","0.695621","0.016868","2.062625"
"40","50","86.227795","0.741116","0.017096","1.845042"
"50","50","83.559443","0.775871","0.0174","1.717377"
"60","50","81.05128","0.803733","0.017745","1.631676"
"70","50","78.689302","0.826725","0.018114","1.569504"
"80","50","76.46109","0.846077","0.018498","1.522088"
"90","50","74.355594","0.862601","0.018893","1.484601"
"100","50","72.362948","0.876871","0.019295","1.454142"
"110","50","70.474316","0.889305","0.019702","1.428858"
"120","50","68.68176","0.900222","0.020111","1.407504"
"130","50","66.978132","0.909869","0.020522","1.38921"
"140","50","65.356975","0.918441","0.020933","1.373349"
"150","50","63.81244","0.926094","0.021345","1.359455"
"160","50","62.339222","0.932957","0.021756","1.347175"
"170","50","60.932493","0.939134","0.022166","1.336239"
"180","50","59.58785","0.944714","0.022575","1.32643"
"190","50","58.301272","0.94977","0.022982","1.31758"
"200","50","57.069078","0.954365","0.023388","1.309551"
"210","50","55.88789","0.958551","0.023791","1.30223"
"220","50","54.754606","0.962375","0.024192","1.295525"
"230","50","53.66637","0.965875","0.024592","1.289359"
"240","50","52.620548","0.969085","0.024988","1.283668"
"250","50","51.614707","0.972035","0.025383","1.278397"
"260","50","50.646599","0.974752","0.025775","1.2735"
"270","50","49.714138","0.977257","0.026164","1.268937"
"280","50","48.815392","0.979571","0.026551","1.264674"
"290","50","47.948564","0.981711","0.026936","1.260681"
"300","50","47.111985","0.983693","0.027317","1.256933"
"310","50","46.304097","0.985532","0.027697","1.253406"
"320","50","45.523449","0.98724","0.028073","1.250082"
"330","50","44.768688","0.988827","0.028447","1.246943"
"340","50","44.038545","0.990304","0.028819","1.243974"
"350","50","43.331837","0.991681","0.029187","1.241159"
"360","50","42.647452","0.992964","0.029554","1.238489"
"370","50","41.984349","0.994162","0.029917","1.23595"
"380","50","41.341551","0.995281","0.030278","1.233535"
"390","50","40.718139","0.996327","0.030637","1.231233"
"400","50","40.11325","0.997305","0.030993","1.229037"
"410","50","39.526069","0.998221","0.031347","1.226939"
"420","50","38.955831","0.99908","0.031698","1.224934"
"430","50","38.401812","0.999884","0.032047","1.223014"
"440","50","37.86333","1.000639","0.032393","1.221175"
"450","50","37.339741","1.001347","0.032737","1.219411"
"460","50","36.830436","1.002012","0.033079","1.217719"
"470","50","36.334837","1.002636","0.033418","1.216094"
"480","50","35.852399","1.003223","0.033755","1.214531"
"490","50","35.382604","1.003775","0.034089","1.213028"
"500","50","34.924962","1.004294","0.034422","1.211581"
"-50","60","144.725138","0.124036","0.239871","1.987615"
"-40","60","138.517755","0.12255","0.203589","2.045168"
"-30","60","132.820952","0.121698","0.17329","2.11741"
"-20","60","127.574223","0.121583","0.1476","2.210928"
"-10","60","122.726257","0.122408","0.125419","2.336706"
"0","60","118.233259","0.124593","0.105774","2.519912"
"10","60","114.057618","0.12917","0.087535","2.848586"
"20","60","110.166859","0.140199","0.068188","3.877344"
"30","60","106.532788","0.599845","0.01816","2.825316"
"40","60","103.130815","0.671931","0.017969","2.189983"
"50","60","99.939392","0.72107","0.018074","1.926715"
"60","60","96.93956","0.758457","0.018298","1.776307"
"70","60","94.11457","0.788392","0.018586","1.677076"
"80","60","91.449567","0.813097","0.018911","1.60603"
"90","60","88.931336","0.833902","0.01926","1.552367"
"100","60","86.548076","0.851684","0.019626","1.510255"
"110","60","84.28922","0.867058","0.020003","1.476245"
"120","60","82.145274","0.880472","0.020388","1.448156"
"130","60","80.107688","0.892265","0.020778","1.424538"
"140","60","78.168739","0.902699","0.021171","1.404381"
"150","60","76.321433","0.911983","0.021567","1.386964"
"160","60","74.559424","0.920283","0.021965","1.371754"
"170","60","72.876937","0.927735","0.022363","1.358349"
"180","60","71.268707","0.934451","0.022761","1.346439"
"190","60","69.729925","0.940525","0.023158","1.335784"
"200","60","68.256186","0.946035","0.023555","1.32619"
"210","60","66.843454","0.951048","0.023951","1.317504"
"220","60","65.488015","0.95562","0.024345","1.3096"
"230","60","64.186454","0.9598","0.024737","1.302375"
"240","60","62.935622","0.963629","0.025128","1.295742"
"250","60","61.732609","0.967145","0.025517","1.28963"
"260","60","60.574725","0.97038","0.025904","1.283978"
"270","60","59.459476","0.97336","0.026288","1.278736"
"280","60","58.384551","0.97611","0.026671","1.273858"
"290","60","57.347802","0.978653","0.027051","1.269307"
"300","60","56.347229","0.981006","0.027429","1.265051"
"310","60","55.380973","0.983188","0.027804","1.261061"
"320","60","54.447298","0.985212","0.028177","1.257313"
"330","60","53.544582","0.987093","0.028548","1.253783"
"340","60","52.671311","0.988843","0.028916","1.250454"
"350","60","51.826068","0.990472","0.029282","1.247309"
"360","60","51.007525","0.991991","0.029646","1.244332"
"370","60","50.214436","0.993408","0.030007","1.241509"
"380","60","49.445632","0.994731","0.030365","1.23883"
"390","60","48.700014","0.995967","0.030722","1.236282"
"400","60","47.97655","0.997123","0.031076","1.233857"
"410","60","47.274266","0.998205","0.031427","1.231546"
"420","60","46.592245","0.999218","0.031776","1.229341"
"430","60","45.929623","1.000168","0.032123","1.227234"
"440","60","45.285584","1.001058","0.032467","1.225219"
"450","60","44.659358","1.001893","0.03281","1.223291"
"460","60","44.050214","1.002677","0.033149","1.221444"
"470","60","43.457464","1.003413","0.033487","1.219672"
"480","60","42.880455","1.004105","0.033822","1.217972"
"490","60","42.318567","1.004754","0.034156","1.216339"
"500","60","41.771215","1.005365","0.034487","1.214769"
"-50","70","168.445418","0.144102","0.241774","1.97886"
"-40","70","161.220652","0.142315","0.205459","2.03402"
"-30","70","154.59015","0.141243","0.175158","2.102546"
"-20","70","148.483488","0.140989","0.149503","2.189995"
"-10","70","142.840947","0.141756","0.127419","2.30546"
"0","70","137.611551","0.143944","0.107984","2.468765"
"10","70","132.751528","0.148462","0.090233","2.739907"
"20","70","128.223077","0.158149","0.072551","3.378034"
"30","70","123.993386","0.428214","0.022389","9.777357"
"40","70","120.033834","0.588022","0.01948","2.905395"
"50","70","116.319341","0.660036","0.01908","2.255514"
"60","70","112.827841","0.710002","0.019067","1.975826"
"70","70","109.539837","0.748312","0.019213","1.814661"
"80","70","106.438044","0.779139","0.019442","1.708164"
"90","70","103.507077","0.804675","0.019722","1.631945"
"100","70","100.733204","0.826249","0.020035","1.574424"
"110","70","98.104124","0.844739","0.020371","1.529333"
"120","70","95.608788","0.860764","0.020722","1.492961"
"130","70","93.237244","0.874779","0.021084","1.462959"
"140","70","90.980504","0.887126","0.021454","1.437761"
"150","70","88.830427","0.898072","0.02183","1.416282"
"160","70","86.779626","0.907829","0.022209","1.397742"
"170","70","84.821381","0.916566","0.022592","1.381569"
"180","70","82.949564","0.924424","0.022977","1.36733"
"190","70","81.158577","0.931517","0.023362","1.354692"
"200","70","79.443295","0.937941","0.023748","1.343396"
"210","70","77.799017","0.943776","0.024134","1.333235"
"220","70","76.221424","0.949091","0.024519","1.324044"
"230","70","74.706539","0.953944","0.024903","1.315688"
"240","70","73.250697","0.958387","0.025287","1.308056"
"250","70","71.850511","0.962461","0.025669","1.301057"
"260","70","70.502851","0.966206","0.026049","1.294613"
"270","70","69.204815","0.969654","0.026428","1.288659"
"280","70","67.953711","0.972833","0.026805","1.283141"
"290","70","66.747039","0.975771","0.02718","1.278011"
"300","70","65.582474","0.978488","0.027553","1.273229"
"310","70","64.45785","0.981005","0.027925","1.26876"
"320","70","63.371146","0.98334","0.028294","1.264574"
"330","70","62.320476","0.985508","0.028661","1.260645"
"340","70","61.304077","0.987524","0.029025","1.256948"
"350","70","60.3203","0.989401","0.029388","1.253463"
"360","70","59.367599","0.991149","0.029748","1.250173"
"370","70","58.444523","0.992779","0.030106","1.247062"
"380","70","57.549713","0.994301","0.030462","1.244114"
"390","70","56.68189","0.995722","0.030815","1.241317"
"400","70","55.83985","0.997051","0.031167","1.238661"
"410","70","55.022462","0.998294","0.031516","1.236133"
"420","70","54.228659","0.999458","0.031863","1.233726"
"430","70","53.457435","1.000548","0.032207","1.231431"
"440","70","52.707839","1.00157","0.03255","1.229239"
"450","70","51.978974","1.002528","0.03289","1.227145"
"460","70","51.269993","1.003427","0.033228","1.225142"
"470","70","50.580092","1.004272","0.033563","1.223224"
"480","70","49.908511","1.005064","0.033897","1.221385"
"490","70","49.254531","1.005809","0.034228","1.219622"
"500","70","48.617468","1.006509","0.034558","1.217929"
"-50","80","192.165698","0.164099","0.243664","1.970424"
"-40","80","183.92355","0.161999","0.207313","2.023359"
"-30","80","176.359349","0.160689","0.177002","2.088481"
"-20","80","169.392754","0.160272","0.151374","2.17049"
"-10","80","162.955636","0.160946","0.129369","2.276938"
"0","80","156.989843","0.16309","0.110104","2.423492"
"10","80","151.445437","0.167511","0.092721","2.652138"
"20","80","146.279296","0.176363","0.076046","3.105504"
"30","80","141.453985","0.199951","0.056808","4.849402"
"40","80","136.936853","0.472224","0.02289","5.23164"
"50","80","132.69929","0.59029","0.020681","2.82997"
"60","80","128.716121","0.657841","0.020155","2.261543"
"70","80","124.965104","0.706422","0.020047","1.993149"
"80","80","121.42652","0.744273","0.020123","1.832984"
"90","80","118.082819","0.775024","0.020299","1.725368"
"100","80","114.918332","0.800666","0.020536","1.647613"
"110","80","111.919028","0.822439","0.020814","1.588583"
"120","80","109.072302","0.841179","0.021119","1.542128"
"130","80","106.3668","0.857478","0.021445","1.504556"
"140","80","103.792268","0.871776","0.021784","1.473504"
"150","80","101.33942","0.884407","0.022134","1.447388"
"160","80","98.999828","0.895633","0.022492","1.425105"
"170","80","96.765826","0.905661","0.022856","1.405857"
"180","80","94.630422","0.91466","0.023223","1.389057"
"190","80","92.58723","0.922768","0.023594","1.37426"
"200","80","90.630404","0.9301","0.023967","1.361125"
"210","80","88.754581","0.93675","0.024341","1.349384"
"220","80","86.954832","0.9428","0.024716","1.338822"
"230","80","85.226623","0.948319","0.02509","1.329268"
"240","80","83.565771","0.953366","0.025465","1.320584"
"250","80","81.968414","0.95799","0.025839","1.312653"
"260","80","80.430977","0.962236","0.026212","1.305381"
"270","80","78.950153","0.966143","0.026584","1.298687"
"280","80","77.52287","0.969744","0.026955","1.292504"
"290","80","76.146276","0.973068","0.027324","1.286776"
"300","80","74.817719","0.976141","0.027692","1.281452"
"310","80","73.534726","0.978987","0.028058","1.276491"
"320","80","72.294994","0.981625","0.028423","1.271857"
"330","80","71.09637","0.984073","0.028785","1.267517"
"340","80","69.936844","0.986349","0.029146","1.263445"
"350","80","68.814532","0.988466","0.029504","1.259615"
"360","80","67.727672","0.990438","0.029861","1.256007"
"370","80","66.67461","0.992276","0.030216","1.252602"
"380","80","65.653794","0.99399","0.030568","1.249382"
"390","80","64.663765","0.995592","0.030919","1.246334"
"400","80","63.70315","0.997088","0.031267","1.243443"
"410","80","62.770659","0.998488","0.031613","1.240697"
"420","80","61.865073","0.999798","0.031957","1.238086"
"430","80","60.985246","1.001024","0.032299","1.235601"
"440","80","60.130093","1.002173","0.032639","1.233232"
"450","80","59.29859","1.003251","0.032977","1.230971"
"460","80","58.489771","1.004262","0.033313","1.228811"
"470","80","57.702719","1.005211","0.033647","1.226746"
"480","80","56.936567","1.006101","0.033978","1.224769"
"490","80","56.190494","1.006938","0.034308","1.222876"
"500","80","55.463721","1.007724","0.034635","1.22106"
"-50","90","215.885979","0.184029","0.245539","1.962289"
"-40","90","206.626447","0.181603","0.209149","2.013151"
"-30","90","198.128547","0.180039","0.178825","2.075143"
"-20","90","190.302019","0.179437","0.153215","2.152256"
"-10","90","183.070325","0.179989","0.131273","2.250772"
"0","90","176.368135","0.182051","0.112146","2.383124"
"10","90","170.139347","0.186341","0.095049","2.579334"
"20","90","164.335515","0.194572","0.079056","2.924997"
"30","90","158.914584","0.212589","0.062406","3.800082"
"40","90","153.839873","0.301241","0.036798","10.322131"
"50","90","149.079239","0.508329","0.02352","3.963012"
"60","90","144.604401","0.601586","0.021742","2.684092"
"70","90","140.390372","0.662822","0.021167","2.226552"
"80","90","136.414997","0.708678","0.020994","1.985443"
"90","90","132.65856","0.74512","0.021014","1.834599"
"100","90","129.10346","0.775085","0.021144","1.730628"
"110","90","125.733932","0.800284","0.021343","1.65431"
"120","90","122.535816","0.821818","0.021589","1.595753"
"130","90","119.496356","0.840447","0.021866","1.549322"
"140","90","116.604033","0.856719","0.022167","1.511559"
"150","90","113.848413","0.871045","0.022484","1.480216"
"160","90","111.22003","0.883741","0.022815","1.453769"
"170","90","108.71027","0.895056","0.023155","1.431142"
"180","90","106.311279","0.90519","0.023503","1.411556"
"190","90","104.015883","0.914304","0.023856","1.394431"
"200","90","101.817513","0.922534","0.024213","1.379327"
"210","90","99.710144","0.929989","0.024573","1.365903"
"220","90","97.688241","0.936763","0.024935","1.353892"
"230","90","95.746708","0.942937","0.025299","1.343079"
"240","90","93.880846","0.948576","0.025663","1.333292"
"250","90","92.086316","0.95374","0.026028","1.32439"
"260","90","90.359104","0.958478","0.026392","1.316258"
"270","90","88.695491","0.962834","0.026757","1.308798"
"280","90","87.092029","0.966846","0.02712","1.30193"
"290","90","85.545514","0.970548","0.027483","1.295585"
"300","90","84.052964","0.973968","0.027845","1.289705"
"310","90","82.611603","0.977134","0.028205","1.28424"
"320","90","81.218842","0.980067","0.028564","1.279148"
"330","90","79.872264","0.982789","0.028922","1.274391"
"340","90","78.56961","0.985317","0.029277","1.269936"
"350","90","77.308764","0.987668","0.029632","1.265756"
"360","90","76.087746","0.989857","0.029984","1.261826"
"370","90","74.904697","0.991897","0.030335","1.258123"
"380","90","73.757875","0.993799","0.030684","1.254629"
"390","90","72.64564","0.995575","0.031031","1.251326"
"400","90","71.56645","0.997234","0.031376","1.248199"
"410","90","70.518855","0.998785","0.031719","1.245234"
"420","90","69.501488","1.000236","0.03206","1.242418"
"430","90","68.513057","1.001595","0.032399","1.239742"
"440","90","67.552347","1.002868","0.032737","1.237194"
"450","90","66.618207","1.004061","0.033072","1.234766"
"460","90","65.709549","1.005179","0.033405","1.23245"
"470","90","64.825346","1.006229","0.033737","1.230238"
"480","90","63.964623","1.007214","0.034066","1.228123"
"490","90","63.126458","1.008139","0.034394","1.226099"
"500","90","62.309974","1.009008","0.034719","1.224161"
"-50","100","239.606259","0.203895","0.247403","1.954437"
"-40","100","229.329344","0.201132","0.21097","2.003364"
"-30","100","219.897745","0.199299","0.180628","2.062474"
"-20","100","211.211284","0.198492","0.155028","2.135158"
"-10","100","203.185015","0.198895","0.133137","2.226657"
"0","100","195.746427","0.200841","0.114122","2.346874"
"10","100","188.833257","0.204972","0.097251","2.517659"
"20","100","182.391733","0.212691","0.081749","2.793235"
"30","100","176.375183","0.227928","0.066449","3.361329"
"40","100","170.742892","0.268482","0.048618","5.282253"
"50","100","165.459188","0.41732","0.02911","5.820212"
"60","100","160.492681","0.54182","0.024132","3.299471"
"70","100","155.815639","0.617984","0.022679","2.528514"
"80","100","151.403473","0.672716","0.022106","2.169696"
"90","100","147.234302","0.715237","0.021897","1.960999"
"100","100","143.288588","0.749714","0.021877","1.823873"
"110","100","139.548836","0.778432","0.02197","1.726562"
"120","100","135.99933","0.802806","0.022137","1.653752"
"130","100","132.625912","0.823783","0.022353","1.597133"
"140","100","129.415797","0.842032","0.022605","1.551794"
"150","100","126.357407","0.858048","0.022883","1.51464"
"160","100","123.440232","0.872204","0.023181","1.483622"
"170","100","120.654714","0.884793","0.023493","1.457325"
"180","100","117.992136","0.896047","0.023816","1.434739"
"190","100","115.444535","0.906153","0.024148","1.415128"
"200","100","113.004621","0.915265","0.024487","1.397935"
"210","100","110.665708","0.923511","0.02483","1.382738"
"220","100","108.42165","0.930995","0.025178","1.369205"
"230","100","106.266792","0.937809","0.025529","1.357077"
"240","100","104.195921","0.944028","0.025881","1.346143"
"250","100","102.204218","0.949719","0.026235","1.336236"
"260","100","100.28723","0.954937","0.02659","1.327215"
"270","100","98.44083","0.959731","0.026946","1.318967"
"280","100","96.661189","0.964144","0.027301","1.311395"
"290","100","94.944751","0.968214","0.027656","1.30442"
"300","100","93.288208","0.971973","0.028011","1.297972"
"310","100","91.688479","0.975449","0.028365","1.291994"
"320","100","90.14269","0.97867","0.028718","1.286435"
"330","100","88.648158","0.981657","0.02907","1.281254"
"340","100","87.202376","0.98443","0.029421","1.276412"
"350","100","85.802995","0.987008","0.02977","1.271877"
"360","100","84.447819","0.989408","0.030118","1.267621"
"370","100","83.134784","0.991643","0.030464","1.263619"
"380","100","81.861956","0.993727","0.030809","1.259848"
"390","100","80.627515","0.995672","0.031152","1.256288"
"400","100","79.429751","0.997488","0.031494","1.252924"
"410","100","78.267052","0.999186","0.031833","1.249738"
"420","100","77.137902","1.000774","0.032171","1.246718"
"430","100","76.040868","1.00226","0.032507","1.24385"
"440","100","74.974601","1.003652","0.032842","1.241124"
"450","100","73.937823","1.004956","0.033174","1.238529"
"460","100","72.929328","1.006179","0.033505","1.236056"
"470","100","71.947974","1.007326","0.033834","1.233697"
"480","100","70.99268","1.008402","0.034161","1.231444"
"490","100","70.062421","1.009413","0.034486","1.22929"
"500","100","69.156227","1.010362","0.034809","1.227229"
"-50","110","263.326539","0.223697","0.249253","1.946853"
"-40","110","252.032242","0.220586","0.212776","1.993971"
"-30","110","241.666943","0.218471","0.182412","2.050418"
"-20","110","232.12055","0.217442","0.156816","2.119082"
"-10","110","223.299704","0.217673","0.134964","2.204338"
"0","110","215.124719","0.219474","0.11604","2.314109"
"10","110","207.527166","0.223423","0.09935","2.464521"
"20","110","200.447952","0.230689","0.084215","2.691208"
"30","110","193.835781","0.244139","0.06977","3.100991"
"40","110","187.645911","0.272893","0.054629","4.071022"
"50","110","181.839137","0.3545","0.037442","5.81813"
"60","110","176.380961","0.48278","0.027727","4.030127"
"70","110","171.240907","0.573201","0.024722","2.896808"
"80","110","166.39195","0.637044","0.02352","2.385791"
"90","110","161.810043","0.685785","0.022977","2.104315"
"100","110","157.473716","0.724831","0.022752","1.926967"
"110","110","153.36374","0.757084","0.022706","1.804962"
"120","110","149.462844","0.784291","0.022772","1.715792"
"130","110","145.755468","0.807599","0.022912","1.647706"
"140","110","142.227562","0.827804","0.023104","1.593975"
"150","110","138.8664","0.845485","0.023333","1.550467"
"160","110","135.660434","0.861077","0.023591","1.514505"
"170","110","132.599159","0.874916","0.023869","1.484273"
"180","110","129.672994","0.887267","0.024164","1.458498"
"190","110","126.873188","0.898344","0.024472","1.436259"
"200","110","124.19173","0.908319","0.024789","1.416873"
"210","110","121.621271","0.917335","0.025114","1.399822"
"220","110","119.155059","0.925512","0.025445","1.384707"
"230","110","116.786877","0.93295","0.025781","1.371215"
"240","110","114.510995","0.939734","0.02612","1.359099"
"250","110","112.32212","0.945936","0.026462","1.348156"
"260","110","110.215356","0.951621","0.026806","1.338224"
"270","110","108.186168","0.956841","0.027151","1.329169"
"280","110","106.230348","0.961644","0.027498","1.320879"
"290","110","104.343988","0.96607","0.027844","1.31326"
"300","110","102.523453","0.970157","0.028191","1.306235"
"310","110","100.765356","0.973936","0.028538","1.299736"
"320","110","99.066538","0.977434","0.028884","1.293706"
"330","110","97.424052","0.980678","0.02923","1.288096"
"340","110","95.835142","0.983689","0.029575","1.282863"
"350","110","94.297227","0.986487","0.029919","1.27797"
"360","110","92.807892","0.98909","0.030262","1.273386"
"370","110","91.364872","0.991515","0.030603","1.269082"
"380","110","89.966037","0.993774","0.030944","1.265033"
"390","110","88.60939","0.995883","0.031283","1.261216"
"400","110","87.293051","0.997851","0.03162","1.257614"
"410","110","86.015249","0.99969","0.031956","1.254207"
"420","110","84.774316","1.00141","0.03229","1.250982"
"430","110","83.56868","1.003019","0.032623","1.247923"
"440","110","82.396855","1.004526","0.032954","1.245018"
"450","110","81.257439","1.005938","0.033284","1.242256"
"460","110","80.149106","1.007261","0.033611","1.239626"
"470","110","79.070601","1.008501","0.033937","1.237121"
"480","110","78.020736","1.009665","0.034262","1.23473"
"490","110","76.998384","1.010758","0.034584","1.232447"
"500","110","76.00248","1.011783","0.034905","1.230264"
"-50","120","287.046819","0.243439","0.251092","1.939521"
"-40","120","274.735139","0.239969","0.214568","1.984945"
"-30","120","263.436141","0.237558","0.184177","2.038927"
"-20","120","253.029815","0.236291","0.15858","2.103929"
"-10","120","243.414393","0.236329","0.136757","2.183605"
"0","120","234.503012","0.237961","0.117907","2.284315"
"10","120","226.221076","0.241707","0.101363","2.418098"
"20","120","218.504171","0.248557","0.086511","2.608977"
"30","120","211.29638","0.260705","0.072657","2.92268"
"40","120","204.548931","0.283844","0.058917","3.528546"
"50","120","198.219086","0.335411","0.044408","4.64915"
"60","120","192.269241","0.434863","0.032576","4.450435"
"70","120","186.666174","0.531197","0.027415","3.278416"
"80","120","181.380427","0.602759","0.025293","2.623197"
"90","120","176.385784","0.657344","0.024286","2.261024"
"100","120","171.658844","0.700796","0.023787","2.038213"
"110","120","167.178644","0.736481","0.023561","1.888504"
"120","120","162.926358","0.766446","0.0235","1.781207"
"130","120","158.885025","0.792023","0.023546","1.700569"
"140","120","155.039326","0.814131","0.023665","1.637752"
"150","120","151.375393","0.833432","0.023837","1.587431"
"160","120","147.880636","0.850419","0.024047","1.54621"
"170","120","144.543603","0.865473","0.024287","1.511823"
"180","120","141.353851","0.878889","0.024548","1.4827"
"190","120","138.301841","0.890907","0.024828","1.457717"
"200","120","135.378839","0.901718","0.02512","1.436051"
"210","120","132.576835","0.911482","0.025424","1.417081"
"220","120","129.888467","0.92033","0.025736","1.400335"
"230","120","127.306961","0.928372","0.026055","1.385443"
"240","120","124.82607","0.935703","0.026379","1.372114"
"250","120","122.440022","0.942402","0.026708","1.360113"
"260","120","120.143482","0.948538","0.027039","1.349252"
"270","120","117.931506","0.95417","0.027374","1.339376"
"280","120","115.799508","0.95935","0.02771","1.330357"
"290","120","113.743226","0.964122","0.028047","1.322087"
"300","120","111.758698","0.968525","0.028385","1.314478"
"310","120","109.842232","0.972596","0.028724","1.307452"
"320","120","107.990386","0.976363","0.029063","1.300946"
"330","120","106.199946","0.979855","0.029402","1.294904"
"340","120","104.467908","0.983095","0.029741","1.289277"
"350","120","102.791459","0.986106","0.030079","1.284026"
"360","120","101.167966","0.988905","0.030416","1.279112"
"370","120","99.594959","0.991512","0.030752","1.274505"
"380","120","98.070118","0.993941","0.031088","1.270177"
"390","120","96.591265","0.996207","0.031422","1.266104"
"400","120","95.156351","0.998322","0.031755","1.262263"
"410","120","93.763445","1.000297","0.032087","1.258636"
"420","120","92.41073","1.002144","0.032417","1.255205"
"430","120","91.096491","1.003872","0.032746","1.251955"
"440","120","89.819109","1.005489","0.033074","1.248872"
"450","120","88.577055","1.007004","0.0334","1.245944"
"460","120","87.368884","1.008423","0.033725","1.243159"
"470","120","86.193228","1.009754","0.034048","1.240507"
"480","120","85.048792","1.011002","0.034369","1.23798"
"490","120","83.934348","1.012173","0.034689","1.235568"
"500","120","82.848733","1.013272","0.035007","1.233264"
"-50","130","310.767099","0.26312","0.252919","1.932428"
"-40","130","297.438036","0.259283","0.216345","1.976264"
"-30","130","285.205339","0.256565","0.185925","2.027958"
"-20","130","273.93908","0.255043","0.160321","2.089611"
"-10","130","263.529083","0.25487","0.138518","2.164279"
"0","130","253.881304","0.256312","0.119728","2.257074"
"10","130","244.914985","0.259837","0.103302","2.377069"
"20","130","236.560389","0.266294","0.088671","2.540746"
"30","130","228.756979","0.277417","0.075248","2.790577"
"40","130","221.45195","0.297139","0.062381","3.214101"
"50","130","214.599035","0.335149","0.049508","3.919496"
"60","130","208.157521","0.406764","0.037803","4.281398"
"70","130","202.091441","0.495993","0.030739","3.55741"
"80","130","196.368903","0.571444","0.027459","2.853889"
"90","130","190.961526","0.630682","0.025847","2.42239"
"100","130","185.843972","0.678048","0.024996","2.154003"
"110","130","180.993549","0.716906","0.024545","1.975352"
"120","130","176.389872","0.749463","0.024328","1.84892"
"130","130","172.014581","0.777193","0.02426","1.755029"
"140","130","167.851091","0.801116","0.024292","1.682649"
"150","130","163.884386","0.821966","0.024396","1.625187"
"160","130","160.100838","0.840291","0.024551","1.57848"
"170","130","156.488047","0.85651","0.024746","1.539777"
"180","130","153.034708","0.870951","0.02497","1.50719"
"190","130","149.730494","0.883873","0.025216","1.47938"
"200","130","146.565948","0.89549","0.025481","1.455371"
"210","130","143.532398","0.905973","0.025761","1.434436"
"220","130","140.621876","0.915467","0.026052","1.416024"
"230","130","137.827046","0.924091","0.026352","1.399704"
"240","130","135.141144","0.931949","0.026659","1.385142"
"250","130","132.557924","0.939126","0.026972","1.372068"
"260","130","130.071609","0.945697","0.027291","1.360266"
"270","130","127.676845","0.951726","0.027612","1.34956"
"280","130","125.368667","0.957268","0.027937","1.339804"
"290","130","123.142463","0.962372","0.028264","1.330878"
"300","130","120.993942","0.967081","0.028593","1.322681"
"310","130","118.919109","0.971433","0.028923","1.315126"
"320","130","116.914234","0.975459","0.029254","1.308142"
"330","130","114.97584","0.97919","0.029586","1.301666"
"340","130","113.100674","0.982651","0.029917","1.295646"
"350","130","111.285691","0.985865","0.030249","1.290034"
"360","130","109.528039","0.988854","0.03058","1.284791"
"370","130","107.825046","0.991636","0.030911","1.279882"
"380","130","106.174199","0.994228","0.031241","1.275276"
"390","130","104.573141","0.996645","0.03157","1.270946"
"400","130","103.019651","0.998901","0.031898","1.266868"
"410","130","101.511642","1.001008","0.032226","1.26302"
"420","130","100.047144","1.002977","0.032552","1.259385"
"430","130","98.624302","1.004818","0.032877","1.255945"
"440","130","97.241363","1.006542","0.033201","1.252685"
"450","130","95.896672","1.008155","0.033524","1.249591"
"460","130","94.588663","1.009667","0.033845","1.246652"
"470","130","93.315856","1.011084","0.034165","1.243855"
"480","130","92.076848","1.012413","0.034483","1.241191"
"490","130","90.870311","1.013659","0.0348","1.238652"
"500","130","89.694986","1.014829","0.035115","1.236228"
"-50","140","334.487379","0.282743","0.254735","1.925561"
"-40","140","320.140934","0.278529","0.218109","1.967905"
"-30","140","306.974537","0.275493","0.187656","2.017474"
"-20","140","294.848345","0.273703","0.16204","2.076056"
"-10","140","283.643772","0.273302","0.140252","2.146207"
"0","140","273.259596","0.274535","0.121507","2.232046"
"10","140","263.608895","0.277823","0.105177","2.340452"
"20","140","254.616608","0.283902","0.090721","2.48286"
"30","140","246.217578","0.294173","0.077622","2.687637"
"40","140","238.354969","0.311527","0.065353","3.005075"
"50","140","230.978984","0.34205","0.05351","3.488862"
"60","140","224.045801","0.395676","0.042511","3.89696"
"70","140","217.516709","0.470897","0.034442","3.639549"
"80","140","211.35738","0.544916","0.02999","3.036263"
"90","140","205.537267","0.606709","0.027663","2.573825"
"100","140","200.0291","0.657092","0.026386","2.268458"
"110","140","194.808453","0.698667","0.025662","2.062703"
"120","140","189.853386","0.733549","0.025259","1.917397"
"130","140","185.144137","0.763254","0.025056","1.810155"
"140","140","180.662855","0.788864","0.024988","1.728057"
"150","140","176.39338","0.811167","0.025012","1.663314"
"160","140","172.32104","0.830754","0.025104","1.611011"
"170","140","168.432492","0.848077","0.025247","1.567909"
"180","140","164.715566","0.863489","0.025428","1.531795"
"190","140","161.159146","0.877273","0.025638","1.50111"
"200","140","157.753056","0.889657","0.025872","1.474724"
"210","140","154.487962","0.900827","0.026124","1.451799"
"220","140","151.355285","0.910938","0.026391","1.431701"
"230","140","148.34713","0.92012","0.026671","1.41394"
"240","140","145.456219","0.928482","0.026959","1.398134"
"250","140","142.675827","0.936116","0.027256","1.383979"
"260","140","139.999735","0.943104","0.027559","1.371231"
"270","140","137.422183","0.949513","0.027868","1.359691"
"280","140","134.937826","0.955403","0.02818","1.349197"
"290","140","132.541701","0.960827","0.028496","1.339612"
"300","140","130.229187","0.965829","0.028815","1.330826"
"310","140","127.995985","0.970449","0.029135","1.322742"
"320","140","125.838083","0.974724","0.029458","1.31528"
"330","140","123.751734","0.978684","0.029781","1.308371"
"340","140","121.73344","0.982357","0.030105","1.301957"
"350","140","119.779922","0.985767","0.030429","1.295986"
"360","140","117.888113","0.988938","0.030754","1.290415"
"370","140","116.055133","0.991888","0.031079","1.285205"
"380","140","114.27828","0.994636","0.031403","1.280321"
"390","140","112.555016","0.997198","0.031727","1.275736"
"400","140","110.882951","0.999589","0.03205","1.271422"
"410","140","109.259838","1.001821","0.032373","1.267356"
"420","140","107.683559","1.003907","0.032695","1.263517"
"430","140","106.152114","1.005858","0.033016","1.259889"
"440","140","104.663617","1.007683","0.033335","1.256453"
"450","140","103.216288","1.009391","0.033654","1.253195"
"460","140","101.808441","1.010991","0.033972","1.250101"
"470","140","100.438483","1.012491","0.034288","1.247161"
"480","140","99.104904","1.013897","0.034603","1.244363"
"490","140","97.806275","1.015215","0.034917","1.241697"
"500","140","96.541239","1.016452","0.035229","1.239154"
"-50","150","358.207659","0.302309","0.25654","1.918909"
"-40","150","342.843831","0.29771","0.21986","1.95985"
"-30","150","328.743735","0.294345","0.189372","2.007438"
"-20","150","315.757611","0.292275","0.16374","2.063196"
"-10","150","303.758462","0.291631","0.141958","2.12926"
"0","150","292.637888","0.292637","0.12325","2.208948"
"10","150","282.302805","0.295675","0.106996","2.307497"
"20","150","272.672827","0.301384","0.09268","2.432888"
"30","150","263.678176","0.31092","0.079831","2.604495"
"40","150","255.257989","0.326494","0.067995","2.853758"
"50","150","247.358933","0.352252","0.056847","3.206705"
"60","150","239.934081","0.39473","0.046518","3.550159"
"70","150","232.941976","0.456337","0.038157","3.549408"
"80","150","226.345856","0.524576","0.032778","3.136793"
"90","150","220.113009","0.586315","0.02971","2.697968"
"100","150","214.214228","0.638449","0.027952","2.373858"
"110","150","208.623357","0.682086","0.026913","2.146857"
"120","150","203.3169","0.718914","0.026294","1.984668"
"130","150","198.273693","0.750352","0.025936","1.864793"
"140","150","193.47462","0.777481","0.025751","1.773245"
"150","150","188.902373","0.801114","0.025686","1.701322"
"160","150","184.541242","0.821868","0.025706","1.643458"
"170","150","180.376936","0.840219","0.025791","1.595965"
"180","150","176.396423","0.856543","0.025923","1.556325"
"190","150","172.587799","0.871137","0.026093","1.522763"
"200","150","168.940165","0.884245","0.026292","1.493997"
"210","150","165.443525","0.896065","0.026515","1.469079"
"220","150","162.088693","0.906761","0.026756","1.447293"
"230","150","158.867215","0.916472","0.027012","1.42809"
"240","150","155.771293","0.925313","0.02728","1.41104"
"250","150","152.793729","0.933383","0.027559","1.395805"
"260","150","149.927861","0.940768","0.027846","1.382112"
"270","150","147.167521","0.947539","0.02814","1.36974"
"280","150","144.506986","0.953762","0.028439","1.358508"
"290","150","141.940938","0.959489","0.028743","1.348268"
"300","150","139.464432","0.964771","0.02905","1.338894"
"310","150","137.072861","0.969649","0.02936","1.330283"
"320","150","134.761931","0.974161","0.029673","1.322345"
"330","150","132.527629","0.97834","0.029988","1.315006"
"340","150","130.366206","0.982215","0.030304","1.308201"
"350","150","128.274154","0.985813","0.03062","1.301873"
"360","150","126.248186","0.989157","0.030938","1.295976"
"370","150","124.28522","0.992268","0.031256","1.290466"
"380","150","122.382361","0.995166","0.031574","1.285308"
"390","150","120.536891","0.997867","0.031893","1.280469"
"400","150","118.746251","1.000386","0.03221","1.27592"
"410","150","117.008035","1.002739","0.032528","1.271637"
"420","150","115.319973","1.004936","0.032845","1.267598"
"430","150","113.679925","1.006991","0.033161","1.263782"
"440","150","112.085871","1.008913","0.033477","1.260172"
"450","150","110.535904","1.010712","0.033791","1.256751"
"460","150","109.02822","1.012396","0.034105","1.253506"
"470","150","107.56111","1.013974","0.034418","1.250424"
"480","150","106.13296","1.015454","0.034729","1.247492"
"490","150","104.742238","1.016841","0.03504","1.244701"
"500","150","103.387492","1.018142","0.035349","1.24204"
"-50","160","381.927939","0.32182","0.258335","1.91246"
"-40","160","365.546728","0.316827","0.221599","1.952081"
"-30","160","350.512933","0.313124","0.191072","1.99782"
"-20","160","336.666876","0.310762","0.165421","2.050974"
"-10","160","323.873151","0.309861","0.14364","2.113324"
"0","160","312.01618","0.310626","0.124958","2.187543"
"10","160","300.996714","0.313402","0.108766","2.277624"
"20","160","290.729045","0.318747","0.094562","2.389133"
"30","160","281.138775","0.327628","0.081908","2.535507"
"40","160","272.161008","0.341786","0.070396","2.737783"
"50","160","263.738882","0.364212","0.059742","3.007391"
"60","160","255.822361","0.399412","0.049946","3.284519"
"70","160","248.367244","0.450268","0.041639","3.384952"
"80","160","241.334333","0.510842","0.035672","3.150645"
"90","160","234.68875","0.570149","0.031933","2.781306"
"100","160","228.399356","0.622581","0.029674","2.462227"
"110","160","222.438261","0.667465","0.02829","2.223631"
"120","160","216.780414","0.705759","0.02743","2.048455"
"130","160","211.403249","0.738626","0.026898","1.917615"
"140","160","206.286384","0.767068","0.026582","1.817386"
"150","160","201.411366","0.791882","0.026416","1.738666"
"160","160","196.761444","0.81369","0.026357","1.675443"
"170","160","192.32138","0.832981","0.026377","1.623676"
"180","160","188.077281","0.850145","0.026456","1.580579"
"190","160","184.016452","0.865492","0.026581","1.544185"
"200","160","180.127274","0.879275","0.026742","1.513069"
"210","160","176.399089","0.891704","0.026931","1.48618"
"220","160","172.822102","0.90295","0.027144","1.462724"
"230","160","169.387299","0.913158","0.027375","1.442092"
"240","160","166.086368","0.922452","0.027622","1.42381"
"250","160","162.911631","0.930934","0.027881","1.407504"
"260","160","159.855987","0.938694","0.02815","1.392873"
"270","160","156.91286","0.94581","0.028428","1.379676"
"280","160","154.076145","0.952347","0.028712","1.367714"
"290","160","151.340175","0.958364","0.029003","1.356823"
"300","160","148.699677","0.963912","0.029298","1.346868"
"310","160","146.149738","0.969035","0.029598","1.337734"
"320","160","143.685779","0.973772","0.0299","1.329325"
"330","160","141.303523","0.978159","0.030205","1.321559"
"340","160","138.998972","0.982227","0.030513","1.314366"
"350","160","136.768386","0.986004","0.030822","1.307685"
"360","160","134.60826","0.989513","0.031132","1.301465"
"370","160","132.515307","0.992777","0.031443","1.295659"
"380","160","130.486442","0.995817","0.031755","1.290229"
"390","160","128.518766","0.99865","0.032067","1.285139"
"400","160","126.609552","1.001293","0.032379","1.280359"
"410","160","124.756232","1.003759","0.032691","1.275862"
"420","160","122.956387","1.006064","0.033003","1.271623"
"430","160","121.207736","1.008217","0.033314","1.267622"
"440","160","119.508125","1.010231","0.033625","1.26384"
"450","160","117.855521","1.012116","0.033935","1.260259"
"460","160","116.247998","1.013881","0.034245","1.256864"
"470","160","114.683738","1.015535","0.034553","1.253641"
"480","160","113.161017","1.017084","0.034861","1.250577"
"490","160","111.678202","1.018536","0.035168","1.247662"
"500","160","110.233745","1.019898","0.035474","1.244885"
"-50","170","405.64822","0.341276","0.260119","1.906205"
"-40","170","388.249625","0.335883","0.223325","1.94458"
"-30","170","372.282131","0.331832","0.192758","1.988591"
"-20","170","357.576141","0.329168","0.167083","2.039338"
"-10","170","343.98784","0.327996","0.145299","2.098302"
"0","170","331.394473","0.328507","0.126636","2.167634"
"10","170","319.690624","0.331009","0.110491","2.250375"
"20","170","308.785264","0.335995","0.096378","2.350375"
"30","170","298.599374","0.34428","0.083878","2.477041"
"40","170","289.064027","0.357264","0.072615","2.645236"
"50","170","280.118831","0.377198","0.062325","2.858785"
"60","170","271.710641","0.407324","0.052941","3.084392"
"70","170","263.792511","0.450154","0.044808","3.211712"
"80","170","256.32281","0.503144","0.038532","3.100487"
"90","170","249.264492","0.55844","0.034258","2.819603"
"100","170","242.584484","0.609802","0.03152","2.527586"
"110","170","236.253165","0.65505","0.029779","2.289095"
"120","170","230.243928","0.69426","0.028659","2.106429"
"130","170","224.532805","0.728201","0.027937","1.967223"
"140","170","219.098149","0.757714","0.027479","1.859606"
"150","170","213.92036","0.783536","0.027202","1.774769"
"160","170","208.981647","0.80627","0.027055","1.706572"
"170","170","204.265825","0.826403","0.027004","1.650759"
"180","170","199.758138","0.844328","0.027025","1.60435"
"190","170","195.445105","0.860363","0.027101","1.565219"
"200","170","191.314383","0.874768","0.02722","1.531821"
"210","170","187.354652","0.88776","0.027374","1.503009"
"220","170","183.555511","0.899518","0.027556","1.477919"
"230","170","179.907384","0.910191","0.02776","1.455886"
"240","170","176.401442","0.919908","0.027983","1.436393"
"250","170","173.029533","0.928777","0.02822","1.419034"
"260","170","169.784114","0.936891","0.028471","1.403481"
"270","170","166.658198","0.944331","0.028731","1.389471"
"280","170","163.645304","0.951165","0.029001","1.376789"
"290","170","160.739413","0.957455","0.029277","1.365257"
"300","170","157.934921","0.963254","0.02956","1.354728"
"310","170","155.226614","0.968608","0.029847","1.345079"
"320","170","152.609627","0.97356","0.030139","1.336206"
"330","170","150.079417","0.978145","0.030434","1.328019"
"340","170","147.631738","0.982395","0.030733","1.320443"
"350","170","145.262618","0.986341","0.031033","1.313414"
"360","170","142.968333","0.990007","0.031335","1.306875"
"370","170","140.745394","0.993417","0.031639","1.300777"
"380","170","138.590523","0.996592","0.031943","1.295079"
"390","170","136.500641","0.99955","0.032249","1.289741"
"400","170","134.472852","1.002309","0.032555","1.284733"
"410","170","132.504428","1.004884","0.032861","1.280024"
"420","170","130.592801","1.00729","0.033168","1.275589"
"430","170","128.735547","1.009537","0.033474","1.271406"
"440","170","126.93038","1.011639","0.03378","1.267454"
"450","170","125.175137","1.013606","0.034086","1.263714"
"460","170","123.467776","1.015447","0.034391","1.260171"
"470","170","121.806365","1.017171","0.034695","1.25681"
"480","170","120.189073","1.018786","0.034999","1.253616"
"490","170","118.614165","1.020301","0.035303","1.250579"
"500","170","117.079998","1.02172","0.035605","1.247688"
"-50","180","429.3685","0.360679","0.261893","1.900133"
"-40","180","410.952523","0.354879","0.22504","1.937333"
"-30","180","394.051329","0.350471","0.194431","1.979726"
"-20","180","378.485407","0.347494","0.168729","2.028242"
"-10","180","364.10253","0.346042","0.146935","2.084111"
"0","180","350.772765","0.346286","0.128284","2.149055"
"10","180","338.384534","0.348505","0.112177","2.22538"
"20","180","326.841483","0.353133","0.098136","2.315707"
"30","180","316.059973","0.360864","0.085758","2.426642"
"40","180","305.967047","0.372845","0.074689","2.569147"
"50","180","296.49878","0.390821","0.064676","2.743221"
"60","180","287.598921","0.417203","0.055612","2.929281"
"70","180","279.217778","0.45404","0.047675","3.054765"
"80","180","271.311286","0.500382","0.041267","3.017298"
"90","180","263.840233","0.550995","0.036609","2.818218"
"100","180","256.769612","0.600223","0.033449","2.56756"
"110","180","250.068069","0.644995","0.031358","2.3404"
"120","180","243.707442","0.684547","0.029971","2.156548"
"130","180","237.662361","0.719177","0.029048","2.012288"
"140","180","231.909913","0.749497","0.028437","1.899038"
"150","180","226.429353","0.776136","0.028041","1.809057"
"160","180","221.201849","0.799654","0.027799","1.736448"
"170","180","216.210269","0.820519","0.027671","1.676933"
"180","180","211.438995","0.839118","0.027629","1.627432"
"190","180","206.873757","0.855772","0.027653","1.585712"
"200","180","202.501491","0.870742","0.027727","1.550133"
"210","180","198.310216","0.88425","0.027843","1.519472"
"220","180","194.28892","0.896478","0.027991","1.492802"
"230","180","190.427468","0.907581","0.028167","1.46941"
"240","180","186.716517","0.917691","0.028363","1.44874"
"250","180","183.147435","0.92692","0.028578","1.430354"
"260","180","179.71224","0.935364","0.028808","1.413901"
"270","180","176.403536","0.943106","0.029051","1.399096"
"280","180","173.214464","0.950219","0.029304","1.385709"
"290","180","170.13865","0.956765","0.029565","1.373549"
"300","180","167.170166","0.9628","0.029834","1.362458"
"310","180","164.303491","0.968373","0.030109","1.352304"
"320","180","161.533475","0.973526","0.03039","1.342974"
"330","180","158.855311","0.978297","0.030674","1.334374"
"340","180","156.264504","0.98272","0.030963","1.326423"
"350","180","153.756849","0.986825","0.031254","1.319051"
"360","180","151.328407","0.990639","0.031548","1.312199"
"370","180","148.975481","0.994187","0.031843","1.305814"
"380","180","146.694604","0.997489","0.032141","1.299851"
"390","180","144.482516","1.000567","0.032439","1.29427"
"400","180","142.336152","1.003436","0.032739","1.289037"
"410","180","140.252625","1.006114","0.033039","1.28412"
"420","180","138.229215","1.008614","0.03334","1.279493"
"430","180","136.263359","1.010951","0.033641","1.27513"
"440","180","134.352634","1.013136","0.033942","1.271011"
"450","180","132.494753","1.01518","0.034243","1.267116"
"460","180","130.687555","1.017093","0.034543","1.263427"
"470","180","128.928992","1.018884","0.034843","1.259929"
"480","180","127.217129","1.020562","0.035143","1.256608"
"490","180","125.550129","1.022134","0.035443","1.253451"
"500","180","123.926251","1.023608","0.035741","1.250447"
"-50","190","453.08878","0.380031","0.263658","1.894237"
"-40","190","433.65542","0.373815","0.226744","1.930325"
"-30","190","415.820527","0.369044","0.196089","1.971201"
"-20","190","399.394672","0.365745","0.170359","2.017646"
"-10","190","384.217219","0.364001","0.148552","2.070676"
"0","190","370.151057","0.363968","0.129906","2.131662"
"10","190","357.078443","0.365894","0.113827","2.202341"
"20","190","344.897702","0.370166","0.099843","2.284439"
"30","190","333.520571","0.377377","0.087562","2.382586"
"40","190","322.870066","0.388477","0.076646","2.505138"
"50","190","312.878729","0.404854","0.066846","2.650284"
"60","190","303.487202","0.428346","0.058034","2.8054"
"70","190","294.643046","0.460614","0.050278","2.920585"
"80","190","286.299763","0.501403","0.043841","2.923292"
"90","190","278.415975","0.547329","0.038925","2.788252"
"100","190","270.95474","0.593753","0.035418","2.583506"
"110","190","263.882973","0.637346","0.033002","2.376291"
"120","190","257.170956","0.676696","0.031352","2.197375"
"130","190","250.791917","0.711625","0.030223","2.051703"
"140","190","244.721678","0.742471","0.02945","1.934909"
"150","190","238.938346","0.769726","0.028929","1.840991"
"160","190","233.422051","0.793876","0.028587","1.764694"
"170","190","228.154713","0.815357","0.028377","1.701927"
"180","190","223.119853","0.834539","0.028267","1.649625"
"190","190","218.30241","0.851737","0.028234","1.605513"
"200","190","213.6886","0.867211","0.028261","1.567891"
"210","190","209.265779","0.881183","0.028336","1.53548"
"220","190","205.022328","0.893838","0.028449","1.507304"
"230","190","200.947553","0.905335","0.028593","1.482608"
"240","190","197.031592","0.915806","0.028763","1.460805"
"250","190","193.265337","0.925367","0.028954","1.441427"
"260","190","189.640366","0.934116","0.029162","1.424101"
"270","190","186.148875","0.94214","0.029385","1.408524"
"280","190","182.783623","0.949512","0.029621","1.394452"
"290","190","179.537887","0.956298","0.029867","1.38168"
"300","190","176.405411","0.962554","0.030121","1.370041"
"310","190","173.380367","0.96833","0.030383","1.359393"
"320","190","170.457323","0.973672","0.030651","1.349617"
"330","190","167.631205","0.978618","0.030925","1.340613"
"340","190","164.89727","0.983203","0.031203","1.332294"
"350","190","162.251081","0.987458","0.031484","1.324587"
"360","190","159.68848","0.991412","0.031769","1.317429"
"370","190","157.205568","0.995088","0.032057","1.310762"
"380","190","154.798685","0.998511","0.032346","1.304541"
"390","190","152.464391","1.0017","0.032638","1.298722"
"400","190","150.199452","1.004673","0.03293","1.293268"
"410","190","148.000821","1.007448","0.033224","1.288147"
"420","190","145.86563","1.010038","0.033519","1.28333"
"430","190","143.79117","1.012459","0.033814","1.278792"
"440","190","141.774888","1.014721","0.03411","1.274508"
"450","190","139.814369","1.016838","0.034406","1.27046"
"460","190","137.907333","1.018819","0.034702","1.266628"
"470","190","136.05162","1.020673","0.034997","1.262997"
"480","190","134.245185","1.02241","0.035293","1.25955"
"490","190","132.486092","1.024037","0.035588","1.256276"
"500","190","130.772504","1.025562","0.035883","1.253161"
"-50","200","476.80906","0.399331","0.265413","1.888506"
"-40","200","456.358317","0.392695","0.228437","1.923544"
"-30","200","437.589725","0.387553","0.197736","1.962994"
"-20","200","420.303937","0.383923","0.171973","2.007511"
"-10","200","404.331908","0.381878","0.150149","2.05793"
"0","200","389.529349","0.381556","0.131504","2.115334"
"10","200","375.772353","0.383183","0.115445","2.181012"
"20","200","362.95392","0.387098","0.101505","2.256037"
"30","200","350.98117","0.393814","0.089301","2.343624"
"40","200","339.773085","0.404127","0.078506","2.450302"
"50","200","329.258678","0.419157","0.068874","2.573517"
"60","200","319.375482","0.440339","0.06026","2.704115"
"70","200","310.068313","0.469021","0.052663","2.807608"
"80","200","301.288239","0.505248","0.046246","2.830216"
"90","200","292.991716","0.546831","0.041167","2.741447"
"100","200","285.139868","0.590151","0.037389","2.579477"
"110","200","277.697877","0.632046","0.034686","2.397128"
"120","200","270.63447","0.67072","0.032784","2.228247"
"130","200","263.921473","0.705575","0.031449","2.084712"
"140","200","257.533442","0.736673","0.030514","1.966599"
"150","200","251.44734","0.764336","0.029861","1.870111"
"160","200","245.642253","0.788963","0.029414","1.790974"
"170","200","240.099158","0.810938","0.029118","1.725495"
"180","200","234.80071","0.830608","0.028937","1.670747"
"190","200","229.731063","0.848272","0.028845","1.624483"
"200","200","224.875709","0.864187","0.028822","1.584987"
"210","200","220.221343","0.87857","0.028853","1.550948"
"220","200","215.755737","0.891609","0.028929","1.521356"
"230","200","211.467637","0.90346","0.02904","1.495427"
"240","200","207.346666","0.914259","0.029181","1.472543"
"250","200","203.383239","0.924123","0.029347","1.452216"
"260","200","199.568492","0.933153","0.029532","1.434051"
"270","200","195.894213","0.941436","0.029735","1.417731"
"280","200","192.352783","0.949048","0.029952","1.402996"
"290","200","188.937125","0.956055","0.030181","1.389632"
"300","200","185.640656","0.962516","0.03042","1.377461"
"310","200","182.457244","0.968482","0.030668","1.366334"
"320","200","179.381171","0.974","0.030924","1.356124"
"330","200","176.407099","0.979108","0.031185","1.346727"
"340","200","173.530036","0.983844","0.031453","1.33805"
"350","200","170.745313","0.98824","0.031724","1.330016"
"360","200","168.048554","0.992324","0.032","1.322558"
"370","200","165.435655","0.996122","0.032279","1.315617"
"380","200","162.902766","0.999657","0.03256","1.309143"
"390","200","160.446267","1.002951","0.032844","1.303091"
"400","200","158.062752","1.006021","0.03313","1.297421"
"410","200","155.749018","1.008886","0.033417","1.292101"
"420","200","153.502044","1.011561","0.033705","1.287099"
"430","200","151.318981","1.01406","0.033994","1.282388"
"440","200","149.197142","1.016396","0.034285","1.277944"
"450","200","147.133986","1.018581","0.034575","1.273745"
"460","200","145.127111","1.020625","0.034866","1.269774"
"470","200","143.174247","1.022538","0.035157","1.266011"
"480","200","141.273241","1.02433","0.035448","1.262441"
"490","200","139.422056","1.026009","0.035739","1.259051"
"500","200","137.618757","1.027582","0.036029","1.255828"
"-50","210","500.52934","0.418583","0.26716","1.882935"
"-40","210","479.061215","0.411519","0.23012","1.916977"
"-30","210","459.358923","0.405998","0.19937","1.955086"
"-20","210","441.213203","0.402029","0.173572","1.997806"
"-10","210","424.446598","0.399674","0.151729","2.045818"
"0","210","408.907641","0.399056","0.133078","2.099966"
"10","210","394.466262","0.400376","0.117032","2.161188"
"20","210","381.010139","0.403934","0.103126","2.230078"
"30","210","368.441769","0.410175","0.090983","2.308825"
"40","210","356.676105","0.419771","0.080284","2.402627"
"50","210","345.638627","0.43364","0.070785","2.50873"
"60","210","335.263762","0.452919","0.062329","2.619736"
"70","210","325.493581","0.478709","0.054868","2.711991"
"80","210","316.276716","0.511186","0.048492","2.743532"
"90","210","307.567458","0.548897","0.043315","2.686777"
"100","210","299.324996","0.589084","0.039332","2.560746"
"110","210","291.512781","0.628954","0.036385","2.404526"
"120","210","284.097984","0.666572","0.03425","2.249265"
"130","210","277.051029","0.701025","0.032717","2.110963"
"140","210","270.345207","0.732111","0.031618","1.993698"
"150","210","263.956333","0.759981","0.030833","1.896063"
"160","210","257.862455","0.784927","0.030277","1.815009"
"170","210","252.043602","0.807274","0.029892","1.747423"
"180","210","246.481567","0.827334","0.029638","1.690635"
"190","210","241.159715","0.845386","0.029483","1.642498"
"200","210","236.062818","0.861677","0.029407","1.601325"
"210","210","231.176906","0.876418","0.029393","1.5658"
"220","210","226.489146","0.889793","0.029429","1.534899"
"230","210","221.987722","0.90196","0.029506","1.507817"
"240","210","217.661741","0.913054","0.029617","1.483915"
"250","210","213.501142","0.923193","0.029755","1.462687"
"260","210","209.496619","0.932477","0.029917","1.443724"
"270","210","205.639551","0.940996","0.030098","1.426693"
"280","210","201.921942","0.948827","0.030296","1.411323"
"290","210","198.336362","0.956038","0.030508","1.397389"
"300","210","194.8759","0.962688","0.030731","1.384704"
"310","210","191.53412","0.96883","0.030965","1.373114"
"320","210","188.305019","0.97451","0.031207","1.362485"
"330","210","185.182993","0.97977","0.031456","1.352706"
"340","210","182.162802","0.984646","0.031712","1.343682"
"350","210","179.239545","0.989172","0.031973","1.33533"
"360","210","176.408627","0.993377","0.032239","1.327581"
"370","210","173.665742","0.997288","0.032509","1.320373"
"380","210","171.006847","1.000928","0.032782","1.313652"
"390","210","168.428142","1.004319","0.033058","1.307373"
"400","210","165.926052","1.00748","0.033336","1.301493"
"410","210","163.497215","1.01043","0.033616","1.295978"
"420","210","161.138458","1.013183","0.033898","1.290795"
"430","210","158.846793","1.015756","0.034181","1.285915"
"440","210","156.619396","1.01816","0.034465","1.281314"
"450","210","154.453602","1.020408","0.03475","1.27697"
"460","210","152.34689","1.022511","0.035036","1.272861"
"470","210","150.296874","1.02448","0.035322","1.26897"
"480","210","148.301298","1.026323","0.035609","1.26528"
"490","210","146.358019","1.028049","0.035895","1.261777"
"500","210","144.46501","1.029667","0.036181","1.258447"
"-50","220","524.24962","0.437785","0.268897","1.877515"
"-40","220","501.764112","0.430289","0.231792","1.910613"
"-30","220","481.128121","0.424383","0.200992","1.947458"
"-20","220","462.122468","0.420068","0.175158","1.988501"
"-10","220","444.561287","0.417394","0.153291","2.034287"
"0","220","428.285933","0.416471","0.134631","2.085466"
"10","220","413.160172","0.417477","0.118592","2.142697"
"20","220","399.066358","0.420678","0.104711","2.206223"
"30","220","385.902368","0.426461","0.092615","2.277482"
"40","220","373.579124","0.435394","0.081992","2.360667"
"50","220","362.018576","0.44824","0.072598","2.453096"
"60","220","351.152042","0.465915","0.064268","2.548312"
"70","220","340.918848","0.489317","0.056921","2.630177"
"80","220","331.265193","0.51868","0.050594","2.665199"
"90","220","322.143199","0.553002","0.045362","2.62992"
"100","220","313.510124","0.590192","0.041227","2.53245"
"110","220","305.327686","0.627877","0.038077","2.400862"
"120","220","297.561497","0.664161","0.035736","2.261149"
"130","220","290.180585","0.697934","0.034015","2.130493"
"140","220","283.156971","0.728772","0.032756","2.016018"
"150","220","276.465326","0.756658","0.031838","1.91862"
"160","220","270.082657","0.781772","0.031172","1.836594"
"170","220","263.988046","0.804371","0.030696","1.767543"
"180","220","258.162425","0.824723","0.030365","1.709155"
"190","220","252.588368","0.843085","0.030146","1.659452"
"200","220","247.249927","0.859685","0.030015","1.61682"
"210","220","242.13247","0.87473","0.029953","1.57997"
"220","220","237.222554","0.888396","0.029949","1.547879"
"230","220","232.507806","0.900839","0.02999","1.519734"
"240","220","227.976815","0.912194","0.030069","1.494885"
"250","220","223.619044","0.922577","0.03018","1.472812"
"260","220","219.424745","0.93209","0.030317","1.453095"
"270","220","215.384889","0.940823","0.030476","1.435389"
"280","220","211.491101","0.948853","0.030653","1.419413"
"290","220","207.735599","0.956249","0.030847","1.404934"
"300","220","204.111145","0.963071","0.031054","1.391758"
"310","220","200.610997","0.969374","0.031272","1.379722"
"320","220","197.228867","0.975203","0.0315","1.368689"
"330","220","193.958887","0.980602","0.031737","1.358542"
"340","220","190.795568","0.985608","0.031981","1.349182"
"350","220","187.733776","0.990254","0.032231","1.340523"
"360","220","184.768701","0.994571","0.032487","1.332492"
"370","220","181.895829","0.998586","0.032747","1.325024"
"380","220","179.110928","1.002323","0.033011","1.318064"
"390","220","176.410017","1.005805","0.033279","1.311564"
"400","220","173.789353","1.00905","0.033549","1.30548"
"410","220","171.245411","1.012078","0.033822","1.299775"
"420","220","168.774872","1.014905","0.034097","1.294416"
"430","220","166.374604","1.017545","0.034374","1.289372"
"440","220","164.04165","1.020012","0.034652","1.284618"
"450","220","161.773218","1.022319","0.034932","1.280131"
"460","220","159.566668","1.024478","0.035212","1.275888"
"470","220","157.419502","1.026497","0.035493","1.271872"
"480","220","155.329354","1.028388","0.035774","1.268065"
"490","220","153.293982","1.030159","0.036056","1.264451"
"500","220","151.311263","1.031817","0.036338","1.261018"
"-50","230","547.9699","0.45694","0.270626","1.872239"
"-40","230","524.467009","0.449006","0.233455","1.904441"
"-30","230","502.89732","0.442708","0.202602","1.940095"
"-20","230","483.031733","0.43804","0.17673","1.979568"
"-10","230","464.675977","0.43504","0.154837","2.023291"
"0","230","447.664226","0.433804","0.136164","2.071755"
"10","230","431.854082","0.43449","0.120126","2.125395"
"20","230","417.122576","0.437334","0.106262","2.184196"
"30","230","403.362966","0.44267","0.094203","2.249044"
"40","230","390.482144","0.450985","0.08364","2.323356"
"50","230","378.398525","0.462917","0.074329","2.404638"
"60","230","367.040322","0.479208","0.0661","2.48701"
"70","230","356.344116","0.500599","0.058849","2.559429"
"80","230","346.253669","0.52734","0.05257","2.595253"
"90","230","336.71894","0.558717","0.047308","2.574147"
"100","230","327.695252","0.593126","0.043062","2.498732"
"110","230","319.14259","0.628593","0.039749","2.388781"
"120","230","311.025011","0.663362","0.037225","2.265034"
"130","230","303.310141","0.696238","0.035331","2.143658"
"140","230","295.968736","0.726624","0.033919","2.033585"
"150","230","288.974319","0.754351","0.03287","1.937686"
"160","230","282.302859","0.779491","0.032095","1.855604"
"170","230","275.932491","0.802224","0.031526","1.785735"
"180","230","269.843282","0.822775","0.031117","1.726204"
"190","230","264.017021","0.841367","0.030832","1.67526"
"200","230","258.437035","0.858213","0.030644","1.631405"
"210","230","253.088033","0.873507","0.030534","1.593402"
"220","230","247.955963","0.887418","0.030487","1.56025"
"230","230","243.027891","0.900098","0.030492","1.53114"
"240","230","238.29189","0.911679","0.030538","1.505421"
"250","230","233.736946","0.922276","0.03062","1.482565"
"260","230","229.352871","0.931992","0.030731","1.462142"
"270","230","225.130228","0.940915","0.030866","1.443801"
"280","230","221.060261","0.949124","0.031023","1.427252"
"290","230","217.134837","0.956687","0.031197","1.412256"
"300","230","213.34639","0.963666","0.031387","1.39861"
"310","230","209.687873","0.970114","0.03159","1.386149"
"320","230","206.152716","0.97608","0.031803","1.374728"
"330","230","202.734781","0.981605","0.032027","1.364228"
"340","230","199.428334","0.986729","0.032258","1.354544"
"350","230","196.228008","0.991486","0.032497","1.345589"
"360","230","193.128774","0.995906","0.032742","1.337285"
"370","230","190.125917","1.000017","0.032993","1.329567"
"380","230","187.215009","1.003843","0.033248","1.322376"
"390","230","184.391892","1.007408","0.033507","1.315661"
"400","230","181.652653","1.010731","0.03377","1.309379"
"410","230","178.993608","1.013831","0.034035","1.30349"
"420","230","176.411287","1.016725","0.034303","1.297959"
"430","230","173.902415","1.019428","0.034573","1.292756"
"440","230","171.463904","1.021954","0.034845","1.287854"
"450","230","169.092834","1.024315","0.035119","1.283227"
"460","230","166.786446","1.026524","0.035393","1.278855"
"470","230","164.542129","1.028591","0.035669","1.274716"
"480","230","162.35741","1.030525","0.035945","1.270794"
"490","230","160.229946","1.032337","0.036222","1.267073"
"500","230","158.157516","1.034033","0.0365","1.263538"
"-50","240","571.69018","0.476048","0.272346","1.867101"
"-40","240","547.169907","0.467671","0.235108","1.898453"
"-30","240","524.666518","0.460976","0.204202","1.932982"
"-20","240","503.940998","0.455947","0.178289","1.970982"
"-10","240","484.790666","0.452615","0.156367","2.012791"
"0","240","467.042518","0.451059","0.137679","2.058763"
"10","240","450.547991","0.45142","0.121637","2.109158"
"20","240","435.178795","0.453905","0.107783","2.16377"
"30","240","420.823565","0.458806","0.095751","2.223079"
"40","240","407.385163","0.466538","0.085234","2.289887"
"50","240","394.778474","0.477639","0.07599","2.361929"
"60","240","382.928602","0.492718","0.067841","2.433749"
"70","240","371.769383","0.512384","0.060669","2.497699"
"80","240","361.242146","0.536884","0.054436","2.532898"
"90","240","351.294682","0.5657","0.049159","2.521191"
"100","240","341.88038","0.597574","0.044831","2.462539"
"110","240","332.957494","0.630875","0.041386","2.370793"
"120","240","324.488525","0.664034","0.038707","2.262281"
"130","240","316.439697","0.69585","0.036656","2.151045"
"140","240","308.7805","0.725615","0.0351","2.046595"
"150","240","301.483313","0.75303","0.033924","1.953281"
"160","240","294.523061","0.778064","0.03304","1.87199"
"170","240","287.876935","0.800823","0.032379","1.801931"
"180","240","281.524139","0.821481","0.031891","1.741713"
"190","240","275.445674","0.840228","0.031539","1.68986"
"200","240","269.624144","0.857257","0.031293","1.645025"
"210","240","264.043597","0.872746","0.031133","1.60605"
"220","240","258.689372","0.886857","0.031043","1.571974"
"230","240","253.547975","0.899734","0.031009","1.542006"
"240","240","248.606964","0.911508","0.031022","1.515499"
"250","240","243.854848","0.922291","0.031073","1.491923"
"260","240","239.280997","0.932183","0.031158","1.470847"
"270","240","234.875566","0.941274","0.031269","1.451913"
"280","240","230.62942","0.949641","0.031404","1.434827"
"290","240","226.534074","0.957353","0.031559","1.419341"
"300","240","222.581634","0.964472","0.031731","1.405252"
"310","240","218.76475","0.971051","0.031917","1.392385"
"320","240","215.076564","0.977139","0.032116","1.380595"
"330","240","211.510675","0.98278","0.032326","1.369757"
"340","240","208.0611","0.988011","0.032545","1.359763"
"350","240","204.72224","0.992868","0.032772","1.350523"
"360","240","201.488847","0.997382","0.033006","1.341957"
"370","240","198.356004","1.00158","0.033247","1.333997"
"380","240","195.31909","1.005488","0.033492","1.326583"
"390","240","192.373767","1.009128","0.033743","1.319661"
"400","240","189.515953","1.012523","0.033997","1.313187"
"410","240","186.741805","1.015689","0.034255","1.30712"
"420","240","184.047701","1.018644","0.034515","1.301424"
"430","240","181.430226","1.021404","0.034779","1.296066"
"440","240","178.886158","1.023984","0.035044","1.291019"
"450","240","176.412451","1.026395","0.035311","1.286257"
"460","240","174.006225","1.02865","0.03558","1.281758"
"470","240","171.664756","1.03076","0.03585","1.277501"
"480","240","169.385466","1.032734","0.036121","1.273468"
"490","240","167.165909","1.034583","0.036394","1.269642"
"500","240","165.003769","1.036314","0.036666","1.266008"
"-50","250","595.410461","0.495111","0.274058","1.862096"
"-40","250","569.872804","0.486285","0.236752","1.892638"
"-30","250","546.435716","0.479187","0.205792","1.926103"
"-20","250","524.850264","0.473792","0.179836","1.962721"
"-10","250","504.905355","0.47012","0.157883","2.002749"
"0","250","486.42081","0.468238","0.139175","2.046428"
"10","250","469.241901","0.468269","0.123125","2.093879"
"20","250","453.235014","0.470394","0.109277","2.144756"
"30","250","438.284164","0.474868","0.097263","2.19924"
"40","250","424.288182","0.482047","0.086782","2.259634"
"50","250","411.158423","0.492385","0.077589","2.323913"
"60","250","398.816882","0.506386","0.069504","2.386975"
"70","250","387.19465","0.524549","0.062397","2.443418"
"80","250","376.230622","0.54711","0.056205","2.47715"
"90","250","365.870423","0.573685","0.050922","2.471808"
"100","250","356.065508","0.603269","0.046535","2.425807"
"110","250","346.772398","0.634508","0.042984","2.349018"
"120","250","337.952039","0.666025","0.040172","2.254308"
"130","250","329.569253","0.696673","0.03798","2.153385"
"140","250","321.592265","0.725682","0.03629","2.055376"
"150","250","313.992306","0.752655","0.034993","1.965529"
"160","250","306.743263","0.777466","0.034003","1.885776"
"170","250","299.821379","0.80015","0.033251","1.81611"
"180","250","293.204997","0.820829","0.032684","1.755645"
"190","250","286.874326","0.839661","0.032264","1.703212"
"200","250","280.811253","0.856811","0.03196","1.657643"
"210","250","274.99916","0.872443","0.031749","1.617883"
"220","250","269.422781","0.886709","0.031614","1.583024"
"230","250","264.06806","0.899746","0.031541","1.552306"
"240","250","258.922039","0.911679","0.03152","1.525096"
"250","250","253.97275","0.922618","0.031541","1.50087"
"260","250","249.209124","0.932662","0.031597","1.479195"
"270","250","244.620904","0.941897","0.031684","1.459713"
"280","250","240.19858","0.950402","0.031797","1.442125"
"290","250","235.933311","0.958245","0.031932","1.426182"
"300","250","231.816879","0.965487","0.032085","1.411674"
"310","250","227.841626","0.972183","0.032254","1.398424"
"320","250","224.000412","0.978381","0.032438","1.386283"
"330","250","220.286569","0.984125","0.032633","1.375123"
"340","250","216.693867","0.989452","0.032839","1.364833"
"350","250","213.216472","0.9944","0.033054","1.355321"
"360","250","209.848921","0.998998","0.033277","1.346504"
"370","250","206.586091","1.003275","0.033507","1.338312"
"380","250","203.423171","1.007257","0.033743","1.330682"
"390","250","200.355642","1.010966","0.033985","1.323562"
"400","250","197.379253","1.014424","0.03423","1.316903"
"410","250","194.490001","1.017651","0.03448","1.310663"
"420","250","191.684115","1.020662","0.034733","1.304806"
"430","250","188.958038","1.023474","0.034989","1.299299"
"440","250","186.308412","1.026102","0.035248","1.294112"
"450","250","183.732067","1.028558","0.035509","1.28922"
"460","250","181.226003","1.030856","0.035772","1.284598"
"470","250","178.787384","1.033004","0.036037","1.280225"
"480","250","176.413522","1.035015","0.036302","1.276084"
"490","250","174.101873","1.036897","0.036569","1.272156"
"500","250","171.850022","1.038659","0.036837","1.268427"
"-50","260","619.130741","0.514129","0.275762","1.857216"
"-40","260","592.575701","0.50485","0.238387","1.886989"
"-30","260","568.204914","0.497344","0.207371","1.919446"
"-20","260","545.759529","0.491577","0.181371","1.954766"
"-10","260","525.020045","0.487559","0.159385","1.993132"
"0","260","505.799102","0.485345","0.140655","2.034696"
"10","260","487.935811","0.485041","0.124594","2.079465"
"20","260","471.291232","0.486806","0.110744","2.126995"
"30","260","455.744763","0.49086","0.098743","2.177244"
"40","260","441.191202","0.497509","0.088288","2.232109"
"50","260","427.538372","0.507139","0.079135","2.289788"
"60","260","414.705162","0.520167","0.0711","2.345511"
"70","260","402.619918","0.537004","0.064045","2.395352"
"80","260","391.219099","0.557866","0.05789","2.427102"
"90","260","380.446165","0.582467","0.052606","2.426157"
"100","260","370.250636","0.609988","0.048173","2.389735"
"110","260","360.587302","0.639294","0.044537","2.325088"
"120","260","351.415553","0.669186","0.041613","2.242457"
"130","260","342.698809","0.698602","0.039297","2.151479"
"140","260","334.404029","0.726755","0.037483","2.060342"
"150","260","326.501299","0.753177","0.036072","1.974624"
"160","260","318.963465","0.777663","0.03498","1.897043"
"170","260","311.765824","0.800181","0.034138","1.828295"
"180","260","304.885854","0.820804","0.033494","1.767996"
"190","260","298.302979","0.839651","0.033005","1.7153"
"200","260","291.998362","0.856865","0.032642","1.669239"
"210","260","285.954724","0.872591","0.03238","1.628878"
"220","260","280.156189","0.886969","0.0322","1.59338"
"230","260","274.588144","0.900128","0.032087","1.562024"
"240","260","269.237113","0.912188","0.03203","1.534199"
"250","260","264.090652","0.923255","0.03202","1.509392"
"260","260","259.13725","0.933424","0.032049","1.487175"
"270","260","254.366243","0.942783","0.032111","1.467191"
"280","260","249.767739","0.951406","0.0322","1.44914"
"290","260","245.332549","0.959362","0.032314","1.43277"
"300","260","241.052124","0.966712","0.032449","1.41787"
"310","260","236.918503","0.97351","0.032601","1.40426"
"320","260","232.92426","0.979804","0.032769","1.391788"
"330","260","229.062463","0.985639","0.032949","1.380322"
"340","260","225.326633","0.991052","0.033142","1.369751"
"350","260","221.710703","0.99608","0.033345","1.359979"
"360","260","218.208994","1.000753","0.033556","1.350922"
"370","260","214.816178","1.005101","0.033775","1.342508"
"380","260","211.527252","1.009149","0.034001","1.334672"
"390","260","208.337518","1.01292","0.034233","1.32736"
"400","260","205.242553","1.016436","0.03447","1.320523"
"410","260","202.238198","1.019716","0.034712","1.314118"
"420","260","199.320529","1.022778","0.034957","1.308106"
"430","260","196.485849","1.025637","0.035206","1.302454"
"440","260","193.730666","1.028308","0.035458","1.297132"
"450","260","191.051683","1.030805","0.035712","1.292113"
"460","260","188.445782","1.03314","0.035969","1.287372"
"470","260","185.910011","1.035324","0.036228","1.282888"
"480","260","183.441578","1.037367","0.036488","1.278642"
"490","260","181.037836","1.03928","0.03675","1.274615"
"500","260","178.696275","1.04107","0.037013","1.270793"
"-50","270","642.851021","0.533103","0.277459","1.852458"
"-40","270","615.278599","0.523366","0.240014","1.881496"
"-30","270","589.974112","0.515447","0.20894","1.912999"
"-20","270","566.668794","0.509303","0.182894","1.947096"
"-10","270","545.134734","0.504933","0.160874","1.983911"
"0","270","525.177394","0.502381","0.142119","2.023518"
"10","270","506.62972","0.501738","0.126042","2.065837"
"20","270","489.347451","0.503141","0.112189","2.110352"
"30","270","473.205361","0.506782","0.100193","2.156859"
"40","270","458.094221","0.512922","0.089756","2.206918"
"50","270","443.918321","0.521889","0.080633","2.258931"
"60","270","430.593442","0.534029","0.072637","2.308446"
"70","270","418.045185","0.549683","0.065625","2.352514"
"80","270","406.207575","0.569039","0.059499","2.381988"
"90","270","395.021906","0.591887","0.054217","2.384085"
"100","270","384.435764","0.617547","0.049749","2.355011"
"110","270","374.402206","0.645059","0.046044","2.30018"
"120","270","364.879067","0.673376","0.043025","2.227897"
"130","270","355.828365","0.701533","0.0406","2.146137"
"140","270","347.215794","0.728759","0.038674","2.06196"
"150","270","339.010293","0.754543","0.037157","1.980817"
"160","270","331.183667","0.778617","0.035966","1.905915"
"170","270","323.710268","0.800889","0.035037","1.838544"
"180","270","316.566711","0.821383","0.034316","1.778787"
"190","270","309.731632","0.840183","0.033761","1.726127"
"200","270","303.18547","0.857407","0.033339","1.679808"
"210","270","296.910287","0.873179","0.033025","1.639027"
"220","270","290.889598","0.887628","0.032799","1.603031"
"230","270","285.108229","0.900875","0.032646","1.571148"
"240","270","279.552188","0.91303","0.032553","1.542796"
"250","270","274.208554","0.924197","0.032511","1.517479"
"260","270","269.065376","0.934468","0.032511","1.494778"
"270","270","264.111581","0.943927","0.032547","1.474338"
"280","270","259.336898","0.952649","0.032614","1.455863"
"290","270","254.731786","0.960701","0.032706","1.4391"
"300","270","250.287369","0.968143","0.032821","1.423836"
"310","270","245.995379","0.975029","0.032956","1.409889"
"320","270","241.848108","0.981407","0.033107","1.397104"
"330","270","237.838357","0.987321","0.033274","1.385351"
"340","270","233.959399","0.992809","0.033452","1.374514"
"350","270","230.204935","0.997907","0.033642","1.364495"
"360","270","226.569068","1.002647","0.033842","1.355209"
"370","270","223.046265","1.007057","0.03405","1.346583"
"380","270","219.631333","1.011164","0.034266","1.33855"
"390","270","216.319393","1.01499","0.034488","1.331055"
"400","270","213.105853","1.018557","0.034716","1.324047"
"410","270","209.986394","1.021885","0.034949","1.317482"
"420","270","206.956943","1.024991","0.035186","1.311322"
"430","270","204.01366","1.027892","0.035428","1.305531"
"440","270","201.152921","1.030602","0.035673","1.300078"
"450","270","198.3713","1.033135","0.035921","1.294937"
"460","270","195.66556","1.035504","0.036171","1.290081"
"470","270","193.032638","1.037719","0.036424","1.285489"
"480","270","190.469635","1.039791","0.036678","1.281141"
"490","270","187.9738","1.04173","0.036935","1.277019"
"500","270","185.542528","1.043544","0.037193","1.273106"
"-50","280","666.571301","0.552034","0.279147","1.847815"
"-40","280","637.981496","0.541835","0.241632","1.876154"
"-30","280","611.74331","0.533498","0.2105","1.906752"
"-20","280","587.57806","0.526971","0.184407","1.939695"
"-10","280","565.249423","0.522244","0.16235","1.975059"
"0","280","544.555687","0.51935","0.143567","2.012851"
"10","280","525.32363","0.518364","0.127473","2.052925"
"20","280","507.40367","0.519404","0.113611","2.094713"
"30","280","490.66596","0.522636","0.101616","2.137893"
"40","280","474.99724","0.528283","0.09119","2.183747"
"50","280","460.29827","0.536625","0.082089","2.230851"
"60","280","446.481722","0.547949","0.074123","2.275071"
"70","280","433.470453","0.562533","0.067143","2.314102"
"80","280","421.196052","0.580543","0.061043","2.341169"
"90","280","409.597648","0.60182","0.055763","2.345318"
"100","280","398.620892","0.625799","0.051267","2.32198"
"110","280","388.21711","0.651651","0.047505","2.275102"
"120","280","378.342581","0.678463","0.044405","2.211581"
"130","280","368.957921","0.705363","0.041885","2.138124"
"140","280","360.027558","0.731618","0.039858","2.06072"
"150","280","351.519286","0.756697","0.038241","1.984391"
"160","280","343.403869","0.780286","0.036959","1.912553"
"170","280","335.654712","0.802242","0.035945","1.846942"
"180","280","328.247569","0.822543","0.035149","1.788063"
"190","280","321.160285","0.84124","0.034528","1.735713"
"200","280","314.372579","0.858422","0.034047","1.689355"
"210","280","307.865851","0.874197","0.033681","1.64833"
"220","280","301.623007","0.888679","0.03341","1.611974"
"230","280","295.628313","0.901977","0.033216","1.579674"
"240","280","289.867263","0.914198","0.033088","1.550883"
"250","280","284.326457","0.925439","0.033013","1.525127"
"260","280","278.993502","0.935788","0.032984","1.501999"
"270","280","273.856919","0.945327","0.032994","1.481152"
"280","280","268.906058","0.954129","0.033036","1.462292"
"290","280","264.131023","0.96226","0.033107","1.445168"
"300","280","259.522613","0.969779","0.033203","1.429566"
"310","280","255.072255","0.976739","0.033319","1.415306"
"320","280","250.771956","0.983188","0.033454","1.402231"
"330","280","246.614251","0.989169","0.033605","1.390207"
"340","280","242.592165","0.994722","0.03377","1.379118"
"350","280","238.699167","0.999881","0.033947","1.368866"
"360","280","234.929141","1.004679","0.034134","1.359364"
"370","280","231.276352","1.009143","0.034331","1.350535"
"380","280","227.735414","1.0133","0.034536","1.342315"
"390","280","224.301268","1.017174","0.034749","1.334644"
"400","280","220.969154","1.020786","0.034967","1.327473"
"410","280","217.734591","1.024156","0.035192","1.320755"
"420","280","214.593358","1.027302","0.035421","1.314452"
"430","280","211.541472","1.030239","0.035655","1.308527"
"440","280","208.575175","1.032983","0.035893","1.302949"
"450","280","205.690916","1.035548","0.036134","1.29769"
"460","280","202.885338","1.037945","0.036378","1.292723"
"470","280","200.155266","1.040187","0.036624","1.288028"
"480","280","197.497691","1.042285","0.036873","1.283581"
"490","280","194.909763","1.044247","0.037124","1.279366"
"500","280","192.388781","1.046083","0.037377","1.275366"
"-50","290","690.291581","0.570923","0.280829","1.843284"
"-40","290","660.684393","0.560258","0.243241","1.870955"
"-30","290","633.512508","0.551499","0.21205","1.900692"
"-20","290","608.487325","0.544584","0.18591","1.932547"
"-10","290","585.364113","0.539495","0.163814","1.96655"
"0","290","563.933979","0.536253","0.145002","2.002658"
"10","290","544.017539","0.53492","0.128887","2.040666"
"20","290","525.459888","0.535597","0.115013","2.079979"
"30","290","508.126559","0.538424","0.103015","2.120185"
"40","290","491.90026","0.543594","0.092594","2.162334"
"50","290","476.678218","0.551341","0.083508","2.205156"
"60","290","462.370002","0.561907","0.075563","2.244823"
"70","290","448.89572","0.575517","0.068608","2.279464"
"80","290","436.184529","0.592312","0.062528","2.30411"
"90","290","424.173389","0.612171","0.05725","2.309554"
"100","290","412.80602","0.634621","0.052732","2.290762"
"110","290","402.032014","0.658943","0.048921","2.250382"
"120","290","391.806095","0.684329","0.045752","2.194248"
"130","290","382.087477","0.709995","0.043148","2.128127"
"140","290","372.839323","0.735255","0.041031","2.05711"
"150","290","364.028279","0.759582","0.039323","1.98565"
"160","290","355.624071","0.782627","0.037953","1.917137"
"170","290","347.599157","0.804206","0.036859","1.853596"
"180","290","339.928426","0.824258","0.03599","1.795884"
"190","290","332.588937","0.842799","0.035304","1.744094"
"200","290","325.559688","0.859894","0.034765","1.697901"
"210","290","318.821414","0.875631","0.034348","1.656796"
"220","290","312.356415","0.890108","0.034031","1.620213"
"230","290","306.148398","0.903427","0.033797","1.587603"
"240","290","300.182337","0.915685","0.033632","1.558459"
"250","290","294.444359","0.926974","0.033524","1.532333"
"260","290","288.921629","0.937379","0.033466","1.508836"
"270","290","283.602258","0.946978","0.033449","1.487629"
"280","290","278.475217","0.955842","0.033468","1.468423"
"290","290","273.530261","0.964035","0.033517","1.450971"
"300","290","268.757858","0.971615","0.033592","1.435061"
"310","290","264.149132","0.978636","0.033691","1.420511"
"320","290","259.695804","0.985144","0.033809","1.407165"
"330","290","255.390146","0.991182","0.033944","1.394888"
"340","290","251.224931","0.996789","0.034094","1.383564"
"350","290","247.193399","1.001999","0.034258","1.373092"
"360","290","243.289215","1.006846","0.034433","1.363384"
"370","290","239.506439","1.011356","0.034618","1.354364"
"380","290","235.839495","1.015557","0.034813","1.345965"
"390","290","232.283143","1.019472","0.035015","1.338128"
"400","290","228.832454","1.023123","0.035225","1.3308"
"410","290","225.482788","1.026529","0.03544","1.323937"
"420","290","222.229772","1.029708","0.035661","1.317496"
"430","290","219.069283","1.032677","0.035887","1.311443"
"440","290","215.997429","1.03545","0.036118","1.305745"
"450","290","213.010532","1.038042","0.036352","1.300372"
"460","290","210.105117","1.040465","0.036589","1.295299"
"470","290","207.277893","1.04273","0.036829","1.290503"
"480","290","204.525747","1.044849","0.037072","1.285962"
"490","290","201.845727","1.046831","0.037318","1.281658"
"500","290","199.235034","1.048685","0.037565","1.277573"
"-50","300","714.011861","0.58977","0.282503","1.838859"
"-40","300","683.387291","0.578635","0.244843","1.865893"
"-30","300","655.281706","0.569449","0.213592","1.894812"
"-20","300","629.39659","0.562143","0.187402","1.925638"
"-10","300","605.478802","0.556687","0.165266","1.958363"
"0","300","583.312271","0.553093","0.146423","1.992902"
"10","300","562.711449","0.55141","0.130285","2.029007"
"20","300","543.516107","0.551722","0.116396","2.066063"
"30","300","525.587158","0.554148","0.10439","2.103598"
"40","300","508.803279","0.558852","0.09397","2.142465"
"50","300","493.058167","0.566032","0.084892","2.181527"
"60","300","478.258282","0.575888","0.076963","2.217249"
"70","300","464.320987","0.588604","0.070026","2.248061"
"80","300","451.173005","0.604293","0.06396","2.270352"
"90","300","438.749131","0.622864","0.058684","2.276511"
"100","300","426.991148","0.643918","0.054146","2.261351"
"110","300","415.846918","0.666826","0.050294","2.226341"
"120","300","405.269609","0.690868","0.047065","2.176445"
"130","300","395.217033","0.715337","0.044389","2.116731"
"140","300","385.651088","0.7396","0.04219","2.051592"
"150","300","376.537272","0.763141","0.040398","1.984905"
"160","300","367.844273","0.785596","0.038946","1.919862"
"170","300","359.543601","0.806748","0.037776","1.858625"
"180","300","351.609283","0.826501","0.036837","1.802325"
"190","300","344.01759","0.84484","0.036087","1.751313"
"200","300","336.746797","0.861805","0.035492","1.705473"
"210","300","329.776978","0.877466","0.035024","1.664443"
"220","300","323.089824","0.891906","0.034661","1.627759"
"230","300","316.668482","0.905215","0.034386","1.594941"
"240","300","310.497412","0.917483","0.034185","1.565527"
"250","300","304.562261","0.928796","0.034045","1.539101"
"260","300","298.849755","0.939235","0.033957","1.51529"
"270","300","293.347596","0.948874","0.033913","1.493769"
"280","300","288.044376","0.957782","0.033907","1.474257"
"290","300","282.929498","0.966021","0.033934","1.45651"
"300","300","277.993103","0.97365","0.033989","1.440319"
"310","300","273.226008","0.980718","0.034069","1.425503"
"320","300","268.619652","0.987272","0.03417","1.411906"
"330","300","264.16604","0.993356","0.03429","1.399394"
"340","300","259.857697","0.999007","0.034425","1.387849"
"350","300","255.68763","1.00426","0.034575","1.377171"
"360","300","251.649288","1.009147","0.034738","1.36727"
"370","300","247.736526","1.013696","0.034912","1.358069"
"380","300","243.943576","1.017934","0.035095","1.3495"
"390","300","240.265018","1.021883","0.035287","1.341505"
"400","300","236.695754","1.025566","0.035487","1.334028"
"410","300","233.230984","1.029002","0.035694","1.327026"
"420","300","229.866186","1.032209","0.035906","1.320454"
"430","300","226.597094","1.035205","0.036124","1.314278"
"440","300","223.419683","1.038002","0.036347","1.308464"
"450","300","220.330148","1.040617","0.036574","1.302983"
"460","300","217.324895","1.043061","0.036805","1.297807"
"470","300","214.400521","1.045346","0.037039","1.292914"
"480","300","211.553803","1.047483","0.037276","1.288282"
"490","300","208.78169","1.049481","0.037515","1.283892"
"500","300","206.081287","1.05135","0.037757","1.279726"
"-50","310","737.732141","0.608577","0.28417","1.834536"
"-40","310","706.090188","0.596968","0.246437","1.860961"
"-30","310","677.050904","0.587351","0.215125","1.889102"
"-20","310","650.305856","0.579648","0.188884","1.918954"
"-10","310","625.593492","0.573821","0.166708","1.950478"
"0","310","602.690563","0.569872","0.147831","1.983553"
"10","310","581.405359","0.567835","0.131668","2.017899"
"20","310","561.572326","0.567781","0.11776","2.05289"
"30","310","543.047756","0.56981","0.105744","2.088016"
"40","310","525.706298","0.574059","0.09532","2.12396"
"50","310","509.438116","0.580695","0.086246","2.1597"
"60","310","494.146563","0.589882","0.078325","2.191984"
"70","310","479.746255","0.601768","0.0714","2.219449"
"80","310","466.161482","0.616445","0.065345","2.239502"
"90","310","453.324872","0.633838","0.06007","2.245935"
"100","310","441.176276","0.653611","0.055515","2.233673"
"110","310","429.661823","0.67521","0.051627","2.20316"
"120","310","418.733123","0.697989","0.048346","2.158558"
"130","310","408.346589","0.721308","0.045604","2.10441"
"140","310","398.462852","0.744582","0.043332","2.044591"
"150","310","389.046266","0.767318","0.041464","1.982464"
"160","310","380.064475","0.789149","0.039936","1.920929"
"170","310","371.488045","0.809833","0.038694","1.86216"
"180","310","363.290141","0.829244","0.037687","1.807468"
"190","310","355.446243","0.84734","0.036876","1.757426"
"200","310","347.933905","0.864138","0.036225","1.712107"
"210","310","340.732541","0.879687","0.035707","1.671293"
"220","310","333.823233","0.894058","0.035299","1.634627"
"230","310","327.188567","0.907329","0.034984","1.601698"
"240","310","320.812486","0.919582","0.034746","1.572095"
"250","310","314.680163","0.930896","0.034573","1.545434"
"260","310","308.777881","0.941348","0.034455","1.521364"
"270","310","303.092934","0.951009","0.034384","1.499575"
"280","310","297.613536","0.959945","0.034354","1.479794"
"290","310","292.328735","0.968216","0.034359","1.461785"
"300","310","287.228347","0.975877","0.034394","1.44534"
"310","310","282.302885","0.98298","0.034454","1.430282"
"320","310","277.5435","0.989571","0.034538","1.416455"
"330","310","272.941934","0.995689","0.034642","1.403725"
"340","310","268.490463","1.001375","0.034763","1.391975"
"350","310","264.181862","1.006662","0.034899","1.381103"
"360","310","260.009362","1.011581","0.035049","1.371021"
"370","310","255.966613","1.016161","0.03521","1.36165"
"380","310","252.047657","1.020428","0.035383","1.352921"
"390","310","248.246893","1.024405","0.035565","1.344775"
"400","310","244.559054","1.028114","0.035755","1.337158"
"410","310","240.979181","1.031575","0.035952","1.330022"
"420","310","237.5026","1.034805","0.036156","1.323326"
"430","310","234.124906","1.037822","0.036366","1.317033"
"440","310","230.841937","1.04064","0.036581","1.311108"
"450","310","227.649765","1.043273","0.036801","1.305522"
"460","310","224.544673","1.045734","0.037025","1.300248"
"470","310","221.523148","1.048034","0.037252","1.295263"
"480","310","218.581859","1.050185","0.037483","1.290543"
"490","310","215.717654","1.052197","0.037717","1.28607"
"500","310","212.92754","1.054078","0.037953","1.281825"
"-50","320","761.452421","0.627343","0.28583","1.830312"
"-40","320","728.793085","0.615258","0.248024","1.856153"
"-30","320","698.820102","0.605206","0.21665","1.883553"
"-20","320","671.215121","0.597102","0.190358","1.912483"
"-10","320","645.708181","0.5909","0.168138","1.942876"
"0","320","622.068855","0.58659","0.149227","1.974583"
"10","320","600.099268","0.584198","0.133037","2.007298"
"20","320","579.628545","0.583777","0.119109","2.040397"
"30","320","560.508355","0.585411","0.107078","2.073338"
"40","320","542.609318","0.589214","0.096647","2.106666"
"50","320","525.818065","0.595325","0.087571","2.139458"
"60","320","510.034843","0.603879","0.079655","2.168725"
"70","320","495.171522","0.614992","0.072737","2.19326"
"80","320","481.149958","0.628735","0.066688","2.211219"
"90","320","467.900614","0.645044","0.061411","2.2176"
"100","320","455.361404","0.663636","0.056841","2.20763"
"110","320","443.476727","0.68402","0.052922","2.180921"
"120","320","432.196637","0.705613","0.049594","2.140852"
"130","320","421.476145","0.727831","0.046795","2.091537"
"140","320","411.274617","0.750136","0.044457","2.036478"
"150","320","401.555259","0.772061","0.042519","1.978619"
"160","320","392.284677","0.793243","0.040921","1.920543"
"170","320","383.43249","0.813425","0.03961","1.864336"
"180","320","374.970998","0.832458","0.038539","1.811404"
"190","320","366.874895","0.850276","0.037668","1.762492"
"200","320","359.121014","0.866871","0.036963","1.717842"
"210","320","351.688105","0.882278","0.036396","1.677375"
"220","320","344.556642","0.896551","0.035944","1.640835"
"230","320","337.708651","0.909758","0.035588","1.607888"
"240","320","331.127561","0.921972","0.035314","1.578172"
"250","320","324.798065","0.933266","0.035108","1.55134"
"260","320","318.706007","0.943712","0.034961","1.527064"
"270","320","312.838273","0.953377","0.034863","1.505051"
"280","320","307.182695","0.962325","0.034808","1.485039"
"290","320","301.727973","0.970613","0.03479","1.466798"
"300","320","296.463592","0.978295","0.034804","1.450127"
"310","320","291.379761","0.985421","0.034846","1.434849"
"320","320","286.467349","0.992035","0.034912","1.420812"
"330","320","281.717828","0.998179","0.035","1.407881"
"340","320","277.123229","1.00389","0.035106","1.395942"
"350","320","272.676094","1.009201","0.035228","1.38489"
"360","320","268.369435","1.014145","0.035365","1.374638"
"370","320","264.1967","1.018748","0.035515","1.365107"
"380","320","260.151738","1.023037","0.035676","1.356227"
"390","320","256.228768","1.027036","0.035847","1.347939"
"400","320","252.422354","1.030766","0.036027","1.340188"
"410","320","248.727377","1.034245","0.036215","1.332926"
"420","320","245.139014","1.037494","0.036411","1.326112"
"430","320","241.652717","1.040527","0.036612","1.319706"
"440","320","238.264191","1.043361","0.03682","1.313676"
"450","320","234.969381","1.046008","0.037032","1.30799"
"460","320","231.764452","1.048482","0.037249","1.302622"
"470","320","228.645775","1.050795","0.03747","1.297548"
"480","320","225.609915","1.052957","0.037694","1.292744"
"490","320","222.653617","1.054978","0.037922","1.288191"
"500","320","219.773793","1.056868","0.038153","1.28387"
"-40","330","751.495983","0.633504","0.249603","1.851465"
"-30","330","720.5893","0.623014","0.218166","1.878159"
"-20","330","692.124386","0.614506","0.191822","1.906213"
"-10","330","665.82287","0.607925","0.169558","1.93554"
"0","330","641.447147","0.603251","0.150612","1.965966"
"10","330","618.793178","0.6005","0.134392","1.997168"
"20","330","597.684763","0.599712","0.120441","2.028523"
"30","330","577.968954","0.600953","0.108393","2.059478"
"40","330","559.512337","0.604318","0.097951","2.090456"
"50","330","542.198014","0.609922","0.088871","2.120617"
"60","330","525.923123","0.617873","0.080954","2.147223"
"70","330","510.59679","0.62826","0.074039","2.169184"
"80","330","496.138435","0.641136","0.067992","2.185209"
"90","330","482.476355","0.656443","0.062713","2.191304"
"100","330","469.546532","0.67394","0.058128","2.183121"
"110","330","457.291631","0.693193","0.05418","2.159646"
"120","330","445.660151","0.713672","0.050812","2.123497"
"130","330","434.605701","0.734841","0.04796","2.078394"
"140","330","424.086381","0.756202","0.045563","2.027566"
"150","330","414.064252","0.777319","0.043561","1.973643"
"160","330","404.504879","0.797836","0.041898","1.918906"
"170","330","395.376934","0.817491","0.040523","1.86529"
"180","330","386.651856","0.836116","0.039391","1.814225"
"190","330","378.303548","0.853623","0.038462","1.766575"
"200","330","370.308123","0.869987","0.037705","1.722724"
"210","330","362.643668","0.885222","0.03709","1.68272"
"220","330","355.29005","0.899371","0.036594","1.646408"
"230","330","348.228736","0.91249","0.036199","1.613527"
"240","330","341.442635","0.924643","0.035888","1.583771"
"250","330","334.915967","0.935898","0.03565","1.556827"
"260","330","328.634134","0.946319","0.035473","1.532397"
"270","330","322.583611","0.955972","0.035348","1.510202"
"280","330","316.751855","0.964916","0.035268","1.489996"
"290","330","311.12721","0.973207","0.035228","1.471554"
"300","330","305.698837","0.980897","0.035221","1.454682"
"310","330","300.456638","0.988034","0.035244","1.439208"
"320","330","295.391197","0.994662","0.035292","1.424979"
"330","330","290.493722","1.000821","0.035363","1.411866"
"340","330","285.755995","1.006548","0.035454","1.39975"
"350","330","281.170326","1.011876","0.035563","1.388532"
"360","330","276.729509","1.016836","0.035686","1.378122"
"370","330","272.426787","1.021456","0.035824","1.368441"
"380","330","268.255819","1.025761","0.035974","1.359419"
"390","330","264.210644","1.029775","0.036134","1.350997"
"400","330","260.285655","1.033519","0.036304","1.34312"
"410","330","256.475574","1.037013","0.036483","1.335739"
"420","330","252.775429","1.040274","0.03667","1.328811"
"430","330","249.180528","1.04332","0.036863","1.322299"
"440","330","245.686445","1.046164","0.037062","1.316168"
"450","330","242.288997","1.048822","0.037267","1.310388"
"460","330","238.98423","1.051305","0.037477","1.30493"
"470","330","235.768403","1.053626","0.037691","1.29977"
"480","330","232.637972","1.055795","0.037909","1.294885"
"490","330","229.58958","1.057823","0.038131","1.290255"
"500","330","226.620046","1.059719","0.038356","1.285862"
"-40","340","774.19888","0.651709","0.251175","1.846891"
"-30","340","742.358498","0.640777","0.219675","1.87291"
"-20","340","713.033651","0.631861","0.193277","1.900133"
"-10","340","685.93756","0.624896","0.170969","1.928453"
"0","340","660.82544","0.619856","0.151985","1.957679"
"10","340","637.487088","0.616743","0.135734","1.987472"
"20","340","615.740982","0.615586","0.121758","2.01722"
"30","340","595.429553","0.616437","0.109691","2.04636"
"40","340","576.415356","0.619372","0.099236","2.075217"
"50","340","558.577963","0.624483","0.090147","2.103023"
"60","340","541.811403","0.631857","0.082226","2.12727"
"70","340","526.022057","0.641559","0.075309","2.146961"
"80","340","511.126912","0.653626","0.069262","2.161214"
"90","340","497.052097","0.668003","0.063978","2.166864"
"100","340","483.73166","0.684479","0.05938","2.160045"
"110","340","471.106535","0.702675","0.055406","2.139324"
"120","340","459.123665","0.722106","0.051999","2.106598"
"130","340","447.735257","0.742277","0.049101","2.065187"
"140","340","436.898146","0.762726","0.04665","2.018114"
"150","340","426.573246","0.783044","0.044589","1.967781"
"160","340","416.725081","0.802889","0.042865","1.916211"
"170","340","407.321378","0.821998","0.04143","1.865162"
"180","340","398.332713","0.840189","0.04024","1.816028"
"190","340","389.732201","0.85736","0.039257","1.76974"
"200","340","381.495232","0.873465","0.038449","1.726798"
"210","340","373.599232","0.888504","0.037787","1.687361"
"220","340","366.023459","0.902504","0.037248","1.651369"
"230","340","358.74882","0.915513","0.036814","1.618635"
"240","340","351.75771","0.927585","0.036468","1.588906"
"250","340","345.03387","0.938781","0.036197","1.561908"
"260","340","338.56226","0.949161","0.03599","1.537371"
"270","340","332.328949","0.958786","0.035838","1.515036"
"280","340","326.321014","0.967712","0.035734","1.494669"
"290","340","320.526447","0.975993","0.035671","1.476057"
"300","340","314.934082","0.983679","0.035643","1.45901"
"310","340","309.533514","0.990817","0.035647","1.44336"
"320","340","304.315045","0.997448","0.035678","1.42896"
"330","340","299.269616","1.003613","0.035732","1.41568"
"340","340","294.388761","1.009347","0.035808","1.403404"
"350","340","289.664557","1.014684","0.035902","1.392031"
"360","340","285.089582","1.019653","0.036013","1.381474"
"370","340","280.656875","1.024282","0.036138","1.371653"
"380","340","276.3599","1.028597","0.036276","1.362499"
"390","340","272.192519","1.03262","0.036426","1.353951"
"400","340","268.148955","1.036373","0.036586","1.345954"
"410","340","264.223771","1.039876","0.036755","1.33846"
"420","340","260.411843","1.043145","0.036933","1.331426"
"430","340","256.708339","1.046198","0.037117","1.324813"
"440","340","253.108699","1.049049","0.037309","1.318586"
"450","340","249.608613","1.051713","0.037506","1.312714"
"460","340","246.204009","1.054202","0.037709","1.30717"
"470","340","242.89103","1.056528","0.037916","1.301929"
"480","340","239.666028","1.058701","0.038128","1.296967"
"490","340","236.525544","1.060733","0.038343","1.292264"
"500","340","233.466299","1.062631","0.038562","1.287801"
"-40","350","796.901777","0.669873","0.25274","1.842426"
"-30","350","764.127696","0.658496","0.221176","1.867802"
"-20","350","733.942917","0.649167","0.194724","1.894234"
"-10","350","706.052249","0.641817","0.17237","1.921602"
"0","350","680.203732","0.636406","0.153347","1.9497"
"10","350","656.180997","0.632929","0.137064","1.978179"
"20","350","633.797201","0.631403","0.123062","2.006441"
"30","350","612.890151","0.631866","0.110973","2.03392"
"40","350","593.318376","0.634376","0.100502","2.060856"
"50","350","574.957912","0.639008","0.091401","2.086542"
"60","350","557.699683","0.645827","0.083472","2.108688"
"70","350","541.447324","0.65488","0.076551","2.126374"
"80","350","526.115388","0.666187","0.0705","2.139011"
"90","350","511.627838","0.679695","0.06521","2.144113"
"100","350","497.916788","0.69522","0.060597","2.138311"
"110","350","484.921439","0.712423","0.0566","2.119926"
"120","350","472.587179","0.730866","0.053159","2.09021"
"130","350","460.864813","0.750088","0.050217","2.052062"
"140","350","449.70991","0.769657","0.047717","2.008325"
"150","350","439.082239","0.789191","0.045602","1.961244"
"160","350","428.945283","0.808363","0.043823","1.912639"
"170","350","419.265823","0.826913","0.042331","1.864088"
"180","350","410.01357","0.844652","0.041086","1.816908"
"190","350","401.160854","0.861464","0.040051","1.772057"
"200","350","392.68234","0.877286","0.039193","1.730113"
"210","350","384.554795","0.892105","0.038486","1.691333"
"220","350","376.756868","0.905936","0.037906","1.655745"
"230","350","369.268905","0.918814","0.037433","1.62323"
"240","350","362.072784","0.930786","0.037052","1.593591"
"250","350","355.151772","0.941906","0.036749","1.566594"
"260","350","348.490386","0.95223","0.036513","1.541996"
"270","350","342.074288","0.961812","0.036334","1.51956"
"280","350","335.890173","0.970707","0.036205","1.499066"
"290","350","329.925685","0.978965","0.036119","1.480311"
"300","350","324.169326","0.986636","0.036071","1.463114"
"310","350","318.610391","0.993763","0.036055","1.447311"
"320","350","313.238893","1.000389","0.036068","1.432757"
"330","350","308.04551","1.00655","0.036106","1.419326"
"340","350","303.021527","1.012284","0.036166","1.406903"
"350","350","298.158789","1.017621","0.036246","1.395389"
"360","350","293.449655","1.022593","0.036344","1.384696"
"370","350","288.886962","1.027225","0.036456","1.374745"
"380","350","284.463981","1.031543","0.036583","1.365467"
"390","350","280.174394","1.03557","0.036722","1.356801"
"400","350","276.012255","1.039326","0.036872","1.348692"
"410","350","271.971967","1.042832","0.037031","1.341092"
"420","350","268.048257","1.046105","0.0372","1.333956"
"430","350","264.236151","1.049161","0.037376","1.327247"
"440","350","260.530953","1.052015","0.037559","1.320929"
"450","350","256.92823","1.054681","0.037749","1.314971"
"460","350","253.423787","1.057171","0.037944","1.309345"
"470","350","250.013657","1.059499","0.038145","1.304026"
"480","350","246.694084","1.061673","0.03835","1.29899"
"490","350","243.461507","1.063705","0.038559","1.294217"
"500","350","240.312552","1.065603","0.038772","1.289687"
"-40","360","819.604675","0.687996","0.254298","1.838067"
"-30","360","785.896894","0.67617","0.22267","1.862826"
"-20","360","754.852182","0.666427","0.196163","1.888507"
"-10","360","726.166939","0.658687","0.173762","1.914974"
"0","360","699.582024","0.652904","0.154699","1.94201"
"10","360","674.874907","0.64906","0.138383","1.969263"
"20","360","651.853419","0.647164","0.124352","1.996145"
"30","360","630.35075","0.647239","0.11224","2.022098"
"40","360","610.221395","0.649331","0.10175","2.047288"
"50","360","591.337861","0.653495","0.092635","2.071063"
"60","360","573.587963","0.659779","0.084696","2.091329"
"70","360","556.872592","0.668214","0.077767","2.107234"
"80","360","541.103865","0.678805","0.071709","2.118405"
"90","360","526.203579","0.691499","0.066411","2.122901"
"100","360","512.101916","0.70613","0.061784","2.117832"
"110","360","498.736343","0.7224","0.057764","2.101418"
"120","360","486.050693","0.739909","0.054292","2.074359"
"130","360","473.994369","0.758228","0.051311","2.039118"
"140","360","462.521675","0.776952","0.048765","1.998359"
"150","360","451.591232","0.79572","0.046601","1.954214"
"160","360","441.165485","0.814223","0.044769","1.908355"
"170","360","431.210267","0.832207","0.043225","1.862199"
"180","360","421.694428","0.849479","0.041928","1.816963"
"190","360","412.589506","0.865912","0.040843","1.773593"
"200","360","403.869449","0.881432","0.039938","1.732719"
"210","360","395.510359","0.896011","0.039187","1.694674"
"220","360","387.490277","0.909653","0.038565","1.659563"
"230","360","379.788989","0.922382","0.038055","1.627334"
"240","360","372.387859","0.934237","0.037639","1.597844"
"250","360","365.269674","0.945265","0.037305","1.570898"
"260","360","358.418512","0.955516","0.037039","1.546282"
"270","360","351.819626","0.965042","0.036834","1.523783"
"280","360","345.459333","0.973893","0.036681","1.503194"
"290","360","339.324922","0.982118","0.036572","1.484324"
"300","360","333.404571","0.989763","0.036503","1.467"
"310","360","327.687267","0.99687","0.036468","1.451064"
"320","360","322.162741","1.00348","0.036463","1.436375"
"330","360","316.821404","1.00963","0.036484","1.422808"
"340","360","311.654293","1.015355","0.036529","1.410252"
"350","360","306.653021","1.020686","0.036595","1.398609"
"360","360","301.809729","1.025652","0.036679","1.38779"
"370","360","297.117049","1.030281","0.036779","1.377719"
"380","360","292.568062","1.034596","0.036894","1.368326"
"390","360","288.156269","1.038621","0.037022","1.359549"
"400","360","283.875555","1.042376","0.037161","1.351335"
"410","360","279.720164","1.04588","0.037311","1.343634"
"420","360","275.684671","1.049152","0.037471","1.336403"
"430","360","271.763962","1.052206","0.037638","1.329603"
"440","360","267.953207","1.055059","0.037813","1.323199"
"450","360","264.247846","1.057724","0.037995","1.317159"
"460","360","260.643565","1.060213","0.038183","1.311455"
"470","360","257.136285","1.062538","0.038377","1.306061"
"480","360","253.72214","1.06471","0.038575","1.300955"
"490","360","250.397471","1.066739","0.038778","1.296114"
"500","360","247.158805","1.068635","0.038985","1.291521"
"-40","370","842.307572","0.70608","0.25585","1.833807"
"-30","370","807.666092","0.693803","0.224156","1.857979"
"-20","370","775.761447","0.683641","0.197593","1.882943"
"-10","370","746.281628","0.675508","0.175145","1.908556"
"0","370","718.960316","0.669349","0.156041","1.934592"
"10","370","693.568816","0.665137","0.13969","1.960696"
"20","370","669.909638","0.66287","0.12563","1.986298"
"30","370","647.811349","0.66256","0.113493","2.010844"
"40","370","627.124414","0.664238","0.102981","2.034441"
"50","370","607.71781","0.667944","0.09385","2.056486"
"60","370","589.476243","0.673711","0.085898","2.075063"
"70","370","572.297859","0.681555","0.078959","2.089384"
"80","370","556.092341","0.691467","0.072892","2.099227"
"90","370","540.779321","0.703394","0.067583","2.10309"
"100","370","526.287044","0.717185","0.062943","2.098526"
"110","370","512.551247","0.732575","0.058901","2.083762"
"120","370","499.514207","0.749199","0.055399","2.059052"
"130","370","487.123925","0.766657","0.052382","2.02642"
"140","370","475.333439","0.784569","0.049794","1.988333"
"150","370","464.100225","0.802593","0.047584","1.946839"
"160","370","453.385687","0.820436","0.045704","1.903507"
"170","370","443.154711","0.837849","0.044111","1.859619"
"180","370","433.375285","0.854644","0.042765","1.816287"
"190","370","424.018159","0.870684","0.041632","1.774418"
"200","370","415.056558","0.885884","0.040682","1.734665"
"210","370","406.465922","0.900206","0.039888","1.697419"
"220","370","398.223685","0.91364","0.039227","1.66285"
"230","370","390.309074","0.926203","0.03868","1.630969"
"240","370","382.702934","0.937925","0.03823","1.601682"
"250","370","375.387576","0.948847","0.037864","1.574834"
"260","370","368.346639","0.959012","0.03757","1.550242"
"270","370","361.564964","0.96847","0.037338","1.527713"
"280","370","355.028492","0.977265","0.03716","1.50706"
"290","370","348.724159","0.985445","0.037029","1.488102"
"300","370","342.639816","0.993053","0.036939","1.470673"
"310","370","336.764144","1.000131","0.036885","1.454623"
"320","370","331.086589","1.006717","0.036862","1.439816"
"330","370","325.597298","1.012848","0.036867","1.426129"
"340","370","320.287059","1.018556","0.036896","1.413454"
"350","370","315.147252","1.023873","0.036948","1.401693"
"360","370","310.169802","1.028828","0.037018","1.39076"
"370","370","305.347136","1.033447","0.037106","1.380577"
"380","370","300.672143","1.037754","0.037209","1.371076"
"390","370","296.138144","1.041772","0.037326","1.362197"
"400","370","291.738855","1.04552","0.037455","1.353884"
"410","370","287.46836","1.049019","0.037595","1.346089"
"420","370","283.321085","1.052284","0.037745","1.338768"
"430","370","279.291773","1.055334","0.037904","1.331882"
"440","370","275.375462","1.058181","0.038071","1.325396"
"450","370","271.567462","1.06084","0.038245","1.319278"
"460","370","267.863344","1.063324","0.038426","1.3135"
"470","370","264.258912","1.065644","0.038612","1.308036"
"480","370","260.750196","1.067811","0.038804","1.302862"
"490","370","257.333434","1.069835","0.039001","1.297958"
"500","370","254.005058","1.071725","0.039202","1.293303"
"-40","380","865.010469","0.724125","0.257395","1.829645"
"-30","380","829.435291","0.711393","0.225636","1.853252"
"-20","380","796.670713","0.700811","0.199016","1.877534"
"-10","380","766.396317","0.692282","0.176519","1.902337"
"0","380","738.338608","0.685744","0.157374","1.927429"
"10","380","712.262726","0.681162","0.140987","1.952457"
"20","380","687.965857","0.678523","0.126895","1.976865"
"30","380","665.271948","0.677829","0.114732","2.000113"
"40","380","644.027434","0.679097","0.104198","2.022253"
"50","380","624.097759","0.682355","0.095048","2.042725"
"60","380","605.364523","0.687621","0.08708","2.059782"
"70","380","587.723127","0.694896","0.080128","2.072686"
"80","380","571.080818","0.704164","0.07405","2.081329"
"90","380","555.355062","0.715365","0.06873","2.084554"
"100","380","540.472172","0.728364","0.064075","2.080316"
"110","380","526.366151","0.742921","0.060013","2.066922"
"120","380","512.977721","0.758704","0.056483","2.044284"
"130","380","500.253481","0.775342","0.053431","2.014006"
"140","380","488.145204","0.792474","0.050805","1.978334"
"150","380","476.609219","0.809776","0.048552","1.93924"
"160","380","465.605889","0.826968","0.046627","1.898223"
"170","380","455.099156","0.843814","0.044987","1.856464"
"180","380","445.056142","0.860124","0.043595","1.814973"
"190","380","435.446812","0.875758","0.042417","1.774602"
"200","380","426.243667","0.890625","0.041423","1.736004"
"210","380","417.421486","0.904673","0.040588","1.699607"
"220","380","408.957094","0.917885","0.039888","1.665636"
"230","380","400.829158","0.930266","0.039305","1.634156"
"240","380","393.018008","0.941841","0.038823","1.605121"
"250","380","385.505478","0.952642","0.038426","1.578415"
"260","380","378.274765","0.96271","0.038103","1.553885"
"270","380","371.310303","0.972087","0.037845","1.531362"
"280","380","364.597651","0.980816","0.037643","1.510672"
"290","380","358.123397","0.988941","0.03749","1.491651"
"300","380","351.87506","0.996503","0.037379","1.47414"
"310","380","345.84102","1.003542","0.037306","1.457995"
"320","380","340.010437","1.010096","0.037265","1.443086"
"330","380","334.373192","1.016199","0.037253","1.429294"
"340","380","328.919825","1.021884","0.037267","1.416512"
"350","380","323.641484","1.027181","0.037304","1.404644"
"360","380","318.529876","1.032119","0.037361","1.393606"
"370","380","313.577223","1.036722","0.037436","1.383321"
"380","380","308.776224","1.041015","0.037528","1.373721"
"390","380","304.120019","1.04502","0.037633","1.364746"
"400","380","299.602155","1.048757","0.037752","1.356341"
"410","380","295.216557","1.052245","0.037882","1.348458"
"420","380","290.9575","1.055501","0.038023","1.341053"
"430","380","286.819585","1.058541","0.038173","1.334086"
"440","380","282.797716","1.061379","0.038332","1.327523"
"450","380","278.887079","1.06403","0.038498","1.321331"
"460","380","275.083122","1.066505","0.038671","1.315482"
"470","380","271.381539","1.068817","0.038851","1.309951"
"480","380","267.778253","1.070976","0.039036","1.304713"
"490","380","264.269398","1.072991","0.039226","1.299747"
"500","380","260.851311","1.074873","0.039421","1.295034"
"-40","390","887.713366","0.742131","0.258934","1.825575"
"-30","390","851.204489","0.728942","0.227108","1.848642"
"-20","390","817.579978","0.717936","0.200432","1.872272"
"-10","390","786.511007","0.709009","0.177886","1.896306"
"0","390","757.716901","0.70209","0.158698","1.920507"
"10","390","730.956636","0.697136","0.142273","1.944524"
"20","390","706.022075","0.694124","0.12815","1.967818"
"30","390","682.732546","0.693047","0.115958","1.989863"
"40","390","660.930453","0.69391","0.1054","2.010668"
"50","390","640.477708","0.696728","0.096229","2.029708"
"60","390","621.252803","0.701506","0.088244","2.045388"
"70","390","603.148394","0.708234","0.081277","2.057023"
"80","390","586.069295","0.716886","0.075186","2.06458"
"90","390","569.930804","0.7274","0.069853","2.067181"
"100","390","554.6573","0.739648","0.065182","2.063129"
"110","390","540.181055","0.753415","0.0611","2.050862"
"120","390","526.441235","0.768398","0.057544","2.030047"
"130","390","513.383037","0.784252","0.054461","2.001899"
"140","390","500.956968","0.800634","0.051797","1.968424"
"150","390","489.118212","0.817237","0.049505","1.931511"
"160","390","477.826091","0.833793","0.047537","1.892612"
"170","390","467.0436","0.850075","0.045854","1.852837"
"180","390","456.737","0.865896","0.044418","1.813107"
"190","390","446.875465","0.881117","0.043197","1.774211"
"200","390","437.430775","0.895637","0.042162","1.736784"
"210","390","428.377049","0.909398","0.041287","1.701274"
"220","390","419.690503","0.922373","0.04055","1.667948"
"230","390","411.349243","0.93456","0.039932","1.636917"
"240","390","403.333083","0.945974","0.039417","1.60818"
"250","390","395.62338","0.956643","0.03899","1.581657"
"260","390","388.202891","0.966601","0.03864","1.557225"
"270","390","381.055641","0.975885","0.038356","1.534738"
"280","390","374.166811","0.984538","0.038129","1.51404"
"290","390","367.522634","0.992598","0.037954","1.494978"
"300","390","361.110305","1.000106","0.037822","1.477406"
"310","390","354.917897","1.007099","0.03773","1.461185"
"320","390","348.934285","1.013612","0.037671","1.44619"
"330","390","343.149086","1.019681","0.037643","1.432306"
"340","390","337.552591","1.025336","0.037642","1.419429"
"350","390","332.135716","1.030606","0.037664","1.407466"
"360","390","326.889949","1.03552","0.037708","1.396333"
"370","390","321.80731","1.040102","0.03777","1.385954"
"380","390","316.880305","1.044377","0.03785","1.376263"
"390","390","312.101895","1.048364","0.037944","1.3672"
"400","390","307.465456","1.052085","0.038052","1.358709"
"410","390","302.964754","1.055558","0.038173","1.350743"
"420","390","298.593914","1.0588","0.038304","1.343258"
"430","390","294.347396","1.061827","0.038445","1.336215"
"440","390","290.21997","1.064652","0.038596","1.329579"
"450","390","286.206695","1.067291","0.038754","1.323317"
"460","390","282.3029","1.069754","0.03892","1.317402"
"470","390","278.504167","1.072055","0.039092","1.311807"
"480","390","274.806309","1.074202","0.03927","1.306508"
"490","390","271.205361","1.076206","0.039454","1.301484"
"500","390","267.697564","1.078077","0.039643","1.296715"
"-40","400","910.416264","0.7601","0.260466","1.821594"
"-30","400","872.973687","0.746452","0.228575","1.844144"
"-20","400","838.489243","0.735019","0.201841","1.867151"
"-10","400","806.625696","0.72569","0.179244","1.890453"
"0","400","777.095193","0.718388","0.160013","1.913811"
"10","400","749.650545","0.71306","0.14355","1.936877"
"20","400","724.078294","0.709675","0.129393","1.959131"
"30","400","700.193145","0.708216","0.117172","1.98006"
"40","400","677.833472","0.708677","0.106588","1.999635"
"50","400","656.857657","0.711062","0.097395","2.017368"
"60","400","637.141083","0.715365","0.089391","2.031799"
"70","400","618.573661","0.721565","0.082408","2.042293"
"80","400","601.057771","0.729627","0.076302","2.048869"
"90","400","584.506545","0.739486","0.070954","2.050868"
"100","400","568.842428","0.751022","0.066267","2.046896"
"110","400","553.99596","0.764037","0.062165","2.035547"
"120","400","539.904749","0.778258","0.058584","2.016328"
"130","400","526.512593","0.79336","0.05547","1.990111"
"140","400","513.768733","0.809022","0.052773","1.958645"
"150","400","501.627205","0.824949","0.050442","1.923724"
"160","400","490.046293","0.840883","0.048435","1.886766"
"170","400","478.988044","0.856607","0.046711","1.848831"
"180","400","468.417857","0.87194","0.045234","1.810771"
"190","400","458.304117","0.886739","0.043972","1.773312"
"200","400","448.617884","0.900904","0.042897","1.737056"
"210","400","439.332613","0.914367","0.041984","1.702459"
"220","400","430.423911","0.927093","0.041211","1.669815"
"230","400","421.869327","0.939073","0.040559","1.639275"
"240","400","413.648157","0.950315","0.040012","1.610875"
"250","400","405.741282","0.960839","0.039555","1.584572"
"260","400","398.131017","0.970676","0.039178","1.560272"
"270","400","390.800979","0.979859","0.038868","1.537851"
"280","400","383.73597","0.988425","0.038618","1.517171"
"290","400","376.921871","0.996412","0.038421","1.498092"
"300","400","370.34555","1.003857","0.038269","1.480477"
"310","400","363.994773","1.010795","0.038157","1.464198"
"320","400","357.858134","1.017261","0.038081","1.449132"
"330","400","351.92498","1.023288","0.038036","1.43517"
"340","400","346.185357","1.028907","0.03802","1.42221"
"350","400","340.629948","1.034145","0.038028","1.410162"
"360","400","335.250023","1.039029","0.038058","1.398943"
"370","400","330.037397","1.043585","0.038107","1.388479"
"380","400","324.984386","1.047835","0.038175","1.378704"
"390","400","320.08377","1.051801","0.038258","1.369559"
"400","400","315.328756","1.055501","0.038356","1.360988"
"410","400","310.71295","1.058955","0.038466","1.352945"
"420","400","306.230328","1.062179","0.038588","1.345386"
"430","400","301.875207","1.065189","0.038721","1.338272"
"440","400","297.642224","1.067999","0.038862","1.331567"
"450","400","293.526311","1.070622","0.039013","1.325239"
"460","400","289.522679","1.07307","0.039171","1.319261"
"470","400","285.626794","1.075356","0.039336","1.313605"
"480","400","281.834365","1.077489","0.039508","1.308248"
"490","400","278.141325","1.07948","0.039685","1.303168"
"500","400","274.543817","1.081337","0.039867","1.298346"
"-40","410","933.119161","0.778033","0.261993","1.817699"
"-30","410","894.742885","0.763921","0.230034","1.839752"
"-20","410","859.398508","0.752059","0.203242","1.862164"
"-10","410","826.740385","0.742327","0.180595","1.88477"
"0","410","796.473485","0.734639","0.161319","1.907329"
"10","410","768.344455","0.728936","0.144818","1.9295"
"20","410","742.134513","0.725177","0.130626","1.950779"
"30","410","717.653744","0.723337","0.118374","1.970669"
"40","410","694.736492","0.7234","0.107764","1.989111"
"50","410","673.237606","0.725358","0.098547","2.005647"
"60","410","653.029363","0.729197","0.090523","2.018942"
"70","410","633.998929","0.734885","0.08352","2.028406"
"80","410","616.046248","0.742381","0.077398","2.034094"
"90","410","599.082287","0.751615","0.072034","2.035521"
"100","410","583.027556","0.762472","0.067331","2.031551"
"110","410","567.810864","0.774772","0.063209","2.020943"
"120","410","553.368263","0.788263","0.059604","2.003114"
"130","410","539.642149","0.802646","0.056462","1.978645"
"140","410","526.580497","0.817614","0.053731","1.949026"
"150","410","514.136199","0.832886","0.051366","1.915935"
"160","410","502.266495","0.848214","0.049321","1.880759"
"170","410","490.932489","0.863388","0.047559","1.844528"
"180","410","480.098714","0.878233","0.046042","1.808041"
"190","410","469.73277","0.892609","0.044742","1.771966"
"200","410","459.804993","0.90641","0.043629","1.73687"
"210","410","450.288176","0.919565","0.042679","1.7032"
"220","410","441.15732","0.932032","0.041871","1.671266"
"230","410","432.389412","0.943794","0.041186","1.641251"
"240","410","423.963232","0.954852","0.040608","1.613224"
"250","410","415.859185","0.965222","0.040122","1.587176"
"260","410","408.059144","0.974928","0.039717","1.563039"
"270","410","400.546318","0.984","0.039382","1.540711"
"280","410","393.30513","0.992471","0.039109","1.520073"
"290","410","386.321109","1.000376","0.03889","1.500999"
"300","410","379.580795","1.00775","0.038718","1.483361"
"310","410","373.07165","1.014626","0.038587","1.467039"
"320","410","366.781982","1.021038","0.038493","1.451917"
"330","410","360.700874","1.027018","0.038432","1.437889"
"340","410","354.818123","1.032593","0.0384","1.424858"
"350","410","349.124179","1.037793","0.038394","1.412735"
"360","410","343.610096","1.042643","0.03841","1.401439"
"370","410","338.267484","1.047168","0.038448","1.390899"
"380","410","333.088467","1.051389","0.038503","1.381047"
"390","410","328.065645","1.055328","0.038575","1.371826"
"400","410","323.192056","1.059004","0.038662","1.363182"
"410","410","318.461147","1.062435","0.038763","1.355067"
"420","410","313.866742","1.065637","0.038875","1.347439"
"430","410","309.403018","1.068626","0.038999","1.340257"
"440","410","305.064478","1.071416","0.039132","1.333487"
"450","410","300.845927","1.074021","0.039275","1.327098"
"460","410","296.742457","1.076452","0.039425","1.321059"
"470","410","292.749421","1.07872","0.039583","1.315346"
"480","410","288.862421","1.080837","0.039748","1.309934"
"490","410","285.077288","1.082811","0.039918","1.304802"
"500","410","281.39007","1.084652","0.040095","1.299929"
"-40","420","955.822058","0.795929","0.263514","1.813886"
"-30","420","916.512083","0.781353","0.231487","1.835462"
"-20","420","880.307774","0.769058","0.204637","1.857305"
"-10","420","846.855075","0.75892","0.181939","1.879247"
"0","420","815.851777","0.750845","0.162618","1.90105"
"10","420","787.038365","0.744765","0.146077","1.922375"
"20","420","760.190731","0.740631","0.131849","1.94274"
"30","420","735.114342","0.738411","0.119566","1.961662"
"40","420","711.639511","0.738078","0.108927","1.979057"
"50","420","689.617555","0.739617","0.099686","1.994494"
"60","420","668.917643","0.743001","0.091639","2.006753"
"70","420","649.424196","0.748192","0.084617","2.015284"
"80","420","631.034724","0.755142","0.078476","2.02017"
"90","420","613.658028","0.763777","0.073095","2.021057"
"100","420","597.212684","0.773986","0.068374","2.017031"
"110","420","581.625768","0.785603","0.064233","2.007017"
"120","420","566.831776","0.798396","0.060605","1.990392"
"130","420","552.771705","0.812087","0.057435","1.967501"
"140","420","539.392262","0.826388","0.054674","1.939583"
"150","420","526.645192","0.841025","0.052275","1.908183"
"160","420","514.486697","0.855763","0.050195","1.87465"
"170","420","502.876933","0.870397","0.048396","1.839997"
"180","420","491.779572","0.884759","0.046843","1.804985"
"190","420","481.161423","0.898709","0.045505","1.770235"
"200","420","470.992102","0.912141","0.044355","1.736274"
"210","420","461.24374","0.92498","0.04337","1.703532"
"220","420","451.890729","0.937178","0.042529","1.672329"
"230","420","442.909496","0.948712","0.041812","1.642867"
"240","420","434.278306","0.959577","0.041203","1.615245"
"250","420","425.977087","0.969783","0.040689","1.589482"
"260","420","417.98727","0.979349","0.040258","1.565536"
"270","420","410.291656","0.988301","0.039898","1.543328"
"280","420","402.874289","0.996669","0.039602","1.522755"
"290","420","395.720346","1.004484","0.039361","1.503706"
"300","420","388.816039","1.01178","0.039169","1.486064"
"310","420","382.148526","1.018588","0.03902","1.469715"
"320","420","375.70583","1.024939","0.038908","1.45455"
"330","420","369.476769","1.030864","0.038831","1.440469"
"340","420","363.45089","1.036392","0.038783","1.427378"
"350","420","357.618411","1.041548","0.038763","1.415189"
"360","420","351.97017","1.046359","0.038766","1.403826"
"370","420","346.497571","1.050847","0.03879","1.393215"
"380","420","341.192548","1.055035","0.038834","1.383294"
"390","420","336.04752","1.058943","0.038895","1.374004"
"400","420","331.055356","1.062591","0.038971","1.365292"
"410","420","326.209343","1.065995","0.039062","1.357111"
"420","420","321.503157","1.069172","0.039165","1.349417"
"430","420","316.93083","1.072137","0.03928","1.342173"
"440","420","312.486732","1.074904","0.039405","1.335343"
"450","420","308.165544","1.077487","0.039539","1.328894"
"460","420","303.962235","1.079897","0.039682","1.3228"
"470","420","299.872049","1.082145","0.039832","1.317032"
"480","420","295.890477","1.084242","0.03999","1.311568"
"490","420","292.013252","1.086198","0.040154","1.306385"
"500","420","288.236323","1.088021","0.040324","1.301465"
"-40","430","978.524956","0.813789","0.265029","1.810153"
"-30","430","938.281281","0.798746","0.232935","1.83127"
"-20","430","901.217039","0.786017","0.206025","1.852569"
"-10","430","866.969764","0.775471","0.183275","1.873878"
"0","430","835.230069","0.767006","0.163908","1.894961"
"10","430","805.732274","0.760547","0.147327","1.915489"
"20","430","778.24695","0.756039","0.133063","1.934995"
"30","430","752.574941","0.753439","0.120747","1.953013"
"40","430","728.542531","0.752714","0.110079","1.969438"
"50","430","705.997504","0.753837","0.100811","1.983863"
"60","430","684.805924","0.756776","0.092741","1.995174"
"70","430","664.849464","0.761484","0.085698","2.00286"
"80","430","646.023201","0.767906","0.079537","2.007017"
"90","430","628.23377","0.775966","0.074138","2.0074"
"100","430","611.397812","0.785555","0.069399","2.003278"
"110","430","595.440672","0.796518","0.065238","1.993735"
"120","430","580.29529","0.808642","0.061588","1.978148"
"130","430","565.901261","0.821668","0.058392","1.956679"
"140","430","552.204026","0.835324","0.055601","1.930329"
"150","430","539.154185","0.849348","0.05317","1.900498"
"160","430","526.706899","0.86351","0.051057","1.868487"
"170","430","514.821377","0.877615","0.049223","1.835295"
"180","430","503.460429","0.891498","0.047634","1.801663"
"190","430","492.590075","0.905022","0.046261","1.768172"
"200","430","482.17921","0.918082","0.045077","1.735313"
"210","430","472.199303","0.930599","0.044059","1.703494"
"220","430","462.624138","0.942521","0.043184","1.673033"
"230","430","453.429581","0.953818","0.042436","1.644145"
"240","430","444.593381","0.964481","0.041798","1.616955"
"250","430","436.094989","0.974514","0.041257","1.591504"
"260","430","427.915396","0.983931","0.040799","1.567776"
"270","430","420.036994","0.992755","0.040415","1.545711"
"280","430","412.443448","1.001012","0.040096","1.525226"
"290","430","405.119583","1.008731","0.039834","1.506221"
"300","430","398.051284","1.015941","0.039622","1.488591"
"310","430","391.225402","1.022674","0.039454","1.47223"
"320","430","384.629678","1.028959","0.039326","1.457037"
"330","430","378.252663","1.034825","0.039232","1.442914"
"340","430","372.083656","1.040299","0.039169","1.429773"
"350","430","366.112643","1.045406","0.039134","1.417528"
"360","430","360.330243","1.050172","0.039124","1.406105"
"370","430","354.727658","1.05462","0.039136","1.395433"
"380","430","349.296629","1.058771","0.039168","1.385449"
"390","430","344.029395","1.062644","0.039217","1.376095"
"400","430","338.918656","1.066259","0.039283","1.367321"
"410","430","333.95754","1.069632","0.039364","1.359078"
"420","430","329.139571","1.072781","0.039457","1.351324"
"430","430","324.458641","1.075719","0.039563","1.344021"
"440","430","319.908986","1.07846","0.039679","1.337134"
"450","430","315.48516","1.081018","0.039806","1.330631"
"460","430","311.182014","1.083405","0.039941","1.324482"
"470","430","306.994676","1.08563","0.040084","1.318663"
"480","430","302.918533","1.087706","0.040235","1.31315"
"490","430","298.949215","1.08964","0.040393","1.30792"
"500","430","295.082576","1.091443","0.040556","1.302953"
"-40","440","1001.227853","0.831614","0.266539","1.806496"
"-30","440","960.050479","0.816102","0.234376","1.827173"
"-20","440","922.126304","0.802937","0.207407","1.847949"
"-10","440","887.084454","0.79198","0.184605","1.868654"
"0","440","854.608362","0.783124","0.165191","1.889055"
"10","440","824.426184","0.776285","0.148569","1.908827"
"20","440","796.303169","0.771401","0.134268","1.927525"
"30","440","770.03554","0.768422","0.121919","1.944697"
"40","440","745.44555","0.767307","0.11122","1.960222"
"50","440","722.377453","0.76802","0.101925","1.973714"
"60","440","700.694204","0.770522","0.09383","1.984156"
"70","440","680.274731","0.774759","0.086764","1.991072"
"80","440","661.011678","0.78067","0.080584","1.994569"
"90","440","642.809511","0.788176","0.075165","1.994483"
"100","440","625.58294","0.79717","0.070407","1.990238"
"110","440","609.255576","0.807506","0.066226","1.981064"
"120","440","593.758804","0.818987","0.062553","1.966369"
"130","440","579.030817","0.831373","0.059332","1.946175"
"140","440","565.015791","0.844406","0.056514","1.921271"
"150","440","551.663178","0.857834","0.054052","1.8929"
"160","440","538.927101","0.871437","0.051907","1.862304"
"170","440","526.765822","0.885024","0.05004","1.830471"
"180","440","515.141286","0.898434","0.048418","1.798127"
"190","440","504.018728","0.911534","0.047011","1.765829"
"200","440","493.366319","0.92422","0.045794","1.734032"
"210","440","483.154867","0.93641","0.044743","1.70312"
"220","440","473.357546","0.948048","0.043837","1.673404"
"230","440","463.949665","0.959101","0.043059","1.645108"
"240","440","454.908456","0.969554","0.042392","1.61837"
"250","440","446.212891","0.979406","0.041824","1.593256"
"260","440","437.843522","0.988668","0.041341","1.569769"
"270","440","429.782333","0.997356","0.040933","1.547871"
"280","440","422.012608","1.005495","0.040592","1.527493"
"290","440","414.518821","1.01311","0.040308","1.50855"
"300","440","407.286529","1.02023","0.040077","1.490948"
"310","440","400.302279","1.026882","0.03989","1.47459"
"320","440","393.553526","1.033094","0.039745","1.459381"
"330","440","387.028557","1.038895","0.039635","1.445229"
"340","440","380.716422","1.04431","0.039557","1.432047"
"350","440","374.606875","1.049364","0.039508","1.419756"
"360","440","368.690317","1.054081","0.039484","1.40828"
"370","440","362.957745","1.058484","0.039483","1.397553"
"380","440","357.40071","1.062593","0.039503","1.387513"
"390","440","352.01127","1.066428","0.039542","1.378102"
"400","440","346.781956","1.070006","0.039597","1.36927"
"410","440","341.705737","1.073346","0.039668","1.360971"
"420","440","336.775985","1.076462","0.039752","1.353161"
"430","440","331.986452","1.07937","0.039849","1.345803"
"440","440","327.33124","1.082083","0.039957","1.338863"
"450","440","322.804776","1.084614","0.040075","1.332308"
"460","440","318.401792","1.086974","0.040202","1.326109"
"470","440","314.117303","1.089174","0.040338","1.320242"
"480","440","309.94659","1.091225","0.040482","1.314681"
"490","440","305.885178","1.093136","0.040633","1.309406"
"500","440","301.928829","1.094916","0.04079","1.304396"
"-40","450","1023.93075","0.849405","0.268043","1.802913"
"-30","450","981.819677","0.833421","0.235811","1.823166"
"-20","450","943.03557","0.819818","0.208782","1.843441"
"-10","450","907.199143","0.808448","0.185927","1.863569"
"0","450","873.986654","0.799199","0.166467","1.88332"
"10","450","843.120093","0.791979","0.149802","1.902378"
"20","450","814.359388","0.786719","0.135464","1.920313"
"30","450","787.496139","0.783361","0.123081","1.936692"
"40","450","762.348569","0.781858","0.112351","1.95138"
"50","450","738.757402","0.782167","0.103028","1.964011"
"60","450","716.582484","0.784238","0.094907","1.973654"
"70","450","695.699998","0.788016","0.087818","1.979868"
"80","450","676.000154","0.79343","0.081615","1.982764"
"90","450","657.385253","0.800401","0.076177","1.982245"
"100","450","639.768068","0.808824","0.071399","1.977858"
"110","450","623.07048","0.818558","0.067198","1.968972"
"120","450","607.222318","0.82942","0.063503","1.955039"
"130","450","592.160373","0.841188","0.060258","1.935985"
"140","450","577.827555","0.853618","0.057412","1.912411"
"150","450","564.172172","0.86647","0.054921","1.885404"
"160","450","551.147303","0.879528","0.052745","1.85613"
"170","450","538.710266","0.892607","0.050847","1.825564"
"180","450","526.822144","0.905551","0.049193","1.794425"
"190","450","515.447381","0.918231","0.047754","1.763251"
"200","450","504.553428","0.930541","0.046505","1.732471"
"210","450","494.11043","0.9424","0.045423","1.702446"
"220","450","484.090955","0.95375","0.044487","1.673472"
"230","450","474.469749","0.964553","0.043679","1.645776"
"240","450","465.22353","0.974789","0.042985","1.619509"
"250","450","456.330793","0.984453","0.04239","1.594751"
"260","450","447.771649","0.993551","0.041882","1.571527"
"270","450","439.527671","1.002097","0.041451","1.549815"
"280","450","431.581767","1.010112","0.041088","1.529564"
"290","450","423.918058","1.017617","0.040784","1.510701"
"300","450","416.521773","1.024639","0.040533","1.493143"
"310","450","409.379155","1.031205","0.040328","1.476802"
"320","450","402.477374","1.037339","0.040165","1.461588"
"330","450","395.804451","1.04307","0.04004","1.447417"
"340","450","389.349188","1.048421","0.039947","1.434205"
"350","450","383.101106","1.053418","0.039883","1.421875"
"360","450","377.05039","1.058082","0.039846","1.410355"
"370","450","371.187832","1.062436","0.039833","1.39958"
"380","450","365.504791","1.066499","0.039841","1.389489"
"390","450","359.993146","1.070292","0.039869","1.380027"
"400","450","354.645257","1.073831","0.039914","1.371143"
"410","450","349.453933","1.077133","0.039974","1.362791"
"420","450","344.412399","1.080215","0.040049","1.35493"
"430","450","339.514264","1.083089","0.040137","1.347521"
"440","450","334.753494","1.085771","0.040236","1.340531"
"450","450","330.124393","1.088271","0.040346","1.333927"
"460","450","325.621571","1.090602","0.040466","1.327682"
"470","450","321.239931","1.092775","0.040595","1.321769"
"480","450","316.974646","1.0948","0.040732","1.316164"
"490","450","312.821142","1.096685","0.040876","1.310846"
"500","450","308.775082","1.09844","0.041027","1.305795"
"-40","460","1046.633648","0.867162","0.269541","1.7994"
"-30","460","1003.588875","0.850704","0.237241","1.819245"
"-20","460","963.944835","0.83666","0.210152","1.83904"
"-10","460","927.313832","0.824877","0.187243","1.858616"
"0","460","893.364946","0.815232","0.167736","1.877748"
"10","460","861.814003","0.80763","0.151029","1.896129"
"20","460","832.415606","0.801993","0.136652","1.913345"
"30","460","804.956737","0.798258","0.124234","1.92898"
"40","460","779.251589","0.796369","0.113472","1.942887"
"50","460","755.137351","0.796276","0.104119","1.954721"
"60","460","732.470764","0.797925","0.095972","1.963627"
"70","460","711.125266","0.801252","0.088858","1.969199"
"80","460","690.988631","0.806184","0.082633","1.971549"
"90","460","671.960994","0.812638","0.077174","1.970629"
"100","460","653.953196","0.820509","0.072376","1.966093"
"110","460","636.885384","0.829664","0.068154","1.957427"
"120","460","620.685832","0.839931","0.064438","1.944144"
"130","460","605.289929","0.851102","0.061169","1.926105"
"140","460","590.63932","0.862948","0.058297","1.903752"
"150","460","576.681165","0.875239","0.055778","1.878018"
"160","460","563.367505","0.887767","0.053573","1.849986"
"170","460","550.654711","0.90035","0.051644","1.820605"
"180","460","538.503001","0.912835","0.04996","1.790594"
"190","460","526.876034","0.925098","0.04849","1.760479"
"200","460","515.740537","0.937033","0.047211","1.730669"
"210","460","505.065994","0.948559","0.046098","1.701504"
"220","460","494.824364","0.959617","0.045133","1.673264"
"230","460","484.989834","0.970164","0.044297","1.646172"
"240","460","475.538605","0.980177","0.043576","1.620387"
"250","460","466.448695","0.989647","0.042955","1.596003"
"260","460","457.699775","0.998575","0.042423","1.57306"
"270","460","449.273009","1.006973","0.041969","1.551554"
"280","460","441.150926","1.014856","0.041584","1.531447"
"290","460","433.317296","1.022246","0.04126","1.51268"
"300","460","425.757018","1.029165","0.04099","1.49518"
"310","460","418.456032","1.035639","0.040767","1.478869"
"320","460","411.401222","1.041691","0.040588","1.463663"
"330","460","404.580345","1.047347","0.040446","1.449483"
"340","460","397.981954","1.05263","0.040338","1.436249"
"350","460","391.595338","1.057565","0.040261","1.423889"
"360","460","385.410464","1.062172","0.040211","1.412333"
"370","460","379.41792","1.066473","0.040185","1.401517"
"380","460","373.608872","1.070487","0.040181","1.391381"
"390","460","367.975021","1.074234","0.040198","1.381873"
"400","460","362.508557","1.07773","0.040232","1.372941"
"410","460","357.20213","1.080992","0.040282","1.364542"
"420","460","352.048813","1.084036","0.040348","1.356633"
"430","460","347.042075","1.086874","0.040427","1.349177"
"440","460","342.175748","1.089521","0.040517","1.34214"
"450","460","337.444009","1.091989","0.04062","1.335491"
"460","460","332.841349","1.094289","0.040732","1.329202"
"470","460","328.362558","1.096432","0.040853","1.323245"
"480","460","324.002702","1.098428","0.040983","1.317599"
"490","460","319.757105","1.100285","0.04112","1.31224"
"500","460","315.621335","1.102014","0.041265","1.30715"
"-40","470","1069.336545","0.884885","0.271035","1.795957"
"-30","470","1025.358073","0.867952","0.238665","1.815408"
"-20","470","984.8541","0.853465","0.211515","1.834741"
"-10","470","947.428522","0.841266","0.188553","1.85379"
"0","470","912.743238","0.831224","0.168998","1.872332"
"10","470","880.507913","0.823238","0.152248","1.89007"
"20","470","850.471825","0.817225","0.137832","1.906606"
"30","470","822.417336","0.813113","0.125378","1.921541"
"40","470","796.154608","0.81084","0.114583","1.934719"
"50","470","771.5173","0.81035","0.105201","1.945814"
"60","470","748.359044","0.811582","0.097026","1.95404"
"70","470","726.550533","0.814468","0.089887","1.959024"
"80","470","705.977107","0.81893","0.083638","1.960875"
"90","470","686.536735","0.824882","0.078157","1.959586"
"100","470","668.138324","0.83222","0.073338","1.954897"
"110","470","650.700288","0.840816","0.069096","1.9464"
"120","470","634.149346","0.850509","0.065358","1.933669"
"130","470","618.419485","0.861104","0.062066","1.91653"
"140","470","603.451084","0.872384","0.059169","1.895296"
"150","470","589.190158","0.88413","0.056623","1.870751"
"160","470","575.587707","0.89614","0.05439","1.843886"
"170","470","562.599155","0.908238","0.052432","1.815619"
"180","470","550.183858","0.920273","0.050718","1.786666"
"190","470","538.304686","0.932123","0.049219","1.757548"
"200","470","526.927646","0.943685","0.04791","1.728661"
"210","470","516.021557","0.954877","0.046769","1.700324"
"220","470","505.557772","0.965639","0.045776","1.672804"
"230","470","495.509918","0.975925","0.044913","1.646316"
"240","470","485.853679","0.98571","0.044165","1.621022"
"250","470","476.566597","0.994979","0.04352","1.597025"
"260","470","467.627901","1.003732","0.042964","1.57438"
"270","470","459.018348","1.011975","0.042487","1.553096"
"280","470","450.720086","1.019723","0.042081","1.533149"
"290","470","442.716533","1.026991","0.041737","1.514493"
"300","470","434.992263","1.033803","0.041447","1.497066"
"310","470","427.532908","1.04018","0.041207","1.480797"
"320","470","420.32507","1.046145","0.041011","1.46561"
"330","470","413.356239","1.051722","0.040854","1.451431"
"340","470","406.61472","1.056933","0.040731","1.438185"
"350","470","400.08957","1.061801","0.04064","1.425802"
"360","470","393.770537","1.066347","0.040576","1.414217"
"370","470","387.648007","1.070592","0.040538","1.403365"
"380","470","381.712953","1.074554","0.040523","1.393191"
"390","470","375.956896","1.078252","0.040528","1.383641"
"400","470","370.371857","1.081702","0.040552","1.374667"
"410","470","364.950326","1.084921","0.040593","1.366224"
"420","470","359.685228","1.087924","0.040649","1.358272"
"430","470","354.569886","1.090723","0.040718","1.350772"
"440","470","349.598002","1.093334","0.040801","1.343692"
"450","470","344.763625","1.095766","0.040895","1.337001"
"460","470","340.061127","1.098033","0.040999","1.33067"
"470","470","335.485185","1.100144","0.041113","1.324673"
"480","470","331.030758","1.102108","0.041236","1.318987"
"490","470","326.693069","1.103936","0.041367","1.31359"
"500","470","322.467588","1.105636","0.041505","1.308463"
"-40","480","1092.039442","0.902576","0.272523","1.792579"
"-30","480","1047.127271","0.885165","0.240084","1.811652"
"-20","480","1005.763366","0.870234","0.212873","1.830541"
"-10","480","967.543211","0.857616","0.189857","1.849084"
"0","480","932.12153","0.847177","0.170254","1.867063"
"10","480","899.201822","0.838806","0.15346","1.88419"
"20","480","868.528044","0.832415","0.139005","1.900084"
"30","480","839.877935","0.827926","0.126514","1.914359"
"40","480","813.057627","0.825272","0.115686","1.926856"
"50","480","787.897249","0.824388","0.106273","1.937263"
"60","480","764.247324","0.825209","0.09807","1.944861"
"70","480","741.975801","0.827662","0.090904","1.949304"
"80","480","720.965584","0.831665","0.084632","1.9507"
"90","480","701.112477","0.83713","0.079128","1.949071"
"100","480","682.323452","0.843953","0.074288","1.944231"
"110","480","664.515192","0.852009","0.070024","1.935859"
"120","480","647.61286","0.861147","0.066265","1.923598"
"130","480","631.549041","0.871183","0.06295","1.907256"
"140","480","616.262849","0.881914","0.060028","1.887043"
"150","480","601.699152","0.893131","0.057457","1.863607"
"160","480","587.807909","0.904637","0.055196","1.837842"
"170","480","574.543599","0.916259","0.05321","1.810626"
"180","480","561.864716","0.927853","0.051468","1.782668"
"190","480","549.733339","0.939295","0.049941","1.75449"
"200","480","538.114754","0.950485","0.048604","1.726478"
"210","480","526.977121","0.961344","0.047435","1.698937"
"220","480","516.291181","0.971807","0.046414","1.672119"
"230","480","506.030003","0.981829","0.045525","1.64623"
"240","480","496.168754","0.991381","0.044752","1.62143"
"250","480","486.6845","1.000445","0.044082","1.597831"
"260","480","477.556027","1.009017","0.043503","1.575497"
"270","480","468.763686","1.017101","0.043005","1.554449"
"280","480","460.289245","1.024706","0.042577","1.534678"
"290","480","452.11577","1.031849","0.042213","1.516147"
"300","480","444.227508","1.038548","0.041906","1.498806"
"310","480","436.609785","1.044823","0.041648","1.48259"
"320","480","429.248918","1.050697","0.041435","1.467433"
"330","480","422.132133","1.05619","0.041262","1.453264"
"340","480","415.247486","1.061325","0.041125","1.440015"
"350","480","408.583802","1.066124","0.04102","1.427618"
"360","480","402.13061","1.070605","0.040944","1.416009"
"370","480","395.878094","1.07479","0.040893","1.405129"
"380","480","389.817034","1.078697","0.040866","1.394922"
"390","480","383.938771","1.082342","0.040861","1.385336"
"400","480","378.235157","1.085744","0.040874","1.376323"
"410","480","372.698523","1.088917","0.040905","1.367841"
"420","480","367.321642","1.091876","0.040951","1.359848"
"430","480","362.097697","1.094635","0.041012","1.352309"
"440","480","357.020257","1.097206","0.041086","1.345189"
"450","480","352.083241","1.099601","0.041172","1.338458"
"460","480","347.280906","1.101832","0.041269","1.332088"
"470","480","342.607813","1.103908","0.041375","1.326053"
"480","480","338.058814","1.10584","0.041491","1.32033"
"490","480","333.629032","1.107636","0.041615","1.314897"
"500","480","329.313841","1.109305","0.041747","1.309734"
"-40","490","1114.74234","0.920234","0.274006","1.789265"
"-30","490","1068.896469","0.902343","0.241497","1.807972"
"-20","490","1026.672631","0.886967","0.214225","1.826436"
"-10","490","987.6579","0.873929","0.191155","1.844494"
"0","490","951.499822","0.86309","0.171503","1.861935"
"10","490","917.895732","0.854334","0.154665","1.878481"
"20","490","886.584262","0.847565","0.14017","1.893765"
"30","490","857.338534","0.8427","0.127642","1.907419"
"40","490","829.960647","0.839665","0.11678","1.919277"
"50","490","804.277198","0.838391","0.107336","1.929045"
"60","490","780.135604","0.838807","0.099103","1.936061"
"70","490","757.401068","0.840834","0.091911","1.940006"
"80","490","735.954061","0.844388","0.085614","1.940985"
"90","490","715.688218","0.849379","0.080086","1.939045"
"100","490","696.50858","0.855702","0.075224","1.934056"
"110","490","678.330097","0.863237","0.07094","1.925778"
"120","490","661.076374","0.871837","0.067159","1.913914"
"130","490","644.678597","0.881333","0.063821","1.898277"
"140","490","629.074613","0.891531","0.060876","1.878993"
"150","490","614.208145","0.902231","0.058279","1.85659"
"160","490","600.028112","0.913245","0.055992","1.831863"
"170","490","586.488044","0.924403","0.05398","1.805641"
"180","490","573.545573","0.935562","0.05221","1.778622"
"190","490","561.161992","0.946602","0.050656","1.751331"
"200","490","549.301863","0.957424","0.049292","1.724149"
"210","490","537.932684","0.967949","0.048096","1.69737"
"220","490","527.02459","0.978113","0.047049","1.671232"
"230","490","516.550087","0.987868","0.046134","1.645932"
"240","490","506.483828","0.997183","0.045337","1.621628"
"250","490","496.802402","1.006037","0.044643","1.598434"
"260","490","487.484154","1.014423","0.044041","1.576422"
"270","490","478.509024","1.022342","0.043521","1.555624"
"280","490","469.858405","1.029801","0.043074","1.536041"
"290","490","461.515008","1.036814","0.04269","1.517649"
"300","490","453.462752","1.043395","0.042365","1.500404"
"310","490","445.686661","1.049565","0.04209","1.484254"
"320","490","438.172767","1.055343","0.041861","1.469137"
"330","490","430.908027","1.060749","0.041672","1.454988"
"340","490","423.880252","1.065804","0.04152","1.441743"
"350","490","417.078033","1.070529","0.041402","1.429338"
"360","490","410.490684","1.074943","0.041312","1.417713"
"370","490","404.108181","1.079065","0.04125","1.40681"
"380","490","397.921115","1.082913","0.041211","1.396575"
"390","490","391.920646","1.086504","0.041194","1.386958"
"400","490","386.098457","1.089854","0.041197","1.377912"
"410","490","380.44672","1.092978","0.041218","1.369394"
"420","490","374.958056","1.095891","0.041255","1.361365"
"430","490","369.625509","1.098606","0.041307","1.353788"
"440","490","364.442511","1.101136","0.041373","1.346631"
"450","490","359.402858","1.103491","0.041451","1.339864"
"460","490","354.500684","1.105684","0.04154","1.333457"
"470","490","349.73044","1.107724","0.041639","1.327387"
"480","490","345.08687","1.109621","0.041748","1.321629"
"490","490","340.564996","1.111384","0.041866","1.316162"
"500","490","336.160094","1.11302","0.041991","1.310966"
"-40","500","1137.445237","0.93786","0.275485","1.786012"
"-30","500","1090.665667","0.919488","0.242906","1.804367"
"-20","500","1047.581896","0.903664","0.215572","1.82242"
"-10","500","1007.77259","0.890205","0.192447","1.840014"
"0","500","970.878115","0.878965","0.172746","1.856941"
"10","500","936.589642","0.869822","0.155864","1.872933"
"20","500","904.640481","0.862675","0.141328","1.88764"
"30","500","874.799132","0.857434","0.128763","1.900707"
"40","500","846.863666","0.85402","0.117866","1.911966"
"50","500","820.657147","0.852359","0.10839","1.921137"
"60","500","796.023884","0.852374","0.100128","1.927613"
"70","500","772.826335","0.853982","0.092908","1.931098"
"80","500","750.942537","0.857098","0.086585","1.931696"
"90","500","730.26396","0.861626","0.081034","1.92947"
"100","500","710.693708","0.867464","0.076149","1.924338"
"110","500","692.145001","0.874493","0.071843","1.916128"
"120","500","674.539888","0.882574","0.06804","1.904603"
"130","500","657.808153","0.891545","0.064681","1.889585"
"140","500","641.886378","0.901224","0.061712","1.871144"
"150","500","626.717138","0.911422","0.059091","1.849702"
"160","500","612.248314","0.921955","0.056779","1.825953"
"170","500","598.432488","0.932658","0.05474","1.800674"
"180","500","585.226431","0.94339","0.052945","1.774546"
"190","500","572.590645","0.954034","0.051364","1.748093"
"200","500","560.488972","0.964492","0.049973","1.721698"
"210","500","548.888248","0.974684","0.048752","1.695646"
"220","500","537.757999","0.984548","0.04768","1.670166"
"230","500","527.070172","0.994034","0.04674","1.645443"
"240","500","516.798903","1.003108","0.045919","1.621632"
"250","500","506.920304","1.011749","0.045202","1.598847"
"260","500","497.41228","1.019945","0.044578","1.577165"
"270","500","488.254363","1.027695","0.044037","1.556627"
"280","500","479.427564","1.035003","0.043569","1.537245"
"290","500","470.914245","1.041881","0.043167","1.519003"
"300","500","462.697997","1.048341","0.042823","1.501868"
"310","500","454.763538","1.054401","0.042531","1.485793"
"320","500","447.096615","1.060079","0.042286","1.470725"
"330","500","439.683921","1.065395","0.042083","1.456605"
"340","500","432.513018","1.070367","0.041917","1.443372"
"350","500","425.572265","1.075015","0.041784","1.430968"
"360","500","418.850757","1.079358","0.041682","1.419333"
"370","500","412.338268","1.083414","0.041607","1.408412"
"380","500","406.025196","1.0872","0.041557","1.398155"
"390","500","399.902521","1.090733","0.04153","1.38851"
"400","500","393.961757","1.094029","0.041522","1.379434"
"410","500","388.194916","1.097102","0.041533","1.370885"
"420","500","382.59447","1.099967","0.041561","1.362823"
"430","500","377.15332","1.102636","0.041604","1.355213"
"440","500","371.864765","1.105122","0.041661","1.348022"
"450","500","366.722474","1.107436","0.041731","1.34122"
"460","500","361.720462","1.109589","0.041813","1.33478"
"470","500","356.853067","1.11159","0.041905","1.328676"
"480","500","352.114927","1.113451","0.042007","1.322885"
"490","500","347.500959","1.115178","0.042117","1.317385"
"500","500","343.006347","1.11678","0.042236","1.312158"
"-50","0","2.403457","0.986768","0.011222","1.345474"
"-40","0","2.300371","0.988591","0.011723","1.336843"
"-30","0","2.205764","0.990089","0.012223","1.32888"
"-20","0","2.118631","0.991334","0.012722","1.321504"
"-10","0","2.038121","0.992379","0.013217","1.314653"
"0","0","1.963505","0.993264","0.013711","1.308272"
"10","0","1.89416","0.994019","0.014201","1.302316"
"20","0","1.829546","0.994668","0.014689","1.296745"
"30","0","1.769195","0.99523","0.015174","1.291523"
"40","0","1.712698","0.995719","0.015655","1.28662"
"50","0","1.659698","0.996147","0.016134","1.282009"
"60","0","1.60988","0.996524","0.016609","1.277664"
"70","0","1.562965","0.996856","0.017081","1.273563"
"80","0","1.518707","0.997151","0.017549","1.269686"
"90","0","1.476887","0.997414","0.018014","1.266016"
"100","0","1.437308","0.997649","0.018475","1.262536"
"110","0","1.399795","0.99786","0.018933","1.259231"
"120","0","1.364191","0.998049","0.019387","1.256088"
"130","0","1.330352","0.99822","0.019838","1.253095"
"140","0","1.298152","0.998375","0.020284","1.250242"
"150","0","1.267474","0.998515","0.020728","1.247519"
"160","0","1.238212","0.998643","0.021168","1.244916"
"170","0","1.210271","0.998759","0.021604","1.242426"
"180","0","1.183563","0.998865","0.022037","1.24004"
"190","0","1.158008","0.998962","0.022466","1.237753"
"200","0","1.133534","0.999052","0.022891","1.235558"
"210","0","1.110072","0.999133","0.023314","1.233449"
"220","0","1.087563","0.999209","0.023732","1.231422"
"230","0","1.065948","0.999278","0.024148","1.22947"
"240","0","1.045175","0.999342","0.024559","1.227591"
"250","0","1.025196","0.999401","0.024968","1.22578"
"260","0","1.005967","0.999456","0.025373","1.224034"
"270","0","0.987446","0.999507","0.025775","1.222348"
"280","0","0.969595","0.999554","0.026174","1.22072"
"290","0","0.952378","0.999597","0.026569","1.219147"
"300","0","0.935761","0.999638","0.026961","1.217627"
"310","0","0.919715","0.999676","0.02735","1.216155"
"320","0","0.904209","0.999711","0.027736","1.214732"
"330","0","0.889217","0.999744","0.028119","1.213353"
"340","0","0.874715","0.999775","0.028499","1.212017"
"350","0","0.860678","0.999803","0.028876","1.210723"
"360","0","0.847084","0.99983","0.029249","1.209468"
"370","0","0.833914","0.999855","0.02962","1.208251"
"380","0","0.821146","0.999878","0.029989","1.20707"
"390","0","0.808764","0.9999","0.030354","1.205923"
"400","0","0.796749","0.999921","0.030716","1.20481"
"410","0","0.785086","0.99994","0.031076","1.203729"
"420","0","0.77376","0.999959","0.031433","1.202679"
"430","0","0.762755","0.999976","0.031787","1.201658"
"440","0","0.75206","0.999992","0.032139","1.200666"
"450","0","0.74166","1.000007","0.032488","1.199702"
"460","0","0.731544","1.000021","0.032835","1.198763"
"470","0","0.7217","1.000034","0.033179","1.197851"
"480","0","0.712118","1.000047","0.03352","1.196963"
"490","0","0.702786","1.000058","0.033859","1.196098"
"500","0","0.693697","1.00007","0.034196","1.195257"
"-50","1","4.775485","0.973367","0.011233","1.361946"
"-40","1","4.570661","0.977088","0.011734","1.350749"
"-30","1","4.382684","0.980131","0.012234","1.340751"
"-20","1","4.209558","0.982651","0.012731","1.331736"
"-10","1","4.04959","0.984759","0.013227","1.323546"
"0","1","3.901335","0.986541","0.01372","1.316059"
"10","1","3.763551","0.988059","0.01421","1.30918"
"20","1","3.635168","0.989362","0.014697","1.302831"
"30","1","3.515255","0.990488","0.015182","1.296949"
"40","1","3.403","0.991467","0.015663","1.291483"
"50","1","3.297693","0.992323","0.016141","1.286388"
"60","1","3.198708","0.993075","0.016616","1.281623"
"70","1","3.105492","0.993739","0.017088","1.277157"
"80","1","3.017555","0.994328","0.017556","1.272961"
"90","1","2.934461","0.994852","0.01802","1.269009"
"100","1","2.855821","0.995321","0.018481","1.265281"
"110","1","2.781286","0.99574","0.018939","1.261756"
"120","1","2.710542","0.996118","0.019393","1.258418"
"130","1","2.643308","0.996459","0.019843","1.25525"
"140","1","2.579328","0.996767","0.02029","1.25224"
"150","1","2.518373","0.997046","0.020733","1.249375"
"160","1","2.460232","0.9973","0.021173","1.246645"
"170","1","2.404715","0.997531","0.021609","1.244039"
"180","1","2.351649","0.997742","0.022042","1.241549"
"190","1","2.300874","0.997936","0.022471","1.239167"
"200","1","2.252245","0.998113","0.022896","1.236884"
"210","1","2.205629","0.998275","0.023318","1.234696"
"220","1","2.160904","0.998425","0.023737","1.232596"
"230","1","2.117956","0.998563","0.024152","1.230577"
"240","1","2.076682","0.99869","0.024564","1.228637"
"250","1","2.036987","0.998808","0.024972","1.226769"
"260","1","1.99878","0.998916","0.025377","1.224969"
"270","1","1.96198","0.999017","0.025779","1.223235"
"280","1","1.926511","0.999111","0.026178","1.221562"
"290","1","1.892301","0.999197","0.026573","1.219947"
"300","1","1.859286","0.999278","0.026965","1.218387"
"310","1","1.827402","0.999353","0.027354","1.21688"
"320","1","1.796594","0.999423","0.02774","1.215422"
"330","1","1.766807","0.999488","0.028123","1.214011"
"340","1","1.737992","0.999549","0.028502","1.212646"
"350","1","1.710101","0.999606","0.028879","1.211324"
"360","1","1.683092","0.999659","0.029253","1.210043"
"370","1","1.656922","0.999709","0.029624","1.208801"
"380","1","1.631554","0.999755","0.029992","1.207597"
"390","1","1.606951","0.999799","0.030357","1.206429"
"400","1","1.583079","0.99984","0.03072","1.205295"
"410","1","1.559906","0.999878","0.031079","1.204195"
"420","1","1.537401","0.999914","0.031436","1.203126"
"430","1","1.515537","0.999948","0.031791","1.202089"
"440","1","1.494285","0.99998","0.032142","1.20108"
"450","1","1.473622","1.00001","0.032491","1.2001"
"460","1","1.453522","1.000038","0.032838","1.199147"
"470","1","1.433963","1.000064","0.033182","1.198221"
"480","1","1.414923","1.000089","0.033523","1.197319"
"490","1","1.396383","1.000112","0.033862","1.196443"
"500","1","1.378322","1.000135","0.034199","1.195589"
"-50","2","7.147513","0.959594","0.011246","1.379926"
"-40","2","6.840951","0.965328","0.011746","1.365695"
"-30","2","6.559604","0.96999","0.012245","1.353367"
"-20","2","6.300484","0.973834","0.012742","1.342514"
"-10","2","6.061059","0.977042","0.013237","1.332847"
"0","2","5.839164","0.979745","0.013729","1.324156"
"10","2","5.632942","0.982044","0.014219","1.316283"
"20","2","5.44079","0.984014","0.014706","1.309104"
"30","2","5.261315","0.985715","0.01519","1.302523"
"40","2","5.093302","0.987191","0.015671","1.296463"
"50","2","4.935688","0.988481","0.016149","1.29086"
"60","2","4.787536","0.989613","0.016624","1.285658"
"70","2","4.648019","0.990613","0.017095","1.280812"
"80","2","4.516403","0.991498","0.017563","1.276285"
"90","2","4.392035","0.992285","0.018027","1.272044"
"100","2","4.274334","0.992989","0.018488","1.268061"
"110","2","4.162776","0.993619","0.018945","1.26431"
"120","2","4.056893","0.994186","0.019399","1.260771"
"130","2","3.956263","0.994697","0.019849","1.257425"
"140","2","3.860505","0.995159","0.020296","1.254255"
"150","2","3.769272","0.995577","0.020739","1.251246"
"160","2","3.682252","0.995958","0.021179","1.248386"
"170","2","3.59916","0.996305","0.021615","1.245663"
"180","2","3.519734","0.996621","0.022047","1.243067"
"190","2","3.443739","0.996911","0.022476","1.240587"
"200","2","3.370956","0.997176","0.022901","1.238217"
"210","2","3.301185","0.997419","0.023323","1.235948"
"220","2","3.234244","0.997643","0.023742","1.233774"
"230","2","3.169964","0.99785","0.024157","1.231688"
"240","2","3.10819","0.99804","0.024568","1.229685"
"250","2","3.048777","0.998216","0.024977","1.22776"
"260","2","2.991593","0.998379","0.025382","1.225907"
"270","2","2.936514","0.998529","0.025783","1.224124"
"280","2","2.883427","0.998669","0.026182","1.222405"
"290","2","2.832225","0.998799","0.026577","1.220748"
"300","2","2.78281","0.99892","0.026969","1.219149"
"310","2","2.73509","0.999032","0.027358","1.217605"
"320","2","2.688979","0.999136","0.027744","1.216113"
"330","2","2.644396","0.999234","0.028127","1.21467"
"340","2","2.601268","0.999325","0.028506","1.213275"
"350","2","2.559524","0.99941","0.028883","1.211925"
"360","2","2.519099","0.99949","0.029257","1.210618"
"370","2","2.479931","0.999564","0.029628","1.209351"
"380","2","2.441962","0.999634","0.029996","1.208124"
"390","2","2.405139","0.999699","0.030361","1.206934"
"400","2","2.369409","0.99976","0.030723","1.20578"
"410","2","2.334725","0.999817","0.031083","1.20466"
"420","2","2.301043","0.999871","0.03144","1.203574"
"430","2","2.268318","0.999922","0.031794","1.202519"
"440","2","2.236511","0.999969","0.032145","1.201494"
"450","2","2.205583","1.000014","0.032494","1.200498"
"460","2","2.1755","1.000056","0.032841","1.199531"
"470","2","2.146226","1.000095","0.033185","1.19859"
"480","2","2.117729","1.000132","0.033526","1.197676"
"490","2","2.089979","1.000167","0.033865","1.196787"
"500","2","2.062947","1.0002","0.034202","1.195921"
"-50","3","9.519541","0.945411","0.011259","1.399693"
"-40","3","9.11124","0.953287","0.011759","1.381828"
"-30","3","8.736523","0.959653","0.012257","1.366809"
"-20","3","8.391411","0.964878","0.012753","1.353887"
"-10","3","8.072528","0.969223","0.013248","1.342587"
"0","3","7.776993","0.972875","0.013739","1.332583"
"10","3","7.502333","0.975974","0.014229","1.323638"
"20","3","7.246412","0.978625","0.014715","1.315572"
"30","3","7.007375","0.98091","0.015199","1.308249"
"40","3","6.783604","0.982892","0.01568","1.301564"
"50","3","6.573683","0.984621","0.016157","1.295429"
"60","3","6.376364","0.986139","0.016632","1.289771"
"70","3","6.190545","0.987476","0.017103","1.284531"
"80","3","6.01525","0.988661","0.01757","1.279662"
"90","3","5.849609","0.989714","0.018034","1.275122"
"100","3","5.692846","0.990654","0.018495","1.270876"
"110","3","5.544266","0.991496","0.018952","1.266893"
"120","3","5.403245","0.992252","0.019406","1.263149"
"130","3","5.269219","0.992934","0.019856","1.25962"
"140","3","5.141681","0.993551","0.020302","1.256286"
"150","3","5.020172","0.994109","0.020745","1.253131"
"160","3","4.904273","0.994617","0.021184","1.250139"
"170","3","4.793604","0.995079","0.02162","1.247297"
"180","3","4.68782","0.995501","0.022052","1.244593"
"190","3","4.586604","0.995887","0.022481","1.242016"
"200","3","4.489666","0.996241","0.022907","1.239556"
"210","3","4.396742","0.996565","0.023328","1.237206"
"220","3","4.307585","0.996863","0.023747","1.234957"
"230","3","4.221973","0.997138","0.024162","1.232803"
"240","3","4.139697","0.997392","0.024573","1.230737"
"250","3","4.060567","0.997626","0.024981","1.228753"
"260","3","3.984405","0.997843","0.025386","1.226848"
"270","3","3.911048","0.998043","0.025788","1.225015"
"280","3","3.840343","0.998229","0.026186","1.22325"
"290","3","3.772149","0.998402","0.026581","1.221551"
"300","3","3.706335","0.998563","0.026973","1.219912"
"310","3","3.642777","0.998712","0.027362","1.218331"
"320","3","3.581363","0.998852","0.027748","1.216805"
"330","3","3.521986","0.998981","0.028131","1.21533"
"340","3","3.464545","0.999103","0.02851","1.213905"
"350","3","3.408948","0.999216","0.028887","1.212527"
"360","3","3.355106","0.999321","0.02926","1.211193"
"370","3","3.30294","0.99942","0.029631","1.209902"
"380","3","3.25237","0.999513","0.029999","1.208651"
"390","3","3.203326","0.9996","0.030364","1.20744"
"400","3","3.155739","0.999681","0.030727","1.206265"
"410","3","3.109545","0.999757","0.031086","1.205126"
"420","3","3.064684","0.999829","0.031443","1.204021"
"430","3","3.021099","0.999896","0.031797","1.202949"
"440","3","2.978736","0.999959","0.032149","1.201908"
"450","3","2.937545","1.000019","0.032498","1.200897"
"460","3","2.897478","1.000075","0.032844","1.199914"
"470","3","2.858488","1.000127","0.033188","1.19896"
"480","3","2.820535","1.000177","0.033529","1.198032"
"490","3","2.783576","1.000223","0.033868","1.19713"
"500","3","2.747572","1.000267","0.034205","1.196253"
"-50","4","11.891569","0.930773","0.011275","1.421605"
"-40","4","11.38153","0.940943","0.011773","1.399324"
"-30","4","10.913443","0.949107","0.01227","1.381174"
"-20","4","10.482337","0.955775","0.012766","1.36591"
"-10","4","10.083997","0.961298","0.013259","1.352799"
"0","4","9.714822","0.965927","0.013751","1.341361"
"10","4","9.371724","0.969846","0.014239","1.331258"
"20","4","9.052034","0.973193","0.014725","1.322244"
"30","4","8.753435","0.976073","0.015209","1.314134"
"40","4","8.473906","0.978569","0.015689","1.30679"
"50","4","8.211678","0.980744","0.016166","1.300098"
"60","4","7.965192","0.98265","0.01664","1.293963"
"70","4","7.733072","0.98433","0.017111","1.288314"
"80","4","7.514098","0.985816","0.017578","1.283091"
"90","4","7.307184","0.987137","0.018042","1.278242"
"100","4","7.111359","0.988315","0.018502","1.273726"
"110","4","6.925757","0.98937","0.018959","1.269506"
"120","4","6.749596","0.990318","0.019412","1.265551"
"130","4","6.582175","0.991172","0.019862","1.261835"
"140","4","6.422858","0.991943","0.020308","1.258335"
"150","4","6.271071","0.992642","0.020751","1.255031"
"160","4","6.126293","0.993277","0.02119","1.251904"
"170","4","5.988049","0.993855","0.021626","1.248941"
"180","4","5.855906","0.994383","0.022058","1.246128"
"190","4","5.729469","0.994865","0.022487","1.243451"
"200","4","5.608377","0.995307","0.022912","1.240901"
"210","4","5.492298","0.995713","0.023334","1.238469"
"220","4","5.380926","0.996085","0.023752","1.236144"
"230","4","5.273981","0.996429","0.024167","1.233921"
"240","4","5.171205","0.996746","0.024578","1.231792"
"250","4","5.072357","0.997038","0.024986","1.22975"
"260","4","4.977218","0.997309","0.025391","1.22779"
"270","4","4.885582","0.997559","0.025793","1.225908"
"280","4","4.797259","0.997792","0.026191","1.224097"
"290","4","4.712073","0.998007","0.026586","1.222354"
"300","4","4.629859","0.998208","0.026978","1.220676"
"310","4","4.550465","0.998395","0.027366","1.219058"
"320","4","4.473748","0.998568","0.027752","1.217497"
"330","4","4.399575","0.99873","0.028135","1.21599"
"340","4","4.327821","0.998882","0.028514","1.214535"
"350","4","4.258371","0.999023","0.028891","1.213129"
"360","4","4.191114","0.999155","0.029264","1.211769"
"370","4","4.125948","0.999278","0.029635","1.210453"
"380","4","4.062778","0.999394","0.030003","1.209179"
"390","4","4.001514","0.999502","0.030368","1.207945"
"400","4","3.942069","0.999604","0.03073","1.20675"
"410","4","3.884365","0.999699","0.03109","1.205592"
"420","4","3.828325","0.999788","0.031446","1.204468"
"430","4","3.77388","0.999872","0.031801","1.203379"
"440","4","3.720962","0.999951","0.032152","1.202321"
"450","4","3.669507","1.000025","0.032501","1.201294"
"460","4","3.619455","1.000094","0.032847","1.200298"
"470","4","3.570751","1.00016","0.033191","1.199329"
"480","4","3.52334","1.000222","0.033533","1.198388"
"490","4","3.477172","1.00028","0.033871","1.197474"
"500","4","3.432198","1.000334","0.034208","1.196585"
"-50","5","14.263597","0.91563","0.011292","1.446132"
"-40","5","13.65182","0.928266","0.011789","1.418397"
"-30","5","13.090363","0.938337","0.012285","1.396572"
"-20","5","12.573264","0.946515","0.012779","1.378645"
"-10","5","12.095466","0.953261","0.013272","1.363521"
"0","5","11.652652","0.958897","0.013762","1.350513"
"10","5","11.241115","0.963658","0.014251","1.33916"
"20","5","10.857656","0.967717","0.014736","1.329131"
"30","5","10.499495","0.971203","0.015219","1.320185"
"40","5","10.164208","0.974221","0.015699","1.312146"
"50","5","9.849673","0.976848","0.016175","1.304869"
"60","5","9.55402","0.979149","0.016649","1.298238"
"70","5","9.275599","0.981174","0.017119","1.292164"
"80","5","9.012946","0.982965","0.017586","1.286574"
"90","5","8.764758","0.984555","0.01805","1.281407"
"100","5","8.529872","0.985973","0.01851","1.276612"
"110","5","8.307247","0.987243","0.018966","1.272148"
"120","5","8.095948","0.988382","0.019419","1.267978"
"130","5","7.89513","0.989409","0.019869","1.264071"
"140","5","7.704034","0.990336","0.020315","1.260401"
"150","5","7.52197","0.991176","0.020758","1.256944"
"160","5","7.348313","0.991938","0.021197","1.253682"
"170","5","7.182493","0.992633","0.021632","1.250596"
"180","5","7.023992","0.993266","0.022064","1.247671"
"190","5","6.872335","0.993845","0.022493","1.244894"
"200","5","6.727088","0.994375","0.022918","1.242253"
"210","5","6.587854","0.994862","0.023339","1.239737"
"220","5","6.454267","0.995309","0.023757","1.237336"
"230","5","6.32599","0.995721","0.024172","1.235043"
"240","5","6.202712","0.996101","0.024583","1.23285"
"250","5","6.084148","0.996452","0.024991","1.230749"
"260","5","5.970031","0.996776","0.025396","1.228735"
"270","5","5.860116","0.997077","0.025797","1.226802"
"280","5","5.754175","0.997356","0.026195","1.224945"
"290","5","5.651996","0.997614","0.02659","1.22316"
"300","5","5.553384","0.997855","0.026982","1.221441"
"310","5","5.458153","0.998078","0.027371","1.219786"
"320","5","5.366133","0.998287","0.027756","1.21819"
"330","5","5.277165","0.998481","0.028139","1.216651"
"340","5","5.191098","0.998662","0.028518","1.215166"
"350","5","5.107794","0.998831","0.028895","1.213731"
"360","5","5.027121","0.99899","0.029268","1.212345"
"370","5","4.948957","0.999137","0.029639","1.211004"
"380","5","4.873187","0.999276","0.030007","1.209707"
"390","5","4.799701","0.999406","0.030372","1.208451"
"400","5","4.728399","0.999527","0.030734","1.207235"
"410","5","4.659184","0.999641","0.031093","1.206057"
"420","5","4.591967","0.999748","0.03145","1.204915"
"430","5","4.526661","0.999849","0.031804","1.203808"
"440","5","4.463187","0.999943","0.032156","1.202734"
"450","5","4.401468","1.000032","0.032504","1.201692"
"460","5","4.341433","1.000115","0.032851","1.200681"
"470","5","4.283014","1.000194","0.033195","1.199698"
"480","5","4.226146","1.000268","0.033536","1.198744"
"490","5","4.170768","1.000337","0.033875","1.197817"
"500","5","4.116823","1.000403","0.034211","1.196916"
"-50","6","16.635625","0.014408","0.229335","2.041373"
"-40","6","15.922109","0.915225","0.011806","1.439318"
"-30","6","15.267283","0.927324","0.012301","1.413137"
"-20","6","14.66419","0.937088","0.012794","1.392166"
"-10","6","14.106935","0.945107","0.013285","1.374794"
"0","6","13.590481","0.951784","0.013775","1.360064"
"10","6","13.110506","0.957409","0.014263","1.347358"
"20","6","12.663278","0.962195","0.014747","1.336241"
"30","6","12.245554","0.9663","0.01523","1.326408"
"40","6","11.85451","0.969848","0.015709","1.317636"
"50","6","11.487668","0.972933","0.016185","1.309746"
"60","6","11.142848","0.975633","0.016658","1.302597"
"70","6","10.818126","0.978007","0.017128","1.296081"
"80","6","10.511793","0.980106","0.017595","1.290111"
"90","6","10.222332","0.981968","0.018058","1.284616"
"100","6","9.948385","0.983628","0.018518","1.279535"
"110","6","9.688738","0.985113","0.018974","1.274821"
"120","6","9.442299","0.986445","0.019427","1.27043"
"130","6","9.208086","0.987645","0.019876","1.266328"
"140","6","8.985211","0.988729","0.020322","1.262484"
"150","6","8.77287","0.98971","0.020764","1.258873"
"160","6","8.570333","0.990601","0.021203","1.255471"
"170","6","8.376937","0.991411","0.021638","1.252261"
"180","6","8.192077","0.992151","0.02207","1.249223"
"190","6","8.0152","0.992826","0.022499","1.246344"
"200","6","7.845799","0.993445","0.022923","1.24361"
"210","6","7.683411","0.994013","0.023345","1.24101"
"220","6","7.527608","0.994535","0.023763","1.238533"
"230","6","7.377998","0.995015","0.024177","1.236169"
"240","6","7.23422","0.995459","0.024588","1.233911"
"250","6","7.095938","0.995868","0.024996","1.231751"
"260","6","6.962843","0.996246","0.025401","1.229682"
"270","6","6.834649","0.996597","0.025802","1.227699"
"280","6","6.711091","0.996921","0.0262","1.225795"
"290","6","6.59192","0.997223","0.026595","1.223966"
"300","6","6.476908","0.997503","0.026987","1.222207"
"310","6","6.36584","0.997764","0.027375","1.220515"
"320","6","6.258518","0.998007","0.027761","1.218885"
"330","6","6.154754","0.998233","0.028143","1.217313"
"340","6","6.054375","0.998444","0.028522","1.215797"
"350","6","5.957217","0.998641","0.028899","1.214334"
"360","6","5.863129","0.998826","0.029272","1.212921"
"370","6","5.771966","0.998998","0.029643","1.211555"
"380","6","5.683595","0.999159","0.030011","1.210234"
"390","6","5.597889","0.99931","0.030376","1.208957"
"400","6","5.514729","0.999452","0.030738","1.20772"
"410","6","5.434004","0.999585","0.031097","1.206523"
"420","6","5.355608","0.99971","0.031454","1.205363"
"430","6","5.279442","0.999827","0.031808","1.204238"
"440","6","5.205412","0.999937","0.032159","1.203148"
"450","6","5.13343","1.00004","0.032508","1.20209"
"460","6","5.063411","1.000137","0.032854","1.201064"
"470","6","4.995277","1.000229","0.033198","1.200067"
"480","6","4.928951","1.000315","0.033539","1.1991"
"490","6","4.864365","1.000396","0.033878","1.19816"
"500","6","4.801448","1.000472","0.034214","1.197247"
"-50","7","19.007653","0.016459","0.229534","2.040263"
"-40","7","18.192399","0.901783","0.011825","1.462423"
"-30","7","17.444203","0.916051","0.012318","1.431028"
"-20","7","16.755117","0.927486","0.01281","1.406554"
"-10","7","16.118403","0.93683","0.0133","1.386664"
"0","7","15.52831","0.944583","0.013789","1.370043"
"10","7","14.979897","0.951097","0.014275","1.355869"
"20","7","14.468899","0.956627","0.014759","1.343587"
"30","7","13.991614","0.961362","0.015241","1.332811"
"40","7","13.544812","0.965449","0.01572","1.323265"
"50","7","13.125663","0.969","0.016195","1.314732"
"60","7","12.731676","0.972103","0.016668","1.307043"
"70","7","12.360652","0.974831","0.017137","1.300067"
"80","7","12.010641","0.977239","0.017604","1.293704"
"90","7","11.679906","0.979376","0.018066","1.28787"
"100","7","11.366898","0.981279","0.018526","1.282495"
"110","7","11.070228","0.982981","0.018982","1.277524"
"120","7","10.78865","0.984507","0.019435","1.272907"
"130","7","10.521041","0.985881","0.019884","1.268605"
"140","7","10.266387","0.987122","0.020329","1.264585"
"150","7","10.023769","0.988245","0.020771","1.260816"
"160","7","9.792353","0.989264","0.02121","1.257273"
"170","7","9.571382","0.990191","0.021645","1.253936"
"180","7","9.360163","0.991037","0.022077","1.250784"
"190","7","9.158065","0.991809","0.022505","1.247802"
"200","7","8.96451","0.992517","0.022929","1.244974"
"210","7","8.778967","0.993166","0.023351","1.242289"
"220","7","8.600949","0.993763","0.023768","1.239734"
"230","7","8.430007","0.994312","0.024183","1.237299"
"240","7","8.265727","0.994818","0.024594","1.234976"
"250","7","8.107728","0.995285","0.025002","1.232756"
"260","7","7.955656","0.995718","0.025406","1.230632"
"270","7","7.809183","0.996118","0.025807","1.228598"
"280","7","7.668007","0.996489","0.026205","1.226647"
"290","7","7.531844","0.996833","0.0266","1.224774"
"300","7","7.400432","0.997153","0.026991","1.222975"
"310","7","7.273528","0.997451","0.02738","1.221245"
"320","7","7.150903","0.997728","0.027765","1.219579"
"330","7","7.032343","0.997987","0.028148","1.217975"
"340","7","6.917651","0.998228","0.028527","1.216429"
"350","7","6.80664","0.998453","0.028903","1.214937"
"360","7","6.699136","0.998663","0.029277","1.213497"
"370","7","6.594975","0.99886","0.029647","1.212107"
"380","7","6.494003","0.999044","0.030015","1.210762"
"390","7","6.396076","0.999217","0.030379","1.209463"
"400","7","6.301059","0.999378","0.030742","1.208205"
"410","7","6.208824","0.99953","0.031101","1.206988"
"420","7","6.11925","0.999672","0.031457","1.20581"
"430","7","6.032223","0.999806","0.031811","1.204668"
"440","7","5.947638","0.999931","0.032163","1.203561"
"450","7","5.865392","1.000049","0.032511","1.202488"
"460","7","5.785389","1.00016","0.032858","1.201446"
"470","7","5.707539","1.000264","0.033201","1.200436"
"480","7","5.631757","1.000362","0.033543","1.199456"
"490","7","5.557961","1.000455","0.033881","1.198503"
"500","7","5.486074","1.000542","0.034218","1.197578"
"-50","8","21.379681","0.018509","0.229733","2.039158"
"-40","8","20.462689","0.887899","0.011846","1.488143"
"-30","8","19.621122","0.904494","0.012336","1.450435"
"-20","8","18.846044","0.917696","0.012826","1.421906"
"-10","8","18.129872","0.928424","0.013316","1.399185"
"0","8","17.466139","0.937291","0.013803","1.38048"
"10","8","16.849288","0.944719","0.014289","1.364713"
"20","8","16.274521","0.95101","0.014772","1.35118"
"30","8","15.737674","0.956389","0.015253","1.3394"
"40","8","15.235114","0.961025","0.015731","1.329038"
"50","8","14.763658","0.965047","0.016206","1.319831"
"60","8","14.320504","0.96856","0.016678","1.311577"
"70","8","13.903179","0.971644","0.017147","1.304124"
"80","8","13.509489","0.974366","0.017613","1.297355"
"90","8","13.13748","0.976779","0.018075","1.291171"
"100","8","12.78541","0.978927","0.018535","1.285493"
"110","8","12.451718","0.980847","0.01899","1.280258"
"120","8","12.135002","0.982568","0.019443","1.27541"
"130","8","11.833997","0.984117","0.019891","1.270904"
"140","8","11.547564","0.985515","0.020337","1.266703"
"150","8","11.274668","0.98678","0.020779","1.262773"
"160","8","11.014374","0.987928","0.021217","1.259088"
"170","8","10.765826","0.988972","0.021652","1.255621"
"180","8","10.528249","0.989924","0.022083","1.252354"
"190","8","10.30093","0.990794","0.022511","1.249267"
"200","8","10.083221","0.991591","0.022936","1.246344"
"210","8","9.874523","0.992321","0.023357","1.243573"
"220","8","9.67429","0.992992","0.023774","1.240939"
"230","8","9.482015","0.99361","0.024189","1.238433"
"240","8","9.297235","0.994179","0.024599","1.236044"
"250","8","9.119518","0.994705","0.025007","1.233763"
"260","8","8.948468","0.995191","0.025411","1.231584"
"270","8","8.783717","0.995641","0.025812","1.229498"
"280","8","8.624923","0.996058","0.02621","1.2275"
"290","8","8.471768","0.996445","0.026605","1.225583"
"300","8","8.323957","0.996805","0.026996","1.223744"
"310","8","8.181216","0.99714","0.027385","1.221976"
"320","8","8.043287","0.997451","0.02777","1.220275"
"330","8","7.909933","0.997742","0.028152","1.218638"
"340","8","7.780928","0.998013","0.028531","1.217061"
"350","8","7.656063","0.998266","0.028908","1.215541"
"360","8","7.535143","0.998502","0.029281","1.214074"
"370","8","7.417983","0.998723","0.029651","1.212658"
"380","8","7.304411","0.99893","0.030019","1.211291"
"390","8","7.194264","0.999124","0.030384","1.209969"
"400","8","7.087389","0.999305","0.030745","1.20869"
"410","8","6.983643","0.999476","0.031105","1.207454"
"420","8","6.882891","0.999636","0.031461","1.206257"
"430","8","6.785005","0.999786","0.031815","1.205097"
"440","8","6.689863","0.999927","0.032166","1.203974"
"450","8","6.597353","1.000059","0.032515","1.202885"
"460","8","6.507367","1.000184","0.032861","1.201829"
"470","8","6.419802","1.000301","0.033205","1.200805"
"480","8","6.334563","1.000411","0.033546","1.199811"
"490","8","6.251557","1.000515","0.033885","1.198846"
"500","8","6.170699","1.000613","0.034221","1.197909"
"-50","9","23.751709","0.020559","0.229933","2.038058"
"-40","9","22.732979","0.87352","0.011868","1.517039"
"-30","9","21.798042","0.89263","0.012356","1.471591"
"-20","9","20.93697","0.907705","0.012845","1.438333"
"-10","9","20.141341","0.919881","0.013332","1.412416"
"0","9","19.403968","0.929903","0.013819","1.391408"
"10","9","18.718679","0.938272","0.014303","1.37391"
"20","9","18.080143","0.945345","0.014786","1.359033"
"30","9","17.483734","0.95138","0.015266","1.346185"
"40","9","16.925416","0.956573","0.015743","1.33496"
"50","9","16.401652","0.961075","0.016217","1.325045"
"60","9","15.909332","0.965001","0.016689","1.316202"
"70","9","15.445706","0.968446","0.017157","1.308254"
"80","9","15.008336","0.971484","0.017623","1.301063"
"90","9","14.595054","0.974176","0.018085","1.294518"
"100","9","14.203923","0.976571","0.018544","1.288529"
"110","9","13.833209","0.97871","0.018999","1.283023"
"120","9","13.481353","0.980628","0.019451","1.277938"
"130","9","13.146953","0.982353","0.019899","1.273224"
"140","9","12.82874","0.983909","0.020344","1.268839"
"150","9","12.525568","0.985317","0.020786","1.264746"
"160","9","12.236394","0.986594","0.021224","1.260914"
"170","9","11.960271","0.987755","0.021659","1.257317"
"180","9","11.696334","0.988814","0.02209","1.253932"
"190","9","11.443796","0.989781","0.022518","1.250739"
"200","9","11.201932","0.990666","0.022942","1.247721"
"210","9","10.97008","0.991478","0.023363","1.244862"
"220","9","10.74763","0.992223","0.02378","1.242149"
"230","9","10.534024","0.99291","0.024194","1.23957"
"240","9","10.328742","0.993542","0.024605","1.237115"
"250","9","10.131308","0.994126","0.025013","1.234773"
"260","9","9.941281","0.994666","0.025417","1.232538"
"270","9","9.758251","0.995166","0.025818","1.230401"
"280","9","9.581839","0.995629","0.026215","1.228355"
"290","9","9.411691","0.996059","0.02661","1.226394"
"300","9","9.247481","0.996459","0.027001","1.224513"
"310","9","9.088903","0.99683","0.027389","1.222707"
"320","9","8.935672","0.997176","0.027775","1.220971"
"330","9","8.787522","0.997498","0.028157","1.219301"
"340","9","8.644204","0.997799","0.028536","1.217694"
"350","9","8.505487","0.99808","0.028912","1.216145"
"360","9","8.371151","0.998342","0.029285","1.214651"
"370","9","8.240992","0.998588","0.029656","1.21321"
"380","9","8.114819","0.998817","0.030023","1.211819"
"390","9","7.992451","0.999032","0.030388","1.210475"
"400","9","7.873719","0.999234","0.03075","1.209176"
"410","9","7.758463","0.999423","0.031109","1.207919"
"420","9","7.646532","0.9996","0.031465","1.206703"
"430","9","7.537786","0.999767","0.031819","1.205526"
"440","9","7.432089","0.999923","0.03217","1.204387"
"450","9","7.329315","1.00007","0.032519","1.203282"
"460","9","7.229345","1.000208","0.032865","1.202211"
"470","9","7.132065","1.000338","0.033208","1.201173"
"480","9","7.037368","1.000461","0.03355","1.200166"
"490","9","6.945154","1.000576","0.033888","1.199189"
"500","9","6.855324","1.000684","0.034224","1.19824"
"-50","10","26.123738","0.022607","0.230131","2.036963"
"-40","10","25.003268","0.02239","0.193946","2.109696"
"-30","10","23.974962","0.88043","0.012378","1.494785"
"-20","10","23.027897","0.897499","0.012864","1.455965"
"-10","10","22.15281","0.911195","0.01335","1.426422"
"0","10","21.341798","0.922416","0.013835","1.402865"
"10","10","20.58807","0.931756","0.014318","1.383481"
"20","10","19.885765","0.939629","0.0148","1.367158"
"30","10","19.229794","0.946334","0.015279","1.353174"
"40","10","18.615718","0.952095","0.015755","1.341038"
"50","10","18.039647","0.957082","0.016229","1.33038"
"60","10","17.49816","0.961429","0.0167","1.320921"
"70","10","16.988233","0.965238","0.017168","1.312457"
"80","10","16.507184","0.968596","0.017633","1.30483"
"90","10","16.052628","0.971568","0.018095","1.297913"
"100","10","15.622436","0.974212","0.018553","1.291604"
"110","10","15.214699","0.976572","0.019008","1.28582"
"120","10","14.827705","0.978687","0.019459","1.280493"
"130","10","14.459908","0.980588","0.019908","1.275566"
"140","10","14.109917","0.982303","0.020352","1.270993"
"150","10","13.776467","0.983854","0.020794","1.266733"
"160","10","13.458414","0.98526","0.021232","1.262753"
"170","10","13.154715","0.986539","0.021666","1.259024"
"180","10","12.86442","0.987704","0.022097","1.255519"
"190","10","12.586661","0.988769","0.022524","1.252219"
"200","10","12.320643","0.989743","0.022949","1.249104"
"210","10","12.065636","0.990636","0.023369","1.246156"
"220","10","11.820971","0.991457","0.023787","1.243363"
"230","10","11.586032","0.992211","0.024201","1.240711"
"240","10","11.360249","0.992907","0.024611","1.238189"
"250","10","11.143099","0.99355","0.025018","1.235786"
"260","10","10.934094","0.994143","0.025422","1.233494"
"270","10","10.732785","0.994693","0.025823","1.231305"
"280","10","10.538754","0.995202","0.026221","1.229211"
"290","10","10.351615","0.995675","0.026615","1.227206"
"300","10","10.171006","0.996114","0.027006","1.225284"
"310","10","9.996591","0.996522","0.027394","1.22344"
"320","10","9.828057","0.996902","0.027779","1.221668"
"330","10","9.665112","0.997257","0.028161","1.219965"
"340","10","9.507481","0.997587","0.02854","1.218327"
"350","10","9.35491","0.997896","0.028917","1.216749"
"360","10","9.207158","0.998184","0.02929","1.215228"
"370","10","9.064001","0.998454","0.02966","1.213762"
"380","10","8.925227","0.998706","0.030027","1.212347"
"390","10","8.790639","0.998942","0.030392","1.210981"
"400","10","8.660049","0.999164","0.030754","1.209661"
"410","10","8.533283","0.999371","0.031113","1.208385"
"420","10","8.410174","0.999566","0.031469","1.20715"
"430","10","8.290567","0.999749","0.031823","1.205956"
"440","10","8.174314","0.999921","0.032174","1.204799"
"450","10","8.061276","1.000082","0.032523","1.203679"
"460","10","7.951322","1.000234","0.032869","1.202594"
"470","10","7.844328","1.000377","0.033212","1.201541"
"480","10","7.740174","1.000511","0.033553","1.200521"
"490","10","7.63875","1.000637","0.033892","1.199531"
"500","10","7.53995","1.000757","0.034228","1.19857"
