"1.01","Helium","He","14/05/2015"
"-100","0","0.281704","1.000831","0.013751","1.666497"
"-90","0","0.266323","1.000781","0.014276","1.666499"
"-80","0","0.252535","1.000736","0.014793","1.666502"
"-70","0","0.240104","1.000696","0.015302","1.666506"
"-60","0","0.228839","1.000659","0.015804","1.66651"
"-50","0","0.218584","1.000625","0.0163","1.666514"
"-40","0","0.209209","1.000595","0.01679","1.666518"
"-30","0","0.200605","1.000567","0.017274","1.666522"
"-20","0","0.19268","1.000541","0.017753","1.666526"
"-10","0","0.185358","1.000517","0.018226","1.66653"
"0","0","0.178572","1.000495","0.018695","1.666534"
"10","0","0.172266","1.000474","0.019158","1.666538"
"20","0","0.166389","1.000455","0.019618","1.666542"
"30","0","0.160901","1.000438","0.020073","1.666545"
"40","0","0.155763","1.000421","0.020524","1.666549"
"50","0","0.150942","1.000406","0.020971","1.666552"
"60","0","0.146412","1.000391","0.021415","1.666555"
"70","0","0.142145","1.000377","0.021854","1.666559"
"80","0","0.13812","1.000365","0.022291","1.666561"
"90","0","0.134317","1.000353","0.022724","1.666564"
"100","0","0.130717","1.000341","0.023154","1.666567"
"110","0","0.127305","1.00033","0.02358","1.66657"
"120","0","0.124067","1.00032","0.024004","1.666572"
"130","0","0.12099","1.00031","0.024424","1.666575"
"140","0","0.118061","1.000301","0.024842","1.666577"
"150","0","0.115271","1.000292","0.025257","1.666579"
"160","0","0.11261","1.000284","0.02567","1.666581"
"170","0","0.110069","1.000276","0.026079","1.666583"
"180","0","0.10764","1.000269","0.026487","1.666585"
"190","0","0.105316","1.000262","0.026892","1.666587"
"200","0","0.10309","1.000255","0.027294","1.666589"
"210","0","0.100956","1.000248","0.027694","1.666591"
"220","0","0.098909","1.000242","0.028092","1.666593"
"230","0","0.096943","1.000236","0.028487","1.666594"
"240","0","0.095054","1.00023","0.028881","1.666596"
"250","0","0.093237","1.000225","0.029272","1.666597"
"260","0","0.091488","1.000219","0.029662","1.666599"
"270","0","0.089804","1.000214","0.030049","1.6666"
"280","0","0.088181","1.000209","0.030434","1.666602"
"290","0","0.086615","1.000205","0.030818","1.666603"
"300","0","0.085103","1.0002","0.031199","1.666604"
"310","0","0.083644","1.000196","0.031579","1.666606"
"320","0","0.082234","1.000191","0.031957","1.666607"
"330","0","0.080871","1.000187","0.032334","1.666608"
"340","0","0.079552","1.000183","0.032708","1.666609"
"350","0","0.078275","1.00018","0.033081","1.66661"
"360","0","0.077039","1.000176","0.033452","1.666611"
"370","0","0.075841","1.000172","0.033822","1.666612"
"380","0","0.07468","1.000169","0.03419","1.666613"
"390","0","0.073554","1.000166","0.034556","1.666614"
"400","0","0.072461","1.000163","0.034921","1.666615"
"410","0","0.0714","1.000159","0.035285","1.666616"
"420","0","0.07037","1.000156","0.035647","1.666617"
"430","0","0.069369","1.000154","0.036007","1.666618"
"440","0","0.068397","1.000151","0.036367","1.666619"
"450","0","0.067451","1.000148","0.036724","1.666619"
"460","0","0.066531","1.000145","0.037081","1.66662"
"470","0","0.065636","1.000143","0.037436","1.666621"
"480","0","0.064764","1.00014","0.03779","1.666622"
"490","0","0.063915","1.000138","0.038142","1.666622"
"500","0","0.063089","1.000135","0.038494","1.666623"
"-100","10","3.061907","1.009226","0.013837","1.664863"
"-90","10","2.894727","1.008685","0.014357","1.664882"
"-80","10","2.744858","1.008198","0.01487","1.664912"
"-70","10","2.609743","1.007758","0.015375","1.664947"
"-60","10","2.487306","1.007358","0.015873","1.664987"
"-50","10","2.375843","1.006994","0.016365","1.665029"
"-40","10","2.273941","1.006662","0.01685","1.665072"
"-30","10","2.180421","1.006357","0.01733","1.665115"
"-20","10","2.094289","1.006076","0.017805","1.665158"
"-10","10","2.014704","1.005817","0.018274","1.665201"
"0","10","1.940946","1.005577","0.018739","1.665242"
"10","10","1.872397","1.005354","0.019199","1.665283"
"20","10","1.808526","1.005147","0.019655","1.665322"
"30","10","1.748868","1.004955","0.020107","1.66536"
"40","10","1.69302","1.004775","0.020557","1.665397"
"50","10","1.640629","1.004606","0.021003","1.665432"
"60","10","1.591383","1.004448","0.021446","1.665466"
"70","10","1.545007","1.0043","0.021885","1.665499"
"80","10","1.501258","1.00416","0.02232","1.665531"
"90","10","1.459918","1.004028","0.022753","1.665561"
"100","10","1.420794","1.003904","0.023182","1.66559"
"110","10","1.383712","1.003787","0.023607","1.665618"
"120","10","1.348517","1.003676","0.02403","1.665645"
"130","10","1.315067","1.00357","0.02445","1.665671"
"140","10","1.283237","1.00347","0.024867","1.665696"
"150","10","1.252911","1.003375","0.025282","1.66572"
"160","10","1.223985","1.003285","0.025694","1.665743"
"170","10","1.196365","1.003199","0.026103","1.665765"
"180","10","1.169964","1.003117","0.02651","1.665787"
"190","10","1.144703","1.003039","0.026914","1.665807"
"200","10","1.12051","1.002964","0.027316","1.665827"
"210","10","1.097318","1.002893","0.027716","1.665846"
"220","10","1.075067","1.002825","0.028113","1.665864"
"230","10","1.0537","1.002759","0.028508","1.665882"
"240","10","1.033166","1.002696","0.028901","1.665899"
"250","10","1.013417","1.002636","0.029292","1.665916"
"260","10","0.994409","1.002579","0.029681","1.665932"
"270","10","0.976101","1.002523","0.030068","1.665947"
"280","10","0.958455","1.00247","0.030453","1.665962"
"290","10","0.941435","1.002419","0.030836","1.665976"
"300","10","0.92501","1.002369","0.031218","1.66599"
"310","10","0.909147","1.002322","0.031597","1.666004"
"320","10","0.89382","1.002276","0.031975","1.666017"
"330","10","0.879001","1.002232","0.032351","1.666029"
"340","10","0.864665","1.002189","0.032725","1.666041"
"350","10","0.850789","1.002148","0.033098","1.666053"
"360","10","0.837352","1.002108","0.033469","1.666065"
"370","10","0.824332","1.002069","0.033838","1.666076"
"380","10","0.811711","1.002032","0.034206","1.666086"
"390","10","0.799471","1.001996","0.034572","1.666097"
"400","10","0.787595","1.001961","0.034937","1.666107"
"410","10","0.776066","1.001928","0.0353","1.666117"
"420","10","0.764869","1.001895","0.035662","1.666126"
"430","10","0.753992","1.001863","0.036022","1.666136"
"440","10","0.743419","1.001833","0.036381","1.666145"
"450","10","0.733139","1.001803","0.036739","1.666153"
"460","10","0.723139","1.001774","0.037095","1.666162"
"470","10","0.713408","1.001746","0.03745","1.66617"
"480","10","0.703936","1.001719","0.037804","1.666178"
"490","10","0.694712","1.001692","0.038156","1.666186"
"500","10","0.685726","1.001666","0.038507","1.666194"
"-100","20","5.842111","1.01762","0.013921","1.6633"
"-90","20","5.523131","1.016589","0.014437","1.663331"
"-80","20","5.237181","1.015662","0.014945","1.66338"
"-70","20","4.979382","1.014824","0.015446","1.663442"
"-60","20","4.745773","1.014063","0.01594","1.663512"
"-50","20","4.533101","1.013369","0.016428","1.663587"
"-40","20","4.338672","1.012735","0.016909","1.663665"
"-30","20","4.160236","1.012153","0.017386","1.663744"
"-20","20","3.995898","1.011618","0.017856","1.663822"
"-10","20","3.844049","1.011124","0.018322","1.663901"
"0","20","3.703319","1.010667","0.018783","1.663977"
"10","20","3.572529","1.010242","0.019239","1.664052"
"20","20","3.450662","1.009848","0.019691","1.664125"
"30","20","3.336835","1.00948","0.020141","1.664196"
"40","20","3.230278","1.009136","0.02059","1.664264"
"50","20","3.130316","1.008815","0.021035","1.66433"
"60","20","3.036354","1.008513","0.021477","1.664394"
"70","20","2.94787","1.00823","0.021915","1.664455"
"80","20","2.864396","1.007963","0.022349","1.664514"
"90","20","2.78552","1.007712","0.022781","1.664571"
"100","20","2.710871","1.007475","0.023209","1.664626"
"110","20","2.640119","1.007251","0.023634","1.664678"
"120","20","2.572966","1.007038","0.024057","1.664729"
"130","20","2.509144","1.006837","0.024476","1.664777"
"140","20","2.448412","1.006647","0.024892","1.664824"
"150","20","2.390551","1.006465","0.025306","1.664869"
"160","20","2.335361","1.006293","0.025718","1.664913"
"170","20","2.282662","1.006129","0.026126","1.664954"
"180","20","2.232288","1.005972","0.026533","1.664995"
"190","20","2.18409","1.005823","0.026936","1.665033"
"200","20","2.13793","1.00568","0.027338","1.665071"
"210","20","2.09368","1.005544","0.027737","1.665107"
"220","20","2.051225","1.005413","0.028134","1.665141"
"230","20","2.010457","1.005288","0.028529","1.665175"
"240","20","1.971278","1.005169","0.028921","1.665207"
"250","20","1.933597","1.005054","0.029312","1.665238"
"260","20","1.89733","1.004943","0.029701","1.665268"
"270","20","1.862398","1.004837","0.030087","1.665297"
"280","20","1.828729","1.004736","0.030472","1.665325"
"290","20","1.796256","1.004638","0.030855","1.665353"
"300","20","1.764916","1.004543","0.031236","1.665379"
"310","20","1.734651","1.004452","0.031615","1.665404"
"320","20","1.705406","1.004365","0.031992","1.665429"
"330","20","1.677131","1.00428","0.032368","1.665453"
"340","20","1.649778","1.004199","0.032742","1.665476"
"350","20","1.623303","1.00412","0.033114","1.665498"
"360","20","1.597665","1.004044","0.033485","1.66552"
"370","20","1.572824","1.003971","0.033854","1.665541"
"380","20","1.548743","1.0039","0.034222","1.665561"
"390","20","1.525389","1.003831","0.034588","1.665581"
"400","20","1.502728","1.003764","0.034952","1.6656"
"410","20","1.480731","1.0037","0.035315","1.665619"
"420","20","1.459369","1.003638","0.035677","1.665637"
"430","20","1.438614","1.003577","0.036037","1.665655"
"440","20","1.418441","1.003518","0.036396","1.665672"
"450","20","1.398827","1.003461","0.036753","1.665688"
"460","20","1.379747","1.003406","0.037109","1.665704"
"470","20","1.361181","1.003353","0.037464","1.66572"
"480","20","1.343108","1.0033","0.037818","1.665735"
"490","20","1.325508","1.00325","0.03817","1.66575"
"500","20","1.308364","1.003201","0.038521","1.665765"
"-100","30","8.622314","1.026012","0.014004","1.661804"
"-90","30","8.151535","1.024494","0.014515","1.66184"
"-80","30","7.729504","1.023128","0.015019","1.661904"
"-70","30","7.349021","1.021893","0.015516","1.661987"
"-60","30","7.00424","1.020771","0.016006","1.662083"
"-50","30","6.690359","1.019749","0.01649","1.662187"
"-40","30","6.403404","1.018814","0.016968","1.662296"
"-30","30","6.140052","1.017957","0.01744","1.662407"
"-20","30","5.897506","1.017167","0.017907","1.662519"
"-10","30","5.673394","1.016438","0.018369","1.66263"
"0","30","5.465692","1.015763","0.018826","1.662739"
"10","30","5.27266","1.015137","0.019279","1.662846"
"20","30","5.092798","1.014555","0.019728","1.66295"
"30","30","4.924802","1.014012","0.020174","1.663052"
"40","30","4.767535","1.013505","0.020622","1.66315"
"50","30","4.620002","1.01303","0.021067","1.663245"
"60","30","4.481326","1.012585","0.021507","1.663337"
"70","30","4.350732","1.012167","0.021944","1.663426"
"80","30","4.227534","1.011774","0.022378","1.663511"
"90","30","4.111121","1.011403","0.022809","1.663593"
"100","30","4.000948","1.011052","0.023237","1.663672"
"110","30","3.896525","1.010722","0.023661","1.663749"
"120","30","3.797415","1.010408","0.024083","1.663822"
"130","30","3.703221","1.010111","0.024501","1.663893"
"140","30","3.613588","1.009829","0.024917","1.663961"
"150","30","3.52819","1.009562","0.025331","1.664027"
"160","30","3.446736","1.009307","0.025741","1.66409"
"170","30","3.368958","1.009064","0.026149","1.66415"
"180","30","3.294613","1.008833","0.026555","1.664209"
"190","30","3.223478","1.008613","0.026959","1.664266"
"200","30","3.15535","1.008402","0.02736","1.66432"
"210","30","3.090042","1.0082","0.027758","1.664372"
"220","30","3.027383","1.008008","0.028155","1.664423"
"230","30","2.967214","1.007823","0.028549","1.664472"
"240","30","2.90939","1.007646","0.028942","1.664519"
"250","30","2.853777","1.007476","0.029332","1.664565"
"260","30","2.800251","1.007313","0.02972","1.664609"
"270","30","2.748695","1.007157","0.030106","1.664651"
"280","30","2.699003","1.007006","0.030491","1.664692"
"290","30","2.651076","1.006862","0.030873","1.664732"
"300","30","2.604822","1.006722","0.031254","1.664771"
"310","30","2.560154","1.006588","0.031633","1.664808"
"320","30","2.516992","1.006459","0.03201","1.664844"
"330","30","2.475261","1.006334","0.032385","1.664879"
"340","30","2.434891","1.006213","0.032759","1.664913"
"350","30","2.395818","1.006097","0.033131","1.664945"
"360","30","2.357978","1.005985","0.033501","1.664977"
"370","30","2.321315","1.005876","0.03387","1.665008"
"380","30","2.285775","1.005771","0.034238","1.665038"
"390","30","2.251306","1.00567","0.034603","1.665067"
"400","30","2.217862","1.005571","0.034968","1.665095"
"410","30","2.185397","1.005476","0.03533","1.665122"
"420","30","2.153868","1.005384","0.035692","1.665149"
"430","30","2.123236","1.005295","0.036052","1.665175"
"440","30","2.093464","1.005208","0.03641","1.6652"
"450","30","2.064515","1.005124","0.036768","1.665224"
"460","30","2.036355","1.005042","0.037123","1.665248"
"470","30","2.008953","1.004963","0.037478","1.665271"
"480","30","1.982279","1.004886","0.037831","1.665294"
"490","30","1.956304","1.004811","0.038183","1.665316"
"500","30","1.931001","1.004738","0.038534","1.665337"
"-100","40","11.402517","1.0344","0.014085","1.660369"
"-90","40","10.779939","1.032397","0.014592","1.660405"
"-80","40","10.221827","1.030594","0.015092","1.66048"
"-70","40","9.718661","1.028963","0.015585","1.66058"
"-60","40","9.262706","1.027483","0.016071","1.660698"
"-50","40","8.847618","1.026133","0.016551","1.660828"
"-40","40","8.468136","1.024898","0.017025","1.660964"
"-30","40","8.119868","1.023765","0.017494","1.661104"
"-20","40","7.799115","1.022721","0.017957","1.661246"
"-10","40","7.502739","1.021758","0.018416","1.661387"
"0","40","7.228065","1.020867","0.018869","1.661527"
"10","40","6.972791","1.020039","0.019318","1.661664"
"20","40","6.734934","1.019269","0.019763","1.661798"
"30","40","6.512769","1.018551","0.020207","1.661928"
"40","40","6.304793","1.017881","0.020654","1.662055"
"50","40","6.109689","1.017253","0.021098","1.662178"
"60","40","5.926297","1.016664","0.021537","1.662296"
"70","40","5.753594","1.016111","0.021974","1.662411"
"80","40","5.590672","1.015591","0.022407","1.662522"
"90","40","5.436723","1.0151","0.022837","1.662628"
"100","40","5.291025","1.014637","0.023264","1.662731"
"110","40","5.152932","1.014199","0.023687","1.662831"
"120","40","5.021864","1.013784","0.024108","1.662926"
"130","40","4.897298","1.013391","0.024526","1.663018"
"140","40","4.778763","1.013019","0.024942","1.663107"
"150","40","4.66583","1.012664","0.025355","1.663192"
"160","40","4.558111","1.012327","0.025765","1.663274"
"170","40","4.455254","1.012006","0.026172","1.663354"
"180","40","4.356937","1.0117","0.026578","1.66343"
"190","40","4.262865","1.011408","0.026981","1.663504"
"200","40","4.172769","1.011129","0.027381","1.663575"
"210","40","4.086404","1.010863","0.027779","1.663644"
"220","40","4.00354","1.010607","0.028176","1.66371"
"230","40","3.923971","1.010363","0.02857","1.663774"
"240","40","3.847502","1.010129","0.028961","1.663836"
"250","40","3.773958","1.009904","0.029351","1.663896"
"260","40","3.703172","1.009688","0.029739","1.663953"
"270","40","3.634992","1.009481","0.030125","1.664009"
"280","40","3.569278","1.009282","0.030509","1.664063"
"290","40","3.505897","1.00909","0.030891","1.664115"
"300","40","3.444728","1.008906","0.031272","1.664165"
"310","40","3.385657","1.008728","0.03165","1.664214"
"320","40","3.328578","1.008557","0.032027","1.664262"
"330","40","3.273391","1.008392","0.032402","1.664307"
"340","40","3.220005","1.008232","0.032776","1.664352"
"350","40","3.168332","1.008078","0.033147","1.664395"
"360","40","3.118291","1.00793","0.033518","1.664437"
"370","40","3.069806","1.007786","0.033886","1.664477"
"380","40","3.022806","1.007647","0.034253","1.664517"
"390","40","2.977224","1.007513","0.034619","1.664555"
"400","40","2.932995","1.007382","0.034983","1.664592"
"410","40","2.890062","1.007256","0.035346","1.664628"
"420","40","2.848367","1.007134","0.035707","1.664663"
"430","40","2.807859","1.007016","0.036066","1.664697"
"440","40","2.768486","1.006901","0.036425","1.66473"
"450","40","2.730202","1.006789","0.036782","1.664762"
"460","40","2.692963","1.006681","0.037138","1.664793"
"470","40","2.656726","1.006576","0.037492","1.664823"
"480","40","2.621451","1.006474","0.037845","1.664853"
"490","40","2.587101","1.006375","0.038197","1.664882"
"500","40","2.553639","1.006279","0.038547","1.66491"
"-100","50","14.182721","1.042785","0.014165","1.65899"
"-90","50","13.408343","1.040298","0.014668","1.659023"
"-80","50","12.71415","1.03806","0.015164","1.659104"
"-70","50","12.0883","1.036035","0.015653","1.659218"
"-60","50","11.521173","1.034196","0.016135","1.659355"
"-50","50","11.004876","1.032519","0.016611","1.659507"
"-40","50","10.532868","1.030985","0.017082","1.659668"
"-30","50","10.099684","1.029577","0.017547","1.659835"
"-20","50","9.700723","1.028281","0.018006","1.660004"
"-10","50","9.332085","1.027083","0.018461","1.660173"
"0","50","8.990438","1.025975","0.018911","1.660341"
"10","50","8.672923","1.024946","0.019357","1.660506"
"20","50","8.37707","1.023989","0.019799","1.660668"
"30","50","8.100736","1.023097","0.02024","1.660825"
"40","50","7.84205","1.022263","0.020686","1.660979"
"50","50","7.599375","1.021482","0.021128","1.661128"
"60","50","7.371268","1.02075","0.021567","1.661272"
"70","50","7.156457","1.020062","0.022003","1.661412"
"80","50","6.95381","1.019414","0.022435","1.661546"
"90","50","6.762324","1.018804","0.022864","1.661677"
"100","50","6.581102","1.018227","0.02329","1.661802"
"110","50","6.409339","1.017683","0.023714","1.661923"
"120","50","6.246313","1.017167","0.024134","1.66204"
"130","50","6.091376","1.016678","0.024551","1.662153"
"140","50","5.943938","1.016214","0.024966","1.662262"
"150","50","5.803469","1.015773","0.025378","1.662366"
"160","50","5.669487","1.015353","0.025788","1.662467"
"170","50","5.54155","1.014954","0.026195","1.662565"
"180","50","5.419261","1.014573","0.0266","1.662659"
"190","50","5.302252","1.014209","0.027002","1.662749"
"200","50","5.190189","1.013862","0.027402","1.662837"
"210","50","5.082765","1.01353","0.0278","1.662921"
"220","50","4.979698","1.013213","0.028196","1.663003"
"230","50","4.880728","1.012908","0.02859","1.663081"
"240","50","4.785615","1.012617","0.028981","1.663157"
"250","50","4.694138","1.012337","0.029371","1.663231"
"260","50","4.606092","1.012068","0.029758","1.663302"
"270","50","4.521289","1.01181","0.030144","1.663371"
"280","50","4.439552","1.011562","0.030528","1.663437"
"290","50","4.360718","1.011324","0.030909","1.663501"
"300","50","4.284634","1.011094","0.031289","1.663564"
"310","50","4.21116","1.010873","0.031668","1.663624"
"320","50","4.140164","1.01066","0.032044","1.663682"
"330","50","4.071521","1.010454","0.032419","1.663739"
"340","50","4.005118","1.010255","0.032792","1.663794"
"350","50","3.940846","1.010064","0.033164","1.663847"
"360","50","3.878604","1.009879","0.033534","1.663899"
"370","50","3.818298","1.0097","0.033902","1.663949"
"380","50","3.759838","1.009527","0.034269","1.663997"
"390","50","3.703141","1.009359","0.034634","1.664044"
"400","50","3.648129","1.009197","0.034998","1.66409"
"410","50","3.594728","1.00904","0.035361","1.664135"
"420","50","3.542867","1.008888","0.035721","1.664178"
"430","50","3.492481","1.00874","0.036081","1.66422"
"440","50","3.443509","1.008597","0.036439","1.664261"
"450","50","3.39589","1.008459","0.036796","1.664301"
"460","50","3.349571","1.008324","0.037152","1.664339"
"470","50","3.304499","1.008193","0.037506","1.664377"
"480","50","3.260623","1.008066","0.037859","1.664413"
"490","50","3.217897","1.007943","0.03821","1.664449"
"500","50","3.176276","1.007823","0.038561","1.664484"
"-100","60","16.962924","1.051163","0.014243","1.657663"
"-90","60","16.036747","1.048196","0.014743","1.65769"
"-80","60","15.206473","1.045523","0.015234","1.657775"
"-70","60","14.457939","1.043106","0.015719","1.6579"
"-60","60","13.77964","1.04091","0.016198","1.658052"
"-50","60","13.162134","1.038907","0.01667","1.658223"
"-40","60","12.597599","1.037075","0.017137","1.658406"
"-30","60","12.079499","1.035393","0.017599","1.658597"
"-20","60","11.602332","1.033844","0.018055","1.658791"
"-10","60","11.16143","1.032413","0.018506","1.658986"
"0","60","10.752811","1.031088","0.018953","1.65918"
"10","60","10.373054","1.029859","0.019396","1.659371"
"20","60","10.019206","1.028714","0.019834","1.659559"
"30","60","9.688703","1.027647","0.020272","1.659742"
"40","60","9.379308","1.02665","0.020717","1.659921"
"50","60","9.089062","1.025717","0.021159","1.660095"
"60","60","8.81624","1.024841","0.021597","1.660264"
"70","60","8.559319","1.024018","0.022032","1.660427"
"80","60","8.316948","1.023243","0.022463","1.660585"
"90","60","8.087926","1.022513","0.022892","1.660738"
"100","60","7.871179","1.021824","0.023317","1.660885"
"110","60","7.665745","1.021172","0.02374","1.661028"
"120","60","7.470763","1.020555","0.024159","1.661165"
"130","60","7.285453","1.01997","0.024576","1.661298"
"140","60","7.109114","1.019414","0.02499","1.661425"
"150","60","6.941109","1.018887","0.025402","1.661549"
"160","60","6.780862","1.018385","0.025811","1.661668"
"170","60","6.627847","1.017907","0.026218","1.661783"
"180","60","6.481585","1.017451","0.026622","1.661894"
"190","60","6.341639","1.017016","0.027024","1.662001"
"200","60","6.207609","1.0166","0.027424","1.662104"
"210","60","6.079127","1.016203","0.027821","1.662204"
"220","60","5.955856","1.015823","0.028216","1.6623"
"230","60","5.837484","1.015458","0.02861","1.662394"
"240","60","5.723727","1.015109","0.029001","1.662484"
"250","60","5.614318","1.014775","0.02939","1.662571"
"260","60","5.509013","1.014453","0.029777","1.662655"
"270","60","5.407586","1.014144","0.030162","1.662736"
"280","60","5.309826","1.013847","0.030546","1.662815"
"290","60","5.215538","1.013562","0.030927","1.662891"
"300","60","5.12454","1.013287","0.031307","1.662965"
"310","60","5.036663","1.013022","0.031685","1.663037"
"320","60","4.95175","1.012766","0.032061","1.663106"
"330","60","4.869651","1.01252","0.032436","1.663173"
"340","60","4.790231","1.012283","0.032809","1.663238"
"350","60","4.71336","1.012053","0.03318","1.663301"
"360","60","4.638917","1.011831","0.03355","1.663363"
"370","60","4.566789","1.011617","0.033918","1.663422"
"380","60","4.496869","1.01141","0.034285","1.66348"
"390","60","4.429059","1.011209","0.03465","1.663536"
"400","60","4.363263","1.011015","0.035013","1.66359"
"410","60","4.299393","1.010827","0.035375","1.663643"
"420","60","4.237366","1.010645","0.035736","1.663695"
"430","60","4.177103","1.010468","0.036096","1.663745"
"440","60","4.118531","1.010297","0.036454","1.663793"
"450","60","4.061578","1.010131","0.03681","1.663841"
"460","60","4.006179","1.00997","0.037165","1.663887"
"470","60","3.952271","1.009813","0.037519","1.663931"
"480","60","3.899795","1.009661","0.037872","1.663975"
"490","60","3.848693","1.009513","0.038224","1.664018"
"500","60","3.798914","1.00937","0.038574","1.664059"
"-100","70","19.743127","1.059535","0.01432","1.656384"
"-90","70","18.665152","1.056088","0.014816","1.656404"
"-80","70","17.698796","1.052984","0.015304","1.656489"
"-70","70","16.827578","1.050175","0.015785","1.656622"
"-60","70","16.038107","1.047624","0.01626","1.656787"
"-50","70","15.319393","1.045296","0.016729","1.656975"
"-40","70","14.662331","1.043167","0.017192","1.657178"
"-30","70","14.059315","1.041211","0.01765","1.65739"
"-20","70","13.50394","1.03941","0.018103","1.657607"
"-10","70","12.990775","1.037746","0.018551","1.657825"
"0","70","12.515184","1.036206","0.018994","1.658043"
"10","70","12.073186","1.034775","0.019433","1.658259"
"20","70","11.661342","1.033444","0.019868","1.658471"
"30","70","11.27667","1.032203","0.020304","1.658679"
"40","70","10.916566","1.031043","0.020748","1.658882"
"50","70","10.578748","1.029956","0.021189","1.65908"
"60","70","10.261211","1.028937","0.021626","1.659271"
"70","70","9.962181","1.02798","0.02206","1.659457"
"80","70","9.680086","1.027078","0.022491","1.659638"
"90","70","9.413527","1.026228","0.022919","1.659812"
"100","70","9.161256","1.025425","0.023343","1.65998"
"110","70","8.922152","1.024667","0.023765","1.660143"
"120","70","8.695212","1.023948","0.024184","1.6603"
"130","70","8.47953","1.023267","0.024601","1.660452"
"140","70","8.274289","1.02262","0.025014","1.660599"
"150","70","8.078749","1.022006","0.025425","1.66074"
"160","70","7.892237","1.021421","0.025834","1.660877"
"170","70","7.714143","1.020865","0.02624","1.661009"
"180","70","7.543909","1.020334","0.026644","1.661136"
"190","70","7.381027","1.019827","0.027046","1.661259"
"200","70","7.225029","1.019343","0.027445","1.661378"
"210","70","7.075489","1.01888","0.027842","1.661493"
"220","70","6.932014","1.018438","0.028237","1.661604"
"230","70","6.794241","1.018013","0.02863","1.661711"
"240","70","6.661839","1.017607","0.02902","1.661815"
"250","70","6.534498","1.017217","0.029409","1.661915"
"260","70","6.411934","1.016842","0.029796","1.662012"
"270","70","6.293883","1.016483","0.030181","1.662106"
"280","70","6.1801","1.016137","0.030564","1.662197"
"290","70","6.070359","1.015804","0.030945","1.662285"
"300","70","5.964446","1.015484","0.031325","1.66237"
"310","70","5.862167","1.015175","0.031702","1.662453"
"320","70","5.763336","1.014877","0.032078","1.662533"
"330","70","5.667782","1.014591","0.032453","1.66261"
"340","70","5.575345","1.014314","0.032825","1.662685"
"350","70","5.485874","1.014046","0.033196","1.662758"
"360","70","5.39923","1.013788","0.033566","1.662829"
"370","70","5.31528","1.013538","0.033934","1.662898"
"380","70","5.233901","1.013297","0.0343","1.662965"
"390","70","5.154976","1.013063","0.034665","1.66303"
"400","70","5.078396","1.012837","0.035028","1.663093"
"410","70","5.004058","1.012618","0.03539","1.663154"
"420","70","4.931865","1.012406","0.035751","1.663213"
"430","70","4.861726","1.0122","0.03611","1.663271"
"440","70","4.793553","1.012001","0.036468","1.663328"
"450","70","4.727266","1.011807","0.036824","1.663382"
"460","70","4.662787","1.011619","0.037179","1.663436"
"470","70","4.600044","1.011437","0.037533","1.663487"
"480","70","4.538966","1.011259","0.037886","1.663538"
"490","70","4.47949","1.011087","0.038237","1.663587"
"500","70","4.421551","1.01092","0.038587","1.663635"
"-100","80","22.523331","1.0679","0.014396","1.655149"
"-90","80","21.293556","1.063976","0.014888","1.655159"
"-80","80","20.191119","1.060441","0.015372","1.655245"
"-70","80","19.197217","1.057243","0.015849","1.655383"
"-60","80","18.296574","1.054336","0.016321","1.655559"
"-50","80","17.476651","1.051686","0.016786","1.655762"
"-40","80","16.727063","1.049259","0.017246","1.655982"
"-30","80","16.039131","1.047031","0.0177","1.656213"
"-20","80","15.405549","1.044978","0.01815","1.656451"
"-10","80","14.82012","1.043082","0.018595","1.656691"
"0","80","14.277557","1.041326","0.019035","1.656931"
"10","80","13.773317","1.039696","0.019471","1.65717"
"20","80","13.303478","1.038178","0.019902","1.657405"
"30","80","12.864637","1.036763","0.020336","1.657636"
"40","80","12.453823","1.03544","0.020779","1.657861"
"50","80","12.068435","1.034201","0.021219","1.658081"
"60","80","11.706183","1.033038","0.021655","1.658295"
"70","80","11.365044","1.031946","0.022088","1.658503"
"80","80","11.043224","1.030918","0.022518","1.658704"
"90","80","10.739129","1.029948","0.022945","1.658899"
"100","80","10.451332","1.029032","0.02337","1.659087"
"110","80","10.178559","1.028166","0.023791","1.65927"
"120","80","9.919661","1.027347","0.024209","1.659446"
"130","80","9.673607","1.026569","0.024625","1.659617"
"140","80","9.439464","1.025831","0.025038","1.659781"
"150","80","9.216388","1.02513","0.025449","1.65994"
"160","80","9.003612","1.024463","0.025857","1.660094"
"170","80","8.800439","1.023827","0.026262","1.660242"
"180","80","8.606233","1.023222","0.026666","1.660386"
"190","80","8.420414","1.022643","0.027067","1.660524"
"200","80","8.242449","1.022091","0.027466","1.660658"
"210","80","8.071851","1.021563","0.027862","1.660788"
"220","80","7.908171","1.021057","0.028257","1.660913"
"230","80","7.750998","1.020573","0.028649","1.661034"
"240","80","7.599951","1.020109","0.02904","1.661151"
"250","80","7.454678","1.019663","0.029428","1.661264"
"260","80","7.314855","1.019236","0.029815","1.661374"
"270","80","7.18018","1.018825","0.030199","1.66148"
"280","80","7.050375","1.01843","0.030582","1.661583"
"290","80","6.925179","1.01805","0.030963","1.661682"
"300","80","6.804353","1.017684","0.031342","1.661778"
"310","80","6.68767","1.017332","0.03172","1.661872"
"320","80","6.574922","1.016992","0.032095","1.661962"
"330","80","6.465912","1.016665","0.032469","1.66205"
"340","80","6.360458","1.016349","0.032842","1.662136"
"350","80","6.258388","1.016043","0.033212","1.662218"
"360","80","6.159543","1.015748","0.033582","1.662298"
"370","80","6.063772","1.015463","0.033949","1.662376"
"380","80","5.970933","1.015188","0.034315","1.662452"
"390","80","5.880894","1.014921","0.03468","1.662525"
"400","80","5.79353","1.014662","0.035043","1.662597"
"410","80","5.708724","1.014412","0.035405","1.662666"
"420","80","5.626365","1.01417","0.035765","1.662734"
"430","80","5.546348","1.013935","0.036124","1.662799"
"440","80","5.468576","1.013707","0.036482","1.662863"
"450","80","5.392954","1.013486","0.036838","1.662925"
"460","80","5.319395","1.013271","0.037193","1.662986"
"470","80","5.247816","1.013063","0.037547","1.663045"
"480","80","5.178138","1.012861","0.037899","1.663102"
"490","80","5.110286","1.012664","0.03825","1.663158"
"500","80","5.044189","1.012473","0.0386","1.663212"
"-100","90","25.303534","1.076256","0.014471","1.653955"
"-90","90","23.92196","1.071857","0.014958","1.653956"
"-80","90","22.683442","1.067893","0.015439","1.654039"
"-70","90","21.566857","1.064307","0.015913","1.654181"
"-60","90","20.555041","1.061047","0.016381","1.654366"
"-50","90","19.63391","1.058074","0.016843","1.654581"
"-40","90","18.791795","1.055352","0.017299","1.654817"
"-30","90","18.018947","1.052852","0.01775","1.655065"
"-20","90","17.307157","1.050549","0.018197","1.655322"
"-10","90","16.649466","1.048421","0.018638","1.655582"
"0","90","16.03993","1.04645","0.019075","1.655843"
"10","90","15.473448","1.044619","0.019507","1.656103"
"20","90","14.945615","1.042915","0.019936","1.65636"
"30","90","14.452604","1.041326","0.020367","1.656612"
"40","90","13.991081","1.039841","0.020809","1.656859"
"50","90","13.558121","1.038449","0.021248","1.6571"
"60","90","13.151154","1.037144","0.021684","1.657335"
"70","90","12.767906","1.035917","0.022116","1.657563"
"80","90","12.406362","1.034762","0.022546","1.657784"
"90","90","12.064731","1.033672","0.022972","1.657999"
"100","90","11.741409","1.032644","0.023395","1.658207"
"110","90","11.434965","1.031671","0.023816","1.658408"
"120","90","11.14411","1.03075","0.024234","1.658603"
"130","90","10.867684","1.029876","0.024649","1.658791"
"140","90","10.60464","1.029047","0.025062","1.658973"
"150","90","10.354028","1.028259","0.025472","1.659149"
"160","90","10.114988","1.027509","0.025879","1.659319"
"170","90","9.886736","1.026795","0.026285","1.659484"
"180","90","9.668558","1.026114","0.026687","1.659643"
"190","90","9.459801","1.025464","0.027088","1.659796"
"200","90","9.259869","1.024843","0.027487","1.659945"
"210","90","9.068213","1.024249","0.027883","1.660089"
"220","90","8.884329","1.023681","0.028277","1.660228"
"230","90","8.707755","1.023137","0.028669","1.660362"
"240","90","8.538063","1.022615","0.029059","1.660492"
"250","90","8.374858","1.022114","0.029447","1.660618"
"260","90","8.217775","1.021634","0.029833","1.66074"
"270","90","8.066477","1.021172","0.030218","1.660858"
"280","90","7.920649","1.020728","0.0306","1.660972"
"290","90","7.78","1.020301","0.030981","1.661083"
"300","90","7.644259","1.019889","0.031359","1.661191"
"310","90","7.513173","1.019493","0.031737","1.661295"
"320","90","7.386507","1.019111","0.032112","1.661396"
"330","90","7.264042","1.018743","0.032486","1.661493"
"340","90","7.145571","1.018387","0.032858","1.661588"
"350","90","7.030903","1.018044","0.033228","1.661681"
"360","90","6.919856","1.017712","0.033597","1.66177"
"370","90","6.812263","1.017392","0.033965","1.661857"
"380","90","6.707964","1.017082","0.034331","1.661941"
"390","90","6.606811","1.016782","0.034695","1.662023"
"400","90","6.508664","1.016491","0.035058","1.662103"
"410","90","6.413389","1.01621","0.03542","1.662181"
"420","90","6.320864","1.015937","0.03578","1.662256"
"430","90","6.230971","1.015673","0.036139","1.662329"
"440","90","6.143598","1.015417","0.036496","1.662401"
"450","90","6.058642","1.015168","0.036852","1.66247"
"460","90","5.976003","1.014927","0.037207","1.662538"
"470","90","5.895589","1.014692","0.03756","1.662603"
"480","90","5.81731","1.014465","0.037912","1.662668"
"490","90","5.741082","1.014244","0.038263","1.66273"
"500","90","5.666827","1.014029","0.038613","1.662791"
"-100","100","28.083737","1.084603","0.014544","1.652799"
"-90","100","26.550364","1.07973","0.015028","1.65279"
"-80","100","25.175766","1.07534","0.015505","1.65287"
"-70","100","23.936496","1.071367","0.015976","1.653015"
"-60","100","22.813507","1.067755","0.01644","1.653207"
"-50","100","21.791168","1.06446","0.016899","1.653433"
"-40","100","20.856526","1.061444","0.017352","1.653682"
"-30","100","19.998763","1.058673","0.017799","1.653946"
"-20","100","19.208766","1.05612","0.018242","1.65422"
"-10","100","18.478811","1.05376","0.018681","1.654498"
"0","100","17.802303","1.051575","0.019114","1.654779"
"10","100","17.17358","1.049545","0.019544","1.655058"
"20","100","16.587751","1.047656","0.019969","1.655335"
"30","100","16.040571","1.045893","0.020398","1.655607"
"40","100","15.528338","1.044245","0.020839","1.655874"
"50","100","15.047808","1.042701","0.021278","1.656135"
"60","100","14.596125","1.041253","0.021712","1.65639"
"70","100","14.170768","1.039892","0.022144","1.656638"
"80","100","13.769501","1.03861","0.022573","1.656878"
"90","100","13.390332","1.037401","0.022998","1.657112"
"100","100","13.031486","1.036259","0.023421","1.657338"
"110","100","12.691372","1.03518","0.023841","1.657558"
"120","100","12.368559","1.034157","0.024258","1.65777"
"130","100","12.061761","1.033188","0.024673","1.657976"
"140","100","11.769815","1.032267","0.025085","1.658175"
"150","100","11.491668","1.031392","0.025495","1.658367"
"160","100","11.226363","1.03056","0.025902","1.658553"
"170","100","10.973032","1.029767","0.026307","1.658733"
"180","100","10.730882","1.029011","0.026709","1.658907"
"190","100","10.499188","1.028289","0.027109","1.659075"
"200","100","10.277289","1.0276","0.027507","1.659238"
"210","100","10.064574","1.02694","0.027903","1.659396"
"220","100","9.860487","1.026309","0.028297","1.659548"
"230","100","9.664512","1.025705","0.028688","1.659696"
"240","100","9.476175","1.025125","0.029078","1.659839"
"250","100","9.295038","1.024569","0.029466","1.659977"
"260","100","9.120696","1.024035","0.029852","1.660111"
"270","100","8.952774","1.023522","0.030236","1.660241"
"280","100","8.790923","1.023029","0.030618","1.660366"
"290","100","8.63482","1.022555","0.030998","1.660488"
"300","100","8.484165","1.022098","0.031377","1.660606"
"310","100","8.338676","1.021658","0.031754","1.660721"
"320","100","8.198093","1.021234","0.032129","1.660832"
"330","100","8.062172","1.020824","0.032502","1.66094"
"340","100","7.930684","1.02043","0.032874","1.661044"
"350","100","7.803417","1.020048","0.033244","1.661146"
"360","100","7.680169","1.01968","0.033613","1.661245"
"370","100","7.560754","1.019324","0.03398","1.66134"
"380","100","7.444996","1.018979","0.034346","1.661433"
"390","100","7.332729","1.018646","0.03471","1.661524"
"400","100","7.223797","1.018323","0.035073","1.661612"
"410","100","7.118055","1.018011","0.035434","1.661697"
"420","100","7.015363","1.017708","0.035794","1.66178"
"430","100","6.915593","1.017414","0.036153","1.661861"
"440","100","6.81862","1.017129","0.03651","1.66194"
"450","100","6.72433","1.016853","0.036866","1.662017"
"460","100","6.632611","1.016585","0.037221","1.662091"
"470","100","6.543362","1.016325","0.037574","1.662164"
"480","100","6.456482","1.016072","0.037926","1.662234"
"490","100","6.371879","1.015826","0.038277","1.662303"
"500","100","6.289464","1.015587","0.038626","1.662371"
"-100","110","30.863941","1.09294","0.014616","1.651679"
"-90","110","29.178768","1.087596","0.015097","1.651659"
"-80","110","27.668089","1.082781","0.01557","1.651735"
"-70","110","26.306135","1.078422","0.016037","1.651882"
"-60","110","25.071974","1.07446","0.016498","1.65208"
"-50","110","23.948426","1.070845","0.016954","1.652315"
"-40","110","22.921258","1.067534","0.017403","1.652576"
"-30","110","21.978578","1.064493","0.017848","1.652854"
"-20","110","21.110375","1.061691","0.018288","1.653144"
"-10","110","20.308156","1.059101","0.018723","1.653439"
"0","110","19.564676","1.056702","0.019153","1.653737"
"10","110","18.873711","1.054473","0.01958","1.654035"
"20","110","18.229887","1.052398","0.020002","1.65433"
"30","110","17.628538","1.050462","0.020429","1.654621"
"40","110","17.065596","1.048652","0.020869","1.654907"
"50","110","16.537494","1.046957","0.021306","1.655187"
"60","110","16.041097","1.045366","0.02174","1.655461"
"70","110","15.573631","1.04387","0.022171","1.655727"
"80","110","15.132639","1.042462","0.022599","1.655986"
"90","110","14.715934","1.041133","0.023024","1.656238"
"100","110","14.321563","1.039879","0.023446","1.656482"
"110","110","13.947778","1.038692","0.023866","1.656719"
"120","110","13.593009","1.037569","0.024283","1.656948"
"130","110","13.255839","1.036503","0.024697","1.65717"
"140","110","12.93499","1.035491","0.025108","1.657385"
"150","110","12.629307","1.03453","0.025517","1.657594"
"160","110","12.337738","1.033615","0.025924","1.657795"
"170","110","12.059328","1.032743","0.026328","1.65799"
"180","110","11.793206","1.031912","0.02673","1.658179"
"190","110","11.538576","1.031118","0.02713","1.658362"
"200","110","11.294708","1.03036","0.027528","1.658538"
"210","110","11.060936","1.029635","0.027923","1.658709"
"220","110","10.836645","1.028941","0.028316","1.658875"
"230","110","10.621269","1.028277","0.028708","1.659035"
"240","110","10.414287","1.027639","0.029097","1.659191"
"250","110","10.215218","1.027028","0.029485","1.659341"
"260","110","10.023617","1.026441","0.02987","1.659487"
"270","110","9.839071","1.025877","0.030254","1.659628"
"280","110","9.661197","1.025335","0.030636","1.659765"
"290","110","9.489641","1.024813","0.031016","1.659897"
"300","110","9.324071","1.02431","0.031394","1.660026"
"310","110","9.16418","1.023826","0.03177","1.660151"
"320","110","9.009679","1.02336","0.032145","1.660272"
"330","110","8.860302","1.02291","0.032519","1.660389"
"340","110","8.715798","1.022475","0.03289","1.660503"
"350","110","8.575931","1.022056","0.03326","1.660614"
"360","110","8.440482","1.021651","0.033629","1.660722"
"370","110","8.309246","1.021259","0.033996","1.660826"
"380","110","8.182028","1.02088","0.034361","1.660928"
"390","110","8.058646","1.020513","0.034725","1.661026"
"400","110","7.938931","1.020158","0.035088","1.661122"
"410","110","7.82272","1.019815","0.035449","1.661216"
"420","110","7.709863","1.019481","0.035809","1.661307"
"430","110","7.600215","1.019158","0.036167","1.661395"
"440","110","7.493643","1.018845","0.036524","1.661481"
"450","110","7.390018","1.018541","0.03688","1.661565"
"460","110","7.28922","1.018246","0.037234","1.661646"
"470","110","7.191134","1.01796","0.037587","1.661726"
"480","110","7.095653","1.017682","0.037939","1.661803"
"490","110","7.002675","1.017412","0.03829","1.661878"
"500","110","6.912102","1.017149","0.038639","1.661952"
"-100","120","33.644144","1.101266","0.014687","1.650591"
"-90","120","31.807172","1.095453","0.015164","1.650562"
"-80","120","30.160412","1.090214","0.015634","1.650634"
"-70","120","28.675774","1.085472","0.016098","1.650781"
"-60","120","27.330441","1.08116","0.016556","1.650984"
"-50","120","26.105685","1.077226","0.017008","1.651227"
"-40","120","24.98599","1.073623","0.017454","1.651498"
"-30","120","23.958394","1.070313","0.017896","1.651789"
"-20","120","23.011983","1.067262","0.018332","1.652093"
"-10","120","22.137502","1.064442","0.018764","1.652404"
"0","120","21.327049","1.061829","0.019192","1.652718"
"10","120","20.573843","1.059402","0.019615","1.653033"
"20","120","19.872023","1.057142","0.020035","1.653345"
"30","120","19.216505","1.055034","0.020459","1.653654"
"40","120","18.602853","1.053062","0.020899","1.653958"
"50","120","18.027181","1.051215","0.021335","1.654256"
"60","120","17.486068","1.049481","0.021768","1.654547"
"70","120","16.976493","1.047852","0.022199","1.654831"
"80","120","16.495777","1.046317","0.022626","1.655108"
"90","120","16.041535","1.044869","0.02305","1.655377"
"100","120","15.61164","1.043502","0.023472","1.655638"
"110","120","15.204185","1.042209","0.02389","1.655891"
"120","120","14.817458","1.040984","0.024307","1.656137"
"130","120","14.449916","1.039822","0.02472","1.656375"
"140","120","14.100166","1.038719","0.025131","1.656606"
"150","120","13.766947","1.037671","0.02554","1.656829"
"160","120","13.449114","1.036673","0.025946","1.657046"
"170","120","13.145625","1.035723","0.02635","1.657255"
"180","120","12.85553","1.034816","0.026751","1.657458"
"190","120","12.577963","1.033951","0.027151","1.657655"
"200","120","12.312128","1.033125","0.027548","1.657845"
"210","120","12.057298","1.032334","0.027943","1.658029"
"220","120","11.812802","1.031577","0.028336","1.658208"
"230","120","11.578025","1.030852","0.028727","1.65838"
"240","120","11.352399","1.030157","0.029116","1.658548"
"250","120","11.135398","1.029491","0.029503","1.65871"
"260","120","10.926538","1.02885","0.029888","1.658867"
"270","120","10.725368","1.028235","0.030272","1.65902"
"280","120","10.531472","1.027643","0.030653","1.659167"
"290","120","10.344462","1.027074","0.031033","1.659311"
"300","120","10.163977","1.026526","0.031411","1.65945"
"310","120","9.989683","1.025998","0.031787","1.659584"
"320","120","9.821265","1.025489","0.032162","1.659715"
"330","120","9.658432","1.024998","0.032535","1.659842"
"340","120","9.500911","1.024524","0.032906","1.659966"
"350","120","9.348445","1.024067","0.033276","1.660085"
"360","120","9.200795","1.023625","0.033644","1.660202"
"370","120","9.057737","1.023197","0.034011","1.660315"
"380","120","8.919059","1.022784","0.034376","1.660425"
"390","120","8.784564","1.022384","0.03474","1.660532"
"400","120","8.654065","1.021997","0.035102","1.660636"
"410","120","8.527386","1.021622","0.035463","1.660737"
"420","120","8.404362","1.021258","0.035823","1.660835"
"430","120","8.284838","1.020906","0.036181","1.660931"
"440","120","8.168665","1.020564","0.036538","1.661024"
"450","120","8.055706","1.020232","0.036893","1.661115"
"460","120","7.945828","1.019911","0.037248","1.661203"
"470","120","7.838907","1.019598","0.037601","1.661289"
"480","120","7.734825","1.019295","0.037952","1.661373"
"490","120","7.633471","1.019","0.038303","1.661455"
"500","120","7.534739","1.018713","0.038652","1.661534"
"-100","130","36.424347","1.109582","0.014757","1.649535"
"-90","130","34.435576","1.1033","0.015231","1.649495"
"-80","130","32.652735","1.09764","0.015697","1.649563"
"-70","130","31.045413","1.092515","0.016158","1.649711"
"-60","130","29.588908","1.087856","0.016612","1.649918"
"-50","130","28.262943","1.083604","0.017061","1.650167"
"-40","130","27.050722","1.079709","0.017505","1.650448"
"-30","130","25.93821","1.076131","0.017943","1.65075"
"-20","130","24.913592","1.072832","0.018377","1.651066"
"-10","130","23.966847","1.069783","0.018806","1.651391"
"0","130","23.089422","1.066958","0.01923","1.651721"
"10","130","22.273974","1.064333","0.01965","1.652051"
"20","130","21.514159","1.061888","0.020067","1.65238"
"30","130","20.804472","1.059607","0.020489","1.652705"
"40","130","20.140111","1.057474","0.020928","1.653026"
"50","130","19.516868","1.055476","0.021363","1.653341"
"60","130","18.931039","1.0536","0.021796","1.653649"
"70","130","18.379355","1.051836","0.022225","1.65395"
"80","130","17.858915","1.050175","0.022652","1.654243"
"90","130","17.367137","1.048608","0.023076","1.654528"
"100","130","16.901717","1.047128","0.023497","1.654806"
"110","130","16.460592","1.045729","0.023915","1.655075"
"120","130","16.041907","1.044403","0.02433","1.655336"
"130","130","15.643993","1.043145","0.024744","1.65559"
"140","130","15.265341","1.041951","0.025154","1.655836"
"150","130","14.904586","1.040816","0.025562","1.656074"
"160","130","14.560489","1.039736","0.025968","1.656305"
"170","130","14.231921","1.038706","0.026371","1.656529"
"180","130","13.917854","1.037725","0.026772","1.656745"
"190","130","13.61735","1.036788","0.027171","1.656955"
"200","130","13.329548","1.035893","0.027568","1.657158"
"210","130","13.05366","1.035036","0.027963","1.657355"
"220","130","12.78896","1.034217","0.028356","1.657546"
"230","130","12.534782","1.033432","0.028746","1.657731"
"240","130","12.290511","1.032679","0.029135","1.65791"
"250","130","12.055578","1.031957","0.029522","1.658084"
"260","130","11.829458","1.031263","0.029906","1.658253"
"270","130","11.611665","1.030597","0.03029","1.658416"
"280","130","11.401746","1.029956","0.030671","1.658574"
"290","130","11.199282","1.029339","0.03105","1.658728"
"300","130","11.003883","1.028745","0.031428","1.658877"
"310","130","10.815186","1.028173","0.031804","1.659022"
"320","130","10.632851","1.027622","0.032178","1.659162"
"330","130","10.456563","1.02709","0.032551","1.659298"
"340","130","10.286024","1.026577","0.032922","1.659431"
"350","130","10.120959","1.026081","0.033292","1.65956"
"360","130","9.961108","1.025602","0.03366","1.659685"
"370","130","9.806228","1.025139","0.034026","1.659806"
"380","130","9.656091","1.024691","0.034391","1.659924"
"390","130","9.510481","1.024258","0.034755","1.660039"
"400","130","9.369198","1.023838","0.035117","1.660151"
"410","130","9.232051","1.023431","0.035478","1.66026"
"420","130","9.098861","1.023038","0.035837","1.660365"
"430","130","8.96946","1.022656","0.036195","1.660468"
"440","130","8.843687","1.022286","0.036552","1.660569"
"450","130","8.721394","1.021926","0.036907","1.660666"
"460","130","8.602436","1.021578","0.037261","1.660761"
"470","130","8.486679","1.021239","0.037614","1.660854"
"480","130","8.373997","1.02091","0.037965","1.660944"
"490","130","8.264267","1.02059","0.038316","1.661032"
"500","130","8.157377","1.02028","0.038665","1.661118"
"-100","140","39.204551","1.117885","0.014827","1.648507"
"-90","140","37.06398","1.111138","0.015296","1.648459"
"-80","140","35.145058","1.105057","0.01576","1.648522"
"-70","140","33.415053","1.099552","0.016217","1.64867"
"-60","140","31.847375","1.094546","0.016668","1.648879"
"-50","140","30.420201","1.089977","0.017114","1.649135"
"-40","140","29.115453","1.085792","0.017554","1.649424"
"-30","140","27.918026","1.081946","0.01799","1.649736"
"-20","140","26.8152","1.078401","0.01842","1.650064"
"-10","140","25.796192","1.075123","0.018846","1.650402"
"0","140","24.851796","1.072086","0.019268","1.650745"
"10","140","23.974105","1.069263","0.019685","1.65109"
"20","140","23.156295","1.066635","0.020099","1.651434"
"30","140","22.392439","1.064182","0.020518","1.651775"
"40","140","21.677368","1.061888","0.020956","1.652111"
"50","140","21.006554","1.059738","0.021391","1.652442"
"60","140","20.376011","1.05772","0.021823","1.652766"
"70","140","19.782218","1.055823","0.022252","1.653083"
"80","140","19.222053","1.054036","0.022678","1.653392"
"90","140","18.692738","1.05235","0.023101","1.653693"
"100","140","18.191794","1.050758","0.023521","1.653985"
"110","140","17.716998","1.049251","0.023939","1.65427"
"120","140","17.266356","1.047824","0.024354","1.654547"
"130","140","16.83807","1.046471","0.024767","1.654815"
"140","140","16.430517","1.045186","0.025177","1.655075"
"150","140","16.042226","1.043964","0.025584","1.655328"
"160","140","15.671864","1.042801","0.02599","1.655573"
"170","140","15.318217","1.041693","0.026393","1.65581"
"180","140","14.980179","1.040637","0.026793","1.65604"
"190","140","14.656737","1.039628","0.027192","1.656263"
"200","140","14.346968","1.038664","0.027588","1.656479"
"210","140","14.050022","1.037742","0.027983","1.656688"
"220","140","13.765118","1.03686","0.028375","1.656891"
"230","140","13.491539","1.036014","0.028765","1.657088"
"240","140","13.228623","1.035204","0.029154","1.657279"
"250","140","12.975758","1.034426","0.02954","1.657464"
"260","140","12.732379","1.033679","0.029924","1.657643"
"270","140","12.497962","1.032962","0.030307","1.657817"
"280","140","12.27202","1.032272","0.030688","1.657986"
"290","140","12.054103","1.031607","0.031067","1.658149"
"300","140","11.843789","1.030968","0.031445","1.658308"
"310","140","11.640689","1.030352","0.031821","1.658463"
"320","140","11.444437","1.029758","0.032195","1.658613"
"330","140","11.254693","1.029185","0.032567","1.658758"
"340","140","11.071137","1.028632","0.032938","1.6589"
"350","140","10.893473","1.028098","0.033307","1.659037"
"360","140","10.721421","1.027582","0.033675","1.65917"
"370","140","10.55472","1.027083","0.034042","1.6593"
"380","140","10.393122","1.026601","0.034406","1.659427"
"390","140","10.236399","1.026134","0.03477","1.659549"
"400","140","10.084332","1.025682","0.035132","1.659669"
"410","140","9.936717","1.025244","0.035492","1.659785"
"420","140","9.793361","1.02482","0.035851","1.659898"
"430","140","9.654082","1.024409","0.036209","1.660008"
"440","140","9.51871","1.02401","0.036566","1.660115"
"450","140","9.387081","1.023623","0.036921","1.66022"
"460","140","9.259044","1.023247","0.037275","1.660322"
"470","140","9.134452","1.022882","0.037627","1.660421"
"480","140","9.013169","1.022528","0.037979","1.660518"
"490","140","8.895064","1.022184","0.038329","1.660612"
"500","140","8.780014","1.021849","0.038678","1.660704"
"-100","150","41.984754","1.126176","0.014895","1.647505"
"-90","150","39.692384","1.118965","0.015361","1.64745"
"-80","150","37.637381","1.112466","0.015821","1.64751"
"-70","150","35.784692","1.106581","0.016275","1.647657"
"-60","150","34.105842","1.10123","0.016723","1.647869"
"-50","150","32.57746","1.096346","0.017166","1.648129"
"-40","150","31.180185","1.091871","0.017603","1.648425"
"-30","150","29.897841","1.087759","0.018036","1.648746"
"-20","150","28.716809","1.083967","0.018463","1.649085"
"-10","150","27.625537","1.080462","0.018886","1.649434"
"0","150","26.614169","1.077213","0.019305","1.64979"
"10","150","25.674237","1.074194","0.01972","1.650149"
"20","150","24.798431","1.071382","0.02013","1.650507"
"30","150","23.980406","1.068757","0.020548","1.650862"
"40","150","23.214626","1.066302","0.020985","1.651213"
"50","150","22.496241","1.064002","0.021419","1.651559"
"60","150","21.820982","1.061843","0.02185","1.651898"
"70","150","21.18508","1.059812","0.022278","1.65223"
"80","150","20.585191","1.057899","0.022704","1.652554"
"90","150","20.01834","1.056095","0.023126","1.65287"
"100","150","19.481871","1.05439","0.023546","1.653177"
"110","150","18.973405","1.052777","0.023963","1.653477"
"120","150","18.490805","1.051249","0.024378","1.653768"
"130","150","18.032147","1.0498","0.02479","1.65405"
"140","150","17.595692","1.048424","0.025199","1.654324"
"150","150","17.179866","1.047115","0.025606","1.654591"
"160","150","16.783239","1.04587","0.026011","1.654849"
"170","150","16.404513","1.044684","0.026414","1.655099"
"180","150","16.042503","1.043552","0.026814","1.655342"
"190","150","15.696125","1.042471","0.027212","1.655578"
"200","150","15.364388","1.041439","0.027608","1.655806"
"210","150","15.046383","1.040451","0.028002","1.656027"
"220","150","14.741276","1.039506","0.028394","1.656242"
"230","150","14.448296","1.038601","0.028784","1.65645"
"240","150","14.166735","1.037732","0.029172","1.656652"
"250","150","13.895938","1.036899","0.029558","1.656848"
"260","150","13.6353","1.036099","0.029942","1.657038"
"270","150","13.384259","1.03533","0.030325","1.657223"
"280","150","13.142294","1.03459","0.030705","1.657402"
"290","150","12.908923","1.033879","0.031084","1.657575"
"300","150","12.683696","1.033194","0.031462","1.657744"
"310","150","12.466192","1.032534","0.031837","1.657908"
"320","150","12.256023","1.031897","0.032211","1.658067"
"330","150","12.052823","1.031283","0.032583","1.658221"
"340","150","11.856251","1.030691","0.032954","1.658371"
"350","150","11.665988","1.030118","0.033323","1.658517"
"360","150","11.481734","1.029566","0.033691","1.658659"
"370","150","11.303211","1.029031","0.034057","1.658797"
"380","150","11.130154","1.028514","0.034421","1.658931"
"390","150","10.962316","1.028014","0.034784","1.659062"
"400","150","10.799465","1.027529","0.035146","1.659189"
"410","150","10.641382","1.02706","0.035506","1.659313"
"420","150","10.48786","1.026605","0.035865","1.659433"
"430","150","10.338705","1.026164","0.036223","1.65955"
"440","150","10.193732","1.025737","0.036579","1.659664"
"450","150","10.052769","1.025322","0.036934","1.659776"
"460","150","9.915652","1.024919","0.037288","1.659884"
"470","150","9.782225","1.024528","0.03764","1.659989"
"480","150","9.65234","1.024149","0.037992","1.660092"
"490","150","9.52586","1.02378","0.038342","1.660193"
"500","150","9.402652","1.023421","0.03869","1.660291"
"-100","160","44.764957","1.134454","0.014962","1.646529"
"-90","160","42.320788","1.126781","0.015425","1.646467"
"-80","160","40.129704","1.119865","0.015882","1.646524"
"-70","160","38.154331","1.113603","0.016333","1.64667"
"-60","160","36.364308","1.107908","0.016778","1.646884"
"-50","160","34.734718","1.102709","0.017217","1.647149"
"-40","160","33.244917","1.097946","0.017652","1.647451"
"-30","160","31.877657","1.093568","0.018081","1.64778"
"-20","160","30.618417","1.089532","0.018506","1.648128"
"-10","160","29.454883","1.085799","0.018926","1.648489"
"0","160","28.376542","1.08234","0.019342","1.648856"
"10","160","27.374368","1.079124","0.019753","1.649227"
"20","160","26.440567","1.076129","0.020161","1.649598"
"30","160","25.568373","1.073333","0.020576","1.649967"
"40","160","24.751884","1.070718","0.021013","1.650332"
"50","160","23.985927","1.068267","0.021447","1.650692"
"60","160","23.265953","1.065967","0.021877","1.651045"
"70","160","22.587942","1.063803","0.022304","1.651391"
"80","160","21.948329","1.061764","0.022729","1.651729"
"90","160","21.343941","1.059841","0.023151","1.652059"
"100","160","20.771948","1.058024","0.02357","1.652381"
"110","160","20.229812","1.056305","0.023987","1.652695"
"120","160","19.715255","1.054677","0.024401","1.652999"
"130","160","19.226224","1.053132","0.024812","1.653295"
"140","160","18.760867","1.051665","0.025221","1.653583"
"150","160","18.317505","1.05027","0.025628","1.653862"
"160","160","17.894615","1.048942","0.026033","1.654134"
"170","160","17.49081","1.047677","0.026435","1.654397"
"180","160","17.104827","1.04647","0.026835","1.654652"
"190","160","16.735512","1.045318","0.027232","1.6549"
"200","160","16.381808","1.044217","0.027628","1.65514"
"210","160","16.042745","1.043164","0.028022","1.655373"
"220","160","15.717434","1.042156","0.028413","1.655599"
"230","160","15.405053","1.04119","0.028803","1.655819"
"240","160","15.104847","1.040264","0.02919","1.656032"
"250","160","14.816118","1.039375","0.029576","1.656238"
"260","160","14.538221","1.038521","0.02996","1.656439"
"270","160","14.270556","1.037701","0.030342","1.656633"
"280","160","14.012569","1.036912","0.030723","1.656822"
"290","160","13.763744","1.036153","0.031101","1.657005"
"300","160","13.523602","1.035423","0.031478","1.657184"
"310","160","13.291696","1.034718","0.031853","1.657357"
"320","160","13.067609","1.034039","0.032227","1.657525"
"330","160","12.850953","1.033384","0.032599","1.657688"
"340","160","12.641364","1.032752","0.03297","1.657847"
"350","160","12.438502","1.032142","0.033338","1.658001"
"360","160","12.242047","1.031552","0.033706","1.658151"
"370","160","12.051702","1.030981","0.034072","1.658297"
"380","160","11.867186","1.03043","0.034436","1.658439"
"390","160","11.688234","1.029896","0.034799","1.658577"
"400","160","11.514599","1.029379","0.035161","1.658712"
"410","160","11.346048","1.028878","0.035521","1.658843"
"420","160","11.182359","1.028393","0.035879","1.65897"
"430","160","11.023327","1.027923","0.036237","1.659094"
"440","160","10.868755","1.027467","0.036593","1.659215"
"450","160","10.718457","1.027024","0.036948","1.659333"
"460","160","10.57226","1.026594","0.037301","1.659448"
"470","160","10.429997","1.026177","0.037654","1.65956"
"480","160","10.291512","1.025772","0.038005","1.659669"
"490","160","10.156656","1.025378","0.038354","1.659775"
"500","160","10.025289","1.024995","0.038703","1.659879"
"-100","170","47.545161","1.142719","0.015028","1.645576"
"-90","170","44.949192","1.134585","0.015488","1.645509"
"-80","170","42.622027","1.127254","0.015942","1.645563"
"-70","170","40.52397","1.120616","0.016389","1.645708"
"-60","170","38.622775","1.114579","0.016831","1.645924"
"-50","170","36.891977","1.109067","0.017268","1.646193"
"-40","170","35.309649","1.104017","0.017699","1.646501"
"-30","170","33.857473","1.099374","0.018126","1.646837"
"-20","170","32.520026","1.095093","0.018548","1.647194"
"-10","170","31.284228","1.091135","0.018965","1.647564"
"0","170","30.138915","1.087464","0.019378","1.647942"
"10","170","29.0745","1.084053","0.019787","1.648324"
"20","170","28.082704","1.080876","0.020192","1.648708"
"30","170","27.15634","1.077909","0.020605","1.649089"
"40","170","26.289141","1.075134","0.021041","1.649467"
"50","170","25.475614","1.072534","0.021474","1.64984"
"60","170","24.710925","1.070092","0.021903","1.650207"
"70","170","23.990804","1.067795","0.02233","1.650566"
"80","170","23.311467","1.065631","0.022754","1.650918"
"90","170","22.669543","1.06359","0.023176","1.651262"
"100","170","22.062025","1.061661","0.023594","1.651597"
"110","170","21.486218","1.059835","0.02401","1.651924"
"120","170","20.939704","1.058106","0.024424","1.652241"
"130","170","20.420302","1.056466","0.024835","1.652551"
"140","170","19.926043","1.054908","0.025244","1.652851"
"150","170","19.455145","1.053427","0.02565","1.653143"
"160","170","19.00599","1.052016","0.026054","1.653427"
"170","170","18.577106","1.050673","0.026455","1.653702"
"180","170","18.167151","1.049391","0.026855","1.65397"
"190","170","17.774899","1.048167","0.027252","1.654229"
"200","170","17.399228","1.046998","0.027648","1.654481"
"210","170","17.039107","1.045879","0.028041","1.654726"
"220","170","16.693591","1.044808","0.028432","1.654963"
"230","170","16.36181","1.043782","0.028821","1.655193"
"240","170","16.042959","1.042798","0.029209","1.655416"
"250","170","15.736298","1.041854","0.029594","1.655633"
"260","170","15.441141","1.040947","0.029978","1.655844"
"270","170","15.156853","1.040075","0.03036","1.656049"
"280","170","14.882843","1.039237","0.03074","1.656247"
"290","170","14.618564","1.038431","0.031118","1.65644"
"300","170","14.363508","1.037654","0.031495","1.656627"
"310","170","14.117199","1.036906","0.03187","1.65681"
"320","170","13.879195","1.036184","0.032243","1.656986"
"330","170","13.649083","1.035488","0.032615","1.657158"
"340","170","13.426477","1.034816","0.032985","1.657326"
"350","170","13.211016","1.034168","0.033354","1.657488"
"360","170","13.002361","1.033541","0.033721","1.657646"
"370","170","12.800194","1.032935","0.034087","1.6578"
"380","170","12.604217","1.032348","0.034451","1.65795"
"390","170","12.414151","1.031781","0.034814","1.658095"
"400","170","12.229733","1.031232","0.035175","1.658237"
"410","170","12.050713","1.030699","0.035535","1.658375"
"420","170","11.876859","1.030184","0.035893","1.65851"
"430","170","11.707949","1.029684","0.036251","1.658641"
"440","170","11.543777","1.029199","0.036607","1.658768"
"450","170","11.384145","1.028728","0.036961","1.658893"
"460","170","11.228868","1.028272","0.037315","1.659014"
"470","170","11.07777","1.027828","0.037667","1.659132"
"480","170","10.930684","1.027397","0.038018","1.659247"
"490","170","10.787453","1.026979","0.038367","1.65936"
"500","170","10.647927","1.026572","0.038716","1.659469"
"-100","180","50.325364","1.150969","0.015093","1.644645"
"-90","180","47.577596","1.142377","0.01555","1.644575"
"-80","180","45.11435","1.134633","0.016001","1.644626"
"-70","180","42.893609","1.12762","0.016445","1.644771"
"-60","180","40.881242","1.121242","0.016884","1.644989"
"-50","180","39.049235","1.115418","0.017318","1.645261"
"-40","180","37.37438","1.110082","0.017747","1.645574"
"-30","180","35.837289","1.105176","0.01817","1.645917"
"-20","180","34.421634","1.100651","0.018589","1.646281"
"-10","180","33.113573","1.096467","0.019004","1.64666"
"0","180","31.901288","1.092588","0.019414","1.647048"
"10","180","30.774631","1.088981","0.01982","1.647441"
"20","180","29.72484","1.085622","0.020222","1.647835"
"30","180","28.744307","1.082485","0.020634","1.648229"
"40","180","27.826399","1.079551","0.021069","1.648619"
"50","180","26.9653","1.0768","0.021501","1.649004"
"60","180","26.155896","1.074218","0.02193","1.649383"
"70","180","25.393667","1.071788","0.022356","1.649755"
"80","180","24.674605","1.069499","0.022779","1.65012"
"90","180","23.995145","1.06734","0.0232","1.650477"
"100","180","23.352102","1.065299","0.023618","1.650825"
"110","180","22.742625","1.063368","0.024034","1.651164"
"120","180","22.164153","1.061538","0.024447","1.651494"
"130","180","21.614379","1.059802","0.024857","1.651816"
"140","180","21.091218","1.058154","0.025265","1.652129"
"150","180","20.592785","1.056586","0.025671","1.652433"
"160","180","20.117365","1.055093","0.026075","1.652729"
"170","180","19.663402","1.053671","0.026476","1.653016"
"180","180","19.229475","1.052315","0.026875","1.653295"
"190","180","18.814286","1.051019","0.027272","1.653566"
"200","180","18.416647","1.049781","0.027667","1.653829"
"210","180","18.035469","1.048597","0.02806","1.654085"
"220","180","17.669749","1.047463","0.028451","1.654333"
"230","180","17.318567","1.046377","0.02884","1.654573"
"240","180","16.981071","1.045335","0.029227","1.654807"
"250","180","16.656479","1.044335","0.029612","1.655034"
"260","180","16.344062","1.043375","0.029995","1.655255"
"270","180","16.04315","1.042452","0.030377","1.655469"
"280","180","15.753117","1.041565","0.030757","1.655677"
"290","180","15.473385","1.040711","0.031135","1.655879"
"300","180","15.203414","1.039889","0.031511","1.656076"
"310","180","14.942702","1.039096","0.031886","1.656266"
"320","180","14.690781","1.038332","0.032259","1.656452"
"330","180","14.447213","1.037595","0.032631","1.656632"
"340","180","14.211591","1.036884","0.033001","1.656808"
"350","180","13.98353","1.036196","0.033369","1.656979"
"360","180","13.762674","1.035532","0.033736","1.657145"
"370","180","13.548685","1.03489","0.034101","1.657306"
"380","180","13.341249","1.034269","0.034465","1.657463"
"390","180","13.140069","1.033668","0.034828","1.657616"
"400","180","12.944866","1.033087","0.035189","1.657765"
"410","180","12.755378","1.032523","0.035549","1.65791"
"420","180","12.571358","1.031977","0.035907","1.658052"
"430","180","12.392572","1.031447","0.036264","1.658189"
"440","180","12.218799","1.030934","0.03662","1.658324"
"450","180","12.049833","1.030435","0.036975","1.658454"
"460","180","11.885476","1.029951","0.037328","1.658582"
"470","180","11.725542","1.029482","0.03768","1.658706"
"480","180","11.569856","1.029025","0.03803","1.658827"
"490","180","11.418249","1.028582","0.03838","1.658946"
"500","180","11.270564","1.028151","0.038728","1.659061"
"-100","190","53.105567","1.159205","0.015158","1.643734"
"-90","190","50.206","1.150157","0.015611","1.643662"
"-80","190","47.606673","1.142001","0.016059","1.643712"
"-70","190","45.263249","1.134615","0.016501","1.643858"
"-60","190","43.139709","1.127897","0.016937","1.644076"
"-50","190","41.206493","1.121763","0.017367","1.644351"
"-40","190","39.439112","1.116141","0.017793","1.644669"
"-30","190","37.817105","1.110972","0.018214","1.645018"
"-20","190","36.323243","1.106206","0.01863","1.645389"
"-10","190","34.942918","1.101797","0.019042","1.645776"
"0","190","33.663661","1.097708","0.01945","1.646173"
"10","190","32.474762","1.093908","0.019853","1.646576"
"20","190","31.366976","1.090367","0.020253","1.64698"
"30","190","30.332274","1.087061","0.020662","1.647385"
"40","190","29.363656","1.083967","0.021096","1.647786"
"50","190","28.454987","1.081067","0.021527","1.648183"
"60","190","27.600867","1.078344","0.021956","1.648574"
"70","190","26.796529","1.075782","0.022381","1.648958"
"80","190","26.037743","1.073369","0.022804","1.649335"
"90","190","25.320746","1.071091","0.023224","1.649704"
"100","190","24.642179","1.068939","0.023642","1.650064"
"110","190","23.999032","1.066902","0.024057","1.650415"
"120","190","23.388602","1.064972","0.024469","1.650758"
"130","190","22.808456","1.063141","0.02488","1.651092"
"140","190","22.256393","1.061401","0.025287","1.651416"
"150","190","21.730424","1.059747","0.025693","1.651732"
"160","190","21.228741","1.058173","0.026096","1.652039"
"170","190","20.749699","1.056672","0.026497","1.652338"
"180","190","20.2918","1.055241","0.026895","1.652628"
"190","190","19.853674","1.053874","0.027292","1.65291"
"200","190","19.434067","1.052567","0.027687","1.653184"
"210","190","19.031831","1.051317","0.028079","1.65345"
"220","190","18.645907","1.050121","0.02847","1.653709"
"230","190","18.275323","1.048974","0.028858","1.65396"
"240","190","17.919183","1.047875","0.029245","1.654204"
"250","190","17.576659","1.04682","0.02963","1.65444"
"260","190","17.246983","1.045806","0.030013","1.654671"
"270","190","16.929447","1.044832","0.030394","1.654894"
"280","190","16.623391","1.043895","0.030774","1.655111"
"290","190","16.328206","1.042994","0.031152","1.655323"
"300","190","16.04332","1.042126","0.031528","1.655528"
"310","190","15.768205","1.041289","0.031902","1.655727"
"320","190","15.502367","1.040483","0.032275","1.655921"
"330","190","15.245344","1.039704","0.032646","1.65611"
"340","190","14.996704","1.038953","0.033016","1.656294"
"350","190","14.756044","1.038228","0.033384","1.656472"
"360","190","14.522987","1.037527","0.033751","1.656646"
"370","190","14.297176","1.036849","0.034116","1.656815"
"380","190","14.078281","1.036193","0.03448","1.65698"
"390","190","13.865987","1.035559","0.034842","1.65714"
"400","190","13.66","1.034944","0.035203","1.657296"
"410","190","13.460044","1.034349","0.035563","1.657448"
"420","190","13.265857","1.033772","0.035921","1.657596"
"430","190","13.077194","1.033213","0.036278","1.657741"
"440","190","12.893822","1.032671","0.036634","1.657881"
"450","190","12.715521","1.032144","0.036988","1.658018"
"460","190","12.542084","1.031634","0.037341","1.658152"
"470","190","12.373315","1.031137","0.037693","1.658282"
"480","190","12.209027","1.030656","0.038043","1.65841"
"490","190","12.049045","1.030187","0.038393","1.658534"
"500","190","11.893202","1.029732","0.038741","1.658655"
"-100","200","55.885771","1.167427","0.015222","1.642843"
"-90","200","52.834404","1.157924","0.015672","1.642771"
"-80","200","50.098996","1.149358","0.016116","1.64282"
"-70","200","47.632888","1.1416","0.016555","1.642966"
"-60","200","45.398176","1.134544","0.016988","1.643186"
"-50","200","43.363752","1.1281","0.017416","1.643464"
"-40","200","41.503844","1.122195","0.017839","1.643785"
"-30","200","39.79692","1.116764","0.018257","1.644139"
"-20","200","38.224852","1.111756","0.018671","1.644517"
"-10","200","36.772264","1.107123","0.01908","1.644911"
"0","200","35.426034","1.102827","0.019485","1.645317"
"10","200","34.174894","1.098832","0.019885","1.645728"
"20","200","33.009112","1.09511","0.020282","1.646143"
"30","200","31.920241","1.091635","0.020689","1.646557"
"40","200","30.900914","1.088383","0.021123","1.646969"
"50","200","29.944673","1.085334","0.021554","1.647377"
"60","200","29.045839","1.082471","0.021982","1.647779"
"70","200","28.199391","1.079777","0.022407","1.648175"
"80","200","27.400881","1.077239","0.022829","1.648563"
"90","200","26.646348","1.074844","0.023248","1.648943"
"100","200","25.932256","1.07258","0.023666","1.649315"
"110","200","25.255438","1.070437","0.02408","1.649678"
"120","200","24.613051","1.068407","0.024492","1.650032"
"130","200","24.002533","1.066481","0.024902","1.650377"
"140","200","23.421569","1.064651","0.025309","1.650713"
"150","200","22.868064","1.062911","0.025714","1.65104"
"160","200","22.340116","1.061254","0.026117","1.651359"
"170","200","21.835995","1.059675","0.026517","1.651668"
"180","200","21.354124","1.058169","0.026915","1.651969"
"190","200","20.893061","1.056731","0.027312","1.652262"
"200","200","20.451487","1.055356","0.027706","1.652546"
"210","200","20.028192","1.05404","0.028098","1.652823"
"220","200","19.622065","1.052781","0.028488","1.653091"
"230","200","19.23208","1.051574","0.028877","1.653352"
"240","200","18.857295","1.050417","0.029263","1.653606"
"250","200","18.496839","1.049306","0.029648","1.653852"
"260","200","18.149904","1.04824","0.03003","1.654092"
"270","200","17.815744","1.047214","0.030411","1.654324"
"280","200","17.493666","1.046228","0.030791","1.654551"
"290","200","17.183026","1.045279","0.031168","1.654771"
"300","200","16.883226","1.044365","0.031544","1.654985"
"310","200","16.593709","1.043485","0.031918","1.655193"
"320","200","16.313953","1.042635","0.032291","1.655395"
"330","200","16.043474","1.041816","0.032662","1.655592"
"340","200","15.781817","1.041025","0.033031","1.655783"
"350","200","15.528558","1.040261","0.033399","1.655969"
"360","200","15.2833","1.039523","0.033766","1.656151"
"370","200","15.045668","1.03881","0.034131","1.656327"
"380","200","14.815312","1.038119","0.034495","1.656499"
"390","200","14.591904","1.037451","0.034857","1.656666"
"400","200","14.375134","1.036804","0.035217","1.65683"
"410","200","14.164709","1.036178","0.035577","1.656988"
"420","200","13.960357","1.03557","0.035935","1.657143"
"430","200","13.761816","1.034981","0.036292","1.657294"
"440","200","13.568844","1.03441","0.036647","1.657441"
"450","200","13.381209","1.033856","0.037001","1.657584"
"460","200","13.198692","1.033318","0.037354","1.657724"
"470","200","13.021087","1.032796","0.037706","1.65786"
"480","200","12.848199","1.032288","0.038056","1.657993"
"490","200","12.679842","1.031795","0.038405","1.658123"
"500","200","12.515839","1.031315","0.038753","1.65825"
"-100","210","58.665974","1.175634","0.015285","1.64197"
"-90","210","55.462809","1.165677","0.015732","1.641899"
"-80","210","52.59132","1.156703","0.016173","1.641949"
"-70","210","50.002527","1.148575","0.016609","1.642096"
"-60","210","47.656643","1.141182","0.017039","1.642318"
"-50","210","45.52101","1.13443","0.017464","1.642598"
"-40","210","43.568576","1.128242","0.017885","1.642923"
"-30","210","41.776736","1.122551","0.0183","1.643282"
"-20","210","40.12646","1.117302","0.018711","1.643665"
"-10","210","38.601609","1.112446","0.019117","1.644066"
"0","210","37.188407","1.107942","0.019519","1.644479"
"10","210","35.875025","1.103754","0.019918","1.644899"
"20","210","34.651248","1.099852","0.020312","1.645322"
"30","210","33.508208","1.096208","0.020717","1.645746"
"40","210","32.438171","1.092798","0.02115","1.646167"
"50","210","31.43436","1.089601","0.02158","1.646585"
"60","210","30.49081","1.086597","0.022007","1.646998"
"70","210","29.602254","1.083772","0.022432","1.647404"
"80","210","28.764019","1.08111","0.022853","1.647803"
"90","210","27.971949","1.078597","0.023272","1.648194"
"100","210","27.222333","1.076222","0.023689","1.648577"
"110","210","26.511845","1.073974","0.024103","1.648951"
"120","210","25.837501","1.071844","0.024514","1.649316"
"130","210","25.19661","1.069823","0.024923","1.649672"
"140","210","24.586744","1.067903","0.02533","1.650019"
"150","210","24.005703","1.066076","0.025735","1.650357"
"160","210","23.451491","1.064338","0.026137","1.650686"
"170","210","22.922291","1.06268","0.026537","1.651007"
"180","210","22.416448","1.061099","0.026935","1.651318"
"190","210","21.932448","1.05959","0.027331","1.651621"
"200","210","21.468907","1.058146","0.027725","1.651915"
"210","210","21.024554","1.056766","0.028117","1.652202"
"220","210","20.598222","1.055444","0.028507","1.65248"
"230","210","20.188837","1.054177","0.028895","1.652751"
"240","210","19.795408","1.052962","0.029281","1.653014"
"250","210","19.417019","1.051796","0.029665","1.653269"
"260","210","19.052824","1.050676","0.030048","1.653518"
"270","210","18.702041","1.049599","0.030428","1.65376"
"280","210","18.36394","1.048564","0.030807","1.653995"
"290","210","18.037847","1.047567","0.031185","1.654223"
"300","210","17.723132","1.046608","0.03156","1.654446"
"310","210","17.419212","1.045683","0.031934","1.654662"
"320","210","17.125539","1.044791","0.032307","1.654872"
"330","210","16.841604","1.04393","0.032677","1.655077"
"340","210","16.56693","1.0431","0.033047","1.655276"
"350","210","16.301073","1.042298","0.033415","1.65547"
"360","210","16.043613","1.041522","0.033781","1.655659"
"370","210","15.794159","1.040773","0.034146","1.655843"
"380","210","15.552344","1.040048","0.034509","1.656022"
"390","210","15.317822","1.039346","0.034871","1.656196"
"400","210","15.090267","1.038667","0.035232","1.656366"
"410","210","14.869375","1.038008","0.035591","1.656531"
"420","210","14.654856","1.03737","0.035949","1.656693"
"430","210","14.446439","1.036752","0.036305","1.65685"
"440","210","14.243866","1.036152","0.03666","1.657003"
"450","210","14.046897","1.03557","0.037014","1.657153"
"460","210","13.8553","1.035005","0.037367","1.657298"
"470","210","13.66886","1.034456","0.037718","1.657441"
"480","210","13.487371","1.033923","0.038069","1.657579"
"490","210","13.310638","1.033405","0.038418","1.657715"
"500","210","13.138477","1.032901","0.038766","1.657847"
"-100","220","61.446177","1.183825","0.015347","1.641114"
"-90","220","58.091213","1.173417","0.015791","1.641046"
"-80","220","55.083643","1.164036","0.016229","1.641098"
"-70","220","52.372166","1.15554","0.016662","1.641246"
"-60","220","49.915109","1.147811","0.01709","1.64147"
"-50","220","47.678268","1.140752","0.017512","1.641752"
"-40","220","45.633307","1.134282","0.01793","1.642081"
"-30","220","43.756552","1.128332","0.018342","1.642444"
"-20","220","42.028069","1.122842","0.01875","1.642832"
"-10","220","40.430954","1.117764","0.019154","1.643239"
"0","220","38.95078","1.113054","0.019554","1.643659"
"10","220","37.575157","1.108674","0.019949","1.644086"
"20","220","36.293384","1.104592","0.020341","1.644518"
"30","220","35.096175","1.10078","0.020744","1.64495"
"40","220","33.975429","1.097212","0.021176","1.645381"
"50","220","32.924046","1.093866","0.021606","1.645808"
"60","220","31.935781","1.090724","0.022032","1.646231"
"70","220","31.005116","1.087767","0.022456","1.646647"
"80","220","30.127157","1.084981","0.022877","1.647056"
"90","220","29.297551","1.082351","0.023296","1.647458"
"100","220","28.512409","1.079865","0.023712","1.647851"
"110","220","27.768252","1.077512","0.024125","1.648236"
"120","220","27.06195","1.075282","0.024537","1.648611"
"130","220","26.390687","1.073166","0.024945","1.648978"
"140","220","25.75192","1.071156","0.025352","1.649335"
"150","220","25.143343","1.069243","0.025756","1.649683"
"160","220","24.562866","1.067423","0.026158","1.650023"
"170","220","24.008588","1.065687","0.026557","1.650353"
"180","220","23.478772","1.064032","0.026955","1.650674"
"190","220","22.971835","1.062451","0.02735","1.650987"
"200","220","22.486327","1.060939","0.027744","1.651291"
"210","220","22.020916","1.059493","0.028136","1.651587"
"220","220","21.57438","1.058108","0.028525","1.651875"
"230","220","21.145594","1.056781","0.028913","1.652155"
"240","220","20.73352","1.055509","0.029299","1.652427"
"250","220","20.337199","1.054287","0.029683","1.652692"
"260","220","19.955745","1.053114","0.030065","1.65295"
"270","220","19.588338","1.051986","0.030445","1.6532"
"280","220","19.234214","1.050902","0.030824","1.653444"
"290","220","18.892667","1.049857","0.031201","1.653681"
"300","220","18.563039","1.048852","0.031576","1.653911"
"310","220","18.244715","1.047883","0.03195","1.654135"
"320","220","17.937125","1.046949","0.032322","1.654354"
"330","220","17.639734","1.046047","0.032693","1.654566"
"340","220","17.352044","1.045177","0.033062","1.654773"
"350","220","17.073587","1.044336","0.03343","1.654974"
"360","220","16.803926","1.043524","0.033796","1.65517"
"370","220","16.54265","1.042739","0.03416","1.655361"
"380","220","16.289375","1.041979","0.034523","1.655547"
"390","220","16.043739","1.041243","0.034885","1.655728"
"400","220","15.805401","1.040531","0.035246","1.655905"
"410","220","15.57404","1.039841","0.035605","1.656077"
"420","220","15.349355","1.039173","0.035962","1.656245"
"430","220","15.131061","1.038525","0.036319","1.656408"
"440","220","14.918889","1.037896","0.036674","1.656568"
"450","220","14.712585","1.037286","0.037027","1.656723"
"460","220","14.511908","1.036694","0.03738","1.656875"
"470","220","14.316633","1.036118","0.037731","1.657023"
"480","220","14.126543","1.03556","0.038081","1.657167"
"490","220","13.941434","1.035017","0.03843","1.657308"
"500","220","13.761114","1.034489","0.038778","1.657446"
"-100","230","64.226381","1.192","0.015408","1.640275"
"-90","230","60.719617","1.181143","0.015849","1.640211"
"-80","230","57.575966","1.171357","0.016285","1.640266"
"-70","230","54.741806","1.162494","0.016715","1.640416"
"-60","230","52.173576","1.154431","0.01714","1.640641"
"-50","230","49.835527","1.147066","0.017559","1.640927"
"-40","230","47.698039","1.140316","0.017974","1.641258"
"-30","230","45.736368","1.134107","0.018384","1.641625"
"-20","230","43.929677","1.128378","0.01879","1.642018"
"-10","230","42.260299","1.123078","0.019191","1.642431"
"0","230","40.713153","1.118162","0.019588","1.642857"
"10","230","39.275288","1.113591","0.019981","1.643291"
"20","230","37.93552","1.109329","0.02037","1.64373"
"30","230","36.684142","1.105349","0.020771","1.64417"
"40","230","35.512687","1.101624","0.021203","1.64461"
"50","230","34.413733","1.098131","0.021632","1.645046"
"60","230","33.380753","1.09485","0.022058","1.645478"
"70","230","32.407978","1.091762","0.022481","1.645903"
"80","230","31.490295","1.088852","0.022901","1.646322"
"90","230","30.623152","1.086105","0.023319","1.646733"
"100","230","29.802486","1.083508","0.023735","1.647136"
"110","230","29.024658","1.08105","0.024148","1.647531"
"120","230","28.286399","1.078721","0.024559","1.647916"
"130","230","27.584764","1.07651","0.024967","1.648293"
"140","230","26.917095","1.07441","0.025373","1.64866"
"150","230","26.280983","1.072412","0.025776","1.649018"
"160","230","25.674242","1.07051","0.026178","1.649367"
"170","230","25.094884","1.068696","0.026577","1.649707"
"180","230","24.541096","1.066966","0.026975","1.650039"
"190","230","24.011223","1.065313","0.02737","1.650361"
"200","230","23.503747","1.063734","0.027763","1.650675"
"210","230","23.017278","1.062222","0.028154","1.65098"
"220","230","22.550538","1.060775","0.028543","1.651277"
"230","230","22.102351","1.059388","0.028931","1.651566"
"240","230","21.671632","1.058058","0.029316","1.651847"
"250","230","21.257379","1.056781","0.0297","1.65212"
"260","230","20.858666","1.055554","0.030082","1.652387"
"270","230","20.474635","1.054375","0.030462","1.652645"
"280","230","20.104488","1.053241","0.03084","1.652897"
"290","230","19.747488","1.05215","0.031217","1.653142"
"300","230","19.402945","1.051099","0.031592","1.653381"
"310","230","19.070218","1.050086","0.031966","1.653613"
"320","230","18.748711","1.049109","0.032338","1.653839"
"330","230","18.437864","1.048166","0.032708","1.654059"
"340","230","18.137157","1.047256","0.033077","1.654273"
"350","230","17.846101","1.046377","0.033444","1.654482"
"360","230","17.564239","1.045528","0.03381","1.654685"
"370","230","17.291142","1.044706","0.034175","1.654883"
"380","230","17.026407","1.043912","0.034538","1.655076"
"390","230","16.769657","1.043143","0.034899","1.655264"
"400","230","16.520534","1.042398","0.035259","1.655447"
"410","230","16.278706","1.041677","0.035618","1.655625"
"420","230","16.043855","1.040978","0.035976","1.655799"
"430","230","15.815683","1.0403","0.036332","1.655969"
"440","230","15.593911","1.039642","0.036687","1.656134"
"450","230","15.378273","1.039004","0.037041","1.656296"
"460","230","15.168516","1.038385","0.037393","1.656453"
"470","230","14.964405","1.037783","0.037744","1.656607"
"480","230","14.765714","1.037199","0.038094","1.656757"
"490","230","14.572231","1.036631","0.038443","1.656904"
"500","230","14.383752","1.036078","0.03879","1.657047"
"-100","240","67.006584","1.20016","0.015469","1.63945"
"-90","240","63.348021","1.188855","0.015907","1.639393"
"-80","240","60.068289","1.178666","0.01634","1.639451"
"-70","240","57.111445","1.169437","0.016767","1.639604"
"-60","240","54.432043","1.161041","0.017189","1.639832"
"-50","240","51.992785","1.153372","0.017606","1.64012"
"-40","240","49.762771","1.146341","0.018018","1.640454"
"-30","240","47.716183","1.139875","0.018425","1.640825"
"-20","240","45.831286","1.133909","0.018828","1.641222"
"-10","240","44.089645","1.128388","0.019227","1.64164"
"0","240","42.475526","1.123267","0.019621","1.642071"
"10","240","40.975419","1.118504","0.020012","1.642512"
"20","240","39.577656","1.114064","0.020399","1.642958"
"30","240","38.27211","1.109917","0.020798","1.643406"
"40","240","37.049944","1.106035","0.021229","1.643853"
"50","240","35.903419","1.102395","0.021657","1.644297"
"60","240","34.825724","1.098975","0.022082","1.644738"
"70","240","33.810841","1.095756","0.022505","1.645172"
"80","240","32.853433","1.092723","0.022925","1.6456"
"90","240","31.948754","1.089859","0.023343","1.64602"
"100","240","31.092563","1.087152","0.023758","1.646433"
"110","240","30.281065","1.08459","0.02417","1.646837"
"120","240","29.510848","1.082161","0.02458","1.647232"
"130","240","28.778842","1.079855","0.024988","1.647618"
"140","240","28.08227","1.077665","0.025394","1.647995"
"150","240","27.418622","1.075582","0.025797","1.648362"
"160","240","26.785617","1.073598","0.026198","1.648721"
"170","240","26.18118","1.071706","0.026597","1.64907"
"180","240","25.60342","1.069902","0.026994","1.649411"
"190","240","25.05061","1.068178","0.027389","1.649742"
"200","240","24.521167","1.06653","0.027782","1.650065"
"210","240","24.01364","1.064954","0.028172","1.650379"
"220","240","23.526696","1.063444","0.028561","1.650685"
"230","240","23.059108","1.061997","0.028949","1.650983"
"240","240","22.609744","1.060609","0.029334","1.651272"
"250","240","22.177559","1.059277","0.029717","1.651554"
"260","240","21.761587","1.057997","0.030099","1.651829"
"270","240","21.360932","1.056767","0.030479","1.652096"
"280","240","20.974763","1.055584","0.030857","1.652356"
"290","240","20.602308","1.054445","0.031233","1.652609"
"300","240","20.242851","1.053348","0.031608","1.652855"
"310","240","19.895722","1.05229","0.031982","1.653095"
"320","240","19.560297","1.051271","0.032353","1.653329"
"330","240","19.235994","1.050287","0.032724","1.653556"
"340","240","18.92227","1.049337","0.033092","1.653777"
"350","240","18.618615","1.04842","0.033459","1.653993"
"360","240","18.324552","1.047534","0.033825","1.654203"
"370","240","18.039633","1.046676","0.034189","1.654408"
"380","240","17.763439","1.045847","0.034552","1.654607"
"390","240","17.495574","1.045044","0.034913","1.654802"
"400","240","17.235668","1.044267","0.035273","1.654991"
"410","240","16.983371","1.043514","0.035632","1.655176"
"420","240","16.738354","1.042784","0.035989","1.655356"
"430","240","16.500306","1.042077","0.036345","1.655532"
"440","240","16.268934","1.04139","0.0367","1.655704"
"450","240","16.04396","1.040724","0.037054","1.655871"
"460","240","15.825124","1.040078","0.037406","1.656034"
"470","240","15.612178","1.03945","0.037757","1.656194"
"480","240","15.404886","1.03884","0.038107","1.656349"
"490","240","15.203027","1.038247","0.038455","1.656501"
"500","240","15.006389","1.03767","0.038803","1.656649"
"-100","250","69.786787","1.208304","0.015529","1.63864"
"-90","250","65.976425","1.196552","0.015964","1.638591"
"-80","250","62.560612","1.185961","0.016394","1.638654"
"-70","250","59.481084","1.176368","0.016819","1.63881"
"-60","250","56.69051","1.167641","0.017238","1.639041"
"-50","250","54.150043","1.159669","0.017652","1.639331"
"-40","250","51.827502","1.15236","0.018061","1.639669"
"-30","250","49.695999","1.145637","0.018466","1.640042"
"-20","250","47.732894","1.139433","0.018867","1.640444"
"-10","250","45.91899","1.133693","0.019263","1.640866"
"0","250","44.237899","1.128367","0.019655","1.641303"
"10","250","42.675551","1.123414","0.020043","1.641749"
"20","250","41.219793","1.118796","0.020427","1.642201"
"30","250","39.860077","1.114482","0.020824","1.642656"
"40","250","38.587202","1.110444","0.021255","1.643111"
"50","250","37.393106","1.106657","0.021682","1.643563"
"60","250","36.270695","1.103099","0.022107","1.644011"
"70","250","35.213703","1.09975","0.022529","1.644454"
"80","250","34.216571","1.096594","0.022949","1.64489"
"90","250","33.274356","1.093614","0.023366","1.645319"
"100","250","32.38264","1.090796","0.02378","1.64574"
"110","250","31.537471","1.088129","0.024192","1.646153"
"120","250","30.735297","1.085601","0.024602","1.646557"
"130","250","29.972919","1.083202","0.025009","1.646952"
"140","250","29.247446","1.080922","0.025415","1.647338"
"150","250","28.556262","1.078753","0.025817","1.647715"
"160","250","27.896992","1.076687","0.026218","1.648082"
"170","250","27.267476","1.074718","0.026617","1.648441"
"180","250","26.665745","1.072839","0.027013","1.64879"
"190","250","26.089997","1.071044","0.027408","1.649131"
"200","250","25.538586","1.069328","0.0278","1.649462"
"210","250","25.010001","1.067687","0.028191","1.649785"
"220","250","24.502853","1.066114","0.028579","1.6501"
"230","250","24.015864","1.064607","0.028966","1.650406"
"240","250","23.547856","1.063162","0.029351","1.650704"
"250","250","23.097739","1.061774","0.029734","1.650994"
"260","250","22.664508","1.060441","0.030116","1.651277"
"270","250","22.247229","1.05916","0.030495","1.651552"
"280","250","21.845037","1.057928","0.030873","1.651819"
"290","250","21.457129","1.056741","0.03125","1.65208"
"300","250","21.082757","1.055598","0.031624","1.652334"
"310","250","20.721225","1.054497","0.031997","1.652581"
"320","250","20.371883","1.053435","0.032369","1.652822"
"330","250","20.034125","1.05241","0.032739","1.653057"
"340","250","19.707384","1.051421","0.033107","1.653285"
"350","250","19.391129","1.050465","0.033474","1.653508"
"360","250","19.084865","1.049542","0.03384","1.653725"
"370","250","18.788124","1.048648","0.034204","1.653936"
"380","250","18.50047","1.047784","0.034566","1.654142"
"390","250","18.221492","1.046948","0.034927","1.654343"
"400","250","17.950802","1.046138","0.035287","1.654539"
"410","250","17.688037","1.045354","0.035646","1.65473"
"420","250","17.432853","1.044593","0.036003","1.654916"
"430","250","17.184928","1.043856","0.036359","1.655098"
"440","250","16.943956","1.043141","0.036713","1.655275"
"450","250","16.709648","1.042447","0.037067","1.655448"
"460","250","16.481733","1.041773","0.037419","1.655617"
"470","250","16.25995","1.041118","0.037769","1.655782"
"480","250","16.044058","1.040482","0.038119","1.655943"
"490","250","15.833823","1.039865","0.038468","1.6561"
"500","250","15.629027","1.039264","0.038815","1.656254"
"-100","260","72.566991","1.216431","0.015589","1.637844"
"-90","260","68.604829","1.204235","0.016021","1.637804"
"-80","260","65.052935","1.193244","0.016448","1.637874"
"-70","260","61.850723","1.183288","0.016869","1.638034"
"-60","260","58.948977","1.17423","0.017286","1.638268"
"-50","260","56.307302","1.165956","0.017698","1.638561"
"-40","260","53.892234","1.15837","0.018104","1.638901"
"-30","260","51.675815","1.151392","0.018507","1.639278"
"-20","260","49.634503","1.144952","0.018905","1.639683"
"-10","260","47.748335","1.138992","0.019298","1.640109"
"0","260","46.000272","1.133463","0.019688","1.640551"
"10","260","44.375682","1.12832","0.020073","1.641002"
"20","260","42.861929","1.123525","0.020455","1.64146"
"30","260","41.448044","1.119045","0.020851","1.641921"
"40","260","40.124459","1.114851","0.02128","1.642383"
"50","260","38.882793","1.110918","0.021707","1.642842"
"60","260","37.715667","1.107222","0.022132","1.643297"
"70","260","36.616565","1.103743","0.022553","1.643748"
"80","260","35.579709","1.100464","0.022972","1.644192"
"90","260","34.599957","1.097368","0.023389","1.64463"
"100","260","33.672717","1.09444","0.023803","1.645059"
"110","260","32.793878","1.091669","0.024214","1.64548"
"120","260","31.959747","1.089042","0.024624","1.645893"
"130","260","31.166996","1.086548","0.02503","1.646297"
"140","260","30.412621","1.084179","0.025435","1.646691"
"150","260","29.693901","1.081924","0.025838","1.647077"
"160","260","29.008368","1.079777","0.026238","1.647453"
"170","260","28.353773","1.077731","0.026636","1.64782"
"180","260","27.728069","1.075777","0.027032","1.648178"
"190","260","27.129384","1.073912","0.027427","1.648526"
"200","260","26.556006","1.072128","0.027819","1.648866"
"210","260","26.006363","1.070421","0.028209","1.649198"
"220","260","25.479011","1.068786","0.028597","1.64952"
"230","260","24.972621","1.067219","0.028984","1.649835"
"240","260","24.485968","1.065716","0.029368","1.650141"
"250","260","24.017919","1.064274","0.029751","1.650439"
"260","260","23.567428","1.062888","0.030132","1.65073"
"270","260","23.133526","1.061555","0.030512","1.651012"
"280","260","22.715311","1.060273","0.03089","1.651288"
"290","260","22.31195","1.05904","0.031266","1.651556"
"300","260","21.922663","1.057851","0.03164","1.651817"
"310","260","21.546728","1.056706","0.032013","1.652072"
"320","260","21.183469","1.055601","0.032384","1.65232"
"330","260","20.832255","1.054535","0.032754","1.652561"
"340","260","20.492497","1.053506","0.033122","1.652797"
"350","260","20.163643","1.052512","0.033489","1.653026"
"360","260","19.845178","1.051551","0.033854","1.65325"
"370","260","19.536616","1.050622","0.034218","1.653468"
"380","260","19.237502","1.049724","0.03458","1.65368"
"390","260","18.947409","1.048854","0.034941","1.653888"
"400","260","18.665935","1.048011","0.035301","1.65409"
"410","260","18.392702","1.047195","0.035659","1.654287"
"420","260","18.127353","1.046404","0.036016","1.654479"
"430","260","17.86955","1.045637","0.036372","1.654667"
"440","260","17.618978","1.044893","0.036726","1.65485"
"450","260","17.375336","1.044171","0.037079","1.655028"
"460","260","17.138341","1.04347","0.037431","1.655203"
"470","260","16.907723","1.042789","0.037782","1.655373"
"480","260","16.68323","1.042127","0.038132","1.655539"
"490","260","16.46462","1.041484","0.03848","1.655702"
"500","260","16.251664","1.040859","0.038827","1.65586"
"-100","270","75.347194","1.224542","0.015648","1.637061"
"-90","270","71.233233","1.211903","0.016077","1.637032"
"-80","270","67.545258","1.200513","0.016501","1.637109"
"-70","270","64.220362","1.190196","0.01692","1.637274"
"-60","270","61.207444","1.18081","0.017334","1.637511"
"-50","270","58.46456","1.172235","0.017743","1.637807"
"-40","270","55.956966","1.164373","0.018147","1.63815"
"-30","270","53.655631","1.157139","0.018547","1.63853"
"-20","270","51.536111","1.150464","0.018942","1.638939"
"-10","270","49.57768","1.144287","0.019333","1.639369"
"0","270","47.762645","1.138554","0.01972","1.639814"
"10","270","46.075814","1.133222","0.020104","1.640271"
"20","270","44.504065","1.12825","0.020483","1.640734"
"30","270","43.036011","1.123605","0.020877","1.641201"
"40","270","41.661717","1.119256","0.021306","1.641668"
"50","270","40.372479","1.115176","0.021732","1.642134"
"60","270","39.160638","1.111343","0.022156","1.642597"
"70","270","38.019428","1.107735","0.022577","1.643055"
"80","270","36.942848","1.104333","0.022995","1.643506"
"90","270","35.925559","1.101121","0.023411","1.643951"
"100","270","34.962794","1.098084","0.023825","1.644389"
"110","270","34.050285","1.095209","0.024236","1.644818"
"120","270","33.184196","1.092483","0.024645","1.645239"
"130","270","32.361073","1.089895","0.025051","1.64565"
"140","270","31.577796","1.087436","0.025456","1.646053"
"150","270","30.831541","1.085097","0.025858","1.646447"
"160","270","30.119743","1.082869","0.026258","1.646831"
"170","270","29.440069","1.080744","0.026656","1.647206"
"180","270","28.790393","1.078717","0.027052","1.647573"
"190","270","28.168772","1.07678","0.027445","1.64793"
"200","270","27.573426","1.074929","0.027837","1.648278"
"210","270","27.002725","1.073157","0.028227","1.648617"
"220","270","26.455169","1.07146","0.028615","1.648948"
"230","270","25.929378","1.069833","0.029001","1.64927"
"240","270","25.42408","1.068273","0.029386","1.649584"
"250","270","24.938099","1.066775","0.029768","1.64989"
"260","270","24.470349","1.065336","0.030149","1.650188"
"270","270","24.019823","1.063952","0.030528","1.650478"
"280","270","23.585585","1.062621","0.030906","1.650761"
"290","270","23.16677","1.06134","0.031282","1.651037"
"300","270","22.762569","1.060106","0.031656","1.651305"
"310","270","22.372231","1.058916","0.032028","1.651567"
"320","270","21.995055","1.057769","0.032399","1.651822"
"330","270","21.630385","1.056662","0.032769","1.65207"
"340","270","21.27761","1.055594","0.033137","1.652312"
"350","270","20.936158","1.054561","0.033503","1.652548"
"360","270","20.605491","1.053563","0.033868","1.652779"
"370","270","20.285107","1.052598","0.034232","1.653003"
"380","270","19.974534","1.051665","0.034594","1.653222"
"390","270","19.673327","1.050761","0.034955","1.653435"
"400","270","19.381069","1.049886","0.035315","1.653643"
"410","270","19.097368","1.049038","0.035673","1.653846"
"420","270","18.821852","1.048217","0.03603","1.654044"
"430","270","18.554173","1.04742","0.036385","1.654238"
"440","270","18.294001","1.046647","0.036739","1.654426"
"450","270","18.041024","1.045897","0.037092","1.654611"
"460","270","17.794949","1.045169","0.037444","1.654791"
"470","270","17.555496","1.044461","0.037795","1.654966"
"480","270","17.322401","1.043774","0.038144","1.655138"
"490","270","17.095416","1.043106","0.038492","1.655305"
"500","270","16.874302","1.042457","0.038839","1.655469"
"-100","280","78.127397","1.232636","0.015706","1.636289"
"-90","280","73.861637","1.219556","0.016132","1.636274"
"-80","280","70.037581","1.207769","0.016554","1.636359"
"-70","280","66.590002","1.197092","0.01697","1.63653"
"-60","280","63.46591","1.187378","0.017381","1.636771"
"-50","280","60.621819","1.178504","0.017787","1.63707"
"-40","280","58.021698","1.170366","0.018189","1.637416"
"-30","280","55.635447","1.16288","0.018586","1.637799"
"-20","280","53.43772","1.15597","0.018979","1.638211"
"-10","280","51.407026","1.149575","0.019368","1.638644"
"0","280","49.525019","1.14364","0.019753","1.639094"
"10","280","47.775945","1.13812","0.020134","1.639555"
"20","280","46.146201","1.132972","0.020511","1.640023"
"30","280","44.623978","1.128162","0.020902","1.640495"
"40","280","43.198974","1.123658","0.021331","1.640968"
"50","280","41.862166","1.119433","0.021757","1.64144"
"60","280","40.60561","1.115462","0.02218","1.641909"
"70","280","39.42229","1.111725","0.0226","1.642373"
"80","280","38.305986","1.108201","0.023018","1.642832"
"90","280","37.25116","1.104874","0.023434","1.643284"
"100","280","36.252871","1.101728","0.023847","1.643729"
"110","280","35.306691","1.098748","0.024258","1.644166"
"120","280","34.408645","1.095924","0.024666","1.644594"
"130","280","33.55515","1.093243","0.025072","1.645014"
"140","280","32.742972","1.090694","0.025476","1.645424"
"150","280","31.969181","1.08827","0.025878","1.645826"
"160","280","31.231118","1.085961","0.026277","1.646218"
"170","280","30.526365","1.083759","0.026675","1.646601"
"180","280","29.852717","1.081658","0.02707","1.646975"
"190","280","29.208159","1.07965","0.027464","1.64734"
"200","280","28.590846","1.077731","0.027855","1.647696"
"210","280","27.999087","1.075894","0.028245","1.648043"
"220","280","27.431327","1.074135","0.028633","1.648382"
"230","280","26.886135","1.072448","0.029019","1.648712"
"240","280","26.362192","1.070831","0.029403","1.649033"
"250","280","25.858279","1.069277","0.029785","1.649346"
"260","280","25.37327","1.067785","0.030166","1.649652"
"270","280","24.90612","1.066351","0.030545","1.649949"
"280","280","24.45586","1.064971","0.030922","1.65024"
"290","280","24.021591","1.063642","0.031297","1.650522"
"300","280","23.602475","1.062362","0.031671","1.650798"
"310","280","23.197734","1.061129","0.032044","1.651066"
"320","280","22.806641","1.059939","0.032415","1.651328"
"330","280","22.428515","1.058791","0.032784","1.651583"
"340","280","22.062723","1.057683","0.033152","1.651832"
"350","280","21.708672","1.056612","0.033518","1.652074"
"360","280","21.365804","1.055577","0.033883","1.652311"
"370","280","21.033598","1.054576","0.034246","1.652541"
"380","280","20.711565","1.053608","0.034608","1.652766"
"390","280","20.399244","1.052671","0.034969","1.652986"
"400","280","20.096203","1.051763","0.035328","1.6532"
"410","280","19.802033","1.050884","0.035686","1.653409"
"420","280","19.516351","1.050031","0.036043","1.653613"
"430","280","19.238795","1.049205","0.036398","1.653812"
"440","280","18.969023","1.048403","0.036752","1.654006"
"450","280","18.706712","1.047625","0.037105","1.654195"
"460","280","18.451557","1.046869","0.037457","1.654381"
"470","280","18.203268","1.046135","0.037807","1.654561"
"480","280","17.961573","1.045423","0.038156","1.654738"
"490","280","17.726212","1.04473","0.038504","1.654911"
"500","280","17.49694","1.044056","0.038851","1.655079"
"-100","290","80.9076","1.240713","0.015764","1.63553"
"-90","290","76.490041","1.227194","0.016187","1.635529"
"-80","290","72.529904","1.215011","0.016606","1.635624"
"-70","290","68.959641","1.203976","0.017019","1.635801"
"-60","290","65.724377","1.193936","0.017428","1.636047"
"-50","290","62.779077","1.184763","0.017831","1.636349"
"-40","290","60.086429","1.176352","0.018231","1.636698"
"-30","290","57.615262","1.168612","0.018626","1.637084"
"-20","290","55.339329","1.161469","0.019016","1.637498"
"-10","290","53.236371","1.154858","0.019402","1.637935"
"0","290","51.287392","1.148722","0.019785","1.638388"
"10","290","49.476076","1.143013","0.020163","1.638853"
"20","290","47.788337","1.13769","0.020538","1.639326"
"30","290","46.211945","1.132715","0.020928","1.639803"
"40","290","44.736232","1.128057","0.021356","1.640281"
"50","290","43.351852","1.123687","0.021781","1.640759"
"60","290","42.050581","1.11958","0.022204","1.641234"
"70","290","40.825152","1.115714","0.022624","1.641704"
"80","290","39.669124","1.112068","0.023041","1.64217"
"90","290","38.576762","1.108626","0.023456","1.642629"
"100","290","37.542948","1.10537","0.023869","1.64308"
"110","290","36.563098","1.102288","0.024279","1.643524"
"120","290","35.633094","1.099365","0.024687","1.64396"
"130","290","34.749227","1.09659","0.025093","1.644387"
"140","290","33.908147","1.093953","0.025496","1.644805"
"150","290","33.10682","1.091444","0.025898","1.645214"
"160","290","32.342493","1.089053","0.026297","1.645613"
"170","290","31.612662","1.086774","0.026694","1.646004"
"180","290","30.915041","1.084599","0.027089","1.646386"
"190","290","30.247546","1.082521","0.027482","1.646758"
"200","290","29.608266","1.080534","0.027874","1.647121"
"210","290","28.995449","1.078632","0.028263","1.647476"
"220","290","28.407485","1.076811","0.02865","1.647822"
"230","290","27.842892","1.075065","0.029036","1.648159"
"240","290","27.300304","1.07339","0.02942","1.648488"
"250","290","26.778459","1.071781","0.029802","1.648809"
"260","290","26.276191","1.070236","0.030182","1.649121"
"270","290","25.792417","1.068751","0.030561","1.649426"
"280","290","25.326134","1.067322","0.030938","1.649723"
"290","290","24.876411","1.065946","0.031313","1.650012"
"300","290","24.442382","1.06462","0.031687","1.650295"
"310","290","24.023238","1.063343","0.032059","1.65057"
"320","290","23.618226","1.062111","0.03243","1.650838"
"330","290","23.226645","1.060922","0.032799","1.6511"
"340","290","22.847837","1.059774","0.033166","1.651355"
"350","290","22.481186","1.058664","0.033532","1.651604"
"360","290","22.126117","1.057592","0.033897","1.651847"
"370","290","21.78209","1.056556","0.03426","1.652083"
"380","290","21.448597","1.055553","0.034622","1.652314"
"390","290","21.125162","1.054582","0.034983","1.65254"
"400","290","20.811336","1.053642","0.035342","1.652759"
"410","290","20.506698","1.052731","0.0357","1.652974"
"420","290","20.21085","1.051848","0.036056","1.653184"
"430","290","19.923418","1.050991","0.036411","1.653388"
"440","290","19.644045","1.050161","0.036765","1.653588"
"450","290","19.3724","1.049354","0.037118","1.653783"
"460","290","19.108165","1.048572","0.037469","1.653973"
"470","290","18.851041","1.047811","0.03782","1.654159"
"480","290","18.600745","1.047073","0.038169","1.654341"
"490","290","18.357008","1.046355","0.038516","1.654518"
"500","290","18.119577","1.045657","0.038863","1.654692"
"-100","300","83.687804","1.248773","0.015821","1.634781"
"-90","300","79.118445","1.234817","0.016241","1.634797"
"-80","300","75.022227","1.22224","0.016657","1.634902"
"-70","300","71.32928","1.210848","0.017068","1.635087"
"-60","300","67.982844","1.200482","0.017474","1.635338"
"-50","300","64.936335","1.191012","0.017875","1.635644"
"-40","300","62.151161","1.182328","0.018272","1.635996"
"-30","300","59.595078","1.174337","0.018664","1.636384"
"-20","300","57.240937","1.166962","0.019052","1.636801"
"-10","300","55.065716","1.160134","0.019436","1.637241"
"0","300","53.049765","1.153798","0.019816","1.637698"
"10","300","51.176208","1.147902","0.020193","1.638166"
"20","300","49.430473","1.142404","0.020565","1.638643"
"30","300","47.799912","1.137265","0.020953","1.639124"
"40","300","46.273489","1.132453","0.021381","1.639607"
"50","300","44.841539","1.127939","0.021805","1.64009"
"60","300","43.495552","1.123696","0.022227","1.64057"
"70","300","42.228015","1.119701","0.022647","1.641047"
"80","300","41.032262","1.115934","0.023064","1.641518"
"90","300","39.902363","1.112377","0.023478","1.641984"
"100","300","38.833025","1.109012","0.023891","1.642442"
"110","300","37.819505","1.105827","0.0243","1.642892"
"120","300","36.857544","1.102806","0.024708","1.643335"
"130","300","35.943305","1.099938","0.025113","1.643769"
"140","300","35.073323","1.097212","0.025516","1.644194"
"150","300","34.24446","1.094618","0.025917","1.64461"
"160","300","33.453869","1.092147","0.026316","1.645017"
"170","300","32.698958","1.08979","0.026713","1.645415"
"180","300","31.977366","1.087541","0.027108","1.645803"
"190","300","31.286933","1.085393","0.027501","1.646183"
"200","300","30.625686","1.083338","0.027892","1.646554"
"210","300","29.99181","1.081372","0.028281","1.646915"
"220","300","29.383642","1.079488","0.028668","1.647268"
"230","300","28.799649","1.077682","0.029053","1.647613"
"240","300","28.238416","1.07595","0.029437","1.647949"
"250","300","27.698639","1.074287","0.029819","1.648276"
"260","300","27.179111","1.072689","0.030199","1.648596"
"270","300","26.678713","1.071152","0.030577","1.648907"
"280","300","26.196408","1.069674","0.030954","1.649211"
"290","300","25.731232","1.068251","0.031329","1.649507"
"300","300","25.282288","1.06688","0.031702","1.649796"
"310","300","24.848741","1.065558","0.032074","1.650078"
"320","300","24.429812","1.064284","0.032445","1.650353"
"330","300","24.024775","1.063054","0.032814","1.650621"
"340","300","23.63295","1.061866","0.033181","1.650882"
"350","300","23.2537","1.060719","0.033547","1.651137"
"360","300","22.88643","1.05961","0.033911","1.651386"
"370","300","22.530581","1.058537","0.034274","1.651629"
"380","300","22.185628","1.057499","0.034636","1.651865"
"390","300","21.851079","1.056495","0.034996","1.652097"
"400","300","21.52647","1.055522","0.035355","1.652322"
"410","300","21.211364","1.054579","0.035713","1.652542"
"420","300","20.90535","1.053666","0.036069","1.652757"
"430","300","20.60804","1.05278","0.036424","1.652967"
"440","300","20.319068","1.05192","0.036778","1.653172"
"450","300","20.038088","1.051086","0.037131","1.653372"
"460","300","19.764773","1.050276","0.037482","1.653568"
"470","300","19.498813","1.049489","0.037832","1.653759"
"480","300","19.239917","1.048725","0.038181","1.653946"
"490","300","18.987805","1.047982","0.038529","1.654128"
"500","300","18.742215","1.047259","0.038875","1.654307"
"-100","310","86.468007","1.256816","0.015877","1.634043"
"-90","310","81.746849","1.242424","0.016295","1.634076"
"-80","310","77.514551","1.229454","0.016708","1.634194"
"-70","310","73.698919","1.217707","0.017116","1.634387"
"-60","310","70.241311","1.207018","0.01752","1.634643"
"-50","310","67.093594","1.197252","0.017919","1.634953"
"-40","310","64.215893","1.188296","0.018313","1.635308"
"-30","310","61.574894","1.180054","0.018703","1.635699"
"-20","310","59.142546","1.172447","0.019089","1.636119"
"-10","310","56.895061","1.165405","0.01947","1.636562"
"0","310","54.812138","1.158868","0.019848","1.637021"
"10","310","52.876339","1.152786","0.020222","1.637493"
"20","310","51.072609","1.147113","0.020592","1.637973"
"30","310","49.387879","1.141812","0.020978","1.638459"
"40","310","47.810747","1.136846","0.021405","1.638946"
"50","310","46.331225","1.132188","0.021829","1.639434"
"60","310","44.940524","1.127809","0.022251","1.639919"
"70","310","43.630877","1.123686","0.02267","1.640401"
"80","310","42.3954","1.119798","0.023086","1.640878"
"90","310","41.227965","1.116126","0.0235","1.64135"
"100","310","40.123102","1.112654","0.023912","1.641814"
"110","310","39.075911","1.109365","0.024322","1.642271"
"120","310","38.081993","1.106246","0.024729","1.642719"
"130","310","37.137382","1.103285","0.025134","1.64316"
"140","310","36.238498","1.10047","0.025536","1.643592"
"150","310","35.3821","1.097792","0.025937","1.644015"
"160","310","34.565244","1.09524","0.026336","1.644428"
"170","310","33.785254","1.092807","0.026732","1.644833"
"180","310","33.03969","1.090484","0.027127","1.645229"
"190","310","32.326321","1.088265","0.027519","1.645615"
"200","310","31.643106","1.086143","0.02791","1.645993"
"210","310","30.988172","1.084112","0.028298","1.646362"
"220","310","30.3598","1.082166","0.028685","1.646721"
"230","310","29.756406","1.080301","0.02907","1.647073"
"240","310","29.176528","1.078512","0.029454","1.647415"
"250","310","28.61882","1.076794","0.029835","1.64775"
"260","310","28.082032","1.075143","0.030215","1.648076"
"270","310","27.56501","1.073555","0.030593","1.648394"
"280","310","27.066683","1.072028","0.03097","1.648704"
"290","310","26.586052","1.070558","0.031344","1.649007"
"300","310","26.122194","1.069141","0.031718","1.649302"
"310","310","25.674244","1.067776","0.032089","1.649591"
"320","310","25.241398","1.066459","0.03246","1.649872"
"330","310","24.822905","1.065188","0.032828","1.650146"
"340","310","24.418063","1.06396","0.033195","1.650413"
"350","310","24.026214","1.062775","0.033561","1.650674"
"360","310","23.646743","1.061628","0.033925","1.650929"
"370","310","23.279072","1.06052","0.034288","1.651177"
"380","310","22.92266","1.059448","0.03465","1.65142"
"390","310","22.576997","1.058409","0.03501","1.651657"
"400","310","22.241604","1.057404","0.035369","1.651888"
"410","310","21.916029","1.05643","0.035726","1.652114"
"420","310","21.599849","1.055485","0.036082","1.652334"
"430","310","21.292662","1.05457","0.036437","1.652549"
"440","310","20.99409","1.053681","0.036791","1.652759"
"450","310","20.703776","1.052819","0.037143","1.652965"
"460","310","20.421381","1.051982","0.037494","1.653165"
"470","310","20.146586","1.051169","0.037844","1.653361"
"480","310","19.879088","1.050378","0.038193","1.653553"
"490","310","19.618601","1.04961","0.038541","1.65374"
"500","310","19.364852","1.048864","0.038887","1.653923"
"-100","320","89.24821","1.264842","0.015933","1.633314"
"-90","320","84.375253","1.250015","0.016348","1.633368"
"-80","320","80.006874","1.236655","0.016759","1.633499"
"-70","320","76.068558","1.224553","0.017164","1.6337"
"-60","320","72.499778","1.213542","0.017565","1.633963"
"-50","320","69.250852","1.203481","0.017961","1.634277"
"-40","320","66.280625","1.194254","0.018353","1.634636"
"-30","320","63.55471","1.185763","0.018741","1.635029"
"-20","320","61.044154","1.177925","0.019124","1.635452"
"-10","320","58.724407","1.170668","0.019504","1.635897"
"0","320","56.574511","1.163933","0.019879","1.636359"
"10","320","54.576471","1.157665","0.020251","1.636834"
"20","320","52.714745","1.151818","0.020619","1.637318"
"30","320","50.975846","1.146354","0.021003","1.637807"
"40","320","49.348005","1.141236","0.02143","1.638298"
"50","320","47.820912","1.136434","0.021853","1.63879"
"60","320","46.385495","1.13192","0.022274","1.63928"
"70","320","45.033739","1.127669","0.022693","1.639767"
"80","320","43.758538","1.123661","0.023109","1.64025"
"90","320","42.553566","1.119875","0.023522","1.640726"
"100","320","41.413179","1.116294","0.023934","1.641196"
"110","320","40.332318","1.112902","0.024343","1.641659"
"120","320","39.306442","1.109686","0.024749","1.642114"
"130","320","38.331459","1.106632","0.025154","1.64256"
"140","320","37.403673","1.103729","0.025556","1.642999"
"150","320","36.519739","1.100966","0.025956","1.643428"
"160","320","35.676619","1.098334","0.026355","1.643848"
"170","320","34.871551","1.095824","0.026751","1.644259"
"180","320","34.102014","1.093428","0.027145","1.644662"
"190","320","33.365708","1.091138","0.027537","1.645055"
"200","320","32.660525","1.088949","0.027928","1.645439"
"210","320","31.984534","1.086853","0.028316","1.645814"
"220","320","31.335958","1.084846","0.028703","1.646181"
"230","320","30.713162","1.082921","0.029087","1.646539"
"240","320","30.11464","1.081074","0.02947","1.646888"
"250","320","29.539","1.079301","0.029852","1.647229"
"260","320","28.984953","1.077598","0.030231","1.647561"
"270","320","28.451307","1.075959","0.030609","1.647886"
"280","320","27.936957","1.074383","0.030985","1.648203"
"290","320","27.440873","1.072866","0.03136","1.648512"
"300","320","26.9621","1.071404","0.031733","1.648813"
"310","320","26.499747","1.069994","0.032104","1.649107"
"320","320","26.052984","1.068635","0.032474","1.649395"
"330","320","25.621036","1.067323","0.032843","1.649675"
"340","320","25.203176","1.066056","0.03321","1.649948"
"350","320","24.798728","1.064832","0.033575","1.650215"
"360","320","24.407056","1.063649","0.03394","1.650475"
"370","320","24.027564","1.062504","0.034302","1.65073"
"380","320","23.659692","1.061397","0.034664","1.650978"
"390","320","23.302914","1.060325","0.035023","1.65122"
"400","320","22.956737","1.059287","0.035382","1.651457"
"410","320","22.620695","1.058282","0.035739","1.651688"
"420","320","22.294348","1.057307","0.036095","1.651913"
"430","320","21.977285","1.056361","0.03645","1.652134"
"440","320","21.669113","1.055444","0.036804","1.652349"
"450","320","21.369464","1.054554","0.037156","1.65256"
"460","320","21.077989","1.053689","0.037507","1.652765"
"470","320","20.794359","1.05285","0.037857","1.652966"
"480","320","20.51826","1.052034","0.038205","1.653162"
"490","320","20.249397","1.051241","0.038553","1.653354"
"500","320","19.98749","1.05047","0.038899","1.653542"
"-100","330","92.028414","1.272851","0.015989","1.632596"
"-90","330","87.003657","1.257591","0.016401","1.63267"
"-80","330","82.499197","1.243841","0.016809","1.632815"
"-70","330","78.438198","1.231387","0.017212","1.633026"
"-60","330","74.758245","1.220054","0.01761","1.633296"
"-50","330","71.40811","1.2097","0.018004","1.633615"
"-40","330","68.345356","1.200203","0.018393","1.633977"
"-30","330","65.534525","1.191464","0.018779","1.634374"
"-20","330","62.945763","1.183395","0.01916","1.634799"
"-10","330","60.553752","1.175926","0.019537","1.635246"
"0","330","58.336884","1.168991","0.01991","1.635711"
"10","330","56.276602","1.162538","0.020279","1.636188"
"20","330","54.356882","1.156519","0.020645","1.636675"
"30","330","52.563813","1.150893","0.021028","1.637167"
"40","330","50.885262","1.145623","0.021454","1.637663"
"50","330","49.310598","1.140677","0.021877","1.638158"
"60","330","47.830466","1.136028","0.022297","1.638653"
"70","330","46.436602","1.13165","0.022715","1.639144"
"80","330","45.121676","1.127521","0.023131","1.639632"
"90","330","43.879168","1.123621","0.023544","1.640113"
"100","330","42.703256","1.119932","0.023955","1.640589"
"110","330","41.588725","1.116438","0.024363","1.641057"
"120","330","40.530891","1.113125","0.02477","1.641518"
"130","330","39.525536","1.109978","0.025174","1.64197"
"140","330","38.568849","1.106987","0.025576","1.642414"
"150","330","37.657379","1.10414","0.025976","1.642849"
"160","330","36.787995","1.101427","0.026374","1.643276"
"170","330","35.957847","1.098841","0.026769","1.643694"
"180","330","35.164338","1.096371","0.027163","1.644102"
"190","330","34.405095","1.094012","0.027555","1.644502"
"200","330","33.677945","1.091755","0.027945","1.644892"
"210","330","32.980896","1.089595","0.028333","1.645274"
"220","330","32.312116","1.087526","0.02872","1.645647"
"230","330","31.669919","1.085542","0.029104","1.646011"
"240","330","31.052752","1.083638","0.029487","1.646366"
"250","330","30.45918","1.08181","0.029868","1.646713"
"260","330","29.887874","1.080054","0.030247","1.647052"
"270","330","29.337604","1.078365","0.030625","1.647383"
"280","330","28.807231","1.07674","0.031001","1.647706"
"290","330","28.295694","1.075175","0.031375","1.648021"
"300","330","27.802006","1.073667","0.031748","1.648329"
"310","330","27.325251","1.072214","0.032119","1.648629"
"320","330","26.86457","1.070812","0.032489","1.648922"
"330","330","26.419166","1.069459","0.032857","1.649208"
"340","330","25.98829","1.068153","0.033224","1.649487"
"350","330","25.571243","1.066891","0.03359","1.64976"
"360","330","25.167369","1.06567","0.033954","1.650026"
"370","330","24.776055","1.06449","0.034316","1.650285"
"380","330","24.396723","1.063349","0.034677","1.650539"
"390","330","24.028832","1.062243","0.035037","1.650787"
"400","330","23.671871","1.061172","0.035395","1.651029"
"410","330","23.32536","1.060135","0.035753","1.651265"
"420","330","22.988848","1.059129","0.036108","1.651496"
"430","330","22.661907","1.058154","0.036463","1.651721"
"440","330","22.344135","1.057208","0.036816","1.651942"
"450","330","22.035152","1.05629","0.037168","1.652157"
"460","330","21.734597","1.055398","0.037519","1.652367"
"470","330","21.442131","1.054532","0.037869","1.652573"
"480","330","21.157432","1.05369","0.038217","1.652774"
"490","330","20.880194","1.052872","0.038565","1.652971"
"500","330","20.610127","1.052077","0.038911","1.653163"
"-100","340","94.808617","1.280842","0.016044","1.631886"
"-90","340","89.632061","1.265151","0.016454","1.631983"
"-80","340","84.99152","1.251013","0.016858","1.632144"
"-70","340","80.807837","1.238207","0.017259","1.632365"
"-60","340","77.016711","1.226555","0.017655","1.632642"
"-50","340","73.565369","1.215908","0.018046","1.632966"
"-40","340","70.410088","1.206143","0.018433","1.633332"
"-30","340","67.514341","1.197155","0.018816","1.633731"
"-20","340","64.847371","1.188858","0.019195","1.634159"
"-10","340","62.383097","1.181176","0.01957","1.634609"
"0","340","60.099257","1.174044","0.01994","1.635076"
"10","340","57.976733","1.167407","0.020308","1.635556"
"20","340","55.999018","1.161215","0.020671","1.636045"
"30","340","54.15178","1.155427","0.021053","1.636541"
"40","340","52.42252","1.150005","0.021478","1.637039"
"50","340","50.800285","1.144917","0.0219","1.637539"
"60","340","49.275438","1.140134","0.02232","1.638037"
"70","340","47.839464","1.135629","0.022738","1.638533"
"80","340","46.484814","1.13138","0.023153","1.639024"
"90","340","45.20477","1.127367","0.023565","1.639511"
"100","340","43.993333","1.12357","0.023976","1.639991"
"110","340","42.845131","1.119974","0.024384","1.640465"
"120","340","41.75534","1.116563","0.02479","1.640931"
"130","340","40.719613","1.113324","0.025194","1.641389"
"140","340","39.734024","1.110244","0.025595","1.641838"
"150","340","38.795018","1.107314","0.025995","1.642279"
"160","340","37.89937","1.104521","0.026393","1.642712"
"170","340","37.044143","1.101858","0.026788","1.643135"
"180","340","36.226662","1.099315","0.027182","1.64355"
"190","340","35.444482","1.096886","0.027573","1.643955"
"200","340","34.695365","1.094562","0.027963","1.644352"
"210","340","33.977258","1.092338","0.028351","1.64474"
"220","340","33.288273","1.090207","0.028737","1.645119"
"230","340","32.626676","1.088163","0.029121","1.645489"
"240","340","31.990864","1.086203","0.029503","1.64585"
"250","340","31.37936","1.08432","0.029884","1.646204"
"260","340","30.790794","1.082511","0.030263","1.646549"
"270","340","30.223901","1.080771","0.030641","1.646885"
"280","340","29.677505","1.079097","0.031017","1.647214"
"290","340","29.150514","1.077485","0.031391","1.647535"
"300","340","28.641912","1.075932","0.031763","1.647849"
"310","340","28.150754","1.074435","0.032134","1.648155"
"320","340","27.676156","1.072991","0.032504","1.648453"
"330","340","27.217296","1.071597","0.032872","1.648745"
"340","340","26.773403","1.070251","0.033239","1.64903"
"350","340","26.343757","1.068951","0.033604","1.649308"
"360","340","25.927682","1.067694","0.033967","1.64958"
"370","340","25.524546","1.066478","0.03433","1.649845"
"380","340","25.133755","1.065301","0.034691","1.650104"
"390","340","24.754749","1.064162","0.03505","1.650357"
"400","340","24.387004","1.063059","0.035409","1.650604"
"410","340","24.030026","1.06199","0.035766","1.650845"
"420","340","23.683347","1.060954","0.036121","1.651081"
"430","340","23.346529","1.059949","0.036476","1.651312"
"440","340","23.019157","1.058974","0.036829","1.651537"
"450","340","22.700839","1.058027","0.037181","1.651757"
"460","340","22.391205","1.057109","0.037532","1.651972"
"470","340","22.089904","1.056216","0.037881","1.652183"
"480","340","21.796604","1.055349","0.038229","1.652388"
"490","340","21.51099","1.054506","0.038577","1.652589"
"500","340","21.232765","1.053686","0.038923","1.652786"
"-100","350","97.58882","1.288816","0.016099","1.631185"
"-90","350","92.260465","1.272696","0.016505","1.631305"
"-80","350","87.483843","1.258171","0.016908","1.631483"
"-70","350","83.177476","1.245015","0.017305","1.631716"
"-60","350","79.275178","1.233044","0.017699","1.632001"
"-50","350","75.722627","1.222105","0.018088","1.632331"
"-40","350","72.47482","1.212073","0.018472","1.6327"
"-30","350","69.494157","1.202839","0.018853","1.633103"
"-20","350","66.74898","1.194314","0.01923","1.633533"
"-10","350","64.212443","1.18642","0.019602","1.633985"
"0","350","61.86163","1.179091","0.019971","1.634454"
"10","350","59.676865","1.172269","0.020336","1.634936"
"20","350","57.641154","1.165906","0.020697","1.635428"
"30","350","55.739747","1.159957","0.021077","1.635926"
"40","350","53.959777","1.154384","0.021501","1.636428"
"50","350","52.289971","1.149154","0.021923","1.636931"
"60","350","50.720409","1.144236","0.022343","1.637433"
"70","350","49.242326","1.139605","0.02276","1.637932"
"80","350","47.847952","1.135237","0.023174","1.638428"
"90","350","46.530371","1.13111","0.023587","1.638919"
"100","350","45.283409","1.127206","0.023997","1.639404"
"110","350","44.101538","1.123508","0.024405","1.639882"
"120","350","42.97979","1.12","0.02481","1.640353"
"130","350","41.91369","1.116669","0.025214","1.640816"
"140","350","40.899199","1.113502","0.025615","1.641271"
"150","350","39.932658","1.110487","0.026014","1.641718"
"160","350","39.010745","1.107615","0.026411","1.642156"
"170","350","38.130439","1.104875","0.026806","1.642585"
"180","350","37.288987","1.102259","0.0272","1.643005"
"190","350","36.48387","1.09976","0.027591","1.643416"
"200","350","35.712785","1.097369","0.02798","1.643819"
"210","350","34.973619","1.095081","0.028368","1.644212"
"220","350","34.264431","1.092888","0.028754","1.644597"
"230","350","33.583433","1.090785","0.029138","1.644973"
"240","350","32.928976","1.088768","0.02952","1.64534"
"250","350","32.29954","1.086831","0.0299","1.645699"
"260","350","31.693715","1.084969","0.030279","1.64605"
"270","350","31.110198","1.083178","0.030656","1.646393"
"280","350","30.54778","1.081456","0.031032","1.646727"
"290","350","30.005335","1.079797","0.031406","1.647054"
"300","350","29.481818","1.078198","0.031778","1.647373"
"310","350","28.976257","1.076658","0.032149","1.647685"
"320","350","28.487742","1.075171","0.032519","1.647989"
"330","350","28.015426","1.073736","0.032886","1.648286"
"340","350","27.558516","1.072351","0.033253","1.648577"
"350","350","27.116271","1.071012","0.033618","1.64886"
"360","350","26.687995","1.069718","0.033981","1.649137"
"370","350","26.273038","1.068467","0.034344","1.649408"
"380","350","25.870787","1.067255","0.034704","1.649672"
"390","350","25.480667","1.066083","0.035064","1.64993"
"400","350","25.102138","1.064947","0.035422","1.650182"
"410","350","24.734691","1.063846","0.035779","1.650429"
"420","350","24.377846","1.06278","0.036134","1.650669"
"430","350","24.031152","1.061745","0.036488","1.650905"
"440","350","23.69418","1.060741","0.036841","1.651135"
"450","350","23.366527","1.059767","0.037193","1.65136"
"460","350","23.047813","1.058821","0.037544","1.65158"
"470","350","22.737676","1.057902","0.037893","1.651794"
"480","350","22.435775","1.057009","0.038241","1.652005"
"490","350","22.141786","1.05614","0.038588","1.65221"
"500","350","21.855402","1.055296","0.038934","1.652411"
"-100","360","100.369024","1.296773","0.016153","1.630492"
"-90","360","94.88887","1.280224","0.016557","1.630638"
"-80","360","89.976166","1.265314","0.016956","1.630833"
"-70","360","85.547115","1.251809","0.017352","1.631079"
"-60","360","81.533645","1.239521","0.017742","1.631372"
"-50","360","77.879886","1.228292","0.018129","1.631708"
"-40","360","74.539552","1.217993","0.018511","1.632081"
"-30","360","71.473973","1.208513","0.01889","1.632487"
"-20","360","68.650588","1.199761","0.019264","1.632919"
"-10","360","66.041788","1.191656","0.019634","1.633374"
"0","360","63.624003","1.184131","0.020001","1.633845"
"10","360","61.376996","1.177126","0.020364","1.634329"
"20","360","59.28329","1.170592","0.020723","1.634823"
"30","360","57.327714","1.164482","0.021101","1.635324"
"40","360","55.497035","1.158759","0.021525","1.635828"
"50","360","53.779658","1.153387","0.021946","1.636334"
"60","360","52.16538","1.148336","0.022365","1.636839"
"70","360","50.645189","1.143579","0.022782","1.637342"
"80","360","49.21109","1.139091","0.023196","1.637842"
"90","360","47.855973","1.134851","0.023608","1.638337"
"100","360","46.573486","1.13084","0.024018","1.638826"
"110","360","45.357945","1.12704","0.024425","1.639309"
"120","360","44.204239","1.123436","0.02483","1.639784"
"130","360","43.107767","1.120013","0.025233","1.640252"
"140","360","42.064375","1.116758","0.025634","1.640712"
"150","360","41.070298","1.11366","0.026033","1.641164"
"160","360","40.12212","1.110708","0.02643","1.641607"
"170","360","39.216736","1.107892","0.026825","1.642042"
"180","360","38.351311","1.105203","0.027218","1.642467"
"190","360","37.523257","1.102634","0.027609","1.642884"
"200","360","36.730205","1.100177","0.027998","1.643292"
"210","360","35.969981","1.097824","0.028385","1.643691"
"220","360","35.240589","1.09557","0.028771","1.644082"
"230","360","34.54019","1.093408","0.029154","1.644463"
"240","360","33.867088","1.091334","0.029536","1.644836"
"250","360","33.21972","1.089342","0.029917","1.645201"
"260","360","32.596636","1.087428","0.030295","1.645557"
"270","360","31.996495","1.085587","0.030672","1.645905"
"280","360","31.418054","1.083815","0.031047","1.646246"
"290","360","30.860155","1.082109","0.031421","1.646578"
"300","360","30.321725","1.080466","0.031793","1.646902"
"310","360","29.80176","1.078881","0.032164","1.64722"
"320","360","29.299328","1.077352","0.032533","1.647529"
"330","360","28.813556","1.075877","0.032901","1.647832"
"340","360","28.34363","1.074452","0.033267","1.648127"
"350","360","27.888785","1.073075","0.033632","1.648416"
"360","360","27.448308","1.071744","0.033995","1.648698"
"370","360","27.021529","1.070457","0.034357","1.648974"
"380","360","26.607818","1.069211","0.034718","1.649243"
"390","360","26.206584","1.068005","0.035077","1.649506"
"400","360","25.817272","1.066836","0.035435","1.649764"
"410","360","25.439357","1.065704","0.035792","1.650015"
"420","360","25.072346","1.064607","0.036147","1.650261"
"430","360","24.715774","1.063542","0.036501","1.650501"
"440","360","24.369202","1.06251","0.036854","1.650735"
"450","360","24.032215","1.061507","0.037206","1.650965"
"460","360","23.704421","1.060534","0.037556","1.651189"
"470","360","23.385449","1.059588","0.037905","1.651409"
"480","360","23.074947","1.05867","0.038253","1.651624"
"490","360","22.772583","1.057777","0.0386","1.651834"
"500","360","22.47804","1.056908","0.038946","1.652039"
"-100","370","103.149227","1.304712","0.016207","1.629806"
"-90","370","97.517274","1.287737","0.016608","1.629979"
"-80","370","92.468489","1.272442","0.017005","1.630194"
"-70","370","87.916754","1.258591","0.017397","1.630452"
"-60","370","83.792112","1.245986","0.017786","1.630754"
"-50","370","80.037144","1.234468","0.01817","1.631097"
"-40","370","76.604283","1.223903","0.01855","1.631475"
"-30","370","73.453788","1.214179","0.018926","1.631884"
"-20","370","70.552197","1.2052","0.019298","1.632319"
"-10","370","67.871133","1.196885","0.019666","1.632775"
"0","370","65.386376","1.189165","0.020031","1.633248"
"10","370","63.077128","1.181978","0.020391","1.633735"
"20","370","60.925426","1.175273","0.020748","1.634231"
"30","370","58.915681","1.169003","0.021125","1.634733"
"40","370","57.034292","1.16313","0.021548","1.63524"
"50","370","55.269344","1.157617","0.021969","1.635748"
"60","370","53.610352","1.152432","0.022388","1.636257"
"70","370","52.048051","1.147549","0.022804","1.636763"
"80","370","50.574228","1.142943","0.023218","1.637266"
"90","370","49.181574","1.13859","0.023629","1.637765"
"100","370","47.863563","1.134473","0.024038","1.638258"
"110","370","46.614351","1.130571","0.024445","1.638745"
"120","370","45.428688","1.126871","0.02485","1.639225"
"130","370","44.301845","1.123356","0.025253","1.639697"
"140","370","43.22955","1.120014","0.025653","1.640162"
"150","370","42.207937","1.116832","0.026052","1.640619"
"160","370","41.233496","1.113801","0.026448","1.641067"
"170","370","40.303032","1.110909","0.026843","1.641506"
"180","370","39.413635","1.108147","0.027236","1.641937"
"190","370","38.562644","1.105508","0.027626","1.642359"
"200","370","37.747625","1.102984","0.028015","1.642772"
"210","370","36.966343","1.100568","0.028402","1.643177"
"220","370","36.216747","1.098252","0.028787","1.643572"
"230","370","35.496947","1.096031","0.029171","1.643959"
"240","370","34.805201","1.0939","0.029553","1.644338"
"250","370","34.1399","1.091854","0.029933","1.644708"
"260","370","33.499557","1.089887","0.030311","1.64507"
"270","370","32.882792","1.087996","0.030688","1.645423"
"280","370","32.288328","1.086176","0.031063","1.645769"
"290","370","31.714976","1.084423","0.031436","1.646106"
"300","370","31.161631","1.082734","0.031808","1.646436"
"310","370","30.627263","1.081105","0.032179","1.646759"
"320","370","30.110914","1.079535","0.032548","1.647074"
"330","370","29.611686","1.078018","0.032915","1.647381"
"340","370","29.128743","1.076554","0.033281","1.647682"
"350","370","28.661299","1.075139","0.033646","1.647976"
"360","370","28.208621","1.073771","0.034009","1.648263"
"370","370","27.77002","1.072448","0.034371","1.648544"
"380","370","27.34485","1.071167","0.034731","1.648818"
"390","370","26.932502","1.069928","0.03509","1.649086"
"400","370","26.532405","1.068727","0.035448","1.649348"
"410","370","26.144022","1.067563","0.035805","1.649604"
"420","370","25.766845","1.066435","0.03616","1.649855"
"430","370","25.400396","1.065341","0.036514","1.650099"
"440","370","25.044224","1.06428","0.036866","1.650339"
"450","370","24.697903","1.063249","0.037218","1.650573"
"460","370","24.361029","1.062249","0.037568","1.650802"
"470","370","24.033222","1.061277","0.037917","1.651026"
"480","370","23.714119","1.060332","0.038265","1.651245"
"490","370","23.403379","1.059414","0.038612","1.651459"
"500","370","23.100677","1.058521","0.038958","1.651669"
"-100","380","105.92943","1.312633","0.01626","1.629129"
"-90","380","100.145678","1.295233","0.016659","1.62933"
"-80","380","94.960812","1.279557","0.017053","1.629564"
"-70","380","90.286394","1.265359","0.017443","1.629837"
"-60","380","86.050579","1.252439","0.017829","1.630149"
"-50","380","82.194402","1.240633","0.018211","1.630498"
"-40","380","78.669015","1.229804","0.018588","1.630881"
"-30","380","75.433604","1.219836","0.018962","1.631293"
"-20","380","72.453806","1.210631","0.019332","1.631731"
"-10","380","69.700478","1.202107","0.019698","1.632189"
"0","380","67.148749","1.194192","0.02006","1.632664"
"10","380","64.777259","1.186823","0.020419","1.633152"
"20","380","62.567562","1.179948","0.020774","1.63365"
"30","380","60.503648","1.17352","0.021149","1.634154"
"40","380","58.57155","1.167496","0.021571","1.634663"
"50","380","56.759031","1.161842","0.021992","1.635174"
"60","380","55.055323","1.156525","0.02241","1.635685"
"70","380","53.450913","1.151517","0.022826","1.636194"
"80","380","51.937366","1.146792","0.023239","1.6367"
"90","380","50.507176","1.142327","0.02365","1.637202"
"100","380","49.15364","1.138103","0.024059","1.637699"
"110","380","47.870758","1.134101","0.024465","1.63819"
"120","380","46.653137","1.130304","0.02487","1.638674"
"130","380","45.495922","1.126698","0.025272","1.639151"
"140","380","44.394726","1.123268","0.025672","1.63962"
"150","380","43.345577","1.120004","0.026071","1.640081"
"160","380","42.344871","1.116893","0.026467","1.640534"
"170","380","41.389328","1.113925","0.026861","1.640978"
"180","380","40.475959","1.111091","0.027253","1.641414"
"190","380","39.602031","1.108383","0.027644","1.641841"
"200","380","38.765045","1.105792","0.028032","1.642259"
"210","380","37.962705","1.103311","0.028419","1.642669"
"220","380","37.192905","1.100934","0.028804","1.643069"
"230","380","36.453703","1.098655","0.029187","1.643462"
"240","380","35.743313","1.096468","0.029569","1.643845"
"250","380","35.06008","1.094367","0.029948","1.644221"
"260","380","34.402477","1.092348","0.030327","1.644587"
"270","380","33.769089","1.090406","0.030703","1.644946"
"280","380","33.158602","1.088537","0.031078","1.645297"
"290","380","32.569796","1.086737","0.031451","1.64564"
"300","380","32.001537","1.085003","0.031823","1.645975"
"310","380","31.452767","1.083331","0.032193","1.646302"
"320","380","30.9225","1.081718","0.032562","1.646622"
"330","380","30.409817","1.080161","0.032929","1.646935"
"340","380","29.913856","1.078657","0.033295","1.647241"
"350","380","29.433813","1.077204","0.03366","1.64754"
"360","380","28.968934","1.075799","0.034023","1.647832"
"370","380","28.518512","1.07444","0.034384","1.648117"
"380","380","28.081881","1.073125","0.034745","1.648396"
"390","380","27.658419","1.071852","0.035103","1.648669"
"400","380","27.247539","1.070619","0.035461","1.648936"
"410","380","26.848688","1.069424","0.035817","1.649197"
"420","380","26.461344","1.068265","0.036172","1.649452"
"430","380","26.085019","1.067141","0.036526","1.649701"
"440","380","25.719247","1.066051","0.036879","1.649945"
"450","380","25.363591","1.064992","0.03723","1.650183"
"460","380","25.017637","1.063965","0.03758","1.650417"
"470","380","24.680994","1.062966","0.037929","1.650645"
"480","380","24.353291","1.061996","0.038277","1.650868"
"490","380","24.034175","1.061053","0.038624","1.651087"
"500","380","23.723315","1.060136","0.038969","1.651301"
"-100","390","108.709634","1.320538","0.016313","1.628458"
"-90","390","102.774082","1.302714","0.016709","1.628689"
"-80","390","97.453135","1.286656","0.0171","1.628944"
"-70","390","92.656033","1.272113","0.017488","1.629231"
"-60","390","88.309046","1.25888","0.017872","1.629554"
"-50","390","84.351661","1.246787","0.018251","1.62991"
"-40","390","80.733747","1.235695","0.018627","1.630298"
"-30","390","77.41342","1.225484","0.018998","1.630714"
"-20","390","74.355414","1.216054","0.019366","1.631154"
"-10","390","71.529824","1.207322","0.019729","1.631614"
"0","390","68.911122","1.199212","0.020089","1.632091"
"10","390","66.47739","1.191663","0.020446","1.632581"
"20","390","64.209698","1.184618","0.020799","1.63308"
"30","390","62.091615","1.178031","0.021172","1.633587"
"40","390","60.108808","1.171859","0.021594","1.634098"
"50","390","58.248718","1.166064","0.022014","1.634611"
"60","390","56.500294","1.160615","0.022432","1.635124"
"70","390","54.853776","1.155482","0.022847","1.635636"
"80","390","53.300504","1.150638","0.02326","1.636145"
"90","390","51.832777","1.146062","0.023671","1.63665"
"100","390","50.443717","1.141732","0.024079","1.63715"
"110","390","49.127164","1.137629","0.024485","1.637644"
"120","390","47.877586","1.133736","0.024889","1.638132"
"130","390","46.689999","1.130038","0.025291","1.638613"
"140","390","45.559901","1.126522","0.025691","1.639086"
"150","390","44.483217","1.123175","0.026089","1.639552"
"160","390","43.456246","1.119984","0.026485","1.640009"
"170","390","42.475625","1.116941","0.026879","1.640458"
"180","390","41.538283","1.114035","0.027271","1.640898"
"190","390","40.641419","1.111257","0.027661","1.64133"
"200","390","39.782464","1.1086","0.028049","1.641753"
"210","390","38.959067","1.106055","0.028436","1.642167"
"220","390","38.169062","1.103617","0.028821","1.642573"
"230","390","37.41046","1.101279","0.029204","1.64297"
"240","390","36.681425","1.099035","0.029585","1.643358"
"250","390","35.98026","1.09688","0.029964","1.643739"
"260","390","35.305398","1.094808","0.030342","1.644111"
"270","390","34.655386","1.092816","0.030719","1.644474"
"280","390","34.028877","1.090899","0.031093","1.64483"
"290","390","33.424617","1.089052","0.031466","1.645178"
"300","390","32.841443","1.087273","0.031838","1.645518"
"310","390","32.27827","1.085557","0.032208","1.64585"
"320","390","31.734086","1.083902","0.032576","1.646175"
"330","390","31.207947","1.082304","0.032944","1.646493"
"340","390","30.698969","1.080761","0.033309","1.646804"
"350","390","30.206328","1.07927","0.033673","1.647107"
"360","390","29.729248","1.077828","0.034036","1.647404"
"370","390","29.267003","1.076434","0.034398","1.647694"
"380","390","28.818913","1.075084","0.034758","1.647978"
"390","390","28.384337","1.073778","0.035117","1.648256"
"400","390","27.962673","1.072512","0.035474","1.648527"
"410","390","27.553353","1.071285","0.03583","1.648792"
"420","390","27.155844","1.070096","0.036185","1.649052"
"430","390","26.769641","1.068942","0.036539","1.649306"
"440","390","26.394269","1.067823","0.036891","1.649554"
"450","390","26.029279","1.066737","0.037242","1.649797"
"460","390","25.674245","1.065682","0.037592","1.650034"
"470","390","25.328767","1.064657","0.037941","1.650267"
"480","390","24.992462","1.063661","0.038289","1.650494"
"490","390","24.664972","1.062693","0.038635","1.650717"
"500","390","24.345952","1.061752","0.038981","1.650935"
"-100","400","111.489837","1.328424","0.016366","1.627794"
"-90","400","105.402486","1.310178","0.016759","1.628056"
"-80","400","99.945458","1.293741","0.017148","1.628333"
"-70","400","95.025672","1.278855","0.017533","1.628636"
"-60","400","90.567512","1.265309","0.017914","1.628969"
"-50","400","86.508919","1.25293","0.018291","1.629333"
"-40","400","82.798479","1.241575","0.018664","1.629727"
"-30","400","79.393236","1.231122","0.019033","1.630146"
"-20","400","76.257023","1.221469","0.019399","1.630589"
"-10","400","73.359169","1.212529","0.019761","1.631052"
"0","400","70.673495","1.204226","0.020118","1.63153"
"10","400","68.177522","1.196496","0.020473","1.632021"
"20","400","65.851834","1.189283","0.020824","1.632522"
"30","400","63.679582","1.182537","0.021195","1.63303"
"40","400","61.646065","1.176216","0.021617","1.633543"
"50","400","59.738404","1.170282","0.022037","1.634058"
"60","400","57.945266","1.164701","0.022454","1.634573"
"70","400","56.256638","1.159443","0.022869","1.635087"
"80","400","54.663642","1.154482","0.023281","1.635599"
"90","400","53.158379","1.149794","0.023691","1.636107"
"100","400","51.733794","1.145358","0.024099","1.63661"
"110","400","50.383571","1.141155","0.024505","1.637108"
"120","400","49.102036","1.137166","0.024909","1.637599"
"130","400","47.884076","1.133378","0.025311","1.638084"
"140","400","46.725076","1.129775","0.02571","1.638561"
"150","400","45.620856","1.126345","0.026108","1.63903"
"160","400","44.567622","1.123075","0.026503","1.639491"
"170","400","43.561921","1.119956","0.026897","1.639944"
"180","400","42.600607","1.116978","0.027289","1.640389"
"190","400","41.680806","1.114131","0.027678","1.640825"
"200","400","40.799884","1.111407","0.028066","1.641253"
"210","400","39.955429","1.108799","0.028453","1.641672"
"220","400","39.14522","1.1063","0.028837","1.642082"
"230","400","38.367217","1.103903","0.02922","1.642484"
"240","400","37.619537","1.101603","0.029601","1.642877"
"250","400","36.90044","1.099393","0.02998","1.643262"
"260","400","36.208319","1.09727","0.030358","1.643639"
"270","400","35.541683","1.095227","0.030734","1.644008"
"280","400","34.899151","1.093261","0.031108","1.644368"
"290","400","34.279438","1.091368","0.031481","1.644721"
"300","400","33.681349","1.089544","0.031853","1.645066"
"310","400","33.103773","1.087784","0.032222","1.645403"
"320","400","32.545672","1.086087","0.032591","1.645733"
"330","400","32.006077","1.084449","0.032958","1.646055"
"340","400","31.484083","1.082866","0.033323","1.64637"
"350","400","30.978842","1.081337","0.033687","1.646679"
"360","400","30.489561","1.079859","0.03405","1.64698"
"370","400","30.015494","1.078428","0.034411","1.647275"
"380","400","29.555945","1.077044","0.034771","1.647563"
"390","400","29.110255","1.075704","0.03513","1.647845"
"400","400","28.677806","1.074406","0.035487","1.648121"
"410","400","28.258018","1.073148","0.035843","1.648391"
"420","400","27.850343","1.071928","0.036198","1.648655"
"430","400","27.454263","1.070745","0.036551","1.648913"
"440","400","27.069292","1.069597","0.036904","1.649166"
"450","400","26.694967","1.068483","0.037255","1.649413"
"460","400","26.330854","1.0674","0.037604","1.649654"
"470","400","25.976539","1.066349","0.037953","1.649891"
"480","400","25.631634","1.065328","0.038301","1.650123"
"490","400","25.295768","1.064334","0.038647","1.650349"
"500","400","24.96859","1.063369","0.038992","1.650571"
"-100","410","114.27004","1.336293","0.016418","1.627137"
"-90","410","108.03089","1.317627","0.016808","1.627431"
"-80","410","102.437781","1.300811","0.017195","1.627731"
"-70","410","97.395311","1.285583","0.017577","1.62805"
"-60","410","92.825979","1.271725","0.017956","1.628395"
"-50","410","88.666177","1.259062","0.018331","1.628767"
"-40","410","84.86321","1.247445","0.018702","1.629166"
"-30","410","81.373052","1.236751","0.019069","1.62959"
"-20","410","78.158631","1.226875","0.019432","1.630036"
"-10","410","75.188514","1.217728","0.019791","1.6305"
"0","410","72.435869","1.209232","0.020147","1.63098"
"10","410","69.877653","1.201323","0.0205","1.631473"
"20","410","67.493971","1.193942","0.020848","1.631975"
"30","410","65.267549","1.187038","0.021219","1.632485"
"40","410","63.183323","1.18057","0.02164","1.632999"
"50","410","61.228091","1.174496","0.022059","1.633515"
"60","410","59.390237","1.168783","0.022476","1.634032"
"70","410","57.6595","1.163402","0.02289","1.634549"
"80","410","56.02678","1.158323","0.023302","1.635063"
"90","410","54.48398","1.153524","0.023712","1.635573"
"100","410","53.023871","1.148982","0.024119","1.636079"
"110","410","51.639978","1.144679","0.024525","1.63658"
"120","410","50.326485","1.140595","0.024928","1.637075"
"130","410","49.078153","1.136716","0.02533","1.637562"
"140","410","47.890252","1.133026","0.025729","1.638043"
"150","410","46.758496","1.129514","0.026126","1.638516"
"160","410","45.678997","1.126165","0.026521","1.638981"
"170","410","44.648217","1.122971","0.026915","1.639438"
"180","410","43.662932","1.11992","0.027306","1.639887"
"190","410","42.720193","1.117004","0.027696","1.640327"
"200","410","41.817304","1.114215","0.028083","1.640759"
"210","410","40.95179","1.111543","0.028469","1.641183"
"220","410","40.121378","1.108983","0.028853","1.641598"
"230","410","39.323974","1.106528","0.029236","1.642004"
"240","410","38.557649","1.104171","0.029617","1.642402"
"250","410","37.82062","1.101907","0.029996","1.642791"
"260","410","37.11124","1.099732","0.030373","1.643173"
"270","410","36.42798","1.097639","0.030749","1.643546"
"280","410","35.769425","1.095624","0.031123","1.643911"
"290","410","35.134258","1.093684","0.031496","1.644268"
"300","410","34.521255","1.091815","0.031867","1.644618"
"310","410","33.929276","1.090012","0.032237","1.64496"
"320","410","33.357258","1.088273","0.032605","1.645294"
"330","410","32.804207","1.086594","0.032972","1.645621"
"340","410","32.269196","1.084972","0.033337","1.645941"
"350","410","31.751356","1.083405","0.033701","1.646254"
"360","410","31.249874","1.08189","0.034063","1.64656"
"370","410","30.763986","1.080424","0.034424","1.646859"
"380","410","30.292976","1.079005","0.034784","1.647152"
"390","410","29.836172","1.077632","0.035143","1.647438"
"400","410","29.39294","1.076301","0.0355","1.647719"
"410","410","28.962684","1.075012","0.035856","1.647993"
"420","410","28.544842","1.073761","0.03621","1.648261"
"430","410","28.138886","1.072549","0.036564","1.648523"
"440","410","27.744314","1.071372","0.036916","1.64878"
"450","410","27.360655","1.070229","0.037267","1.649031"
"460","410","26.987462","1.06912","0.037616","1.649277"
"470","410","26.624312","1.068042","0.037965","1.649518"
"480","410","26.270806","1.066995","0.038312","1.649754"
"490","410","25.926564","1.065977","0.038659","1.649984"
"500","410","25.591227","1.064987","0.039004","1.65021"
"-100","420","117.050244","1.344145","0.01647","1.626486"
"-90","420","110.659294","1.325059","0.016857","1.626813"
"-80","420","104.930105","1.307867","0.017241","1.627137"
"-70","420","99.76495","1.292297","0.017621","1.627474"
"-60","420","95.084446","1.27813","0.017998","1.627831"
"-50","420","90.823436","1.265183","0.01837","1.628212"
"-40","420","86.927942","1.253305","0.018739","1.628617"
"-30","420","83.352867","1.242371","0.019104","1.629045"
"-20","420","80.06024","1.232273","0.019465","1.629493"
"-10","420","77.017859","1.222919","0.019822","1.62996"
"0","420","74.198242","1.214232","0.020176","1.630442"
"10","420","71.577785","1.206143","0.020526","1.630936"
"20","420","69.136107","1.198595","0.020873","1.631439"
"30","420","66.855516","1.191535","0.021241","1.63195"
"40","420","64.72058","1.184918","0.021662","1.632465"
"50","420","62.717777","1.178706","0.022081","1.632983"
"60","420","60.835208","1.172862","0.022497","1.633502"
"70","420","59.062363","1.167356","0.022911","1.63402"
"80","420","57.389918","1.162161","0.023323","1.634536"
"90","420","55.809582","1.157251","0.023732","1.635049"
"100","420","54.313948","1.152604","0.024139","1.635558"
"110","420","52.896384","1.1482","0.024544","1.636061"
"120","420","51.550934","1.144022","0.024947","1.636558"
"130","420","50.27223","1.140052","0.025348","1.637049"
"140","420","49.055427","1.136276","0.025747","1.637533"
"150","420","47.896135","1.132681","0.026144","1.63801"
"160","420","46.790372","1.129255","0.026539","1.638479"
"170","420","45.734514","1.125985","0.026932","1.63894"
"180","420","44.725256","1.122863","0.027323","1.639392"
"190","420","43.75958","1.119878","0.027713","1.639837"
"200","420","42.834724","1.117022","0.0281","1.640273"
"210","420","41.948152","1.114287","0.028486","1.6407"
"220","420","41.097536","1.111666","0.02887","1.641119"
"230","420","40.280731","1.109152","0.029252","1.64153"
"240","420","39.495761","1.106739","0.029633","1.641932"
"250","420","38.7408","1.104422","0.030011","1.642326"
"260","420","38.014161","1.102194","0.030389","1.642712"
"270","420","37.314277","1.100051","0.030764","1.643089"
"280","420","36.639699","1.097988","0.031138","1.643459"
"290","420","35.989079","1.096002","0.031511","1.643821"
"300","420","35.361161","1.094087","0.031882","1.644175"
"310","420","34.75478","1.092241","0.032251","1.644521"
"320","420","34.168844","1.09046","0.032619","1.64486"
"330","420","33.602337","1.08874","0.032986","1.645191"
"340","420","33.054309","1.087079","0.033351","1.645516"
"350","420","32.52387","1.085474","0.033714","1.645833"
"360","420","32.010187","1.083922","0.034077","1.646143"
"370","420","31.512477","1.082421","0.034438","1.646447"
"380","420","31.030008","1.080967","0.034797","1.646744"
"390","420","30.56209","1.07956","0.035156","1.647035"
"400","420","30.108074","1.078197","0.035513","1.647319"
"410","420","29.667349","1.076876","0.035868","1.647598"
"420","420","29.239342","1.075596","0.036223","1.64787"
"430","420","28.823508","1.074353","0.036576","1.648137"
"440","420","28.419336","1.073148","0.036928","1.648397"
"450","420","28.026343","1.071977","0.037279","1.648653"
"460","420","27.64407","1.070841","0.037628","1.648903"
"470","420","27.272085","1.069737","0.037977","1.649147"
"480","420","26.909978","1.068664","0.038324","1.649387"
"490","420","26.557361","1.067621","0.03867","1.649621"
"500","420","26.213865","1.066606","0.039015","1.649851"
"-100","430","119.830447","1.351979","0.016521","1.625841"
"-90","430","113.287698","1.332476","0.016906","1.626203"
"-80","430","107.422428","1.314908","0.017287","1.626552"
"-70","430","102.13459","1.298998","0.017665","1.626906"
"-60","430","97.342913","1.284521","0.018039","1.627276"
"-50","430","92.980694","1.271292","0.018409","1.627666"
"-40","430","88.992674","1.259155","0.018776","1.628077"
"-30","430","85.332683","1.247982","0.019138","1.62851"
"-20","430","81.961848","1.237662","0.019497","1.628961"
"-10","430","78.847205","1.228103","0.019853","1.62943"
"0","430","75.960615","1.219225","0.020204","1.629914"
"10","430","73.277916","1.210958","0.020552","1.630409"
"20","430","70.778243","1.203242","0.020897","1.630913"
"30","430","68.443483","1.196025","0.021264","1.631425"
"40","430","66.257838","1.189262","0.021685","1.631942"
"50","430","64.207464","1.182911","0.022103","1.632461"
"60","430","62.28018","1.176937","0.022519","1.632981"
"70","430","60.465225","1.171308","0.022932","1.633501"
"80","430","58.753056","1.165996","0.023343","1.634019"
"90","430","57.135184","1.160975","0.023752","1.634534"
"100","430","55.604025","1.156224","0.024159","1.635045"
"110","430","54.152791","1.15172","0.024564","1.635551"
"120","430","52.775383","1.147447","0.024967","1.636051"
"130","430","51.466308","1.143387","0.025367","1.636545"
"140","430","50.220602","1.139525","0.025766","1.637032"
"150","430","49.033775","1.135848","0.026162","1.637511"
"160","430","47.901747","1.132343","0.026557","1.637984"
"170","430","46.82081","1.128998","0.02695","1.638448"
"180","430","45.78758","1.125804","0.027341","1.638904"
"190","430","44.798968","1.12275","0.02773","1.639352"
"200","430","43.852144","1.119828","0.028117","1.639792"
"210","430","42.944514","1.11703","0.028502","1.640224"
"220","430","42.073693","1.114349","0.028886","1.640647"
"230","430","41.237488","1.111777","0.029268","1.641062"
"240","430","40.433873","1.109308","0.029648","1.641468"
"250","430","39.66098","1.106936","0.030027","1.641866"
"260","430","38.917081","1.104656","0.030404","1.642256"
"270","430","38.200574","1.102463","0.030779","1.642638"
"280","430","37.509974","1.100352","0.031153","1.643012"
"290","430","36.843899","1.098319","0.031525","1.643378"
"300","430","36.201068","1.09636","0.031896","1.643736"
"310","430","35.580283","1.09447","0.032265","1.644087"
"320","430","34.98043","1.092647","0.032633","1.64443"
"330","430","34.400467","1.090887","0.033","1.644766"
"340","430","33.839422","1.089187","0.033364","1.645094"
"350","430","33.296384","1.087544","0.033728","1.645416"
"360","430","32.7705","1.085955","0.03409","1.645731"
"370","430","32.260969","1.084418","0.034451","1.646038"
"380","430","31.76704","1.08293","0.03481","1.64634"
"390","430","31.288007","1.08149","0.035169","1.646635"
"400","430","30.823207","1.080095","0.035525","1.646923"
"410","430","30.372015","1.078742","0.035881","1.647206"
"420","430","29.933841","1.077431","0.036235","1.647482"
"430","430","29.50813","1.076159","0.036588","1.647753"
"440","430","29.094359","1.074925","0.03694","1.648018"
"450","430","28.692031","1.073726","0.037291","1.648277"
"460","430","28.300678","1.072563","0.03764","1.648531"
"470","430","27.919857","1.071432","0.037989","1.648779"
"480","430","27.549149","1.070334","0.038336","1.649023"
"490","430","27.188157","1.069265","0.038682","1.649261"
"500","430","26.836502","1.068227","0.039027","1.649494"
"-100","440","122.61065","1.359796","0.016573","1.625202"
"-90","440","115.916102","1.339876","0.016955","1.625599"
"-80","440","109.914751","1.321934","0.017333","1.625974"
"-70","440","104.504229","1.305686","0.017708","1.626347"
"-60","440","99.60138","1.290901","0.01808","1.62673"
"-50","440","95.137953","1.27739","0.018448","1.62713"
"-40","440","91.057406","1.264994","0.018812","1.627548"
"-30","440","87.312499","1.253583","0.019173","1.627985"
"-20","440","83.863457","1.243043","0.01953","1.62844"
"-10","440","80.67655","1.233279","0.019883","1.628911"
"0","440","77.722988","1.22421","0.020232","1.629396"
"10","440","74.978047","1.215765","0.020579","1.629892"
"20","440","72.420379","1.207883","0.020921","1.630398"
"30","440","70.03145","1.200511","0.021287","1.630911"
"40","440","67.795095","1.193601","0.021707","1.631428"
"50","440","65.69715","1.187112","0.022124","1.631949"
"60","440","63.725151","1.181008","0.02254","1.63247"
"70","440","61.868087","1.175256","0.022953","1.632991"
"80","440","60.116195","1.169827","0.023364","1.633511"
"90","440","58.460785","1.164697","0.023772","1.634028"
"100","440","56.894102","1.15984","0.024179","1.634541"
"110","440","55.409198","1.155238","0.024583","1.635049"
"120","440","53.999832","1.15087","0.024986","1.635551"
"130","440","52.660385","1.14672","0.025386","1.636048"
"140","440","51.385778","1.142772","0.025784","1.636538"
"150","440","50.171415","1.139013","0.02618","1.63702"
"160","440","49.013123","1.13543","0.026575","1.637496"
"170","440","47.907106","1.13201","0.026967","1.637963"
"180","440","46.849904","1.128745","0.027358","1.638423"
"190","440","45.838355","1.125622","0.027747","1.638875"
"200","440","44.869564","1.122635","0.028134","1.639318"
"210","440","43.940876","1.119774","0.028519","1.639753"
"220","440","43.049851","1.117031","0.028902","1.64018"
"230","440","42.194244","1.114401","0.029284","1.640599"
"240","440","41.371985","1.111876","0.029664","1.641009"
"250","440","40.58116","1.10945","0.030042","1.641412"
"260","440","39.820002","1.107119","0.030419","1.641806"
"270","440","39.086871","1.104876","0.030794","1.642192"
"280","440","38.380248","1.102717","0.031168","1.64257"
"290","440","37.69872","1.100637","0.03154","1.64294"
"300","440","37.040974","1.098633","0.031911","1.643302"
"310","440","36.405786","1.0967","0.03228","1.643657"
"320","440","35.792016","1.094835","0.032647","1.644004"
"330","440","35.198598","1.093034","0.033013","1.644344"
"340","440","34.624536","1.091295","0.033378","1.644677"
"350","440","34.068899","1.089614","0.033741","1.645003"
"360","440","33.530813","1.087989","0.034103","1.645321"
"370","440","33.00946","1.086416","0.034464","1.645633"
"380","440","32.504071","1.084894","0.034823","1.645939"
"390","440","32.013925","1.08342","0.035181","1.646238"
"400","440","31.538341","1.081993","0.035538","1.64653"
"410","440","31.07668","1.080609","0.035893","1.646817"
"420","440","30.62834","1.079267","0.036248","1.647097"
"430","440","30.192753","1.077966","0.036601","1.647372"
"440","440","29.769381","1.076703","0.036952","1.647641"
"450","440","29.357718","1.075476","0.037303","1.647904"
"460","440","28.957286","1.074286","0.037652","1.648161"
"470","440","28.56763","1.073129","0.038","1.648414"
"480","440","28.188321","1.072004","0.038347","1.648661"
"490","440","27.818953","1.070911","0.038693","1.648903"
"500","440","27.45914","1.069848","0.039038","1.64914"
"-100","450","125.390854","1.367596","0.016623","1.624569"
"-90","450","118.544506","1.347261","0.017003","1.625002"
"-80","450","112.407074","1.328945","0.017379","1.625404"
"-70","450","106.873868","1.31236","0.017752","1.625796"
"-60","450","101.859847","1.297268","0.018121","1.626193"
"-50","450","97.295211","1.283476","0.018486","1.626603"
"-40","450","93.122137","1.270823","0.018848","1.627028"
"-30","450","89.292315","1.259174","0.019207","1.62747"
"-20","450","85.765065","1.248414","0.019562","1.627929"
"-10","450","82.505895","1.238447","0.019913","1.628402"
"0","450","79.485361","1.229188","0.02026","1.628889"
"10","450","76.678179","1.220566","0.020605","1.629386"
"20","450","74.062515","1.212519","0.020945","1.629893"
"30","450","71.619417","1.204991","0.021309","1.630406"
"40","450","69.332353","1.197934","0.021729","1.630925"
"50","450","67.186837","1.191308","0.022146","1.631446"
"60","450","65.170122","1.185074","0.022561","1.631968"
"70","450","63.270949","1.1792","0.022974","1.632491"
"80","450","61.479333","1.173656","0.023384","1.633012"
"90","450","59.786387","1.168415","0.023792","1.63353"
"100","450","58.184179","1.163454","0.024198","1.634045"
"110","450","56.665604","1.158753","0.024602","1.634555"
"120","450","55.224282","1.154291","0.025004","1.63506"
"130","450","53.854462","1.150051","0.025404","1.635559"
"140","450","52.550953","1.146018","0.025802","1.636051"
"150","450","51.309054","1.142177","0.026198","1.636537"
"160","450","50.124498","1.138516","0.026592","1.637015"
"170","450","48.993402","1.135022","0.026985","1.637486"
"180","450","47.912228","1.131684","0.027375","1.637949"
"190","450","46.877742","1.128494","0.027763","1.638404"
"200","450","45.886984","1.12544","0.02815","1.638851"
"210","450","44.937238","1.122516","0.028535","1.639289"
"220","450","44.026009","1.119714","0.028918","1.63972"
"230","450","43.151001","1.117025","0.0293","1.640142"
"240","450","42.310097","1.114444","0.029679","1.640556"
"250","450","41.501341","1.111965","0.030058","1.640962"
"260","450","40.722923","1.109581","0.030434","1.64136"
"270","450","39.973168","1.107289","0.030809","1.64175"
"280","450","39.250522","1.105081","0.031183","1.642132"
"290","450","38.55354","1.102955","0.031554","1.642506"
"300","450","37.88088","1.100906","0.031925","1.642873"
"310","450","37.231289","1.09893","0.032294","1.643231"
"320","450","36.603602","1.097023","0.032661","1.643583"
"330","450","35.996728","1.095182","0.033027","1.643927"
"340","450","35.409649","1.093404","0.033392","1.644263"
"350","450","34.841413","1.091685","0.033755","1.644593"
"360","450","34.291126","1.090023","0.034117","1.644916"
"370","450","33.757951","1.088415","0.034477","1.645232"
"380","450","33.241103","1.086859","0.034836","1.645541"
"390","450","32.739842","1.085352","0.035194","1.645844"
"400","450","32.253474","1.083892","0.035551","1.646141"
"410","450","31.781346","1.082476","0.035906","1.646431"
"420","450","31.32284","1.081104","0.03626","1.646715"
"430","450","30.877375","1.079773","0.036613","1.646994"
"440","450","30.444403","1.078481","0.036964","1.647266"
"450","450","30.023406","1.077227","0.037315","1.647533"
"460","450","29.613894","1.07601","0.037664","1.647795"
"470","450","29.215402","1.074826","0.038012","1.648051"
"480","450","28.827493","1.073676","0.038359","1.648302"
"490","450","28.449749","1.072558","0.038705","1.648547"
"500","450","28.081778","1.071471","0.039049","1.648788"
"-100","460","128.171057","1.375378","0.016674","1.62394"
"-90","460","121.17291","1.354629","0.017051","1.624411"
"-80","460","114.899397","1.335942","0.017424","1.624841"
"-70","460","109.243507","1.31902","0.017794","1.625253"
"-60","460","104.118313","1.303623","0.018161","1.625665"
"-50","460","99.452469","1.289552","0.018525","1.626085"
"-40","460","95.186869","1.276642","0.018884","1.626518"
"-30","460","91.27213","1.264756","0.019241","1.626965"
"-20","460","87.666674","1.253777","0.019593","1.627427"
"-10","460","84.33524","1.243607","0.019942","1.627903"
"0","460","81.247734","1.234159","0.020288","1.628391"
"10","460","78.37831","1.225361","0.02063","1.62889"
"20","460","75.704651","1.217148","0.020969","1.629397"
"30","460","73.207384","1.209465","0.021332","1.629912"
"40","460","70.86961","1.202263","0.021751","1.630431"
"50","460","68.676523","1.1955","0.022167","1.630953"
"60","460","66.615094","1.189137","0.022582","1.631476"
"70","460","64.673812","1.18314","0.022994","1.632"
"80","460","62.842471","1.177481","0.023404","1.632522"
"90","460","61.111988","1.17213","0.023812","1.633042"
"100","460","59.474256","1.167066","0.024218","1.633558"
"110","460","57.922011","1.162265","0.024622","1.63407"
"120","460","56.448731","1.157709","0.025023","1.634577"
"130","460","55.048539","1.15338","0.025423","1.635078"
"140","460","53.716129","1.149262","0.02582","1.635573"
"150","460","52.446694","1.14534","0.026216","1.636061"
"160","460","51.235873","1.1416","0.02661","1.636542"
"170","460","50.079699","1.138032","0.027002","1.637015"
"180","460","48.974553","1.134623","0.027392","1.637481"
"190","460","47.917129","1.131364","0.02778","1.637939"
"200","460","46.904403","1.128246","0.028166","1.638389"
"210","460","45.933599","1.125259","0.028551","1.638831"
"220","460","45.002167","1.122396","0.028934","1.639265"
"230","460","44.107758","1.119649","0.029315","1.639691"
"240","460","43.248209","1.117012","0.029695","1.640109"
"250","460","42.421521","1.114479","0.030073","1.640519"
"260","460","41.625844","1.112044","0.030449","1.64092"
"270","460","40.859465","1.109702","0.030824","1.641314"
"280","460","40.120796","1.107446","0.031197","1.6417"
"290","460","39.408361","1.105274","0.031569","1.642077"
"300","460","38.720786","1.10318","0.031939","1.642448"
"310","460","38.056792","1.101161","0.032308","1.64281"
"320","460","37.415188","1.099212","0.032675","1.643166"
"330","460","36.794858","1.097331","0.033041","1.643513"
"340","460","36.194762","1.095513","0.033405","1.643854"
"350","460","35.613927","1.093757","0.033768","1.644188"
"360","460","35.051439","1.092058","0.03413","1.644514"
"370","460","34.506443","1.090415","0.03449","1.644834"
"380","460","33.978134","1.088824","0.034849","1.645147"
"390","460","33.46576","1.087284","0.035207","1.645454"
"400","460","32.968608","1.085791","0.035563","1.645754"
"410","460","32.486011","1.084345","0.035918","1.646049"
"420","460","32.017339","1.082942","0.036272","1.646337"
"430","460","31.561997","1.081582","0.036625","1.646619"
"440","460","31.119426","1.080261","0.036976","1.646895"
"450","460","30.689094","1.078979","0.037327","1.647166"
"460","460","30.270502","1.077734","0.037676","1.647431"
"470","460","29.863175","1.076525","0.038024","1.64769"
"480","460","29.466665","1.075349","0.03837","1.647945"
"490","460","29.080546","1.074206","0.038716","1.648194"
"500","460","28.704415","1.073094","0.039061","1.648438"
"-100","470","130.95126","1.383143","0.016724","1.623317"
"-90","470","123.801314","1.361982","0.017098","1.623827"
"-80","470","117.39172","1.342924","0.017469","1.624285"
"-70","470","111.613147","1.325667","0.017837","1.624718"
"-60","470","106.37678","1.309965","0.018202","1.625145"
"-50","470","101.609728","1.295615","0.018563","1.625576"
"-40","470","97.251601","1.28245","0.01892","1.626017"
"-30","470","93.251946","1.270328","0.019274","1.626469"
"-20","470","89.568283","1.259132","0.019625","1.626935"
"-10","470","86.164586","1.248759","0.019972","1.627413"
"0","470","83.010107","1.239122","0.020316","1.627903"
"10","470","80.078442","1.230148","0.020656","1.628403"
"20","470","77.346787","1.221771","0.020993","1.628912"
"30","470","74.795351","1.213934","0.021354","1.629427"
"40","470","72.406868","1.206587","0.021772","1.629946"
"50","470","70.16621","1.199687","0.022189","1.630469"
"60","470","68.060065","1.193195","0.022603","1.630993"
"70","470","66.076674","1.187077","0.023015","1.631517"
"80","470","64.205609","1.181302","0.023424","1.632041"
"90","470","62.43759","1.175843","0.023832","1.632562"
"100","470","60.764333","1.170675","0.024237","1.633079"
"110","470","59.178418","1.165776","0.024641","1.633593"
"120","470","57.67318","1.161126","0.025042","1.634101"
"130","470","56.242616","1.156707","0.025441","1.634604"
"140","470","54.881304","1.152504","0.025838","1.635101"
"150","470","53.584333","1.1485","0.026234","1.635592"
"160","470","52.347249","1.144683","0.026627","1.636075"
"170","470","51.165995","1.141041","0.027019","1.636551"
"180","470","50.036877","1.137561","0.027409","1.63702"
"190","470","48.956517","1.134234","0.027797","1.637481"
"200","470","47.921823","1.13105","0.028183","1.637934"
"210","470","46.929961","1.128","0.028567","1.63838"
"220","470","45.978324","1.125077","0.02895","1.638817"
"230","470","45.064515","1.122273","0.029331","1.639246"
"240","470","44.186321","1.11958","0.02971","1.639667"
"250","470","43.341701","1.116994","0.030088","1.64008"
"260","470","42.528764","1.114507","0.030464","1.640485"
"270","470","41.745762","1.112115","0.030839","1.640882"
"280","470","40.991071","1.109811","0.031212","1.641272"
"290","470","40.263182","1.107593","0.031583","1.641653"
"300","470","39.560692","1.105454","0.031953","1.642027"
"310","470","38.882296","1.103392","0.032322","1.642394"
"320","470","38.226774","1.101402","0.032689","1.642753"
"330","470","37.592988","1.09948","0.033055","1.643104"
"340","470","36.979876","1.097624","0.033419","1.643449"
"350","470","36.386441","1.095829","0.033782","1.643786"
"360","470","35.811752","1.094094","0.034143","1.644116"
"370","470","35.254934","1.092415","0.034503","1.64444"
"380","470","34.715166","1.09079","0.034862","1.644757"
"390","470","34.191677","1.089217","0.03522","1.645067"
"400","470","33.683742","1.087692","0.035576","1.645371"
"410","470","33.190677","1.086214","0.035931","1.645669"
"420","470","32.711838","1.084781","0.036285","1.645961"
"430","470","32.24662","1.083391","0.036637","1.646247"
"440","470","31.794448","1.082042","0.036988","1.646527"
"450","470","31.354782","1.080732","0.037338","1.646801"
"460","470","30.92711","1.07946","0.037687","1.647069"
"470","470","30.510948","1.078224","0.038035","1.647333"
"480","470","30.105836","1.077023","0.038382","1.647591"
"490","470","29.711342","1.075855","0.038727","1.647843"
"500","470","29.327053","1.074719","0.039072","1.648091"
"-100","480","133.731464","1.390891","0.016774","1.622699"
"-90","480","126.429718","1.369319","0.017145","1.623248"
"-80","480","119.884043","1.349892","0.017514","1.623735"
"-70","480","113.982786","1.332301","0.017879","1.624191"
"-60","480","108.635247","1.316295","0.018241","1.624634"
"-50","480","103.766986","1.301668","0.0186","1.625076"
"-40","480","99.316333","1.288247","0.018956","1.625524"
"-30","480","95.231762","1.275891","0.019308","1.625983"
"-20","480","91.469891","1.264477","0.019656","1.626452"
"-10","480","87.993931","1.253902","0.020001","1.626933"
"0","480","84.77248","1.244078","0.020343","1.627425"
"10","480","81.778573","1.234929","0.020681","1.627926"
"20","480","78.988924","1.226387","0.021016","1.628435"
"30","480","76.383318","1.218397","0.021376","1.628951"
"40","480","73.944126","1.210905","0.021794","1.629471"
"50","480","71.655896","1.203869","0.02221","1.629994"
"60","480","69.505037","1.197249","0.022623","1.630519"
"70","480","67.479536","1.19101","0.023035","1.631044"
"80","480","65.568747","1.18512","0.023444","1.631568"
"90","480","63.763191","1.179552","0.023851","1.63209"
"100","480","62.05441","1.17428","0.024256","1.632609"
"110","480","60.434824","1.169283","0.024659","1.633124"
"120","480","58.897629","1.16454","0.02506","1.633634"
"130","480","57.436693","1.160033","0.025459","1.634139"
"140","480","56.046479","1.155744","0.025856","1.634638"
"150","480","54.721973","1.15166","0.026251","1.63513"
"160","480","53.458624","1.147765","0.026645","1.635616"
"170","480","52.252291","1.144049","0.027036","1.636094"
"180","480","51.099201","1.140498","0.027425","1.636566"
"190","480","49.995904","1.137103","0.027813","1.637029"
"200","480","48.939243","1.133854","0.028199","1.637485"
"210","480","47.926323","1.130741","0.028583","1.637934"
"220","480","46.954482","1.127758","0.028966","1.638374"
"230","480","46.021272","1.124896","0.029347","1.638806"
"240","480","45.124433","1.122148","0.029726","1.639231"
"250","480","44.261881","1.119508","0.030103","1.639647"
"260","480","43.431685","1.11697","0.030479","1.640055"
"270","480","42.632059","1.114528","0.030854","1.640456"
"280","480","41.861345","1.112177","0.031226","1.640849"
"290","480","41.118002","1.109912","0.031598","1.641234"
"300","480","40.400598","1.107729","0.031967","1.641611"
"310","480","39.707799","1.105623","0.032336","1.641981"
"320","480","39.038359","1.103591","0.032703","1.642344"
"330","480","38.391118","1.101629","0.033068","1.642699"
"340","480","37.764989","1.099734","0.033432","1.643047"
"350","480","37.158955","1.097902","0.033795","1.643388"
"360","480","36.572065","1.096131","0.034156","1.643722"
"370","480","36.003425","1.094416","0.034516","1.644049"
"380","480","35.452198","1.092757","0.034875","1.64437"
"390","480","34.917595","1.09115","0.035232","1.644684"
"400","480","34.398875","1.089593","0.035588","1.644992"
"410","480","33.895342","1.088084","0.035943","1.645293"
"420","480","33.406338","1.086621","0.036297","1.645588"
"430","480","32.931242","1.085201","0.036649","1.645878"
"440","480","32.469471","1.083824","0.037","1.646161"
"450","480","32.02047","1.082486","0.03735","1.646439"
"460","480","31.583718","1.081187","0.037699","1.646711"
"470","480","31.15872","1.079925","0.038047","1.646978"
"480","480","30.745008","1.078698","0.038393","1.647239"
"490","480","30.342138","1.077505","0.038739","1.647495"
"500","480","29.94969","1.076345","0.039083","1.647746"
"-100","490","136.511667","1.398621","0.016824","1.622086"
"-90","490","129.058122","1.37664","0.017192","1.622675"
"-80","490","122.376366","1.356845","0.017558","1.623193"
"-70","490","116.352425","1.338921","0.017921","1.62367"
"-60","490","110.893714","1.322613","0.018281","1.62413"
"-50","490","105.924244","1.307709","0.018638","1.624584"
"-40","490","101.381064","1.294034","0.018991","1.625041"
"-30","490","97.211578","1.281444","0.019341","1.625505"
"-20","490","93.3715","1.269813","0.019687","1.625979"
"-10","490","89.823276","1.259038","0.02003","1.626462"
"0","490","86.534853","1.249027","0.02037","1.626956"
"10","490","83.478704","1.239703","0.020706","1.627458"
"20","490","80.63106","1.230998","0.021039","1.627968"
"30","490","77.971285","1.222854","0.021398","1.628484"
"40","490","75.481383","1.215219","0.021815","1.629005"
"50","490","73.145583","1.208047","0.022231","1.629528"
"60","490","70.950008","1.201299","0.022644","1.630053"
"70","490","68.882399","1.194938","0.023055","1.630579"
"80","490","66.931885","1.188934","0.023464","1.631104"
"90","490","65.088793","1.183257","0.023871","1.631626"
"100","490","63.344486","1.177883","0.024275","1.632146"
"110","490","61.691231","1.172788","0.024678","1.632662"
"120","490","60.122078","1.167952","0.025079","1.633174"
"130","490","58.630771","1.163356","0.025477","1.63368"
"140","490","57.211655","1.158983","0.025874","1.634181"
"150","490","55.859613","1.154817","0.026269","1.634675"
"160","490","54.569999","1.150846","0.026662","1.635163"
"170","490","53.338588","1.147055","0.027053","1.635644"
"180","490","52.161525","1.143434","0.027442","1.636118"
"190","490","51.035291","1.139971","0.02783","1.636584"
"200","490","49.956663","1.136656","0.028215","1.637043"
"210","490","48.922685","1.133482","0.028599","1.637494"
"220","490","47.93064","1.130439","0.028981","1.637937"
"230","490","46.978029","1.127519","0.029362","1.638372"
"240","490","46.062545","1.124716","0.029741","1.6388"
"250","490","45.182061","1.122022","0.030118","1.639219"
"260","490","44.334606","1.119432","0.030494","1.639631"
"270","490","43.518356","1.116941","0.030868","1.640035"
"280","490","42.731619","1.114542","0.031241","1.640431"
"290","490","41.972823","1.112231","0.031612","1.640819"
"300","490","41.240504","1.110003","0.031981","1.6412"
"310","490","40.533302","1.107855","0.03235","1.641573"
"320","490","39.849945","1.105781","0.032716","1.641939"
"330","490","39.189248","1.103779","0.033082","1.642298"
"340","490","38.550102","1.101845","0.033446","1.642649"
"350","490","37.931469","1.099976","0.033808","1.642994"
"360","490","37.332378","1.098167","0.034169","1.643331"
"370","490","36.751917","1.096418","0.034529","1.643662"
"380","490","36.189229","1.094724","0.034888","1.643986"
"390","490","35.643512","1.093084","0.035245","1.644304"
"400","490","35.114009","1.091495","0.035601","1.644615"
"410","490","34.600008","1.089955","0.035955","1.64492"
"420","490","34.100837","1.088461","0.036309","1.645219"
"430","490","33.615865","1.087012","0.036661","1.645511"
"440","490","33.144493","1.085606","0.037012","1.645798"
"450","490","32.686158","1.08424","0.037362","1.646079"
"460","490","32.240326","1.082914","0.037711","1.646355"
"470","490","31.806493","1.081626","0.038058","1.646625"
"480","490","31.38418","1.080373","0.038405","1.64689"
"490","490","30.972935","1.079156","0.03875","1.647149"
"500","490","30.572328","1.077971","0.039094","1.647403"
"-100","500","139.29187","1.406335","0.016873","1.621477"
"-90","500","131.686527","1.383945","0.017239","1.622108"
"-80","500","124.868689","1.363783","0.017602","1.622656"
"-70","500","118.722064","1.345528","0.017963","1.623157"
"-60","500","113.152181","1.328918","0.018321","1.623633"
"-50","500","108.081503","1.313738","0.018675","1.624099"
"-40","500","103.445796","1.299811","0.019026","1.624565"
"-30","500","99.191394","1.286987","0.019374","1.625036"
"-20","500","95.273108","1.275141","0.019718","1.625514"
"-10","500","91.652621","1.264165","0.020059","1.626001"
"0","500","88.297226","1.253968","0.020397","1.626496"
"10","500","85.178836","1.24447","0.020731","1.627"
"20","500","82.273196","1.235602","0.021063","1.62751"
"30","500","79.559252","1.227305","0.02142","1.628027"
"40","500","77.018641","1.219526","0.021837","1.628547"
"50","500","74.635269","1.21222","0.022252","1.629071"
"60","500","72.394979","1.205344","0.022664","1.629597"
"70","500","70.285261","1.198863","0.023075","1.630123"
"80","500","68.295023","1.192745","0.023484","1.630648"
"90","500","66.414394","1.18696","0.02389","1.631171"
"100","500","64.634563","1.181483","0.024294","1.631692"
"110","500","62.947638","1.17629","0.024697","1.632209"
"120","500","61.346528","1.171361","0.025097","1.632722"
"130","500","59.824848","1.166676","0.025495","1.63323"
"140","500","58.37683","1.162219","0.025892","1.633732"
"150","500","56.997252","1.157973","0.026286","1.634228"
"160","500","55.681374","1.153924","0.026679","1.634718"
"170","500","54.424884","1.15006","0.02707","1.635201"
"180","500","53.223849","1.146368","0.027459","1.635676"
"190","500","52.074678","1.142838","0.027846","1.636145"
"200","500","50.974083","1.139458","0.028231","1.636606"
"210","500","49.919047","1.136222","0.028615","1.63706"
"220","500","48.906798","1.133118","0.028997","1.637506"
"230","500","47.934786","1.130141","0.029377","1.637944"
"240","500","47.000657","1.127283","0.029756","1.638374"
"250","500","46.102241","1.124536","0.030133","1.638796"
"260","500","45.237527","1.121895","0.030509","1.639211"
"270","500","44.404653","1.119354","0.030883","1.639618"
"280","500","43.601893","1.116907","0.031255","1.640017"
"290","500","42.827643","1.11455","0.031626","1.640409"
"300","500","42.080411","1.112278","0.031995","1.640793"
"310","500","41.358805","1.110087","0.032363","1.64117"
"320","500","40.661531","1.107972","0.03273","1.641539"
"330","500","39.987378","1.10593","0.033095","1.641901"
"340","500","39.335215","1.103957","0.033459","1.642256"
"350","500","38.703984","1.102049","0.033821","1.642604"
"360","500","38.092691","1.100205","0.034182","1.642944"
"370","500","37.500408","1.09842","0.034542","1.643279"
"380","500","36.926261","1.096692","0.0349","1.643606"
"390","500","36.36943","1.095019","0.035257","1.643927"
"400","500","35.829143","1.093398","0.035613","1.644242"
"410","500","35.304673","1.091826","0.035968","1.64455"
"420","500","34.795336","1.090302","0.036321","1.644852"
"430","500","34.300487","1.088824","0.036673","1.645148"
"440","500","33.819515","1.087389","0.037024","1.645438"
"450","500","33.351846","1.085996","0.037374","1.645723"
"460","500","32.896934","1.084643","0.037722","1.646002"
"470","500","32.454265","1.083328","0.03807","1.646275"
"480","500","32.023352","1.08205","0.038416","1.646543"
"490","500","31.603731","1.080807","0.038761","1.646806"
"500","500","31.194965","1.079598","0.039105","1.647063"
