"1.01","Nitrogen","N2","15/05/2015"
"-100","0","1.971644","0.996351","0.011424","1.406281"
"-90","0","1.863992","0.996998","0.011987","1.405462"
"-80","0","1.767487","0.997524","0.012539","1.404785"
"-70","0","1.680483","0.997957","0.013081","1.404218"
"-60","0","1.601643","0.998315","0.013613","1.403736"
"-50","0","1.529868","0.998615","0.014137","1.403323"
"-40","0","1.464251","0.998866","0.014651","1.402963"
"-30","0","1.404031","0.999079","0.015158","1.402646"
"-20","0","1.348569","0.99926","0.015656","1.402362"
"-10","0","1.297321","0.999415","0.016146","1.402101"
"0","0","1.249827","0.999548","0.016629","1.401858"
"10","0","1.205687","0.999663","0.017104","1.401625"
"20","0","1.164558","0.999762","0.017573","1.401397"
"30","0","1.126143","0.999848","0.018035","1.401168"
"40","0","1.090181","0.999923","0.01849","1.400932"
"50","0","1.056445","0.999988","0.01894","1.400686"
"60","0","1.024734","1.000045","0.019383","1.400424"
"70","0","0.994871","1.000095","0.019821","1.400143"
"80","0","0.9667","1.000139","0.020253","1.399839"
"90","0","0.94008","1.000177","0.02068","1.399508"
"100","0","0.914887","1.000211","0.021101","1.399149"
"110","0","0.891009","1.000241","0.021518","1.398758"
"120","0","0.868346","1.000267","0.021929","1.398333"
"130","0","0.846807","1.00029","0.022336","1.397873"
"140","0","0.82631","1.00031","0.022739","1.397376"
"150","0","0.806783","1.000328","0.023137","1.396841"
"160","0","0.788157","1.000344","0.02353","1.396268"
"170","0","0.770372","1.000357","0.02392","1.395657"
"180","0","0.753371","1.00037","0.024306","1.395008"
"190","0","0.737105","1.00038","0.024688","1.39432"
"200","0","0.721526","1.000389","0.025066","1.393596"
"210","0","0.706592","1.000397","0.02544","1.392836"
"220","0","0.692264","1.000404","0.025811","1.392041"
"230","0","0.678506","1.00041","0.026178","1.391212"
"240","0","0.665283","1.000415","0.026542","1.390351"
"250","0","0.652566","1.000419","0.026903","1.38946"
"260","0","0.640327","1.000423","0.027261","1.38854"
"270","0","0.628538","1.000426","0.027615","1.387594"
"280","0","0.617175","1.000428","0.027967","1.386623"
"290","0","0.606215","1.00043","0.028316","1.385629"
"300","0","0.595638","1.000431","0.028662","1.384614"
"310","0","0.585424","1.000432","0.029005","1.38358"
"320","0","0.575554","1.000433","0.029345","1.382529"
"330","0","0.566012","1.000433","0.029683","1.381463"
"340","0","0.556781","1.000433","0.030019","1.380384"
"350","0","0.547846","1.000433","0.030351","1.379294"
"360","0","0.539193","1.000432","0.030682","1.378194"
"370","0","0.53081","1.000432","0.03101","1.377086"
"380","0","0.522683","1.000431","0.031336","1.375973"
"390","0","0.514801","1.00043","0.031659","1.374854"
"400","0","0.507153","1.000428","0.03198","1.373733"
"410","0","0.499729","1.000427","0.0323","1.37261"
"420","0","0.49252","1.000425","0.032617","1.371487"
"430","0","0.485515","1.000423","0.032932","1.370365"
"440","0","0.478707","1.000422","0.033245","1.369246"
"450","0","0.472088","1.00042","0.033556","1.368129"
"460","0","0.465648","1.000418","0.033865","1.367017"
"470","0","0.459383","1.000416","0.034173","1.365911"
"480","0","0.453283","1.000414","0.034478","1.36481"
"490","0","0.447343","1.000411","0.034782","1.363717"
"500","0","0.441557","1.000409","0.035084","1.362632"
"-100","10","21.430257","0.960085","0.011721","1.476297"
"-90","10","20.260164","0.967394","0.01226","1.465349"
"-80","10","19.211229","0.973271","0.012792","1.456645"
"-70","10","18.265562","0.978055","0.013317","1.44959"
"-60","10","17.408628","0.981991","0.013834","1.44378"
"-50","10","16.628496","0.985259","0.014344","1.438928"
"-40","10","15.915286","0.987993","0.014846","1.434827"
"-30","10","15.26074","0.990297","0.015341","1.431325"
"-20","10","14.657906","0.99225","0.01583","1.428304"
"-10","10","14.100889","0.993915","0.016311","1.425674"
"0","10","13.584657","0.99534","0.016785","1.423365"
"10","10","13.104888","0.996566","0.017254","1.421319"
"20","10","12.657851","0.997625","0.017715","1.41949"
"30","10","12.240307","0.998541","0.018171","1.41784"
"40","10","11.84943","0.999337","0.018621","1.416338"
"50","10","11.482745","1.000031","0.019065","1.414958"
"60","10","11.138073","1.000636","0.019503","1.413676"
"70","10","10.81349","1.001165","0.019936","1.412475"
"80","10","10.507289","1.001628","0.020364","1.411337"
"90","10","10.217951","1.002035","0.020786","1.410249"
"100","10","9.944122","1.002392","0.021204","1.409199"
"110","10","9.684586","1.002705","0.021617","1.408177"
"120","10","9.438252","1.00298","0.022025","1.407174"
"130","10","9.20414","1.003222","0.022429","1.406183"
"140","10","8.98136","1.003435","0.022828","1.405197"
"150","10","8.76911","1.003621","0.023223","1.404211"
"160","10","8.56666","1.003785","0.023615","1.403221"
"170","10","8.373348","1.003928","0.024002","1.402223"
"180","10","8.188567","1.004053","0.024385","1.401215"
"190","10","8.011765","1.004162","0.024764","1.400195"
"200","10","7.842437","1.004257","0.02514","1.39916"
"210","10","7.680118","1.004339","0.025513","1.398111"
"220","10","7.524382","1.004409","0.025882","1.397045"
"230","10","7.374836","1.00447","0.026247","1.395964"
"240","10","7.231119","1.004521","0.026609","1.394867"
"250","10","7.092897","1.004564","0.026969","1.393754"
"260","10","6.959859","1.004599","0.027325","1.392626"
"270","10","6.83172","1.004628","0.027678","1.391484"
"280","10","6.708215","1.004651","0.028028","1.390329"
"290","10","6.589095","1.004669","0.028375","1.389163"
"300","10","6.474132","1.004682","0.02872","1.387985"
"310","10","6.363112","1.00469","0.029061","1.386797"
"320","10","6.255836","1.004695","0.029401","1.385601"
"330","10","6.152116","1.004696","0.029737","1.384399"
"340","10","6.05178","1.004694","0.030071","1.38319"
"350","10","5.954664","1.004689","0.030403","1.381978"
"360","10","5.860616","1.004682","0.030732","1.380762"
"370","10","5.769492","1.004672","0.031059","1.379545"
"380","10","5.681159","1.00466","0.031384","1.378327"
"390","10","5.59549","1.004646","0.031707","1.37711"
"400","10","5.512366","1.004631","0.032027","1.375895"
"410","10","5.431675","1.004614","0.032345","1.374684"
"420","10","5.353313","1.004596","0.032662","1.373476"
"430","10","5.27718","1.004577","0.032976","1.372274"
"440","10","5.203182","1.004556","0.033288","1.371078"
"450","10","5.13123","1.004535","0.033598","1.369889"
"460","10","5.061241","1.004512","0.033907","1.368707"
"470","10","4.993136","1.004489","0.034214","1.367535"
"480","10","4.926839","1.004466","0.034518","1.366372"
"490","10","4.86228","1.004441","0.034821","1.365218"
"500","10","4.799391","1.004416","0.035123","1.364076"
"-100","20","40.88887","0.923594","0.012088","1.560852"
"-90","20","38.656335","0.938066","0.012593","1.534837"
"-80","20","36.654972","0.949556","0.013096","1.515009"
"-70","20","34.850641","0.95882","0.013596","1.499448"
"-60","20","33.215612","0.966386","0.014093","1.486952"
"-50","20","31.727124","0.972629","0.014585","1.476729"
"-40","20","30.366321","0.977829","0.015071","1.468233"
"-30","20","29.117449","0.982193","0.015553","1.46108"
"-20","20","27.967244","0.98588","0.016028","1.454987"
"-10","20","26.904457","0.989014","0.016499","1.449744"
"0","20","25.919487","0.991691","0.016963","1.445189"
"10","20","25.004089","0.993988","0.017422","1.441197"
"20","20","24.151144","0.995968","0.017875","1.43767"
"30","20","23.354471","0.997679","0.018323","1.434528"
"40","20","22.608679","0.999163","0.018766","1.431706"
"50","20","21.909045","1.000453","0.019204","1.429153"
"60","20","21.251412","1.001578","0.019636","1.426824"
"70","20","20.632108","1.00256","0.020064","1.424682"
"80","20","20.047877","1.003419","0.020486","1.422697"
"90","20","19.495822","1.004171","0.020904","1.420842"
"100","20","18.973356","1.00483","0.021317","1.419097"
"110","20","18.478162","1.005408","0.021726","1.417441"
"120","20","18.008159","1.005916","0.02213","1.415859"
"130","20","17.561473","1.006361","0.02253","1.414338"
"140","20","17.13641","1.006751","0.022926","1.412865"
"150","20","16.731437","1.007093","0.023318","1.41143"
"160","20","16.345164","1.007392","0.023707","1.410027"
"170","20","15.976324","1.007654","0.024091","1.408647"
"180","20","15.623762","1.007882","0.024471","1.407285"
"190","20","15.286425","1.00808","0.024848","1.405935"
"200","20","14.963347","1.008251","0.025222","1.404595"
"210","20","14.653643","1.008399","0.025592","1.403261"
"220","20","14.3565","1.008526","0.025958","1.40193"
"230","20","14.071167","1.008634","0.026322","1.4006"
"240","20","13.796956","1.008725","0.026682","1.399271"
"250","20","13.533227","1.0088","0.027039","1.397941"
"260","20","13.279392","1.008862","0.027394","1.39661"
"270","20","13.034903","1.008912","0.027745","1.395277"
"280","20","12.799255","1.008951","0.028093","1.393942"
"290","20","12.571975","1.00898","0.028439","1.392606"
"300","20","12.352626","1.009","0.028782","1.391269"
"310","20","12.1408","1.009012","0.029122","1.389932"
"320","20","11.936117","1.009017","0.02946","1.388595"
"330","20","11.738221","1.009016","0.029795","1.387258"
"340","20","11.546779","1.009009","0.030128","1.385924"
"350","20","11.361482","1.008996","0.030459","1.384592"
"360","20","11.182039","1.008979","0.030787","1.383263"
"370","20","11.008175","1.008958","0.031113","1.381939"
"380","20","10.839635","1.008933","0.031436","1.38062"
"390","20","10.676178","1.008904","0.031758","1.379307"
"400","20","10.517578","1.008872","0.032077","1.378001"
"410","20","10.363621","1.008838","0.032394","1.376703"
"420","20","10.214106","1.008801","0.03271","1.375413"
"430","20","10.068844","1.008762","0.033023","1.374133"
"440","20","9.927656","1.008722","0.033334","1.372862"
"450","20","9.790372","1.008679","0.033644","1.371602"
"460","20","9.656834","1.008635","0.033951","1.370353"
"470","20","9.526889","1.008589","0.034257","1.369117"
"480","20","9.400395","1.008543","0.034561","1.367892"
"490","20","9.277216","1.008495","0.034864","1.36668"
"500","20","9.157224","1.008447","0.035164","1.365482"
"-100","30","60.347482","0.887206","0.01254","1.662639"
"-90","30","57.052507","0.909306","0.012993","1.614869"
"-80","30","54.098714","0.926616","0.013456","1.580092"
"-70","30","51.43572","0.940436","0.013923","1.553705"
"-60","30","49.022597","0.951639","0.014393","1.533053"
"-50","30","46.825752","0.960832","0.014861","1.516494"
"-40","30","44.817356","0.968454","0.015328","1.502955"
"-30","30","42.974158","0.974826","0.015792","1.491706"
"-20","30","41.276581","0.980194","0.016253","1.48223"
"-10","30","39.708024","0.984744","0.016709","1.474154"
"0","30","38.254317","0.988623","0.017162","1.467197"
"10","30","36.90329","0.991945","0.01761","1.461148"
"20","30","35.644437","0.994801","0.018053","1.455843"
"30","30","34.468635","0.997267","0.018492","1.451151"
"40","30","33.367928","0.999403","0.018927","1.44697"
"50","30","32.335345","1.001257","0.019357","1.443216"
"60","30","31.36475","1.002871","0.019783","1.43982"
"70","30","30.450726","1.004278","0.020204","1.436725"
"80","30","29.588465","1.005507","0.02062","1.433885"
"90","30","28.773693","1.006582","0.021033","1.431261"
"100","30","28.00259","1.007523","0.021441","1.428818"
"110","30","27.271738","1.008347","0.021845","1.42653"
"120","30","26.578066","1.009069","0.022245","1.424372"
"130","30","25.918806","1.009702","0.022641","1.422324"
"140","30","25.29146","1.010255","0.023033","1.420368"
"150","30","24.693765","1.01074","0.023422","1.418491"
"160","30","24.123667","1.011163","0.023806","1.416679"
"170","30","23.5793","1.011531","0.024187","1.414922"
"180","30","23.058957","1.011852","0.024565","1.413211"
"190","30","22.561085","1.012129","0.024939","1.411538"
"200","30","22.084258","1.012369","0.025309","1.409898"
"210","30","21.627169","1.012575","0.025677","1.408284"
"220","30","21.188617","1.01275","0.026041","1.406693"
"230","30","20.767498","1.012899","0.026402","1.40512"
"240","30","20.362792","1.013023","0.02676","1.403564"
"250","30","19.973557","1.013125","0.027115","1.402022"
"260","30","19.598924","1.013209","0.027468","1.400491"
"270","30","19.238086","1.013274","0.027817","1.398972"
"280","30","18.890295","1.013324","0.028164","1.397462"
"290","30","18.554855","1.01336","0.028507","1.395961"
"300","30","18.23112","1.013384","0.028849","1.394469"
"310","30","17.918489","1.013396","0.029187","1.392985"
"320","30","17.616398","1.013398","0.029524","1.39151"
"330","30","17.324325","1.01339","0.029858","1.390043"
"340","30","17.041779","1.013375","0.030189","1.388586"
"350","30","16.768301","1.013352","0.030518","1.387138"
"360","30","16.503461","1.013323","0.030845","1.385699"
"370","30","16.246858","1.013287","0.031169","1.384271"
"380","30","15.998112","1.013246","0.031492","1.382853"
"390","30","15.756867","1.013201","0.031812","1.381447"
"400","30","15.522791","1.013151","0.03213","1.380052"
"410","30","15.295567","1.013097","0.032447","1.378669"
"420","30","15.074899","1.01304","0.032761","1.377299"
"430","30","14.860509","1.01298","0.033073","1.375943"
"440","30","14.65213","1.012917","0.033383","1.3746"
"450","30","14.449515","1.012852","0.033692","1.373271"
"460","30","14.252427","1.012784","0.033999","1.371957"
"470","30","14.060643","1.012715","0.034304","1.370657"
"480","30","13.873952","1.012644","0.034607","1.369373"
"490","30","13.692153","1.012572","0.034908","1.368104"
"500","30","13.515057","1.012499","0.035208","1.366852"
"-100","40","79.806095","0.851447","0.013095","1.783705"
"-90","40","75.448678","0.881514","0.013472","1.705771"
"-80","40","71.542456","0.904745","0.013878","1.651667"
"-70","40","68.020799","0.923119","0.014302","1.61198"
"-60","40","64.829582","0.937909","0.014736","1.58169"
"-50","40","61.92438","0.949983","0.015175","1.557869"
"-40","40","59.268391","0.959951","0.015617","1.538688"
"-30","40","56.830867","0.968258","0.01606","1.522946"
"-20","40","54.585919","0.975236","0.016502","1.50982"
"-10","40","52.511592","0.981138","0.016943","1.498728"
"0","40","50.589147","0.986158","0.017381","1.489245"
"10","40","48.802491","0.990451","0.017816","1.481053"
"20","40","47.137729","0.994136","0.018249","1.47391"
"30","40","45.582799","0.997313","0.018678","1.46763"
"40","40","44.127177","1.000061","0.019103","1.462062"
"50","40","42.761644","1.002443","0.019524","1.45709"
"60","40","41.478089","1.004514","0.019942","1.452618"
"70","40","40.269344","1.006318","0.020356","1.448566"
"80","40","39.129054","1.007891","0.020766","1.44487"
"90","40","38.051564","1.009266","0.021172","1.441477"
"100","40","37.031825","1.010467","0.021575","1.438342"
"110","40","36.065315","1.011518","0.021974","1.435426"
"120","40","35.147972","1.012437","0.022369","1.432697"
"130","40","34.276139","1.013241","0.02276","1.430128"
"140","40","33.446509","1.013944","0.023148","1.427697"
"150","40","32.656092","1.014557","0.023532","1.425383"
"160","40","31.902171","1.015092","0.023913","1.423169"
"170","40","31.182275","1.015556","0.024291","1.421042"
"180","40","30.494153","1.015959","0.024665","1.418989"
"190","40","29.835745","1.016307","0.025036","1.416999"
"200","40","29.205168","1.016606","0.025403","1.415065"
"210","40","28.600694","1.016862","0.025768","1.413178"
"220","40","28.020735","1.017079","0.026129","1.411332"
"230","40","27.463829","1.017261","0.026488","1.409523"
"240","40","26.928628","1.017413","0.026844","1.407745"
"250","40","26.413888","1.017537","0.027196","1.405995"
"260","40","25.918457","1.017635","0.027546","1.404271"
"270","40","25.441269","1.017712","0.027894","1.402569"
"280","40","24.981335","1.017769","0.028238","1.400888"
"290","40","24.537735","1.017808","0.02858","1.399227"
"300","40","24.109614","1.01783","0.02892","1.397583"
"310","40","23.696177","1.017839","0.029257","1.395957"
"320","40","23.296679","1.017834","0.029591","1.394348"
"330","40","22.910429","1.017818","0.029923","1.392754"
"340","40","22.536778","1.017791","0.030253","1.391177"
"350","40","22.175119","1.017755","0.030581","1.389616"
"360","40","21.824884","1.017711","0.030906","1.38807"
"370","40","21.485541","1.017659","0.03123","1.386541"
"380","40","21.156588","1.0176","0.031551","1.385027"
"390","40","20.837556","1.017535","0.03187","1.383529"
"400","40","20.528003","1.017465","0.032187","1.382048"
"410","40","20.227513","1.01739","0.032502","1.380583"
"420","40","19.935693","1.017311","0.032815","1.379136"
"430","40","19.652173","1.017228","0.033126","1.377705"
"440","40","19.376604","1.017141","0.033435","1.376292"
"450","40","19.108657","1.017052","0.033743","1.374896"
"460","40","18.848019","1.01696","0.034048","1.373518"
"470","40","18.594396","1.016865","0.034352","1.372157"
"480","40","18.347508","1.016769","0.034655","1.370815"
"490","40","18.10709","1.016671","0.034955","1.369491"
"500","40","17.872891","1.016572","0.035254","1.368186"
"-100","50","99.264708","0.817111","0.013776","1.924018"
"-90","50","93.84485","0.855211","0.01404","1.806704"
"-80","50","88.986198","0.884296","0.014369","1.728851"
"-70","50","84.605878","0.907109","0.014735","1.673516"
"-60","50","80.636567","0.925365","0.015124","1.632251"
"-50","50","77.023008","0.9402","0.015527","1.600367"
"-40","50","73.719426","0.952405","0.015939","1.575047"
"-30","50","70.687576","0.962548","0.016357","1.554496"
"-20","50","67.895257","0.971049","0.016777","1.537516"
"-10","50","65.315159","0.978225","0.017199","1.523274"
"0","50","62.923977","0.984319","0.017621","1.511177"
"10","50","60.701692","0.989521","0.018042","1.500786"
"20","50","58.631022","0.993982","0.018461","1.491771"
"30","50","56.696963","0.997823","0.018878","1.48388"
"40","50","54.886426","1.00114","0.019293","1.476916"
"50","50","53.187944","1.004013","0.019705","1.470722"
"60","50","51.591428","1.006508","0.020114","1.465173"
"70","50","50.087962","1.008678","0.02052","1.460167"
"80","50","48.669642","1.010569","0.020923","1.455622"
"90","50","47.329435","1.012219","0.021322","1.451467"
"100","50","46.061059","1.013659","0.021719","1.447647"
"110","50","44.858891","1.014917","0.022112","1.444111"
"120","50","43.717879","1.016016","0.022501","1.44082"
"130","50","42.633472","1.016975","0.022888","1.43774"
"140","50","41.601559","1.017812","0.023271","1.434842"
"150","50","40.618419","1.018541","0.023651","1.432099"
"160","50","39.680675","1.019175","0.024027","1.429492"
"170","50","38.785251","1.019725","0.024401","1.427003"
"180","50","37.929348","1.0202","0.024771","1.424615"
"190","50","37.110405","1.02061","0.025139","1.422316"
"200","50","36.326079","1.02096","0.025503","1.420095"
"210","50","35.57422","1.021258","0.025865","1.417941"
"220","50","34.852852","1.021509","0.026223","1.415848"
"230","50","34.160159","1.021719","0.026579","1.413807"
"240","50","33.494464","1.021892","0.026932","1.411813"
"250","50","32.854218","1.022031","0.027282","1.409862"
"260","50","32.23799","1.02214","0.02763","1.407948"
"270","50","31.644452","1.022223","0.027975","1.406069"
"280","50","31.072375","1.022282","0.028317","1.404222"
"290","50","30.520615","1.022319","0.028657","1.402404"
"300","50","29.988108","1.022338","0.028995","1.400613"
"310","50","29.473865","1.022339","0.02933","1.398849"
"320","50","28.976961","1.022324","0.029663","1.397109"
"330","50","28.496534","1.022296","0.029993","1.395392"
"340","50","28.031777","1.022255","0.030321","1.393699"
"350","50","27.581937","1.022203","0.030647","1.392027"
"360","50","27.146307","1.022141","0.030971","1.390378"
"370","50","26.724223","1.02207","0.031293","1.388749"
"380","50","26.315064","1.021991","0.031613","1.387142"
"390","50","25.918245","1.021905","0.03193","1.385556"
"400","50","25.533216","1.021813","0.032246","1.383991"
"410","50","25.159459","1.021715","0.03256","1.382447"
"420","50","24.796486","1.021612","0.032872","1.380923"
"430","50","24.443837","1.021504","0.033182","1.379421"
"440","50","24.101079","1.021393","0.03349","1.377939"
"450","50","23.767799","1.021278","0.033796","1.376478"
"460","50","23.443612","1.02116","0.034101","1.375037"
"470","50","23.128149","1.021039","0.034404","1.373618"
"480","50","22.821064","1.020916","0.034705","1.372219"
"490","50","22.522026","1.020791","0.035005","1.370842"
"500","50","22.230724","1.020665","0.035303","1.369485"
"-100","60","118.723321","0.785294","0.014601","2.079219"
"-90","60","112.241021","0.831034","0.014708","1.915017"
"-80","60","106.42994","0.865662","0.014933","1.809912"
"-70","60","101.190957","0.892664","0.015225","1.737128"
"-60","60","96.443552","0.914176","0.015558","1.683898"
"-50","60","92.121636","0.9316","0.015918","1.64338"
"-40","60","88.170461","0.945897","0.016294","1.61158"
"-30","60","84.544285","0.957753","0.016682","1.586014"
"-20","60","81.204594","0.967672","0.017078","1.565054"
"-10","60","78.118727","0.976032","0.017478","1.54759"
"0","60","75.258807","0.983122","0.017881","1.532835"
"10","60","72.600894","0.989168","0.018286","1.520221"
"20","60","70.124315","0.994346","0.01869","1.509325"
"30","60","67.811127","0.9988","0.019094","1.499822"
"40","60","65.645675","1.002642","0.019497","1.491465"
"50","60","63.614244","1.005967","0.019899","1.484057"
"60","60","61.704767","1.008851","0.020298","1.477442"
"70","60","59.90658","1.011357","0.020695","1.471494"
"80","60","58.210231","1.013538","0.02109","1.466111"
"90","60","56.607306","1.015438","0.021482","1.461207"
"100","60","55.090293","1.017096","0.021872","1.456713"
"110","60","53.652468","1.018541","0.022258","1.45257"
"120","60","52.287786","1.019802","0.022642","1.448729"
"130","60","50.990805","1.0209","0.023023","1.445149"
"140","60","49.756609","1.021857","0.023401","1.441793"
"150","60","48.580747","1.022689","0.023776","1.438633"
"160","60","47.459178","1.02341","0.024149","1.435642"
"170","60","46.388227","1.024035","0.024518","1.4328"
"180","60","45.364544","1.024572","0.024884","1.430086"
"190","60","44.385065","1.025033","0.025248","1.427486"
"200","60","43.446989","1.025427","0.025609","1.424985"
"210","60","42.547745","1.025759","0.025967","1.422572"
"220","60","41.68497","1.026038","0.026323","1.420237"
"230","60","40.85649","1.026269","0.026675","1.417971"
"240","60","40.0603","1.026457","0.027026","1.415768"
"250","60","39.294548","1.026606","0.027373","1.41362"
"260","60","38.557522","1.026721","0.027718","1.411523"
"270","60","37.847635","1.026805","0.028061","1.409471"
"280","60","37.163415","1.026862","0.028401","1.407463"
"290","60","36.503495","1.026894","0.028739","1.405493"
"300","60","35.866602","1.026904","0.029074","1.40356"
"310","60","35.251553","1.026894","0.029407","1.40166"
"320","60","34.657242","1.026867","0.029738","1.399794"
"330","60","34.082638","1.026823","0.030067","1.397958"
"340","60","33.526776","1.026765","0.030393","1.396151"
"350","60","32.988756","1.026695","0.030717","1.394373"
"360","60","32.46773","1.026613","0.031039","1.392622"
"370","60","31.962906","1.026521","0.03136","1.390898"
"380","60","31.473541","1.02642","0.031678","1.389201"
"390","60","30.998934","1.02631","0.031994","1.387529"
"400","60","30.538428","1.026194","0.032308","1.385882"
"410","60","30.091405","1.026071","0.032621","1.38426"
"420","60","29.657279","1.025942","0.032931","1.382663"
"430","60","29.235502","1.025809","0.03324","1.38109"
"440","60","28.825553","1.025671","0.033547","1.379542"
"450","60","28.426942","1.025529","0.033852","1.378017"
"460","60","28.039205","1.025384","0.034156","1.376517"
"470","60","27.661903","1.025235","0.034458","1.37504"
"480","60","27.29462","1.025085","0.034758","1.373587"
"490","60","26.936963","1.024932","0.035057","1.372157"
"500","60","26.588557","1.024777","0.035354","1.37075"
"-100","70","138.181934","0.757357","0.015583","2.238329"
"-90","70","130.637193","0.809698","0.01548","2.025757"
"-80","70","123.873683","0.84926","0.015573","1.892173"
"-70","70","117.776036","0.880039","0.015774","1.801204"
"-60","70","112.250536","0.90451","0.016039","1.735586"
"-50","70","107.220264","0.924293","0.016346","1.686194"
"-40","70","102.621496","0.9405","0.016681","1.647784"
"-30","70","98.400995","0.953923","0.017035","1.617135"
"-20","70","94.513932","0.96514","0.017402","1.592164"
"-10","70","90.922295","0.974584","0.017778","1.571467"
"0","70","87.593637","0.982585","0.018161","1.55406"
"10","70","84.500095","0.989401","0.018547","1.539236"
"20","70","81.617608","0.995235","0.018935","1.526473"
"30","70","78.92529","1.000247","0.019325","1.515379"
"40","70","76.404924","1.004568","0.019715","1.505649"
"50","70","74.040544","1.008304","0.020105","1.497047"
"60","70","71.818105","1.011541","0.020494","1.489385"
"70","70","69.725198","1.014351","0.020882","1.482514"
"80","70","67.750819","1.016795","0.021268","1.476311"
"90","70","65.885176","1.018921","0.021652","1.470675"
"100","70","64.119528","1.020773","0.022034","1.465524"
"110","70","62.446044","1.022386","0.022414","1.460789"
"120","70","60.857693","1.023791","0.022791","1.456412"
"130","70","59.348138","1.025013","0.023166","1.452344"
"140","70","57.911659","1.026075","0.023539","1.448544"
"150","70","56.543074","1.026996","0.023909","1.444978"
"160","70","55.237682","1.027794","0.024276","1.441614"
"170","70","53.991203","1.028481","0.024641","1.438428"
"180","70","52.799739","1.029071","0.025003","1.435398"
"190","70","51.659725","1.029576","0.025363","1.432505"
"200","70","50.5679","1.030004","0.02572","1.429733"
"210","70","49.52127","1.030363","0.026075","1.427069"
"220","70","48.517088","1.030663","0.026427","1.4245"
"230","70","47.552821","1.030908","0.026777","1.422016"
"240","70","46.626136","1.031105","0.027124","1.419609"
"250","70","45.734879","1.031259","0.027468","1.417271"
"260","70","44.877055","1.031375","0.027811","1.414995"
"270","70","44.050818","1.031456","0.028151","1.412777"
"280","70","43.254455","1.031506","0.028488","1.410611"
"290","70","42.486375","1.031529","0.028824","1.408494"
"300","70","41.745096","1.031527","0.029157","1.406423"
"310","70","41.029241","1.031503","0.029488","1.404393"
"320","70","40.337523","1.031459","0.029817","1.402403"
"330","70","39.668742","1.031398","0.030143","1.400451"
"340","70","39.021776","1.03132","0.030468","1.398535"
"350","70","38.395574","1.031229","0.03079","1.396653"
"360","70","37.789152","1.031125","0.031111","1.394805"
"370","70","37.201589","1.031009","0.031429","1.392988"
"380","70","36.632017","1.030884","0.031746","1.391202"
"390","70","36.079623","1.030749","0.032061","1.389447"
"400","70","35.543641","1.030607","0.032373","1.387721"
"410","70","35.02335","1.030457","0.032684","1.386024"
"420","70","34.518072","1.030302","0.032994","1.384356"
"430","70","34.027166","1.03014","0.033301","1.382715"
"440","70","33.550027","1.029974","0.033607","1.381102"
"450","70","33.086084","1.029804","0.033911","1.379516"
"460","70","32.634798","1.02963","0.034213","1.377957"
"470","70","32.195656","1.029454","0.034514","1.376424"
"480","70","31.768176","1.029274","0.034813","1.374918"
"490","70","31.351899","1.029092","0.035111","1.373437"
"500","70","30.94639","1.028908","0.035407","1.371981"
"-100","80","157.640546","0.734732","0.016722","2.383877"
"-90","80","149.033364","0.791924","0.016355","2.131811"
"-80","80","141.317425","0.835491","0.016286","1.972134"
"-70","80","134.361116","0.869475","0.016378","1.863783"
"-60","80","128.057521","0.896514","0.016565","1.786116"
"-50","80","122.318891","0.918374","0.016812","1.728031"
"-40","80","117.072531","0.936278","0.0171","1.683127"
"-30","80","112.257704","0.9511","0.017415","1.647482"
"-20","80","107.823269","0.963479","0.01775","1.618572"
"-10","80","103.725862","0.973896","0.018099","1.594703"
"0","80","99.928466","0.982717","0.018458","1.574697"
"10","80","96.399296","0.990227","0.018825","1.557711"
"20","80","93.110901","0.996651","0.019195","1.543126"
"30","80","90.039454","1.002166","0.01957","1.530478"
"40","80","87.164173","1.006918","0.019946","1.51941"
"50","80","84.466844","1.011022","0.020323","1.509645"
"60","80","81.931444","1.014576","0.020701","1.500966"
"70","80","79.543816","1.017659","0.021078","1.493198"
"80","80","77.291408","1.020336","0.021455","1.486198"
"90","80","75.163047","1.022663","0.02183","1.479852"
"100","80","73.148762","1.024688","0.022205","1.474064"
"110","80","71.239621","1.026449","0.022577","1.468754"
"120","80","69.427599","1.027979","0.022948","1.463858"
"130","80","67.705471","1.029309","0.023317","1.459318"
"140","80","66.066709","1.030462","0.023683","1.455088"
"150","80","64.505401","1.03146","0.024048","1.451128"
"160","80","63.016185","1.032321","0.02441","1.447403"
"170","80","61.594179","1.033062","0.02477","1.443885"
"180","80","60.234935","1.033695","0.025128","1.440549"
"190","80","58.934385","1.034234","0.025484","1.437373"
"200","80","57.68881","1.034688","0.025837","1.434339"
"210","80","56.494796","1.035068","0.026188","1.43143"
"220","80","55.349205","1.035381","0.026536","1.428635"
"230","80","54.249152","1.035634","0.026882","1.42594"
"240","80","53.191972","1.035835","0.027226","1.423336"
"250","80","52.175209","1.035989","0.027568","1.420813"
"260","80","51.196587","1.0361","0.027908","1.418366"
"270","80","50.254001","1.036173","0.028245","1.415986"
"280","80","49.345495","1.036213","0.02858","1.413669"
"290","80","48.469254","1.036223","0.028913","1.411409"
"300","80","47.62359","1.036206","0.029244","1.409203"
"310","80","46.806929","1.036164","0.029572","1.407047"
"320","80","46.017804","1.036101","0.029899","1.404938"
"330","80","45.254846","1.036018","0.030223","1.402874"
"340","80","44.516775","1.035919","0.030546","1.400852"
"350","80","43.802392","1.035804","0.030867","1.398869"
"360","80","43.110575","1.035675","0.031185","1.396926"
"370","80","42.440272","1.035534","0.031502","1.395019"
"380","80","41.790493","1.035382","0.031817","1.393148"
"390","80","41.160312","1.03522","0.03213","1.391312"
"400","80","40.548853","1.03505","0.032441","1.389509"
"410","80","39.955296","1.034872","0.032751","1.38774"
"420","80","39.378866","1.034688","0.033059","1.386002"
"430","80","38.81883","1.034498","0.033365","1.384295"
"440","80","38.274501","1.034303","0.033669","1.38262"
"450","80","37.745227","1.034103","0.033972","1.380974"
"460","80","37.23039","1.033899","0.034273","1.379358"
"470","80","36.729409","1.033692","0.034572","1.377771"
"480","80","36.241732","1.033483","0.03487","1.376213"
"490","80","35.766836","1.033271","0.035167","1.374683"
"500","80","35.304224","1.033057","0.035462","1.37318"
"-100","90","177.099159","0.71856","0.018002","2.497221"
"-90","90","167.429536","0.778322","0.017326","2.225139"
"-80","90","158.761167","0.824695","0.017069","2.045884"
"-70","90","150.946195","0.861171","0.017035","1.92274"
"-60","90","143.864506","0.890311","0.017132","1.834229"
"-50","90","137.417519","0.91392","0.017312","1.768093"
"-40","90","131.523566","0.933279","0.017547","1.717077"
"-30","90","126.114413","0.949313","0.01782","1.676687"
"-20","90","121.132607","0.962709","0.01812","1.644014"
"-10","90","116.52943","0.973981","0.01844","1.617105"
"0","90","112.263296","0.983525","0.018774","1.594603"
"10","90","108.298497","0.991649","0.019118","1.575537"
"20","90","104.604194","0.998594","0.01947","1.559198"
"30","90","101.153618","1.004556","0.019827","1.545053"
"40","90","97.923421","1.009688","0.020189","1.532696"
"50","90","94.893144","1.014119","0.020553","1.521812"
"60","90","92.044783","1.017953","0.020918","1.512152"
"70","90","89.362435","1.021275","0.021285","1.503519"
"80","90","86.831996","1.024158","0.021651","1.495752"
"90","90","84.440918","1.026661","0.022018","1.488721"
"100","90","82.177997","1.028836","0.022383","1.482318"
"110","90","80.033197","1.030725","0.022748","1.476455"
"120","90","77.997506","1.032364","0.023112","1.471058"
"130","90","76.062804","1.033785","0.023474","1.466063"
"140","90","74.221758","1.035015","0.023834","1.461418"
"150","90","72.467729","1.036077","0.024193","1.457079"
"160","90","70.794689","1.03699","0.02455","1.453006"
"170","90","69.197155","1.037773","0.024905","1.449168"
"180","90","67.67013","1.03844","0.025258","1.445536"
"190","90","66.209046","1.039004","0.025609","1.442087"
"200","90","64.809721","1.039477","0.025958","1.438799"
"210","90","63.468321","1.039869","0.026305","1.435656"
"220","90","62.181323","1.040189","0.02665","1.432642"
"230","90","60.945482","1.040445","0.026993","1.429743"
"240","90","59.757809","1.040644","0.027333","1.426949"
"250","90","58.615539","1.040792","0.027672","1.424249"
"260","90","57.51612","1.040894","0.028008","1.421634"
"270","90","56.457184","1.040956","0.028343","1.419099"
"280","90","55.436535","1.040981","0.028675","1.416635"
"290","90","54.452134","1.040974","0.029005","1.414237"
"300","90","53.502084","1.040937","0.029334","1.411902"
"310","90","52.584617","1.040875","0.02966","1.409624"
"320","90","51.698086","1.04079","0.029984","1.4074"
"330","90","50.840951","1.040684","0.030307","1.405226"
"340","90","50.011774","1.040559","0.030627","1.403101"
"350","90","49.20921","1.040418","0.030946","1.401022"
"360","90","48.431998","1.040262","0.031263","1.398986"
"370","90","47.678954","1.040094","0.031578","1.396993"
"380","90","46.94897","1.039913","0.031891","1.395039"
"390","90","46.241","1.039723","0.032202","1.393125"
"400","90","45.554066","1.039523","0.032512","1.391248"
"410","90","44.887242","1.039316","0.03282","1.389407"
"420","90","44.239659","1.039101","0.033126","1.387603"
"430","90","43.610495","1.03888","0.033431","1.385832"
"440","90","42.998976","1.038654","0.033734","1.384096"
"450","90","42.404369","1.038424","0.034035","1.382392"
"460","90","41.825983","1.038189","0.034335","1.380721"
"470","90","41.263163","1.037952","0.034633","1.379082"
"480","90","40.715288","1.037711","0.03493","1.377473"
"490","90","40.181772","1.037468","0.035225","1.375895"
"500","90","39.662057","1.037223","0.035519","1.374347"
"-100","100","196.557772","0.709316","0.019395","2.567303"
"-90","100","185.825707","0.769272","0.01838","2.298983"
"-80","100","176.204909","0.817111","0.017914","2.109796"
"-70","100","167.531274","0.855272","0.017741","1.976046"
"-60","100","159.671491","0.88599","0.017739","1.878717"
"-50","100","152.516147","0.910986","0.017844","1.805618"
"-40","100","145.974601","0.931535","0.018022","1.749133"
"-30","100","139.971122","0.948584","0.018248","1.704406"
"-20","100","134.441944","0.962841","0.018511","1.668247"
"-10","100","129.332997","0.974845","0.018798","1.638497"
"0","100","124.598126","0.985011","0.019105","1.613647"
"10","100","120.197698","0.993666","0.019426","1.592617"
"20","100","116.097487","1.001064","0.019758","1.574614"
"30","100","112.267782","1.007412","0.020097","1.559047"
"40","100","108.68267","1.012876","0.020443","1.545463"
"50","100","105.319444","1.01759","0.020792","1.533511"
"60","100","102.158122","1.021666","0.021145","1.522915"
"70","100","99.181053","1.025196","0.0215","1.513455"
"80","100","96.372585","1.028256","0.021856","1.504954"
"90","100","93.718789","1.03091","0.022213","1.497267"
"100","100","91.207231","1.033213","0.02257","1.490276"
"110","100","88.826773","1.03521","0.022926","1.483883"
"120","100","86.567413","1.036941","0.023282","1.478005"
"130","100","84.420137","1.038438","0.023638","1.472574"
"140","100","82.376808","1.03973","0.023992","1.467531"
"150","100","80.430056","1.040843","0.024344","1.462827"
"160","100","78.573192","1.041797","0.024696","1.45842"
"170","100","76.800131","1.042612","0.025045","1.454274"
"180","100","75.105325","1.043303","0.025394","1.450358"
"190","100","73.483706","1.043884","0.02574","1.446646"
"200","100","71.930631","1.044368","0.026085","1.443115"
"210","100","70.441847","1.044765","0.026427","1.439746"
"220","100","69.013441","1.045086","0.026768","1.436521"
"230","100","67.641813","1.045338","0.027107","1.433426"
"240","100","66.323645","1.04553","0.027444","1.430448"
"250","100","65.05587","1.045667","0.02778","1.427577"
"260","100","63.835653","1.045756","0.028113","1.424802"
"270","100","62.660367","1.045801","0.028444","1.422115"
"280","100","61.527575","1.045808","0.028774","1.41951"
"290","100","60.435014","1.04578","0.029101","1.41698"
"300","100","59.380578","1.045721","0.029427","1.414519"
"310","100","58.362305","1.045635","0.029751","1.412123"
"320","100","57.378367","1.045525","0.030073","1.409788"
"330","100","56.427055","1.045392","0.030393","1.40751"
"340","100","55.506774","1.04524","0.030712","1.405285"
"350","100","54.616029","1.045071","0.031028","1.403112"
"360","100","53.753421","1.044886","0.031343","1.400988"
"370","100","52.917637","1.044687","0.031656","1.39891"
"380","100","52.107446","1.044477","0.031967","1.396876"
"390","100","51.321689","1.044256","0.032277","1.394886"
"400","100","50.559278","1.044025","0.032585","1.392937"
"410","100","49.819188","1.043786","0.032891","1.391028"
"420","100","49.100452","1.04354","0.033196","1.389158"
"430","100","48.402159","1.043287","0.033499","1.387326"
"440","100","47.72345","1.043029","0.0338","1.385531"
"450","100","47.063511","1.042767","0.0341","1.383771"
"460","100","46.421576","1.0425","0.034399","1.382047"
"470","100","45.796916","1.04223","0.034696","1.380356"
"480","100","45.188845","1.041957","0.034991","1.378699"
"490","100","44.596709","1.041683","0.035285","1.377075"
"500","100","44.01989","1.041406","0.035578","1.375482"
"-100","110","216.016385","0.706696","0.020868","2.5951"
"-90","110","204.221879","0.764841","0.019503","2.349936"
"-80","110","193.648652","0.812836","0.018812","2.161263"
"-70","110","184.116353","0.85185","0.018488","2.022052"
"-60","110","175.478475","0.883597","0.018379","1.918547"
"-50","110","167.614775","0.909599","0.018405","1.839944"
"-40","110","160.425636","0.931064","0.01852","1.778853"
"-30","110","153.827831","0.948919","0.018697","1.730336"
"-20","110","147.751282","0.963877","0.018919","1.691058"
"-10","110","142.136565","0.976486","0.019173","1.658725"
"0","110","136.932956","0.987173","0.019452","1.631715"
"10","110","132.096899","0.996273","0.019748","1.608864"
"20","110","127.59078","1.004055","0.020058","1.58931"
"30","110","123.381946","1.010731","0.020379","1.572411"
"40","110","119.441919","1.016476","0.020707","1.557672"
"50","110","115.745744","1.021431","0.021042","1.544712"
"60","110","112.27146","1.025712","0.021381","1.53323"
"70","110","108.999671","1.029417","0.021724","1.522987"
"80","110","105.913173","1.032626","0.022069","1.513789"
"90","110","102.99666","1.035406","0.022416","1.50548"
"100","110","100.236465","1.037815","0.022763","1.497929"
"110","110","97.62035","1.039901","0.023111","1.49103"
"120","110","95.137319","1.041705","0.02346","1.484694"
"130","110","92.77747","1.043262","0.023808","1.478846"
"140","110","90.531858","1.044604","0.024155","1.473422"
"150","110","88.392383","1.045755","0.024501","1.46837"
"160","110","86.351696","1.046739","0.024847","1.463643"
"170","110","84.403107","1.047575","0.025191","1.459202"
"180","110","82.540521","1.048281","0.025534","1.455014"
"190","110","80.758366","1.048871","0.025875","1.45105"
"200","110","79.051542","1.049358","0.026216","1.447285"
"210","110","77.415372","1.049754","0.026554","1.443699"
"220","110","75.845558","1.050069","0.026891","1.440272"
"230","110","74.338144","1.050312","0.027226","1.436988"
"240","110","72.889481","1.050491","0.02756","1.433835"
"250","110","71.4962","1.050612","0.027891","1.430798"
"260","110","70.155185","1.050682","0.028221","1.427869"
"270","110","68.86355","1.050707","0.02855","1.425037"
"280","110","67.618615","1.050692","0.028876","1.422296"
"290","110","66.417894","1.05064","0.029201","1.419638"
"300","110","65.259072","1.050556","0.029524","1.417056"
"310","110","64.139993","1.050443","0.029845","1.414547"
"320","110","63.058648","1.050304","0.030165","1.412104"
"330","110","62.013159","1.050142","0.030483","1.409724"
"340","110","61.001773","1.04996","0.030799","1.407404"
"350","110","60.022847","1.04976","0.031113","1.40514"
"360","110","59.074843","1.049544","0.031426","1.40293"
"370","110","58.15632","1.049314","0.031737","1.400771"
"380","110","57.265922","1.049071","0.032046","1.39866"
"390","110","56.402378","1.048818","0.032354","1.396596"
"400","110","55.564491","1.048554","0.03266","1.394578"
"410","110","54.751134","1.048282","0.032965","1.392603"
"420","110","53.961245","1.048003","0.033268","1.39067"
"430","110","53.193824","1.047717","0.033569","1.388778"
"440","110","52.447924","1.047426","0.03387","1.386926"
"450","110","51.722654","1.04713","0.034168","1.385112"
"460","110","51.017168","1.046831","0.034465","1.383336"
"470","110","50.33067","1.046528","0.034761","1.381596"
"480","110","49.662401","1.046222","0.035055","1.379891"
"490","110","49.011645","1.045914","0.035348","1.378222"
"500","110","48.377724","1.045605","0.035639","1.376587"
"-100","120","235.474998","0.709846","0.022387","2.58997"
"-90","120","222.61805","0.764794","0.020678","2.378526"
"-80","120","211.092394","0.81182","0.019754","2.199189"
"-70","120","200.701432","0.8509","0.019271","2.059723"
"-60","120","191.28546","0.883133","0.019048","1.95297"
"-50","120","182.713403","0.90976","0.018989","1.870553"
"-40","120","174.876671","0.931862","0.01904","1.805882"
"-30","120","167.68454","0.950315","0.019165","1.754228"
"-20","120","161.06062","0.965812","0.019344","1.71227"
"-10","120","154.940132","0.978898","0.019563","1.67766"
"0","120","149.267786","0.990002","0.019811","1.648714"
"10","120","143.996101","0.999465","0.020082","1.624208"
"20","120","139.084073","1.007559","0.020369","1.603233"
"30","120","134.49611","1.014505","0.02067","1.585102"
"40","120","130.201168","1.02048","0.020981","1.569291"
"50","120","126.172044","1.025633","0.021301","1.555391"
"60","120","122.384799","1.030083","0.021626","1.54308"
"70","120","118.818289","1.033931","0.021956","1.532101"
"80","120","115.453761","1.037261","0.022289","1.522247"
"90","120","112.274531","1.040143","0.022626","1.513349"
"100","120","109.2657","1.042636","0.022964","1.505269"
"110","120","106.413926","1.044792","0.023303","1.497891"
"120","120","103.707226","1.046653","0.023643","1.49112"
"130","120","101.134803","1.048255","0.023983","1.484876"
"140","120","98.686908","1.049632","0.024323","1.47909"
"150","120","96.354711","1.05081","0.024663","1.473706"
"160","120","94.130199","1.051812","0.025003","1.468673"
"170","120","92.006083","1.05266","0.025341","1.463951"
"180","120","89.975716","1.053372","0.025679","1.459503"
"190","120","88.033026","1.053962","0.026015","1.455299"
"200","120","86.172452","1.054445","0.026351","1.451311"
"210","120","84.388898","1.054833","0.026685","1.447516"
"220","120","82.677676","1.055136","0.027017","1.443895"
"230","120","81.034475","1.055363","0.027349","1.440431"
"240","120","79.455317","1.055524","0.027678","1.437108"
"250","120","77.93653","1.055625","0.028007","1.433914"
"260","120","76.474718","1.055673","0.028333","1.430836"
"270","120","75.066733","1.055673","0.028658","1.427865"
"280","120","73.709655","1.055631","0.028982","1.424993"
"290","120","72.400774","1.055552","0.029304","1.422211"
"300","120","71.137566","1.055439","0.029624","1.419514"
"310","120","69.917681","1.055296","0.029942","1.416895"
"320","120","68.738929","1.055126","0.030259","1.414349"
"330","120","67.599264","1.054933","0.030575","1.411871"
"340","120","66.496772","1.054719","0.030889","1.409459"
"350","120","65.429665","1.054486","0.031201","1.407107"
"360","120","64.396266","1.054237","0.031511","1.404814"
"370","120","63.395003","1.053973","0.03182","1.402576"
"380","120","62.424398","1.053696","0.032128","1.400391"
"390","120","61.483067","1.053408","0.032434","1.398257"
"400","120","60.569703","1.05311","0.032738","1.396171"
"410","120","59.68308","1.052804","0.033041","1.394132"
"420","120","58.822038","1.05249","0.033342","1.392139"
"430","120","57.985488","1.05217","0.033642","1.390189"
"440","120","57.172398","1.051845","0.033941","1.388281"
"450","120","56.381796","1.051514","0.034238","1.386415"
"460","120","55.612761","1.05118","0.034533","1.384588"
"470","120","54.864423","1.050843","0.034828","1.382801"
"480","120","54.135957","1.050503","0.03512","1.381051"
"490","120","53.426582","1.050162","0.035412","1.379338"
"500","120","52.735557","1.049819","0.035702","1.377661"
"-100","130","254.933611","0.717708","0.02392","2.563227"
"-90","130","241.014222","0.768681","0.021889","2.388114"
"-80","130","228.536136","0.813879","0.020731","2.223992"
"-70","130","217.286511","0.852342","0.020083","2.088739"
"-60","130","207.092445","0.884559","0.019742","1.981584"
"-50","130","197.812031","0.911443","0.019596","1.897112"
"-40","130","189.327706","0.93391","0.019578","1.829967"
"-30","130","181.541249","0.952755","0.019649","1.775899"
"-20","130","174.369957","0.968633","0.019784","1.731749"
"-10","130","167.7437","0.982069","0.019966","1.695203"
"0","130","161.602616","0.993488","0.020183","1.664569"
"10","130","155.895302","1.00323","0.020426","1.638595"
"20","130","150.577365","1.011567","0.020691","1.61634"
"30","130","145.610274","1.018724","0.020971","1.59709"
"40","130","140.960417","1.024882","0.021264","1.580297"
"50","130","136.598343","1.03019","0.021567","1.56553"
"60","130","132.498138","1.034773","0.021878","1.55245"
"70","130","128.636907","1.038732","0.022195","1.540786"
"80","130","124.99435","1.042156","0.022517","1.530318"
"90","130","121.552402","1.045115","0.022842","1.520869"
"100","130","118.294934","1.047672","0.02317","1.512291"
"110","130","115.207503","1.049879","0.0235","1.504462"
"120","130","112.277133","1.051779","0.023832","1.497281"
"130","130","109.492136","1.053413","0.024164","1.490662"
"140","130","106.841957","1.054811","0.024497","1.484533"
"150","130","104.317038","1.056003","0.02483","1.478834"
"160","130","101.908703","1.057014","0.025163","1.473512"
"170","130","99.609059","1.057864","0.025496","1.468522"
"180","130","97.410912","1.058572","0.025828","1.463826"
"190","130","95.307686","1.059155","0.02616","1.459392"
"200","130","93.293363","1.059626","0.02649","1.455191"
"210","130","91.362423","1.059999","0.026819","1.451198"
"220","130","89.509794","1.060284","0.027148","1.447392"
"230","130","87.730805","1.060491","0.027475","1.443755"
"240","130","86.021153","1.060628","0.027801","1.44027"
"250","130","84.376861","1.060704","0.028125","1.436924"
"260","130","82.794251","1.060725","0.028448","1.433704"
"270","130","81.269916","1.060697","0.02877","1.4306"
"280","130","79.800695","1.060625","0.02909","1.427602"
"290","130","78.383654","1.060515","0.029409","1.424702"
"300","130","77.01606","1.06037","0.029727","1.421893"
"310","130","75.695369","1.060194","0.030042","1.419168"
"320","130","74.41921","1.059991","0.030357","1.416523"
"330","130","73.185368","1.059763","0.03067","1.413952"
"340","130","71.991771","1.059514","0.030981","1.41145"
"350","130","70.836483","1.059247","0.031291","1.409015"
"360","130","69.717689","1.058962","0.031599","1.406641"
"370","130","68.633685","1.058663","0.031906","1.404328"
"380","130","67.582875","1.05835","0.032212","1.402071"
"390","130","66.563756","1.058026","0.032516","1.399868"
"400","130","65.574916","1.057693","0.032818","1.397718"
"410","130","64.615026","1.057351","0.033119","1.395617"
"420","130","63.682832","1.057001","0.033419","1.393565"
"430","130","62.777152","1.056645","0.033717","1.391559"
"440","130","61.896873","1.056284","0.034014","1.389598"
"450","130","61.040938","1.055918","0.034309","1.387681"
"460","130","60.208354","1.055548","0.034604","1.385806"
"470","130","59.398176","1.055176","0.034896","1.383972"
"480","130","58.609513","1.054802","0.035188","1.382178"
"490","130","57.841518","1.054425","0.035478","1.380422"
"500","130","57.09339","1.054048","0.035767","1.378705"
"-100","140","274.392223","0.729275","0.025442","2.524332"
"-90","140","259.410393","0.775952","0.023123","2.383163"
"-80","140","245.979878","0.818739","0.021736","2.237182"
"-70","140","233.87159","0.856035","0.020921","2.10943"
"-60","140","222.89943","0.887796","0.020458","2.004338"
"-50","140","212.910659","0.9146","0.02022","1.919481"
"-40","140","203.778741","0.937175","0.020131","1.850971"
"-30","140","195.397958","0.956214","0.020147","1.795234"
"-20","140","187.679295","0.972316","0.020236","1.749403"
"-10","140","180.547268","0.98598","0.02038","1.711286"
"0","140","173.937446","0.997615","0.020564","1.67923"
"10","140","167.794503","1.007554","0.020781","1.651984"
"20","140","162.070658","1.016068","0.021021","1.628601"
"30","140","156.724438","1.023379","0.02128","1.608352"
"40","140","151.719666","1.029671","0.021555","1.590671"
"50","140","147.024643","1.035094","0.021841","1.575114"
"60","140","142.611477","1.039773","0.022137","1.561329"
"70","140","138.455525","1.043814","0.022441","1.549033"
"80","140","134.534938","1.047304","0.02275","1.537997"
"90","140","130.830273","1.050317","0.023064","1.528035"
"100","140","127.324169","1.052917","0.023382","1.518992"
"110","140","124.001079","1.055156","0.023703","1.51074"
"120","140","120.847039","1.057081","0.024026","1.503174"
"130","140","117.849469","1.05873","0.02435","1.496203"
"140","140","114.997007","1.060137","0.024676","1.489751"
"150","140","112.279365","1.061332","0.025002","1.483754"
"160","140","109.687206","1.06234","0.025329","1.478157"
"170","140","107.212035","1.063182","0.025655","1.472914"
"180","140","104.846107","1.063879","0.025982","1.467984"
"190","140","102.582346","1.064446","0.026308","1.463331"
"200","140","100.414273","1.064899","0.026633","1.458927"
"210","140","98.335948","1.06525","0.026958","1.454745"
"220","140","96.341911","1.065511","0.027282","1.450763"
"230","140","94.427136","1.065692","0.027605","1.44696"
"240","140","92.586989","1.065801","0.027926","1.443321"
"250","140","90.817191","1.065847","0.028247","1.43983"
"260","140","89.113783","1.065837","0.028567","1.436474"
"270","140","87.473099","1.065776","0.028885","1.433242"
"280","140","85.891735","1.065671","0.029202","1.430123"
"290","140","84.366534","1.065527","0.029518","1.42711"
"300","140","82.894554","1.065346","0.029832","1.424194"
"310","140","81.473057","1.065135","0.030145","1.421368"
"320","140","80.099492","1.064896","0.030457","1.418628"
"330","140","78.771472","1.064632","0.030767","1.415966"
"340","140","77.486771","1.064346","0.031076","1.413379"
"350","140","76.243302","1.064041","0.031384","1.410862"
"360","140","75.039112","1.063719","0.03169","1.408412"
"370","140","73.872368","1.063382","0.031994","1.406026"
"380","140","72.741351","1.063033","0.032298","1.4037"
"390","140","71.644445","1.062671","0.0326","1.401431"
"400","140","70.580128","1.0623","0.0329","1.399218"
"410","140","69.546971","1.061921","0.0332","1.397058"
"420","140","68.543625","1.061534","0.033497","1.394949"
"430","140","67.568817","1.061141","0.033794","1.392889"
"440","140","66.621347","1.060743","0.034089","1.390877"
"450","140","65.700081","1.06034","0.034383","1.38891"
"460","140","64.803947","1.059935","0.034676","1.386988"
"470","140","63.93193","1.059526","0.034967","1.385109"
"480","140","63.083069","1.059116","0.035257","1.383273"
"490","140","62.256455","1.058704","0.035546","1.381476"
"500","140","61.451224","1.058291","0.035833","1.37972"
"-100","150","293.850836","0.743693","0.026933","2.479955"
"-90","150","277.806565","0.78605","0.024366","2.367982"
"-80","150","263.42362","0.826077","0.02276","2.240795"
"-70","150","250.456669","0.861795","0.021778","2.122596"
"-60","150","238.706415","0.892733","0.021191","2.021489"
"-50","150","228.009287","0.919159","0.02086","1.937705"
"-40","150","218.229776","0.941607","0.020699","1.868867"
"-30","150","209.254667","0.960655","0.020656","1.812186"
"-20","150","200.988632","0.976836","0.020699","1.765189"
"-10","150","193.350835","0.99061","0.020803","1.725871"
"0","150","186.272276","1.002365","0.020955","1.692664"
"10","150","179.693704","1.012422","0.021143","1.664353"
"20","150","173.563951","1.021046","0.021359","1.639999"
"30","150","167.838602","1.028457","0.021597","1.618874"
"40","150","162.478915","1.034836","0.021853","1.600404"
"50","150","157.450943","1.040334","0.022122","1.584137"
"60","150","152.724816","1.045076","0.022403","1.569712"
"70","150","148.274143","1.049168","0.022692","1.556839"
"80","150","144.075527","1.052698","0.022989","1.545281"
"90","150","140.108143","1.055743","0.023292","1.534845"
"100","150","136.353403","1.058365","0.0236","1.525371"
"110","150","132.794656","1.060619","0.023911","1.516726"
"120","150","129.416946","1.062552","0.024225","1.5088"
"130","150","126.206802","1.064202","0.024541","1.501499"
"140","150","123.152057","1.065606","0.024859","1.494744"
"150","150","120.241693","1.066792","0.025178","1.488467"
"160","150","117.46571","1.067787","0.025498","1.482612"
"170","150","114.815011","1.068613","0.025818","1.477129"
"180","150","112.281303","1.069289","0.026139","1.471976"
"190","150","109.857006","1.069833","0.026459","1.467117"
"200","150","107.535184","1.070261","0.02678","1.46252"
"210","150","105.309474","1.070584","0.0271","1.458159"
"220","150","103.174029","1.070815","0.027419","1.454009"
"230","150","101.123467","1.070964","0.027737","1.450049"
"240","150","99.152825","1.071041","0.028055","1.446263"
"250","150","97.257521","1.071053","0.028372","1.442633"
"260","150","95.433316","1.071007","0.028688","1.439147"
"270","150","93.676281","1.070911","0.029003","1.435793"
"280","150","91.982776","1.070769","0.029316","1.432559"
"290","150","90.349414","1.070586","0.029629","1.429437"
"300","150","88.773048","1.070368","0.02994","1.426419"
"310","150","87.250746","1.070118","0.030251","1.423496"
"320","150","85.779773","1.06984","0.030559","1.420664"
"330","150","84.357577","1.069537","0.030867","1.417915"
"340","150","82.98177","1.069213","0.031174","1.415246"
"350","150","81.65012","1.068868","0.031479","1.412652"
"360","150","80.360534","1.068507","0.031782","1.410128"
"370","150","79.111051","1.068131","0.032085","1.407671"
"380","150","77.899827","1.067742","0.032386","1.405278"
"390","150","76.725134","1.067342","0.032686","1.402947"
"400","150","75.585341","1.066932","0.032985","1.400673"
"410","150","74.478917","1.066514","0.033282","1.398456"
"420","150","73.404418","1.066089","0.033578","1.396292"
"430","150","72.360481","1.065658","0.033873","1.39418"
"440","150","71.345821","1.065221","0.034166","1.392118"
"450","150","70.359223","1.064781","0.034459","1.390104"
"460","150","69.399539","1.064338","0.03475","1.388137"
"470","150","68.465683","1.063893","0.035039","1.386215"
"480","150","67.556625","1.063446","0.035328","1.384336"
"490","150","66.671391","1.062997","0.035615","1.382501"
"500","150","65.809057","1.062549","0.035901","1.380706"
"-100","160","313.309449","0.760285","0.028383","2.434297"
"-90","160","296.202736","0.798468","0.025606","2.34616"
"-80","160","280.867363","0.835562","0.023798","2.236931"
"-70","160","267.041748","0.869416","0.022652","2.129291"
"-60","160","254.513399","0.899241","0.02194","2.033516"
"-50","160","243.107914","0.925036","0.021513","1.951983"
"-40","160","232.680811","0.947148","0.021278","1.883727"
"-30","160","223.111376","0.966035","0.021176","1.826776"
"-20","160","214.29797","0.982158","0.021171","1.779105"
"-10","160","206.154403","0.995931","0.021236","1.738949"
"0","160","198.607106","1.007716","0.021354","1.704861"
"10","160","191.592905","1.017816","0.021513","1.675691"
"20","160","185.057244","1.026488","0.021704","1.650526"
"30","160","178.952766","1.033946","0.02192","1.62865"
"40","160","173.238164","1.040367","0.022156","1.609491"
"50","160","167.877243","1.0459","0.022409","1.592595"
"60","160","162.838154","1.050672","0.022674","1.577598"
"70","160","158.092761","1.054786","0.022949","1.564203"
"80","160","153.616115","1.058332","0.023234","1.55217"
"90","160","149.386014","1.061386","0.023525","1.5413"
"100","160","145.382637","1.064011","0.023822","1.531429"
"110","160","141.588232","1.066263","0.024123","1.52242"
"120","160","137.986853","1.068188","0.024428","1.51416"
"130","160","134.564135","1.069826","0.024736","1.506552"
"140","160","131.307107","1.071214","0.025046","1.499513"
"150","160","128.20402","1.07238","0.025358","1.492974"
"160","160","125.244214","1.073352","0.025671","1.486876"
"170","160","122.417987","1.074152","0.025985","1.481168"
"180","160","119.716498","1.0748","0.0263","1.475805"
"190","160","117.131666","1.075314","0.026615","1.470751"
"200","160","114.656094","1.075709","0.02693","1.465973"
"210","160","112.282999","1.075998","0.027245","1.461441"
"220","160","110.006146","1.076194","0.027559","1.457131"
"230","160","107.819797","1.076307","0.027873","1.453023"
"240","160","105.718661","1.076346","0.028187","1.449096"
"250","160","103.697852","1.076319","0.0285","1.445335"
"260","160","101.752848","1.076234","0.028812","1.441725"
"270","160","99.879464","1.076098","0.029123","1.438254"
"280","160","98.073816","1.075916","0.029434","1.43491"
"290","160","96.332294","1.075693","0.029743","1.431685"
"300","160","94.651542","1.075434","0.030051","1.428568"
"310","160","93.028434","1.075143","0.030358","1.425553"
"320","160","91.460054","1.074823","0.030665","1.422633"
"330","160","89.943681","1.074479","0.030969","1.419801"
"340","160","88.476769","1.074113","0.031273","1.417053"
"350","160","87.056938","1.073728","0.031576","1.414384"
"360","160","85.681957","1.073325","0.031877","1.411789"
"370","160","84.349733","1.072908","0.032178","1.409265"
"380","160","83.058304","1.072479","0.032477","1.406808"
"390","160","81.805822","1.072038","0.032774","1.404415"
"400","160","80.590554","1.071588","0.033071","1.402084"
"410","160","79.410863","1.07113","0.033366","1.399811"
"420","160","78.265211","1.070665","0.033661","1.397594"
"430","160","77.152145","1.070194","0.033954","1.395432"
"440","160","76.070295","1.069719","0.034245","1.393322"
"450","160","75.018366","1.06924","0.034536","1.391262"
"460","160","73.995132","1.068759","0.034825","1.389251"
"470","160","72.999436","1.068275","0.035113","1.387287"
"480","160","72.030181","1.067791","0.035401","1.385369"
"490","160","71.086328","1.067305","0.035686","1.383495"
"500","160","70.16689","1.066819","0.035971","1.381664"
"-100","170","332.768062","0.778529","0.029785","2.389747"
"-90","170","314.598907","0.812769","0.026833","2.320448"
"-80","170","298.311105","0.84688","0.024841","2.227496"
"-70","170","283.626827","0.878686","0.023538","2.130633"
"-60","170","270.320384","0.907179","0.022701","2.041021"
"-50","170","258.206542","0.932135","0.022177","1.962624"
"-40","170","247.131846","0.95373","0.021867","1.895704"
"-30","170","236.968085","0.972306","0.021705","1.839078"
"-20","170","227.607308","0.988245","0.021651","1.791187"
"-10","170","218.95797","1.001915","0.021676","1.750537"
"0","170","210.941936","1.013643","0.02176","1.715832"
"10","170","203.492106","1.023716","0.02189","1.686003"
"20","170","196.550537","1.032376","0.022055","1.660185"
"30","170","190.06693","1.03983","0.022249","1.637681"
"40","170","183.997413","1.04625","0.022466","1.617933"
"50","170","178.303543","1.051783","0.0227","1.60049"
"60","170","172.951493","1.056551","0.02295","1.584987"
"70","170","167.91138","1.06066","0.023211","1.571126"
"80","170","163.156704","1.064198","0.023483","1.558665"
"90","170","158.663885","1.067239","0.023762","1.547401"
"100","170","154.411872","1.069849","0.024048","1.537167"
"110","170","150.381808","1.072081","0.024339","1.527825"
"120","170","146.556759","1.073983","0.024635","1.519256"
"130","170","142.921468","1.075597","0.024934","1.511363"
"140","170","139.462156","1.076956","0.025237","1.50406"
"150","170","136.166347","1.078093","0.025541","1.497277"
"160","170","133.022717","1.079032","0.025848","1.490952"
"170","170","130.020963","1.079797","0.026155","1.485033"
"180","170","127.151693","1.08041","0.026464","1.479473"
"190","170","124.406326","1.080886","0.026773","1.474236"
"200","170","121.777005","1.081242","0.027083","1.469285"
"210","170","119.256525","1.081491","0.027393","1.464593"
"220","170","116.838264","1.081646","0.027703","1.460132"
"230","170","114.516128","1.081717","0.028012","1.455882"
"240","170","112.284498","1.081714","0.028322","1.451823"
"250","170","110.138182","1.081645","0.028631","1.447937"
"260","170","108.072381","1.081517","0.028939","1.444209"
"270","170","106.082647","1.081337","0.029246","1.440627"
"280","170","104.164856","1.081111","0.029553","1.437178"
"290","170","102.315173","1.080844","0.029859","1.433853"
"300","170","100.530036","1.080541","0.030164","1.430643"
"310","170","98.806122","1.080207","0.030469","1.427539"
"320","170","97.140335","1.079844","0.030772","1.424535"
"330","170","95.529785","1.079456","0.031074","1.421624"
"340","170","93.971769","1.079046","0.031375","1.4188"
"350","170","92.463757","1.078618","0.031675","1.416059"
"360","170","91.00338","1.078173","0.031974","1.413397"
"370","170","89.588416","1.077713","0.032272","1.410808"
"380","170","88.21678","1.077241","0.032569","1.408289"
"390","170","86.886511","1.076758","0.032865","1.405838"
"400","170","85.595766","1.076266","0.033159","1.40345"
"410","170","84.342809","1.075767","0.033453","1.401124"
"420","170","83.126004","1.075261","0.033745","1.398857"
"430","170","81.94381","1.07475","0.034036","1.396646"
"440","170","80.79477","1.074235","0.034326","1.39449"
"450","170","79.677508","1.073716","0.034615","1.392386"
"460","170","78.590725","1.073196","0.034903","1.390333"
"470","170","77.53319","1.072673","0.035189","1.388329"
"480","170","76.503738","1.07215","0.035475","1.386372"
"490","170","75.501264","1.071627","0.035759","1.384461"
"500","170","74.524723","1.071103","0.036042","1.382595"
"-100","180","352.226675","0.798028","0.031137","2.347496"
"-90","180","332.995079","0.828585","0.028041","2.292834"
"-80","180","315.754847","0.859747","0.025885","2.2141"
"-70","180","300.211906","0.889401","0.024431","2.127687"
"-60","180","286.127369","0.916404","0.023472","2.044649"
"-50","180","273.30517","0.940355","0.022851","1.970001"
"-40","180","261.582881","0.961282","0.022464","1.905011"
"-30","180","250.824794","0.979414","0.022242","1.849211"
"-20","180","240.916645","0.995057","0.022138","1.801505"
"-10","180","231.761538","1.008529","0.022122","1.760676"
"0","180","223.276766","1.020122","0.022171","1.7256"
"10","180","215.391307","1.030101","0.022272","1.695306"
"20","180","208.04383","1.038693","0.022412","1.668986"
"30","180","201.181094","1.046095","0.022583","1.645978"
"40","180","194.756662","1.052473","0.02278","1.625739"
"50","180","188.729843","1.05797","0.022997","1.607828"
"60","180","183.064832","1.062705","0.02323","1.591885"
"70","180","177.729998","1.066782","0.023477","1.577614"
"80","180","172.697292","1.070288","0.023736","1.56477"
"90","180","167.941756","1.073296","0.024003","1.553152"
"100","180","163.441106","1.075872","0.024278","1.54259"
"110","180","159.175385","1.078069","0.024559","1.532943"
"120","180","155.126666","1.079934","0.024846","1.524092"
"130","180","151.278801","1.08151","0.025137","1.515936"
"140","180","147.617206","1.08283","0.025431","1.508389"
"150","180","144.128675","1.083925","0.025728","1.501379"
"160","180","140.801221","1.084823","0.026027","1.494843"
"170","180","137.623939","1.085545","0.026329","1.488726"
"180","180","134.586889","1.086114","0.026631","1.482982"
"190","180","131.680986","1.086545","0.026935","1.477572"
"200","180","128.897915","1.086856","0.027239","1.47246"
"210","180","126.23005","1.08706","0.027544","1.467616"
"220","180","123.670382","1.087168","0.027849","1.463014"
"230","180","121.212459","1.087193","0.028154","1.45863"
"240","180","118.850334","1.087143","0.028459","1.454444"
"250","180","116.578512","1.087027","0.028764","1.45044"
"260","180","114.391914","1.086852","0.029068","1.4466"
"270","180","112.28583","1.086626","0.029372","1.442912"
"280","180","110.255896","1.086353","0.029675","1.439364"
"290","180","108.298053","1.08604","0.029978","1.435945"
"300","180","106.40853","1.08569","0.03028","1.432645"
"310","180","104.58381","1.085309","0.030581","1.429457"
"320","180","102.820617","1.0849","0.030881","1.426372"
"330","180","101.115889","1.084467","0.031181","1.423385"
"340","180","99.466768","1.084012","0.031479","1.420489"
"350","180","97.870575","1.083538","0.031777","1.41768"
"360","180","96.324803","1.083048","0.032073","1.414951"
"370","180","94.827099","1.082544","0.032369","1.4123"
"380","180","93.375256","1.082029","0.032663","1.409723"
"390","180","91.9672","1.081502","0.032957","1.407215"
"400","180","90.600979","1.080967","0.033249","1.404774"
"410","180","89.274755","1.080425","0.033541","1.402397"
"420","180","87.986798","1.079877","0.033831","1.40008"
"430","180","86.735474","1.079325","0.03412","1.397823"
"440","180","85.519244","1.078768","0.034408","1.395622"
"450","180","84.33665","1.078209","0.034696","1.393476"
"460","180","83.186318","1.077648","0.034982","1.391382"
"470","180","82.066943","1.077086","0.035267","1.389339"
"480","180","80.977294","1.076524","0.03555","1.387345"
"490","180","79.916201","1.075961","0.035833","1.385399"
"500","180","78.882557","1.0754","0.036115","1.383499"
"-100","190","371.685287","0.818483","0.032439","2.308022"
"-90","190","351.39125","0.84562","0.029224","2.264673"
"-80","190","333.198589","0.873915","0.026923","2.198044"
"-70","190","316.796985","0.90137","0.02533","2.121401"
"-60","190","301.934354","0.926776","0.024251","2.045031"
"-50","190","288.403798","0.949596","0.023534","1.974512"
"-40","190","276.033916","0.969728","0.02307","1.911893"
"-30","190","264.681503","0.987302","0.022785","1.857329"
"-20","190","254.225983","1.002551","0.022631","1.810151"
"-10","190","244.565106","1.015739","0.022573","1.769426"
"0","190","235.611596","1.027125","0.022588","1.734205"
"10","190","227.290509","1.036948","0.022658","1.703627"
"20","190","219.537123","1.04542","0.022772","1.67695"
"30","190","212.295258","1.052725","0.022921","1.653553"
"40","190","205.515911","1.059023","0.023098","1.632918"
"50","190","199.156143","1.06445","0.023297","1.614618"
"60","190","193.178171","1.069123","0.023514","1.5983"
"70","190","187.548616","1.073143","0.023747","1.583673"
"80","190","182.237881","1.076594","0.023992","1.570493"
"90","190","177.219627","1.07955","0.024248","1.558559"
"100","190","172.47034","1.082074","0.024512","1.547702"
"110","190","167.968961","1.08422","0.024783","1.537779"
"120","190","163.696573","1.086035","0.02506","1.52867"
"130","190","159.636134","1.08756","0.025342","1.520274"
"140","190","155.772256","1.08883","0.025628","1.512503"
"150","190","152.091002","1.089874","0.025918","1.505283"
"160","190","148.579724","1.090721","0.02621","1.498551"
"170","190","145.226915","1.091393","0.026505","1.49225"
"180","190","142.022084","1.09191","0.026801","1.486335"
"190","190","138.955646","1.09229","0.027099","1.480763"
"200","190","136.018826","1.09255","0.027398","1.4755"
"210","190","133.203576","1.092702","0.027697","1.470513"
"220","190","130.502499","1.092759","0.027997","1.465777"
"230","190","127.90879","1.092733","0.028298","1.461267"
"240","190","125.41617","1.092632","0.028599","1.456963"
"250","190","123.018843","1.092465","0.028899","1.452846"
"260","190","120.711446","1.09224","0.0292","1.4489"
"270","190","118.489013","1.091963","0.0295","1.445112"
"280","190","116.346936","1.09164","0.029799","1.441469"
"290","190","114.280933","1.091277","0.030099","1.43796"
"300","190","112.287024","1.090879","0.030397","1.434575"
"310","190","110.361498","1.090449","0.030695","1.431306"
"320","190","108.500898","1.089992","0.030993","1.428145"
"330","190","106.701994","1.089511","0.031289","1.425085"
"340","190","104.961767","1.089008","0.031585","1.422121"
"350","190","103.277393","1.088488","0.03188","1.419245"
"360","190","101.646225","1.087951","0.032174","1.416455"
"370","190","100.065782","1.087402","0.032467","1.413744"
"380","190","98.533733","1.08684","0.032759","1.41111"
"390","190","97.047889","1.086269","0.033051","1.408548"
"400","190","95.606191","1.08569","0.033341","1.406055"
"410","190","94.206701","1.085104","0.03363","1.403629"
"420","190","92.847591","1.084513","0.033919","1.401266"
"430","190","91.527139","1.083917","0.034206","1.398964"
"440","190","90.243718","1.083319","0.034492","1.39672"
"450","190","88.995793","1.082718","0.034778","1.394533"
"460","190","87.78191","1.082116","0.035062","1.3924"
"470","190","86.600696","1.081513","0.035345","1.390319"
"480","190","85.45085","1.080911","0.035628","1.38829"
"490","190","84.331137","1.080309","0.035909","1.386309"
"500","190","83.24039","1.079709","0.036189","1.384375"
"-100","200","391.1439","0.83967","0.033694","2.271409"
"-90","200","369.787422","0.863631","0.030379","2.236834"
"-80","200","350.642332","0.889169","0.027951","2.180344"
"-70","200","333.382064","0.914424","0.02623","2.11259"
"-60","200","317.741339","0.938164","0.025036","2.04275"
"-50","200","303.502426","0.959757","0.024223","1.976555"
"-40","200","290.484951","0.978994","0.023682","1.916612"
"-30","200","278.538212","0.995915","0.023335","1.863599"
"-20","200","267.53532","1.010683","0.02313","1.817239"
"-10","200","257.368673","1.023512","0.02303","1.776863"
"0","200","247.946426","1.034625","0.023009","1.741699"
"10","200","239.18971","1.044235","0.023049","1.711002"
"20","200","231.030416","1.052538","0.023137","1.684104"
"30","200","223.409422","1.059704","0.023263","1.660428"
"40","200","216.27516","1.065885","0.023419","1.639488"
"50","200","209.582443","1.071211","0.023601","1.620873"
"60","200","203.291509","1.075795","0.023802","1.604243"
"70","200","197.367234","1.079733","0.02402","1.589311"
"80","200","191.778469","1.083108","0.024252","1.57584"
"90","200","186.497498","1.085993","0.024495","1.563628"
"100","200","181.499575","1.088449","0.024748","1.552508"
"110","200","176.762538","1.09053","0.025009","1.542338"
"120","200","172.266479","1.092281","0.025277","1.532997"
"130","200","167.993467","1.093744","0.02555","1.524382"
"140","200","163.927306","1.094952","0.025828","1.516406"
"150","200","160.053329","1.095936","0.02611","1.508993"
"160","200","156.358228","1.096723","0.026396","1.50208"
"170","200","152.829891","1.097336","0.026683","1.495609"
"180","200","149.45728","1.097795","0.026974","1.489534"
"190","200","146.230306","1.098118","0.027266","1.483812"
"200","200","143.139737","1.09832","0.027559","1.478407"
"210","200","140.177101","1.098416","0.027853","1.473287"
"220","200","137.334617","1.098417","0.028148","1.468425"
"230","200","134.60512","1.098335","0.028444","1.463796"
"240","200","131.982006","1.098179","0.02874","1.45938"
"250","200","129.459173","1.097957","0.029037","1.455157"
"260","200","127.030979","1.097678","0.029333","1.451111"
"270","200","124.692196","1.097347","0.02963","1.447228"
"280","200","122.437976","1.096972","0.029926","1.443495"
"290","200","120.263813","1.096557","0.030222","1.439901"
"300","200","118.165517","1.096106","0.030517","1.436435"
"310","200","116.139186","1.095625","0.030812","1.43309"
"320","200","114.181179","1.095118","0.031106","1.429856"
"330","200","112.288098","1.094586","0.0314","1.426726"
"340","200","110.456766","1.094035","0.031693","1.423696"
"350","200","108.684211","1.093466","0.031985","1.420757"
"360","200","106.967648","1.092881","0.032277","1.417907"
"370","200","105.304464","1.092284","0.032567","1.415139"
"380","200","103.692209","1.091676","0.032857","1.412451"
"390","200","102.128578","1.091058","0.033146","1.409837"
"400","200","100.611404","1.090434","0.033434","1.407295"
"410","200","99.138646","1.089803","0.033722","1.404822"
"420","200","97.708384","1.089167","0.034008","1.402413"
"430","200","96.318803","1.088528","0.034293","1.400068"
"440","200","94.968192","1.087886","0.034578","1.397783"
"450","200","93.654935","1.087243","0.034861","1.395557"
"460","200","92.377503","1.086599","0.035144","1.393386"
"470","200","91.13445","1.085955","0.035426","1.39127"
"480","200","89.924406","1.085312","0.035706","1.389205"
"490","200","88.746074","1.08467","0.035986","1.387191"
"500","200","87.598223","1.08403","0.036265","1.385226"
"-100","210","410.602513","0.861419","0.034903","2.237544"
"-90","210","388.183593","0.882425","0.031505","2.209836"
"-80","210","368.086074","0.905329","0.028967","2.161763"
"-70","210","349.967143","0.928409","0.027127","2.101936"
"-60","210","333.548323","0.950447","0.025824","2.038322"
"-50","210","318.601054","0.970745","0.024918","1.9765"
"-40","210","304.935986","0.989008","0.0243","1.919428"
"-30","210","292.394921","1.005196","0.02389","1.868203"
"-20","210","280.844658","1.019409","0.023633","1.82289"
"-10","210","270.172241","1.031812","0.023491","1.783069"
"0","210","260.281256","1.042593","0.023434","1.748141"
"10","210","251.088911","1.05194","0.023443","1.717474"
"20","210","242.523708","1.060028","0.023505","1.690478"
"30","210","234.523586","1.067017","0.023608","1.666628"
"40","210","227.034409","1.073047","0.023744","1.645467"
"50","210","220.008743","1.078242","0.023907","1.626609"
"60","210","213.404848","1.08271","0.024093","1.609725"
"70","210","207.185852","1.086543","0.024296","1.59454"
"80","210","201.319057","1.089823","0.024515","1.58082"
"90","210","195.775369","1.092619","0.024746","1.568368"
"100","210","190.528809","1.094991","0.024988","1.557017"
"110","210","185.556114","1.096992","0.025238","1.546627"
"120","210","180.836386","1.098667","0.025497","1.537077"
"130","210","176.3508","1.100056","0.025761","1.528265"
"140","210","172.082355","1.101193","0.026031","1.520102"
"150","210","168.015657","1.102108","0.026305","1.512513"
"160","210","164.136731","1.102827","0.026583","1.505433"
"170","210","160.432867","1.103373","0.026865","1.498806"
"180","210","156.892475","1.103767","0.027149","1.492582"
"190","210","153.504966","1.104025","0.027435","1.486721"
"200","210","150.260647","1.104165","0.027722","1.481184"
"210","210","147.150626","1.104198","0.028011","1.475939"
"220","210","144.166735","1.104139","0.028302","1.470959"
"230","210","141.301451","1.103996","0.028593","1.466219"
"240","210","138.547842","1.103781","0.028885","1.461697"
"250","210","135.899503","1.103501","0.029177","1.457375"
"260","210","133.350511","1.103165","0.029469","1.453234"
"270","210","130.895379","1.102778","0.029762","1.449262"
"280","210","128.529016","1.102346","0.030054","1.445444"
"290","210","126.246693","1.101876","0.030346","1.441769"
"300","210","124.044011","1.101371","0.030638","1.438226"
"310","210","121.916874","1.100837","0.03093","1.434808"
"320","210","119.86146","1.100277","0.031221","1.431504"
"330","210","117.874202","1.099693","0.031512","1.428309"
"340","210","115.951766","1.099091","0.031802","1.425215"
"350","210","114.09103","1.098471","0.032092","1.422217"
"360","210","112.289071","1.097837","0.032381","1.41931"
"370","210","110.543147","1.097191","0.032669","1.416488"
"380","210","108.850685","1.096534","0.032957","1.413747"
"390","210","107.209267","1.095869","0.033243","1.411084"
"400","210","105.616616","1.095198","0.033529","1.408494"
"410","210","104.070592","1.094521","0.033815","1.405976"
"420","210","102.569177","1.09384","0.034099","1.403524"
"430","210","101.110467","1.093156","0.034382","1.401138"
"440","210","99.692667","1.09247","0.034665","1.398813"
"450","210","98.314078","1.091783","0.034947","1.396549"
"460","210","96.973096","1.091096","0.035227","1.394342"
"470","210","95.668203","1.09041","0.035507","1.392191"
"480","210","94.397962","1.089725","0.035786","1.390093"
"490","210","93.16101","1.089042","0.036065","1.388047"
"500","210","91.956057","1.088362","0.036342","1.386051"
"-100","220","430.061126","0.8836","0.03607","2.206231"
"-90","220","406.579765","0.901845","0.032602","2.183959"
"-80","220","385.529816","0.922242","0.029967","2.142859"
"-70","220","366.552222","0.943194","0.02802","2.089998"
"-60","220","349.355308","0.963516","0.026614","2.032199"
"-50","220","333.699682","0.982473","0.025618","1.974688"
"-40","220","319.387021","0.999701","0.024923","1.920588"
"-30","220","306.25163","1.015091","0.02445","1.871317"
"-20","220","294.153995","1.028685","0.024142","1.827232"
"-10","220","282.975808","1.040604","0.023955","1.788138"
"0","220","272.616086","1.051001","0.023862","1.753597"
"10","220","262.988112","1.060037","0.023841","1.723092"
"20","220","254.017001","1.06787","0.023876","1.696111"
"30","220","245.63775","1.074645","0.023956","1.672178"
"40","220","237.793658","1.080493","0.024072","1.650877"
"50","220","230.435042","1.08553","0.024217","1.631842"
"60","220","223.518187","1.089858","0.024386","1.614763"
"70","220","217.00447","1.093565","0.024574","1.599372"
"80","220","210.859646","1.09673","0.02478","1.585444"
"90","220","205.05324","1.09942","0.024999","1.572786"
"100","220","199.558044","1.101693","0.025229","1.561236"
"110","220","194.349691","1.103601","0.02547","1.550652"
"120","220","189.406293","1.105188","0.025718","1.540917"
"130","220","184.708133","1.106492","0.025974","1.531927"
"140","220","180.237405","1.107548","0.026236","1.523596"
"150","220","175.977984","1.108384","0.026503","1.515847"
"160","220","171.915235","1.109027","0.026774","1.508615"
"170","220","168.035843","1.1095","0.027048","1.501844"
"180","220","164.327671","1.109822","0.027326","1.495484"
"190","220","160.779626","1.11001","0.027606","1.489493"
"200","220","157.381558","1.110081","0.027888","1.483833"
"210","220","154.124152","1.110048","0.028172","1.478473"
"220","220","150.998852","1.109923","0.028457","1.473383"
"230","220","147.997782","1.109716","0.028743","1.468539"
"240","220","145.113678","1.109438","0.029031","1.463918"
"250","220","142.339834","1.109096","0.029318","1.459501"
"260","220","139.670044","1.108699","0.029607","1.455272"
"270","220","137.098562","1.108252","0.029895","1.451215"
"280","220","134.620056","1.107762","0.030184","1.447316"
"290","220","132.229573","1.107234","0.030473","1.443565"
"300","220","129.922505","1.106673","0.030762","1.43995"
"310","220","127.694562","1.106083","0.03105","1.436462"
"320","220","125.541741","1.105468","0.031338","1.433092"
"330","220","123.460307","1.104831","0.031626","1.429834"
"340","220","121.446765","1.104175","0.031914","1.426681"
"350","220","119.497848","1.103503","0.032201","1.423626"
"360","220","117.610493","1.102818","0.032487","1.420664"
"370","220","115.78183","1.102121","0.032773","1.41779"
"380","220","114.009162","1.101415","0.033058","1.414999"
"390","220","112.289955","1.100701","0.033342","1.412289"
"400","220","110.621829","1.099982","0.033626","1.409654"
"410","220","109.002538","1.099257","0.033909","1.407092"
"420","220","107.42997","1.09853","0.034191","1.404599"
"430","220","105.902132","1.0978","0.034473","1.402173"
"440","220","104.417141","1.097069","0.034753","1.39981"
"450","220","102.97322","1.096338","0.035033","1.397509"
"460","220","101.568688","1.095607","0.035312","1.395268"
"470","220","100.201956","1.094878","0.03559","1.393083"
"480","220","98.871518","1.094151","0.035868","1.390953"
"490","220","97.575947","1.093426","0.036144","1.388877"
"500","220","96.31389","1.092705","0.03642","1.386851"
"-100","230","449.519739","0.906113","0.037199","2.177247"
"-90","230","424.975936","0.92177","0.033669","2.159328"
"-80","230","402.973558","0.93978","0.030949","2.124018"
"-70","230","383.137301","0.958661","0.028906","2.077223"
"-60","230","365.162293","0.977273","0.027404","2.024769"
"-50","230","348.798309","0.99486","0.02632","1.971422"
"-40","230","333.838056","1.011006","0.02555","1.920325"
"-30","230","320.10834","1.025547","0.025015","1.873114"
"-20","230","307.463333","1.03847","0.024654","1.830391"
"-10","230","295.779376","1.049855","0.024424","1.792161"
"0","230","284.950916","1.059821","0.024294","1.758136"
"10","230","274.887313","1.068505","0.024242","1.727908"
"20","230","265.510294","1.076046","0.02425","1.70104"
"30","230","256.751914","1.082575","0.024306","1.677112"
"40","230","248.552907","1.088211","0.024401","1.655742"
"50","230","240.861342","1.093064","0.024528","1.636593"
"60","230","233.631526","1.097228","0.024681","1.61937"
"70","230","226.823088","1.10079","0.024855","1.603819"
"80","230","220.400234","1.103822","0.025047","1.589723"
"90","230","214.33111","1.10639","0.025254","1.576894"
"100","230","208.587278","1.10855","0.025473","1.565172"
"110","230","203.143267","1.110352","0.025703","1.554421"
"120","230","197.976199","1.111838","0.025942","1.544522"
"130","230","193.065466","1.113048","0.026189","1.535375"
"140","230","188.392455","1.114013","0.026443","1.526893"
"150","230","183.940311","1.114763","0.026702","1.518999"
"160","230","179.693738","1.115322","0.026966","1.511629"
"170","230","175.638819","1.115714","0.027233","1.504726"
"180","230","171.762866","1.115958","0.027505","1.498241"
"190","230","168.054286","1.116071","0.027779","1.492131"
"200","230","164.502468","1.116068","0.028055","1.486359"
"210","230","161.097677","1.115963","0.028334","1.48089"
"220","230","157.83097","1.115768","0.028614","1.475698"
"230","230","154.694113","1.115493","0.028896","1.470757"
"240","230","151.679514","1.115148","0.029178","1.466043"
"250","230","148.780164","1.114741","0.029462","1.461539"
"260","230","145.989577","1.114279","0.029746","1.457226"
"270","230","143.301745","1.11377","0.030031","1.453089"
"280","230","140.711096","1.113218","0.030316","1.449114"
"290","230","138.212453","1.11263","0.030601","1.445291"
"300","230","135.800999","1.11201","0.030887","1.441607"
"310","230","133.47225","1.111362","0.031172","1.438053"
"320","230","131.222023","1.11069","0.031457","1.434621"
"330","230","129.046411","1.109997","0.031742","1.431304"
"340","230","126.941764","1.109286","0.032026","1.428093"
"350","230","124.904666","1.108561","0.032311","1.424984"
"360","230","122.931916","1.107823","0.032594","1.42197"
"370","230","121.020513","1.107074","0.032878","1.419046"
"380","230","119.167638","1.106317","0.03316","1.416208"
"390","230","117.370644","1.105553","0.033442","1.413452"
"400","230","115.627041","1.104784","0.033724","1.410774"
"410","230","113.934484","1.104012","0.034005","1.408171"
"420","230","112.290764","1.103237","0.034285","1.405638"
"430","230","110.693796","1.10246","0.034564","1.403174"
"440","230","109.141615","1.101683","0.034843","1.400775"
"450","230","107.632362","1.100907","0.035121","1.398439"
"460","230","106.164281","1.100132","0.035398","1.396164"
"470","230","104.73571","1.099359","0.035675","1.393947"
"480","230","103.345074","1.098589","0.03595","1.391786"
"490","230","101.990884","1.097822","0.036225","1.38968"
"500","230","100.671723","1.097059","0.036499","1.387627"
"-100","240","468.978352","0.928881","0.038291","2.150371"
"-90","240","443.372108","0.942098","0.034709","2.135975"
"-80","240","420.4173","0.957836","0.031913","2.1055"
"-70","240","399.72238","0.974711","0.029782","2.06396"
"-60","240","380.969278","0.991629","0.028191","2.016359"
"-50","240","363.896937","1.007832","0.027024","1.966971"
"-40","240","348.289091","1.022865","0.026181","1.918846"
"-30","240","333.965049","1.036515","0.025583","1.873756"
"-20","240","320.772671","1.048724","0.025169","1.832491"
"-10","240","308.582943","1.059531","0.024896","1.795232"
"0","240","297.285746","1.069026","0.024729","1.761828"
"10","240","286.786514","1.077321","0.024645","1.731974"
"20","240","277.003587","1.084536","0.024626","1.705307"
"30","240","267.866078","1.090788","0.024659","1.68146"
"40","240","259.312156","1.096186","0.024733","1.660089"
"50","240","251.287642","1.100831","0.024842","1.640883"
"60","240","243.744864","1.104811","0.024978","1.623566"
"70","240","236.641706","1.108208","0.025137","1.607897"
"80","240","229.940823","1.11109","0.025316","1.593669"
"90","240","223.608981","1.113521","0.02551","1.5807"
"100","240","217.616512","1.115554","0.025719","1.568835"
"110","240","211.936843","1.117238","0.025939","1.557941"
"120","240","206.546106","1.118614","0.026168","1.547901"
"130","240","201.422799","1.119719","0.026406","1.538616"
"140","240","196.547505","1.120584","0.026651","1.529999"
"150","240","191.902639","1.121239","0.026903","1.521976"
"160","240","187.472242","1.121708","0.027159","1.514481"
"170","240","183.241795","1.122012","0.02742","1.507459"
"180","240","179.198062","1.122172","0.027685","1.500859"
"190","240","175.328947","1.122203","0.027953","1.49464"
"200","240","171.623379","1.122122","0.028224","1.488763"
"210","240","168.071203","1.12194","0.028498","1.483195"
"220","240","164.663087","1.121671","0.028773","1.477908"
"230","240","161.390443","1.121324","0.02905","1.472875"
"240","240","158.24535","1.120908","0.029328","1.468076"
"250","240","155.220494","1.120432","0.029607","1.463489"
"260","240","152.309109","1.119904","0.029887","1.459097"
"270","240","149.504928","1.119329","0.030168","1.454885"
"280","240","146.802136","1.118713","0.030449","1.45084"
"290","240","144.195333","1.118063","0.030731","1.446948"
"300","240","141.679493","1.117381","0.031013","1.443199"
"310","240","139.249938","1.116673","0.031295","1.439583"
"320","240","136.902304","1.115942","0.031577","1.436092"
"330","240","134.632515","1.115192","0.031859","1.432718"
"340","240","132.436764","1.114425","0.032141","1.429453"
"350","240","130.311485","1.113644","0.032422","1.426292"
"360","240","128.253339","1.112852","0.032703","1.423229"
"370","240","126.259195","1.11205","0.032984","1.420258"
"380","240","124.326114","1.11124","0.033264","1.417375"
"390","240","122.451333","1.110425","0.033544","1.414576"
"400","240","120.632254","1.109606","0.033823","1.411856"
"410","240","118.86643","1.108784","0.034102","1.409213"
"420","240","117.151557","1.10796","0.03438","1.406643"
"430","240","115.485461","1.107136","0.034657","1.404142"
"440","240","113.866089","1.106312","0.034934","1.401708"
"450","240","112.291505","1.10549","0.03521","1.399339"
"460","240","110.759874","1.10467","0.035485","1.397031"
"470","240","109.269463","1.103852","0.03576","1.394784"
"480","240","107.818631","1.103039","0.036034","1.392593"
"490","240","106.40582","1.102229","0.036307","1.390459"
"500","240","105.029556","1.101424","0.03658","1.388378"
"-100","250","488.436964","0.951844","0.039351","2.125396"
"-90","250","461.768279","0.962751","0.03572","2.113879"
"-80","250","437.861043","0.976323","0.032859","2.087469"
"-70","250","416.307459","0.991257","0.030648","2.050475"
"-60","250","396.776263","1.006509","0.028974","2.007241"
"-50","250","378.995565","1.021324","0.027728","1.961569"
"-40","250","362.740126","1.035222","0.026814","1.916343"
"-30","250","347.821758","1.047948","0.026154","1.873391"
"-20","250","334.082008","1.059407","0.025689","1.833647"
"-10","250","321.386511","1.0696","0.025371","1.797441"
"0","250","309.620576","1.078589","0.025167","1.764744"
"10","250","298.685716","1.086463","0.025051","1.735346"
"20","250","288.49688","1.093322","0.025004","1.708955"
"30","250","278.980242","1.09927","0.025014","1.685256"
"40","250","270.071405","1.104406","0.025067","1.663943"
"50","250","261.713942","1.10882","0.025157","1.644732"
"60","250","253.858203","1.112597","0.025277","1.627367"
"70","250","246.460325","1.11581","0.025421","1.611621"
"80","250","239.481411","1.118527","0.025586","1.597295"
"90","250","232.886852","1.120806","0.025769","1.584217"
"100","250","226.645747","1.1227","0.025966","1.572235"
"110","250","220.73042","1.124255","0.026175","1.56122"
"120","250","215.116013","1.125509","0.026396","1.551059"
"130","250","209.780132","1.1265","0.026625","1.541654"
"140","250","204.702554","1.127258","0.026862","1.532919"
"150","250","199.864966","1.12781","0.027105","1.524781"
"160","250","195.250745","1.128181","0.027355","1.517174"
"170","250","190.844771","1.128392","0.027609","1.510044"
"180","250","186.633257","1.128461","0.027868","1.503341"
"190","250","182.603607","1.128406","0.02813","1.497021"
"200","250","178.744289","1.128241","0.028395","1.491048"
"210","250","175.044728","1.127978","0.028663","1.485389"
"220","250","171.495205","1.12763","0.028933","1.480014"
"230","250","168.086774","1.127207","0.029205","1.474898"
"240","250","164.811187","1.126718","0.029479","1.470018"
"250","250","161.660825","1.12617","0.029754","1.465354"
"260","250","158.628642","1.125571","0.03003","1.460889"
"270","250","155.708111","1.124928","0.030307","1.456607"
"280","250","152.893176","1.124246","0.030584","1.452494"
"290","250","150.178213","1.123531","0.030862","1.448538"
"300","250","147.557987","1.122786","0.031141","1.444728"
"310","250","145.027626","1.122016","0.03142","1.441054"
"320","250","142.582585","1.121224","0.031698","1.437507"
"330","250","140.21862","1.120414","0.031977","1.434079"
"340","250","137.931763","1.119589","0.032256","1.430763"
"350","250","135.718303","1.118751","0.032535","1.427553"
"360","250","133.574762","1.117903","0.032813","1.424442"
"370","250","131.497878","1.117047","0.033091","1.421427"
"380","250","129.484591","1.116184","0.033369","1.418501"
"390","250","127.532022","1.115316","0.033647","1.41566"
"400","250","125.637466","1.114446","0.033924","1.412901"
"410","250","123.798376","1.113573","0.0342","1.41022"
"420","250","122.01235","1.1127","0.034476","1.407613"
"430","250","120.277125","1.111827","0.034751","1.405077"
"440","250","118.590564","1.110956","0.035026","1.40261"
"450","250","116.950647","1.110087","0.0353","1.400209"
"460","250","115.355467","1.10922","0.035574","1.39787"
"470","250","113.803217","1.108358","0.035847","1.395593"
"480","250","112.292187","1.1075","0.036119","1.393375"
"490","250","110.820757","1.106646","0.036391","1.391213"
"500","250","109.38739","1.105798","0.036662","1.389106"
"-100","260","507.895577","0.974953","0.04038","2.102134"
"-90","260","480.164451","0.983665","0.036706","2.092986"
"-80","260","455.304785","0.995166","0.033785","2.07002"
"-70","260","432.892538","1.008226","0.031503","2.036967"
"-60","260","412.583247","1.021844","0.029752","1.997639"
"-50","260","394.094193","1.035275","0.028431","1.955418"
"-40","260","377.191161","1.048024","0.027448","1.912982"
"-30","260","361.678467","1.059805","0.026728","1.872154"
"-20","260","347.391346","1.070484","0.026211","1.833968"
"-10","260","334.190079","1.080033","0.025849","1.798873"
"0","260","321.955406","1.088486","0.025607","1.766951"
"10","260","310.584917","1.095909","0.025459","1.738076"
"20","260","299.990173","1.102386","0.025385","1.712026"
"30","260","290.094406","1.108005","0.02537","1.688535"
"40","260","280.830654","1.112856","0.025403","1.667333"
"50","260","272.140242","1.11702","0.025474","1.648164"
"60","260","263.971542","1.120574","0.025577","1.630792"
"70","260","256.278943","1.123588","0.025707","1.615005"
"80","260","249.022","1.126125","0.025858","1.600614"
"90","260","242.164723","1.12824","0.026028","1.587454"
"100","260","235.674981","1.129983","0.026214","1.575381"
"110","260","229.523996","1.131396","0.026414","1.564268"
"120","260","223.685919","1.13252","0.026624","1.554005"
"130","260","218.137465","1.133388","0.026845","1.544497"
"140","260","212.857604","1.13403","0.027073","1.535659"
"150","260","207.827293","1.134472","0.027309","1.52742"
"160","260","203.029249","1.134738","0.027552","1.519714"
"170","260","198.447747","1.134849","0.027799","1.512487"
"180","260","194.068452","1.134823","0.028051","1.50569"
"190","260","189.878267","1.134676","0.028307","1.49928"
"200","260","185.8652","1.134422","0.028567","1.493219"
"210","260","182.018254","1.134075","0.02883","1.487476"
"220","260","178.327323","1.133645","0.029095","1.48202"
"230","260","174.783105","1.133142","0.029362","1.476826"
"240","260","171.377023","1.132575","0.029631","1.471871"
"250","260","168.101155","1.131952","0.029902","1.467136"
"260","260","164.948174","1.131281","0.030174","1.462602"
"270","260","161.911294","1.130567","0.030447","1.458255"
"280","260","158.984216","1.129816","0.030721","1.454079"
"290","260","156.161092","1.129033","0.030995","1.450063"
"300","260","153.436481","1.128222","0.03127","1.446195"
"310","260","150.805315","1.127388","0.031546","1.442466"
"320","260","148.262866","1.126534","0.031821","1.438866"
"330","260","145.804724","1.125663","0.032097","1.435387"
"340","260","143.426762","1.124779","0.032373","1.432023"
"350","260","141.125121","1.123882","0.032649","1.428766"
"360","260","138.896184","1.122977","0.032925","1.425611"
"370","260","136.736561","1.122065","0.0332","1.422553"
"380","260","134.643067","1.121147","0.033476","1.419586"
"390","260","132.612711","1.120226","0.033751","1.416706"
"400","260","130.642679","1.119303","0.034025","1.413909"
"410","260","128.730322","1.118379","0.034299","1.411192"
"420","260","126.873143","1.117455","0.034573","1.40855"
"430","260","125.068789","1.116533","0.034847","1.405981"
"440","260","123.315038","1.115613","0.035119","1.403482"
"450","260","121.609789","1.114696","0.035392","1.40105"
"460","260","119.951059","1.113783","0.035663","1.398682"
"470","260","118.33697","1.112875","0.035935","1.396376"
"480","260","116.765743","1.111972","0.036205","1.39413"
"490","260","115.235693","1.111074","0.036475","1.391942"
"500","260","113.745223","1.110183","0.036744","1.38981"
"-100","270","527.35419","0.998171","0.041381","2.080417"
"-90","270","498.560622","1.004787","0.037668","2.07323"
"-80","270","472.748527","1.014305","0.034693","2.053203"
"-70","270","449.477618","1.025554","0.032346","2.023576"
"-60","270","428.390232","1.037574","0.030524","1.987733"
"-50","270","409.192821","1.049633","0.029132","1.948691"
"-40","270","391.642196","1.061227","0.028083","1.908913"
"-30","270","375.535176","1.072044","0.027305","1.87017"
"-20","270","360.700683","1.081921","0.026735","1.833555"
"-10","270","346.993646","1.090802","0.026329","1.799611"
"0","270","334.290236","1.098692","0.02605","1.768513"
"10","270","322.484118","1.105639","0.025869","1.740218"
"20","270","311.483466","1.11171","0.025768","1.714562"
"30","270","301.20857","1.116979","0.025728","1.691329"
"40","270","291.589903","1.121524","0.02574","1.670286"
"50","270","282.566542","1.125419","0.025792","1.651202"
"60","270","274.084881","1.128734","0.025879","1.63386"
"70","270","266.097561","1.131534","0.025993","1.618065"
"80","270","258.562588","1.133877","0.026132","1.603639"
"90","270","251.442594","1.135815","0.026289","1.590424"
"100","270","244.704215","1.137395","0.026464","1.578283"
"110","270","238.317573","1.138658","0.026653","1.567092"
"120","270","232.255826","1.139641","0.026854","1.556747"
"130","270","226.494798","1.140378","0.027066","1.547152"
"140","270","221.012654","1.140896","0.027286","1.538226"
"150","270","215.789621","1.141221","0.027515","1.529898"
"160","270","210.807753","1.141377","0.02775","1.522105"
"170","270","206.050723","1.141382","0.02799","1.514792"
"180","270","201.503648","1.141255","0.028236","1.50791"
"190","270","197.152927","1.141011","0.028486","1.501418"
"200","270","192.98611","1.140665","0.02874","1.495279"
"210","270","188.991779","1.140228","0.028998","1.489458"
"220","270","185.15944","1.139712","0.029258","1.483928"
"230","270","181.479436","1.139126","0.02952","1.478662"
"240","270","177.942859","1.138478","0.029785","1.473639"
"250","270","174.541485","1.137778","0.030051","1.468837"
"260","270","171.267707","1.137031","0.030319","1.46424"
"270","270","168.114477","1.136243","0.030588","1.459831"
"280","270","165.075256","1.135421","0.030858","1.455597"
"290","270","162.143972","1.134568","0.031129","1.451524"
"300","270","159.314975","1.13369","0.031401","1.447602"
"310","270","156.583003","1.13279","0.031673","1.443821"
"320","270","153.943148","1.131872","0.031945","1.440171"
"330","270","151.390828","1.130938","0.032218","1.436645"
"340","270","148.921761","1.129992","0.032491","1.433234"
"350","270","146.531939","1.129036","0.032764","1.429933"
"360","270","144.217607","1.128073","0.033037","1.426736"
"370","270","141.975244","1.127103","0.03331","1.423637"
"380","270","139.801543","1.12613","0.033583","1.420631"
"390","270","137.6934","1.125154","0.033856","1.417714"
"400","270","135.647891","1.124177","0.034128","1.414881"
"410","270","133.662267","1.123201","0.0344","1.412129"
"420","270","131.733936","1.122226","0.034672","1.409455"
"430","270","129.860454","1.121253","0.034943","1.406854"
"440","270","128.039512","1.120284","0.035214","1.404324"
"450","270","126.268932","1.119318","0.035484","1.401862"
"460","270","124.546652","1.118358","0.035754","1.399466"
"470","270","122.870723","1.117403","0.036023","1.397133"
"480","270","121.239299","1.116454","0.036292","1.394861"
"490","270","119.65063","1.115512","0.03656","1.392648"
"500","270","118.103056","1.114577","0.036828","1.390491"
"-100","280","546.812803","1.021468","0.042356","2.060095"
"-90","280","516.956794","1.026076","0.038606","2.054542"
"-80","280","490.192269","1.033689","0.035582","2.037037"
"-70","280","466.062697","1.043188","0.033176","2.010404"
"-60","280","444.197217","1.053646","0.031288","1.977666"
"-50","280","424.291449","1.06435","0.02983","1.941536"
"-40","280","406.093231","1.074788","0.028718","1.904266"
"-30","280","389.391885","1.08463","0.027882","1.867549"
"-20","280","374.010021","1.093688","0.027262","1.832498"
"-10","280","359.797214","1.101878","0.026812","1.799727"
"0","280","346.625066","1.109184","0.026495","1.769493"
"10","280","334.383319","1.115634","0.026282","1.74182"
"20","280","322.976759","1.121277","0.026152","1.716604"
"30","280","312.322734","1.126176","0.026088","1.693673"
"40","280","302.349152","1.130397","0.026078","1.672829"
"50","280","292.992842","1.134006","0.026112","1.653867"
"60","280","284.198219","1.137068","0.026182","1.636591"
"70","280","275.916179","1.139639","0.026281","1.620818"
"80","280","268.103177","1.141775","0.026406","1.606384"
"90","280","260.720465","1.143524","0.026552","1.593139"
"100","280","253.73345","1.144931","0.026715","1.580951"
"110","280","247.111149","1.146034","0.026894","1.569702"
"120","280","240.825733","1.146868","0.027085","1.55929"
"130","280","234.852131","1.147465","0.027288","1.549625"
"140","280","229.167704","1.147853","0.0275","1.540625"
"150","280","223.751948","1.148055","0.027721","1.532221"
"160","280","218.586256","1.148093","0.027949","1.524352"
"170","280","213.653699","1.147987","0.028183","1.516963"
"180","280","208.938843","1.147755","0.028422","1.510007"
"190","280","204.427587","1.14741","0.028667","1.503441"
"200","280","200.107021","1.146966","0.028915","1.497229"
"210","280","195.965304","1.146436","0.029167","1.491339"
"220","280","191.991558","1.14583","0.029422","1.485741"
"230","280","188.175766","1.145157","0.02968","1.480409"
"240","280","184.508695","1.144426","0.02994","1.475322"
"250","280","180.981816","1.143645","0.030201","1.47046"
"260","280","177.58724","1.14282","0.030465","1.465803"
"270","280","174.31766","1.141956","0.03073","1.461338"
"280","280","171.166296","1.14106","0.030997","1.457048"
"290","280","168.126852","1.140136","0.031264","1.452923"
"300","280","165.193469","1.139188","0.031532","1.44895"
"310","280","162.360691","1.13822","0.031801","1.44512"
"320","280","159.623429","1.137236","0.03207","1.441423"
"330","280","156.976932","1.136238","0.03234","1.437852"
"340","280","154.416761","1.13523","0.03261","1.434398"
"350","280","151.938758","1.134212","0.032881","1.431056"
"360","280","149.53903","1.133189","0.033151","1.427818"
"370","280","147.213926","1.132161","0.033421","1.424681"
"380","280","144.96002","1.131131","0.033692","1.421638"
"390","280","142.774089","1.130099","0.033962","1.418685"
"400","280","140.653104","1.129068","0.034232","1.415818"
"410","280","138.594213","1.128038","0.034502","1.413034"
"420","280","136.59473","1.12701","0.034771","1.410327"
"430","280","134.652118","1.125987","0.03504","1.407696"
"440","280","132.763986","1.124967","0.035309","1.405137"
"450","280","130.928074","1.123953","0.035578","1.402647"
"460","280","129.142245","1.122945","0.035846","1.400224"
"470","280","127.404477","1.121943","0.036113","1.397865"
"480","280","125.712855","1.120947","0.03638","1.395568"
"490","280","124.065566","1.11996","0.036647","1.393331"
"500","280","122.46089","1.11898","0.036913","1.391151"
"-100","290","566.271416","1.044819","0.043308","2.041037"
"-90","290","535.352965","1.047495","0.039523","2.036848"
"-80","290","507.636011","1.053275","0.036454","2.021522"
"-70","290","482.647776","1.06108","0.033993","1.997515"
"-60","290","460.004202","1.070016","0.032045","1.967547"
"-50","290","439.390077","1.079383","0.030524","1.934075"
"-40","290","420.544266","1.088669","0.029352","1.899156"
"-30","290","403.248594","1.097529","0.02846","1.864388"
"-20","290","387.319359","1.105755","0.027791","1.83088"
"-10","290","372.600781","1.113238","0.027297","1.799293"
"0","290","358.959896","1.119942","0.026942","1.769947"
"10","290","346.28252","1.125875","0.026696","1.74293"
"20","290","334.470052","1.131072","0.026538","1.718191"
"30","290","323.436898","1.135583","0.02645","1.6956"
"40","290","313.108401","1.139464","0.026418","1.67499"
"50","290","303.419142","1.142772","0.026433","1.656183"
"60","290","294.311558","1.145565","0.026486","1.639002"
"70","290","285.734797","1.147895","0.02657","1.62328"
"80","290","277.643765","1.149813","0.026681","1.608863"
"90","290","269.998336","1.151362","0.026815","1.595609"
"100","290","262.762684","1.152586","0.026967","1.583395"
"110","290","255.904726","1.153519","0.027135","1.572106"
"120","290","249.395639","1.154197","0.027317","1.561645"
"130","290","243.209465","1.154647","0.027511","1.551923"
"140","290","237.322754","1.154897","0.027715","1.542862"
"150","290","231.714275","1.154969","0.027928","1.534394"
"160","290","226.36476","1.154885","0.028149","1.52646"
"170","290","221.256675","1.154663","0.028376","1.519005"
"180","290","216.374039","1.154319","0.028609","1.511982"
"190","290","211.702247","1.153868","0.028848","1.505351"
"200","290","207.227931","1.153324","0.02909","1.499075"
"210","290","202.93883","1.152696","0.029337","1.493121"
"220","290","198.823676","1.151997","0.029587","1.487462"
"230","290","194.872097","1.151235","0.02984","1.48207"
"240","290","191.074531","1.150417","0.030095","1.476925"
"250","290","187.422146","1.149552","0.030353","1.472006"
"260","290","183.906772","1.148646","0.030613","1.467295"
"270","290","180.520843","1.147704","0.030874","1.462776"
"280","290","177.257336","1.146733","0.031136","1.458436"
"290","290","174.109732","1.145735","0.0314","1.454261"
"300","290","171.071963","1.144716","0.031665","1.450241"
"310","290","168.138379","1.143678","0.03193","1.446365"
"320","290","165.30371","1.142626","0.032197","1.442624"
"330","290","162.563037","1.141563","0.032463","1.43901"
"340","290","159.91176","1.14049","0.03273","1.435516"
"350","290","157.345576","1.13941","0.032998","1.432134"
"360","290","154.860453","1.138325","0.033266","1.428859"
"370","290","152.452609","1.137238","0.033533","1.425685"
"380","290","150.118496","1.136149","0.033801","1.422607"
"390","290","147.854777","1.135061","0.034069","1.419621"
"400","290","145.658316","1.133974","0.034337","1.416721"
"410","290","143.526159","1.13289","0.034604","1.413905"
"420","290","141.455523","1.13181","0.034872","1.411169"
"430","290","139.443782","1.130734","0.035139","1.408508"
"440","290","137.488461","1.129664","0.035406","1.405921"
"450","290","135.587217","1.128599","0.035672","1.403405"
"460","290","133.737838","1.127542","0.035938","1.400956"
"470","290","131.93823","1.126492","0.036204","1.398572"
"480","290","130.186411","1.12545","0.036469","1.396251"
"490","290","128.480503","1.124417","0.036734","1.39399"
"500","290","126.818723","1.123392","0.036998","1.391788"
"-100","300","585.730028","1.068204","0.044238","2.023124"
"-90","300","553.749137","1.069018","0.040419","2.02008"
"-80","300","525.079754","1.073027","0.037308","2.006643"
"-70","300","499.232855","1.079192","0.034797","1.984953"
"-60","300","475.811187","1.086643","0.032793","1.957461"
"-50","300","454.488705","1.094695","0.031214","1.926408"
"-40","300","434.995301","1.102836","0.029984","1.893682"
"-30","300","417.105303","1.110712","0.029039","1.860777"
"-20","300","400.628696","1.118094","0.028321","1.828777"
"-10","300","385.404349","1.124857","0.027784","1.79837"
"0","300","371.294726","1.130943","0.027391","1.769929"
"10","300","358.181721","1.136344","0.027113","1.743594"
"20","300","345.963344","1.14108","0.026926","1.71936"
"30","300","334.551062","1.145187","0.026813","1.697139"
"40","300","323.867649","1.148713","0.02676","1.676794"
"50","300","313.845442","1.151706","0.026756","1.658171"
"60","300","304.424897","1.154217","0.026791","1.641113"
"70","300","295.553415","1.156294","0.026861","1.625466"
"80","300","287.184353","1.157982","0.026958","1.611088"
"90","300","279.276207","1.159323","0.027079","1.597848"
"100","300","271.791919","1.160354","0.027219","1.585625"
"110","300","264.698302","1.16111","0.027377","1.574313"
"120","300","257.965546","1.161622","0.02755","1.563817"
"130","300","251.566798","1.161919","0.027735","1.554053"
"140","300","245.477803","1.162024","0.027931","1.544943"
"150","300","239.676603","1.161961","0.028136","1.536423"
"160","300","234.143263","1.161748","0.02835","1.528433"
"170","300","228.859651","1.161405","0.02857","1.520921"
"180","300","223.809234","1.160946","0.028797","1.513841"
"190","300","218.976907","1.160385","0.02903","1.507153"
"200","300","214.348842","1.159735","0.029267","1.500819"
"210","300","209.912355","1.159008","0.029508","1.494809"
"220","300","205.655793","1.158212","0.029753","1.489093"
"230","300","201.568428","1.157357","0.030001","1.483647"
"240","300","197.640367","1.15645","0.030252","1.478449"
"250","300","193.862476","1.155499","0.030505","1.473477"
"260","300","190.226305","1.154509","0.030761","1.468716"
"270","300","186.724025","1.153487","0.031018","1.464149"
"280","300","183.348376","1.152437","0.031277","1.459761"
"290","300","180.092612","1.151364","0.031537","1.455541"
"300","300","176.950457","1.150271","0.031798","1.451476"
"310","300","173.916067","1.149163","0.032061","1.447557"
"320","300","170.983991","1.148041","0.032324","1.443775"
"330","300","168.149141","1.14691","0.032587","1.440121"
"340","300","165.406759","1.145772","0.032852","1.436588"
"350","300","162.752394","1.144628","0.033116","1.43317"
"360","300","160.181875","1.143482","0.033381","1.429859"
"370","300","157.691292","1.142334","0.033647","1.42665"
"380","300","155.276972","1.141186","0.033912","1.423539"
"390","300","152.935466","1.140039","0.034177","1.420521"
"400","300","150.663529","1.138896","0.034443","1.41759"
"410","300","148.458105","1.137757","0.034708","1.414745"
"420","300","146.316316","1.136622","0.034973","1.411979"
"430","300","144.235447","1.135494","0.035238","1.409292"
"440","300","142.212935","1.134372","0.035503","1.406678"
"450","300","140.246359","1.133257","0.035767","1.404136"
"460","300","138.33343","1.132151","0.036032","1.401662"
"470","300","136.471983","1.131052","0.036296","1.399255"
"480","300","134.659967","1.129963","0.036559","1.396911"
"490","300","132.895439","1.128883","0.036822","1.394628"
"500","300","131.176556","1.127812","0.037085","1.392404"
"-100","310","605.188641","1.091607","0.045149","2.006252"
"-90","310","572.145308","1.09062","0.041297","2.004172"
"-80","310","542.523496","1.092917","0.038146","1.992381"
"-70","310","515.817934","1.097489","0.035588","1.972743"
"-60","310","491.618171","1.103491","0.033532","1.94747"
"-50","310","469.587332","1.110251","0.031898","1.91862"
"-40","310","449.446336","1.117258","0.030614","1.887929"
"-30","310","430.962012","1.124149","0.029617","1.856793"
"-20","310","413.938034","1.130683","0.028852","1.826256"
"-10","310","398.207917","1.136715","0.028272","1.797018"
"0","310","383.629556","1.142171","0.027842","1.769488"
"10","310","370.080923","1.147026","0.027531","1.743852"
"20","310","357.456637","1.151285","0.027316","1.720147"
"30","310","345.665226","1.154975","0.027178","1.698321"
"40","310","334.626898","1.158133","0.027103","1.678266"
"50","310","324.271741","1.160799","0.027079","1.659852"
"60","310","314.538236","1.163017","0.027098","1.642941"
"70","310","305.372033","1.164829","0.027152","1.627392"
"80","310","296.724942","1.166277","0.027235","1.613074"
"90","310","288.554077","1.167399","0.027343","1.599865"
"100","310","280.821153","1.168229","0.027473","1.587651"
"110","310","273.491878","1.1688","0.02762","1.576332"
"120","310","266.535453","1.16914","0.027783","1.565816"
"130","310","259.924131","1.169276","0.027959","1.556021"
"140","310","253.632853","1.169231","0.028147","1.546875"
"150","310","247.63893","1.169027","0.028345","1.538313"
"160","310","241.921767","1.168681","0.028551","1.530278"
"170","310","236.462627","1.168212","0.028765","1.522718"
"180","310","231.24443","1.167633","0.028986","1.515588"
"190","310","226.251567","1.166958","0.029212","1.508849"
"200","310","221.469752","1.1662","0.029444","1.502465"
"210","310","216.885881","1.165368","0.02968","1.496404"
"220","310","212.487911","1.164472","0.02992","1.490638"
"230","310","208.264759","1.163521","0.030163","1.485143"
"240","310","204.206203","1.162522","0.03041","1.479895"
"250","310","200.302807","1.161482","0.030659","1.474877"
"260","310","196.545837","1.160407","0.03091","1.470069"
"270","310","192.927208","1.159302","0.031163","1.465457"
"280","310","189.439417","1.158172","0.031418","1.461025"
"290","310","186.075492","1.157022","0.031675","1.456762"
"300","310","182.828951","1.155854","0.031933","1.452657"
"310","310","179.693755","1.154673","0.032192","1.448698"
"320","310","176.664273","1.153481","0.032452","1.444877"
"330","310","173.735245","1.152281","0.032712","1.441186"
"340","310","170.901759","1.151076","0.032974","1.437617"
"350","310","168.159212","1.149867","0.033236","1.434163"
"360","310","165.503298","1.148657","0.033498","1.430819"
"370","310","162.929975","1.147447","0.033761","1.427578"
"380","310","160.435449","1.146239","0.034023","1.424435"
"390","310","158.016155","1.145034","0.034286","1.421386"
"400","310","155.668741","1.143833","0.034549","1.418427"
"410","310","153.390051","1.142638","0.034812","1.415553"
"420","310","151.177109","1.141449","0.035075","1.412761"
"430","310","149.027111","1.140266","0.035338","1.410047"
"440","310","146.937409","1.139092","0.035601","1.407408"
"450","310","144.905501","1.137927","0.035864","1.404841"
"460","310","142.929023","1.13677","0.036126","1.402344"
"470","310","141.005737","1.135622","0.036388","1.399913"
"480","310","139.133524","1.134485","0.03665","1.397547"
"490","310","137.310376","1.133358","0.036911","1.395243"
"500","310","135.534389","1.132241","0.037172","1.393"
"-100","320","624.647254","1.115015","0.046041","1.99033"
"-90","320","590.54148","1.112282","0.042156","1.989062"
"-80","320","559.967238","1.112918","0.038968","1.97871"
"-70","320","532.403013","1.115943","0.036366","1.960897"
"-60","320","507.425156","1.120532","0.034262","1.93762"
"-50","320","484.68596","1.126022","0.032576","1.910775"
"-40","320","463.897371","1.131906","0.031241","1.88197"
"-30","320","444.818721","1.137816","0.030194","1.852505"
"-20","320","427.247371","1.143498","0.029383","1.823379"
"-10","320","411.011484","1.148792","0.028762","1.795289"
"0","320","395.964386","1.153607","0.028295","1.768669"
"10","320","381.980124","1.157903","0.027951","1.743743"
"20","320","368.94993","1.161675","0.027707","1.720585"
"30","320","356.77939","1.164936","0.027544","1.699174"
"40","320","345.386147","1.167713","0.027447","1.679431"
"50","320","334.698041","1.17004","0.027404","1.661248"
"60","320","324.651575","1.171954","0.027405","1.644504"
"70","320","315.190651","1.173493","0.027444","1.629072"
"80","320","306.26553","1.174692","0.027513","1.614833"
"90","320","297.831948","1.175586","0.027609","1.601672"
"100","320","289.850387","1.176207","0.027727","1.589484"
"110","320","282.285455","1.176585","0.027864","1.578171"
"120","320","275.105359","1.176746","0.028017","1.567648"
"130","320","268.281464","1.176716","0.028185","1.557836"
"140","320","261.787903","1.176515","0.028364","1.548664"
"150","320","255.601257","1.176164","0.028554","1.54007"
"160","320","249.70027","1.17568","0.028754","1.531997"
"170","320","244.065603","1.17508","0.028961","1.524398"
"180","320","238.679625","1.174377","0.029175","1.517226"
"190","320","233.526227","1.173585","0.029396","1.510443"
"200","320","228.590663","1.172714","0.029622","1.504015"
"210","320","223.859406","1.171775","0.029853","1.497909"
"220","320","219.320028","1.170777","0.030088","1.492099"
"230","320","214.961089","1.169727","0.030326","1.486559"
"240","320","210.772039","1.168634","0.030568","1.481268"
"250","320","206.743137","1.167502","0.030813","1.476206"
"260","320","202.86537","1.166339","0.03106","1.471356"
"270","320","199.130391","1.16515","0.031309","1.466702"
"280","320","195.530457","1.163938","0.031561","1.462231"
"290","320","192.058372","1.162708","0.031814","1.457928"
"300","320","188.707445","1.161463","0.032068","1.453784"
"310","320","185.471443","1.160208","0.032324","1.449788"
"320","320","182.344554","1.158943","0.032581","1.445932"
"330","320","179.32135","1.157673","0.032838","1.442206"
"340","320","176.396758","1.1564","0.033097","1.438603"
"350","320","173.566031","1.155125","0.033356","1.435116"
"360","320","170.824721","1.15385","0.033615","1.43174"
"370","320","168.168657","1.152577","0.033875","1.428468"
"380","320","165.593925","1.151308","0.034136","1.425296"
"390","320","163.096844","1.150043","0.034396","1.422219"
"400","320","160.673954","1.148784","0.034657","1.419232"
"410","320","158.321997","1.147532","0.034918","1.416331"
"420","320","156.037902","1.146287","0.035179","1.413513"
"430","320","153.818776","1.145051","0.035439","1.410774"
"440","320","151.661883","1.143824","0.0357","1.408111"
"450","320","149.564644","1.142606","0.035961","1.405521"
"460","320","147.524616","1.141399","0.036221","1.403001"
"470","320","145.53949","1.140202","0.036481","1.400549"
"480","320","143.60708","1.139016","0.036741","1.398162"
"490","320","141.725312","1.137841","0.037001","1.395838"
"500","320","139.892223","1.136678","0.03726","1.393574"
"-100","330","644.105867","1.138416","0.046916","1.975274"
"-90","330","608.937651","1.133986","0.042999","1.974695"
"-80","330","577.41098","1.13301","0.039775","1.965603"
"-70","330","548.988092","1.13453","0.037133","1.949419"
"-60","330","523.232141","1.137737","0.034982","1.927943"
"-50","330","499.784588","1.141981","0.033249","1.902926"
"-40","330","478.348406","1.146757","0.031864","1.875864"
"-30","330","458.67543","1.15169","0.03077","1.847973"
"-20","330","440.556709","1.156518","0.029914","1.8202"
"-10","330","423.815052","1.161068","0.029252","1.793231"
"0","330","408.299216","1.165234","0.028749","1.767515"
"10","330","393.879325","1.168963","0.028373","1.743303"
"20","330","380.443223","1.172236","0.0281","1.720704"
"30","330","367.893554","1.175057","0.027912","1.699724"
"40","330","356.145396","1.177443","0.027792","1.680311"
"50","330","345.124341","1.179422","0.02773","1.662378"
"60","330","334.764913","1.181023","0.027714","1.645818"
"70","330","325.00927","1.182278","0.027736","1.630522"
"80","330","315.806119","1.183219","0.027792","1.616378"
"90","330","307.109819","1.183878","0.027875","1.603281"
"100","330","298.879622","1.184283","0.027982","1.591132"
"110","330","291.079031","1.184461","0.028108","1.57984"
"120","330","283.675266","1.184437","0.028252","1.569322"
"130","330","276.638797","1.184234","0.028411","1.559502"
"140","330","269.942953","1.183872","0.028582","1.550315"
"150","330","263.563585","1.183369","0.028764","1.541698"
"160","330","257.478774","1.182743","0.028957","1.533598"
"170","330","251.668579","1.182008","0.029157","1.525966"
"180","330","246.11482","1.181177","0.029365","1.518759"
"190","330","240.800887","1.180264","0.02958","1.51194"
"200","330","235.711573","1.179277","0.0298","1.505473"
"210","330","230.832932","1.178227","0.030026","1.499328"
"220","330","226.152146","1.177124","0.030256","1.493478"
"230","330","221.65742","1.175973","0.03049","1.487899"
"240","330","217.337876","1.174782","0.030727","1.482569"
"250","330","213.183467","1.173557","0.030967","1.477468"
"260","330","209.184903","1.172304","0.031211","1.472579"
"270","330","205.333574","1.171028","0.031456","1.467887"
"280","330","201.621497","1.169732","0.031704","1.463379"
"290","330","198.041252","1.168421","0.031953","1.45904"
"300","330","194.585939","1.167098","0.032204","1.454861"
"310","330","191.249131","1.165766","0.032456","1.45083"
"320","330","188.024835","1.164429","0.03271","1.44694"
"330","330","184.907454","1.163087","0.032965","1.443181"
"340","330","181.891757","1.161744","0.03322","1.439547"
"350","330","178.972849","1.160402","0.033477","1.436029"
"360","330","176.146144","1.159061","0.033733","1.432623"
"370","330","173.40734","1.157725","0.033991","1.429323"
"380","330","170.752401","1.156393","0.034249","1.426123"
"390","330","168.177533","1.155068","0.034507","1.423018"
"400","330","165.679166","1.15375","0.034765","1.420005"
"410","330","163.253943","1.15244","0.035024","1.417079"
"420","330","160.898696","1.151139","0.035283","1.414236"
"430","330","158.61044","1.149848","0.035541","1.411474"
"440","330","156.386358","1.148567","0.0358","1.408788"
"450","330","154.223786","1.147297","0.036059","1.406176"
"460","330","152.120208","1.146038","0.036317","1.403635"
"470","330","150.073243","1.144791","0.036575","1.401162"
"480","330","148.080636","1.143556","0.036833","1.398755"
"490","330","146.140249","1.142333","0.037091","1.396411"
"500","330","144.250056","1.141123","0.037349","1.394129"
"-100","340","663.56448","1.161802","0.047775","1.961012"
"-90","340","627.333823","1.15572","0.043827","1.961018"
"-80","340","594.854723","1.153174","0.040568","1.953033"
"-70","340","565.573171","1.153227","0.037887","1.938307"
"-60","340","539.039126","1.155085","0.035694","1.918461"
"-50","340","514.883216","1.158105","0.033915","1.895114"
"-40","340","492.799441","1.161786","0.032484","1.869664"
"-30","340","472.532139","1.16575","0.031344","1.843249"
"-20","340","453.866046","1.169725","0.030445","1.816768"
"-10","340","436.618619","1.173527","0.029743","1.790887"
"0","340","420.634046","1.177038","0.029204","1.766062"
"10","340","405.778526","1.180191","0.028795","1.742566"
"20","340","391.936516","1.182957","0.028494","1.720533"
"30","340","379.007718","1.185329","0.028281","1.699997"
"40","340","366.904645","1.187315","0.028139","1.680928"
"50","340","355.550641","1.188935","0.028057","1.66326"
"60","340","344.878252","1.190214","0.028023","1.646901"
"70","340","334.827888","1.191177","0.02803","1.631755"
"80","340","325.346707","1.191854","0.028072","1.617721"
"90","340","316.38769","1.19227","0.028142","1.604702"
"100","340","307.908856","1.192451","0.028237","1.592605"
"110","340","299.872608","1.192424","0.028353","1.581345"
"120","340","292.245173","1.192209","0.028487","1.570843"
"130","340","284.99613","1.191827","0.028637","1.561028"
"140","340","278.098002","1.191299","0.0288","1.551834"
"150","340","271.525912","1.19064","0.028975","1.543203"
"160","340","265.257277","1.189867","0.02916","1.535083"
"170","340","259.271555","1.188993","0.029354","1.527426"
"180","340","253.550016","1.188031","0.029556","1.520192"
"190","340","248.075547","1.186992","0.029765","1.513342"
"200","340","242.832484","1.185887","0.02998","1.506843"
"210","340","237.806457","1.184724","0.0302","1.500664"
"220","340","232.984264","1.183511","0.030425","1.494779"
"230","340","228.353751","1.182257","0.030654","1.489165"
"240","340","223.903712","1.180966","0.030887","1.483799"
"250","340","219.623798","1.179646","0.031123","1.478663"
"260","340","215.504435","1.178301","0.031362","1.47374"
"270","340","211.536757","1.176936","0.031604","1.469014"
"280","340","207.712537","1.175554","0.031847","1.464471"
"290","340","204.024132","1.174161","0.032093","1.460099"
"300","340","200.464433","1.172758","0.032341","1.455887"
"310","340","197.026819","1.171348","0.03259","1.451825"
"320","340","193.705116","1.169936","0.03284","1.447903"
"330","340","190.493558","1.168521","0.033092","1.444114"
"340","340","187.386756","1.167108","0.033345","1.44045"
"350","340","184.379667","1.165697","0.033598","1.436904"
"360","340","181.467566","1.16429","0.033852","1.43347"
"370","340","178.646023","1.162888","0.034107","1.430142"
"380","340","175.910878","1.161494","0.034362","1.426916"
"390","340","173.258222","1.160107","0.034618","1.423786"
"400","340","170.684379","1.158729","0.034874","1.420748"
"410","340","168.185888","1.15736","0.035131","1.417798"
"420","340","165.759489","1.156002","0.035387","1.414932"
"430","340","163.402104","1.154656","0.035644","1.412147"
"440","340","161.110832","1.15332","0.0359","1.409439"
"450","340","158.882928","1.151997","0.036157","1.406806"
"460","340","156.715801","1.150687","0.036414","1.404245"
"470","340","154.606997","1.149389","0.03667","1.401752"
"480","340","152.554192","1.148104","0.036926","1.399326"
"490","340","150.555185","1.146833","0.037183","1.396964"
"500","340","148.607889","1.145575","0.037439","1.394664"
"-100","350","683.023093","1.185166","0.048619","1.947478"
"-90","350","645.729994","1.177472","0.04464","1.947981"
"-80","350","612.298465","1.173395","0.041348","1.940973"
"-70","350","582.15825","1.172016","0.03863","1.927555"
"-60","350","554.846111","1.172555","0.036396","1.909189"
"-50","350","529.981844","1.174374","0.034574","1.887371"
"-40","350","507.250476","1.176975","0.033099","1.863411"
"-30","350","486.388848","1.179977","0.031915","1.838379"
"-20","350","467.175384","1.183101","0.030975","1.813127"
"-10","350","449.422187","1.186153","0.030234","1.788298"
"0","350","432.968876","1.189004","0.029659","1.764346"
"10","350","417.677727","1.191575","0.029219","1.741562"
"20","350","403.429809","1.193826","0.02889","1.720099"
"30","350","390.121882","1.19574","0.028651","1.700015"
"40","350","377.663894","1.197318","0.028487","1.681303"
"50","350","365.976941","1.198573","0.028385","1.663912"
"60","350","354.991591","1.199521","0.028333","1.647768"
"70","350","344.646506","1.200185","0.028325","1.632786"
"80","350","334.887296","1.200589","0.028352","1.618875"
"90","350","325.665561","1.200756","0.02841","1.605946"
"100","350","316.938091","1.200708","0.028493","1.593913"
"110","350","308.666184","1.200468","0.028599","1.582696"
"120","350","300.815079","1.200057","0.028723","1.57222"
"130","350","293.353463","1.199492","0.028864","1.562418"
"140","350","286.253052","1.198792","0.029019","1.553227"
"150","350","279.488239","1.197973","0.029186","1.54459"
"160","350","273.035781","1.197049","0.029364","1.536457"
"170","350","266.874531","1.196032","0.029551","1.528784"
"180","350","260.985211","1.194935","0.029747","1.521528"
"190","350","255.350207","1.193768","0.02995","1.514653"
"200","350","249.953394","1.192541","0.030159","1.508126"
"210","350","244.779982","1.191262","0.030374","1.501919"
"220","350","239.816381","1.189938","0.030594","1.496005"
"230","350","235.050081","1.188577","0.030819","1.49036"
"240","350","230.469548","1.187185","0.031047","1.484963"
"250","350","226.064128","1.185767","0.031279","1.479795"
"260","350","221.823968","1.184328","0.031514","1.47484"
"270","350","217.73994","1.182872","0.031751","1.470083"
"280","350","213.803577","1.181403","0.031992","1.465509"
"290","350","210.007011","1.179925","0.032234","1.461107"
"300","350","206.342927","1.178441","0.032478","1.456865"
"310","350","202.804507","1.176953","0.032724","1.452773"
"320","350","199.385397","1.175464","0.032971","1.448822"
"330","350","196.079663","1.173975","0.03322","1.445005"
"340","350","192.881756","1.17249","0.03347","1.441314"
"350","350","189.786486","1.171009","0.03372","1.437741"
"360","350","186.788989","1.169535","0.033972","1.434281"
"370","350","183.884706","1.168067","0.034224","1.430928"
"380","350","181.069354","1.166609","0.034477","1.427677"
"390","350","178.33891","1.165159","0.03473","1.424523"
"400","350","175.689591","1.163721","0.034984","1.421461"
"410","350","173.117834","1.162293","0.035238","1.418489"
"420","350","170.620282","1.160877","0.035492","1.415601"
"430","350","168.193769","1.159474","0.035747","1.412794"
"440","350","165.835306","1.158084","0.036002","1.410066"
"450","350","163.542071","1.156707","0.036256","1.407413"
"460","350","161.311394","1.155344","0.036511","1.404832"
"470","350","159.14075","1.153995","0.036766","1.402321"
"480","350","157.027748","1.152661","0.03702","1.399877"
"490","350","154.970122","1.151341","0.037275","1.397497"
"500","350","152.965723","1.150035","0.037529","1.39518"
"-100","360","702.481705","1.208501","0.04945","1.934614"
"-90","360","664.126166","1.199231","0.045439","1.935541"
"-80","360","629.742207","1.19366","0.042114","1.929396"
"-70","360","598.743329","1.190883","0.039361","1.917154"
"-60","360","570.653095","1.190129","0.037089","1.900135"
"-50","360","545.080472","1.190768","0.035226","1.87972"
"-40","360","521.701511","1.192304","0.033709","1.857138"
"-30","360","500.245557","1.194353","0.032484","1.833401"
"-20","360","480.484722","1.19663","0.031503","1.809314"
"-10","360","462.225754","1.198931","0.030726","1.785498"
"0","360","445.303706","1.201118","0.030116","1.7624"
"10","360","429.576928","1.203103","0.029644","1.740318"
"20","360","414.923102","1.204832","0.029287","1.719426"
"30","360","401.236046","1.206282","0.029023","1.699801"
"40","360","388.423143","1.207445","0.028836","1.681454"
"50","360","376.403241","1.208326","0.028714","1.664351"
"60","360","365.10493","1.208937","0.028645","1.648433"
"70","360","354.465124","1.209295","0.02862","1.633626"
"80","360","344.427884","1.20942","0.028634","1.619849"
"90","360","334.943432","1.209331","0.028678","1.607022"
"100","360","325.967325","1.209048","0.02875","1.595064"
"110","360","317.459761","1.208591","0.028845","1.5839"
"120","360","309.384986","1.207978","0.02896","1.57346"
"130","360","301.710796","1.207225","0.029091","1.56368"
"140","360","294.408102","1.20635","0.029238","1.554499"
"150","360","287.450567","1.205366","0.029398","1.545864"
"160","360","280.814284","1.204286","0.029568","1.537726"
"170","360","274.477507","1.203123","0.029749","1.530041"
"180","360","268.420407","1.201888","0.029938","1.52277"
"190","360","262.624867","1.20059","0.030135","1.515876"
"200","360","257.074305","1.199238","0.030339","1.509328"
"210","360","251.753508","1.19784","0.030549","1.503097"
"220","360","246.648499","1.196403","0.030764","1.497157"
"230","360","241.746412","1.194933","0.030984","1.491485"
"240","360","237.035384","1.193437","0.031208","1.486061"
"250","360","232.504458","1.191919","0.031435","1.480865"
"260","360","228.1435","1.190384","0.031666","1.475883"
"270","360","223.943123","1.188836","0.0319","1.471097"
"280","360","219.894617","1.187278","0.032136","1.466495"
"290","360","215.989891","1.185714","0.032375","1.462065"
"300","360","212.221421","1.184147","0.032616","1.457795"
"310","360","208.582195","1.182579","0.032859","1.453676"
"320","360","205.065679","1.181012","0.033103","1.449699"
"330","360","201.665767","1.179449","0.033348","1.445856"
"340","360","198.376755","1.17789","0.033595","1.442139"
"350","360","195.193304","1.176339","0.033843","1.438541"
"360","360","192.110412","1.174796","0.034092","1.435056"
"370","360","189.123388","1.173262","0.034342","1.43168"
"380","360","186.22783","1.171738","0.034592","1.428405"
"390","360","183.419599","1.170226","0.034843","1.425229"
"400","360","180.694804","1.168725","0.035094","1.422146"
"410","360","178.04978","1.167238","0.035346","1.419152"
"420","360","175.481075","1.165764","0.035598","1.416243"
"430","360","172.985433","1.164304","0.035851","1.413417"
"440","360","170.55978","1.162858","0.036103","1.410669"
"450","360","168.201213","1.161427","0.036356","1.407997"
"460","360","165.906987","1.160011","0.036609","1.405398"
"470","360","163.674504","1.15861","0.036862","1.402868"
"480","360","161.501304","1.157225","0.037114","1.400407"
"490","360","159.385058","1.155855","0.037367","1.398011"
"500","360","157.323556","1.154502","0.03762","1.395677"
"-100","370","721.940318","1.231802","0.050269","1.922367"
"-90","370","682.522337","1.22099","0.046225","1.923657"
"-80","370","647.185949","1.213958","0.042869","1.918276"
"-70","370","615.328408","1.209812","0.040082","1.907095"
"-60","370","586.46008","1.207792","0.037774","1.891304"
"-50","370","560.1791","1.207273","0.035872","1.872179"
"-40","370","536.152546","1.207758","0.034315","1.850874"
"-30","370","514.102266","1.208862","0.03305","1.828348"
"-20","370","493.794059","1.210296","0.032031","1.805365"
"-10","370","475.029322","1.211848","0.031216","1.782519"
"0","370","457.638536","1.21337","0.030572","1.76025"
"10","370","441.47613","1.214763","0.03007","1.738862"
"20","370","426.416395","1.215966","0.029684","1.718539"
"30","370","412.35021","1.216946","0.029395","1.699375"
"40","370","399.182392","1.217687","0.029187","1.681399"
"50","370","386.829541","1.218188","0.029044","1.664593"
"60","370","375.218268","1.218456","0.028957","1.64891"
"70","370","364.283742","1.218502","0.028917","1.634288"
"80","370","353.968473","1.218342","0.028916","1.620656"
"90","370","344.221303","1.217991","0.028947","1.60794"
"100","370","334.996559","1.217468","0.029007","1.596066"
"110","370","326.253337","1.216788","0.029092","1.584965"
"120","370","317.954893","1.215968","0.029197","1.57457"
"130","370","310.068129","1.215024","0.029319","1.564819"
"140","370","302.563152","1.213968","0.029458","1.555657"
"150","370","295.412894","1.212816","0.029609","1.547031"
"160","370","288.592788","1.211578","0.029773","1.538894"
"170","370","282.080483","1.210265","0.029947","1.531204"
"180","370","275.855602","1.208888","0.03013","1.523922"
"190","370","269.899527","1.207456","0.030321","1.517015"
"200","370","264.195215","1.205976","0.03052","1.51045"
"210","370","258.727033","1.204457","0.030724","1.504199"
"220","370","253.480617","1.202904","0.030934","1.498238"
"230","370","248.442743","1.201324","0.031149","1.492543"
"240","370","243.60122","1.199721","0.031369","1.487096"
"250","370","238.944788","1.198102","0.031592","1.481876"
"260","370","234.463033","1.196469","0.031819","1.476868"
"270","370","230.146306","1.194827","0.032049","1.472057"
"280","370","225.985657","1.193178","0.032282","1.46743"
"290","370","221.972771","1.191527","0.032517","1.462975"
"300","370","218.099915","1.189876","0.032754","1.45868"
"310","370","214.359884","1.188226","0.032994","1.454536"
"320","370","210.74596","1.18658","0.033235","1.450535"
"330","370","207.251871","1.18494","0.033477","1.446667"
"340","370","203.871754","1.183308","0.033721","1.442926"
"350","370","200.600122","1.181685","0.033966","1.439305"
"360","370","197.431835","1.180072","0.034213","1.435798"
"370","370","194.362071","1.17847","0.03446","1.432399"
"380","370","191.386307","1.176881","0.034708","1.429103"
"390","370","188.500288","1.175305","0.034956","1.425906"
"400","370","185.700016","1.173742","0.035205","1.422802"
"410","370","182.981726","1.172194","0.035455","1.419788"
"420","370","180.341868","1.170661","0.035705","1.41686"
"430","370","177.777097","1.169143","0.035955","1.414014"
"440","370","175.284254","1.167642","0.036206","1.411248"
"450","370","172.860356","1.166156","0.036456","1.408558"
"460","370","170.502579","1.164686","0.036707","1.405941"
"470","370","168.208257","1.163233","0.036958","1.403395"
"480","370","165.97486","1.161797","0.037209","1.400917"
"490","370","163.799995","1.160378","0.03746","1.398505"
"500","370","161.681389","1.158975","0.037711","1.396156"
"-100","380","741.398931","1.255066","0.051075","1.910691"
"-90","380","700.918509","1.242741","0.047","1.912292"
"-80","380","664.629691","1.234279","0.043612","1.907589"
"-70","380","631.913487","1.228792","0.040792","1.897365"
"-60","380","602.267065","1.22553","0.038449","1.882698"
"-50","380","575.277728","1.223872","0.036511","1.864761"
"-40","380","550.603581","1.223322","0.034916","1.844641"
"-30","380","527.958976","1.223492","0.033613","1.823247"
"-20","380","507.103397","1.224088","0.032556","1.801307"
"-10","380","487.83289","1.224892","0.031706","1.77939"
"0","380","469.973366","1.225747","0.031029","1.757926"
"10","380","453.375331","1.226546","0.030496","1.737216"
"20","380","437.909688","1.227218","0.030083","1.717456"
"30","380","423.464374","1.227723","0.029769","1.698755"
"40","380","409.941641","1.228037","0.029538","1.681155"
"50","380","397.255841","1.228152","0.029375","1.664652"
"60","380","385.331607","1.228071","0.029271","1.649213"
"70","380","374.10236","1.227799","0.029214","1.634785"
"80","380","363.509061","1.227348","0.029198","1.621306"
"90","380","353.499174","1.226732","0.029217","1.608709"
"100","380","344.025794","1.225963","0.029265","1.596928"
"110","380","335.046913","1.225056","0.029339","1.585897"
"120","380","326.524799","1.224025","0.029434","1.575555"
"130","380","318.425462","1.222884","0.029548","1.565842"
"140","380","310.718201","1.221645","0.029678","1.556704"
"150","380","303.375221","1.22032","0.029822","1.548094"
"160","380","296.371291","1.21892","0.029978","1.539964"
"170","380","289.683459","1.217454","0.030145","1.532275"
"180","380","283.290798","1.215933","0.030322","1.524989"
"190","380","277.174187","1.214364","0.030508","1.518072"
"200","380","271.316126","1.212754","0.0307","1.511495"
"210","380","265.700559","1.211111","0.0309","1.505229"
"220","380","260.312734","1.20944","0.031105","1.499251"
"230","380","255.139074","1.207747","0.031315","1.493538"
"240","380","250.167056","1.206036","0.03153","1.488069"
"250","380","245.385119","1.204313","0.031749","1.482829"
"260","380","240.782566","1.202581","0.031972","1.477799"
"270","380","236.349489","1.200843","0.032198","1.472966"
"280","380","232.076697","1.199103","0.032427","1.468316"
"290","380","227.955651","1.197363","0.032659","1.463838"
"300","380","223.978409","1.195625","0.032893","1.459521"
"310","380","220.137572","1.193893","0.033129","1.455354"
"320","380","216.426241","1.192167","0.033367","1.45133"
"330","380","212.837975","1.19045","0.033607","1.447441"
"340","380","209.366753","1.188743","0.033848","1.443678"
"350","380","206.00694","1.187047","0.03409","1.440035"
"360","380","202.753257","1.185363","0.034334","1.436507"
"370","380","199.600754","1.183693","0.034578","1.433087"
"380","380","196.544783","1.182037","0.034824","1.429771"
"390","380","193.580977","1.180396","0.03507","1.426554"
"400","380","190.705229","1.178771","0.035317","1.42343"
"410","380","187.913672","1.177162","0.035564","1.420397"
"420","380","185.202662","1.175569","0.035812","1.417451"
"430","380","182.568762","1.173993","0.03606","1.414588"
"440","380","180.008729","1.172434","0.036309","1.411804"
"450","380","177.519498","1.170893","0.036557","1.409097"
"460","380","175.098172","1.16937","0.036806","1.406464"
"470","380","172.74201","1.167864","0.037055","1.403902"
"480","380","170.448417","1.166376","0.037305","1.401408"
"490","380","168.214931","1.164907","0.037554","1.398981"
"500","380","166.039223","1.163455","0.037803","1.396617"
"-100","390","760.857544","1.278288","0.051871","1.899542"
"-90","390","719.31468","1.26448","0.047764","1.90141"
"-80","390","682.073434","1.254614","0.044345","1.897311"
"-70","390","648.498566","1.247813","0.041493","1.887953"
"-60","390","618.07405","1.243332","0.039116","1.874314"
"-50","390","590.376355","1.240554","0.037143","1.857475"
"-40","390","565.054616","1.238982","0.035512","1.838457"
"-30","390","541.815685","1.238229","0.034172","1.818122"
"-20","390","520.412734","1.237993","0.03308","1.797167"
"-10","390","500.636457","1.238051","0.032195","1.776137"
"0","390","482.308196","1.238239","0.031486","1.755449"
"10","390","465.274532","1.238441","0.030923","1.735402"
"20","390","449.40298","1.23858","0.030482","1.7162"
"30","390","434.578538","1.238605","0.030144","1.69796"
"40","390","420.70089","1.238487","0.02989","1.680738"
"50","390","407.682141","1.238212","0.029708","1.664543"
"60","390","395.444946","1.237776","0.029585","1.649353"
"70","390","383.920978","1.237182","0.029512","1.635126"
"80","390","373.049649","1.236436","0.029482","1.621808"
"90","390","362.777045","1.235548","0.029488","1.609339"
"100","390","353.055028","1.234529","0.029524","1.597658"
"110","390","343.84049","1.23339","0.029587","1.586705"
"120","390","335.094706","1.232145","0.029672","1.576422"
"130","390","326.782795","1.230803","0.029776","1.566753"
"140","390","318.873251","1.229377","0.029898","1.557648"
"150","390","311.337549","1.227876","0.030034","1.549058"
"160","390","304.149795","1.226311","0.030184","1.540942"
"170","390","297.286435","1.22469","0.030344","1.533259"
"180","390","290.725993","1.223021","0.030515","1.525973"
"190","390","284.448847","1.221312","0.030694","1.519052"
"200","390","278.437036","1.21957","0.030881","1.512467"
"210","390","272.674084","1.2178","0.031075","1.50619"
"220","390","267.144852","1.216009","0.031276","1.500198"
"230","390","261.835404","1.214201","0.031481","1.494469"
"240","390","256.732892","1.212381","0.031692","1.488984"
"250","390","251.825449","1.210552","0.031907","1.483726"
"260","390","247.102098","1.208719","0.032126","1.478677"
"270","390","242.552672","1.206884","0.032348","1.473824"
"280","390","238.167737","1.20505","0.032574","1.469154"
"290","390","233.938531","1.20322","0.032802","1.464656"
"300","390","229.856903","1.201395","0.033032","1.460318"
"310","390","225.91526","1.199579","0.033265","1.456131"
"320","390","222.106522","1.197772","0.0335","1.452087"
"330","390","218.42408","1.195977","0.033737","1.448177"
"340","390","214.861753","1.194194","0.033975","1.444394"
"350","390","211.413759","1.192424","0.034215","1.440731"
"360","390","208.07468","1.190669","0.034456","1.437184"
"370","390","204.839437","1.18893","0.034697","1.433745"
"380","390","201.703259","1.187206","0.03494","1.43041"
"390","390","198.661666","1.1855","0.035184","1.427174"
"400","390","195.710442","1.183811","0.035429","1.424032"
"410","390","192.845618","1.18214","0.035674","1.420982"
"420","390","190.063455","1.180487","0.035919","1.418018"
"430","390","187.360426","1.178852","0.036166","1.415138"
"440","390","184.733203","1.177236","0.036412","1.412338"
"450","390","182.17864","1.175639","0.036659","1.409615"
"460","390","179.693765","1.174061","0.036906","1.406966"
"470","390","177.275764","1.172503","0.037153","1.404388"
"480","390","174.921973","1.170963","0.037401","1.40188"
"490","390","172.629868","1.169442","0.037648","1.399438"
"500","390","170.397056","1.167941","0.037896","1.397061"
"-100","400","780.316157","1.301466","0.052657","1.888883"
"-90","400","737.710852","1.286199","0.048517","1.89098"
"-80","400","699.517176","1.274957","0.045067","1.88742"
"-70","400","665.083645","1.266866","0.042184","1.878847"
"-60","400","633.881035","1.261188","0.039775","1.866151"
"-50","400","605.474983","1.257307","0.037768","1.850328"
"-40","400","579.505651","1.254728","0.036103","1.832334"
"-30","400","555.672394","1.25306","0.034728","1.812992"
"-20","400","533.722072","1.251999","0.033601","1.792967"
"-10","400","513.440025","1.251315","0.032683","1.772783"
"0","400","494.643026","1.250837","0.031942","1.752842"
"10","400","477.173733","1.250441","0.03135","1.733441"
"20","400","460.896273","1.250042","0.030882","1.714786"
"30","400","445.692702","1.249584","0.030519","1.697004"
"40","400","431.460139","1.249031","0.030243","1.680161"
"50","400","418.10844","1.248361","0.030041","1.664278"
"60","400","405.558285","1.247567","0.0299","1.649343"
"70","400","393.739596","1.246645","0.029811","1.635323"
"80","400","382.590238","1.245599","0.029766","1.622172"
"90","400","372.054915","1.244435","0.029759","1.609837"
"100","400","362.084262","1.243162","0.029783","1.598264"
"110","400","352.634066","1.241788","0.029835","1.587395"
"120","400","343.664613","1.240324","0.02991","1.577178"
"130","400","335.140128","1.238778","0.030005","1.567559"
"140","400","327.028301","1.237161","0.030119","1.558491"
"150","400","319.299876","1.235482","0.030247","1.549929"
"160","400","311.928299","1.233748","0.030389","1.541831"
"170","400","304.889411","1.231968","0.030543","1.534158"
"180","400","298.161188","1.23015","0.030708","1.526878"
"190","400","291.723508","1.228299","0.030881","1.519957"
"200","400","285.557947","1.226422","0.031063","1.513368"
"210","400","279.647609","1.224524","0.031252","1.507084"
"220","400","273.97697","1.22261","0.031447","1.501082"
"230","400","268.531735","1.220686","0.031648","1.495341"
"240","400","263.298728","1.218753","0.031854","1.489842"
"250","400","258.265779","1.216818","0.032065","1.484568"
"260","400","253.421631","1.214882","0.03228","1.479504"
"270","400","248.755855","1.212948","0.032498","1.474634"
"280","400","244.258777","1.211019","0.03272","1.469946"
"290","400","239.921411","1.209098","0.032945","1.46543"
"300","400","235.735397","1.207186","0.033172","1.461074"
"310","400","231.692948","1.205284","0.033402","1.456868"
"320","400","227.786804","1.203395","0.033633","1.452805"
"330","400","224.010184","1.20152","0.033867","1.448877"
"340","400","220.356752","1.19966","0.034103","1.445075"
"350","400","216.820577","1.197816","0.034339","1.441395"
"360","400","213.396103","1.195989","0.034578","1.437829"
"370","400","210.078119","1.194179","0.034817","1.434372"
"380","400","206.861735","1.192388","0.035057","1.431019"
"390","400","203.742355","1.190615","0.035299","1.427766"
"400","400","200.715654","1.188862","0.035541","1.424608"
"410","400","197.777564","1.187128","0.035784","1.421541"
"420","400","194.924248","1.185414","0.036027","1.418561"
"430","400","192.152091","1.183721","0.036271","1.415665"
"440","400","189.457677","1.182047","0.036516","1.412849"
"450","400","186.837783","1.180394","0.036761","1.410111"
"460","400","184.289358","1.178761","0.037006","1.407447"
"470","400","181.809517","1.177148","0.037251","1.404856"
"480","400","179.395529","1.175556","0.037497","1.402333"
"490","400","177.044804","1.173985","0.037743","1.399878"
"500","400","174.754889","1.172433","0.037989","1.397487"
"-100","410","799.774769","1.324598","0.053433","1.878678"
"-90","410","756.107023","1.307896","0.04926","1.880973"
"-80","410","716.960918","1.295301","0.045779","1.877895"
"-70","410","681.668724","1.285943","0.042866","1.870035"
"-60","410","649.688019","1.279087","0.040426","1.858204"
"-50","410","620.573611","1.274121","0.038387","1.843322"
"-40","410","593.956686","1.270549","0.036688","1.826284"
"-30","410","569.529103","1.267977","0.03528","1.807873"
"-20","410","547.03141","1.266097","0.034119","1.788726"
"-10","410","526.243592","1.264674","0.033169","1.769346"
"0","410","506.977856","1.26353","0.032398","1.750124"
"10","410","489.072934","1.262536","0.031777","1.73135"
"20","410","472.389566","1.261599","0.031283","1.713232"
"30","410","456.806866","1.260655","0.030895","1.695904"
"40","410","442.219388","1.259662","0.030598","1.679439"
"50","410","428.53474","1.258594","0.030375","1.66387"
"60","410","415.671623","1.257437","0.030216","1.649193"
"70","410","403.558215","1.256184","0.030111","1.635384"
"80","410","392.130826","1.254834","0.030052","1.622406"
"90","410","381.332786","1.253391","0.030031","1.610212"
"100","410","371.113497","1.251859","0.030043","1.598751"
"110","410","361.427643","1.250246","0.030084","1.587973"
"120","410","352.234519","1.24856","0.030149","1.577827"
"130","410","343.497461","1.246807","0.030235","1.568265"
"140","410","335.183351","1.244996","0.03034","1.55924"
"150","410","327.262203","1.243135","0.030461","1.55071"
"160","410","319.706802","1.24123","0.030595","1.542634"
"170","410","312.492387","1.239289","0.030743","1.534978"
"180","410","305.596384","1.237318","0.030901","1.527706"
"190","410","298.998168","1.235323","0.031068","1.52079"
"200","410","292.678857","1.233308","0.031244","1.5142"
"210","410","286.621135","1.23128","0.031428","1.507913"
"220","410","280.809087","1.229242","0.031618","1.501905"
"230","410","275.228066","1.227199","0.031815","1.496155"
"240","410","269.864565","1.225154","0.032017","1.490646"
"250","410","264.70611","1.223109","0.032223","1.485359"
"260","410","259.741164","1.221069","0.032434","1.480281"
"270","410","254.959038","1.219035","0.032649","1.475396"
"280","410","250.349817","1.21701","0.032867","1.470694"
"290","410","245.904291","1.214996","0.033088","1.466161"
"300","410","241.61389","1.212995","0.033312","1.461789"
"310","410","237.470636","1.211007","0.033538","1.457567"
"320","410","233.467085","1.209035","0.033767","1.453487"
"330","410","229.596288","1.20708","0.033998","1.449542"
"340","410","225.851751","1.205142","0.03423","1.445724"
"350","410","222.227395","1.203222","0.034465","1.442026"
"360","410","218.717526","1.201322","0.0347","1.438444"
"370","410","215.316802","1.199442","0.034937","1.43497"
"380","410","212.020212","1.197581","0.035175","1.431602"
"390","410","208.823044","1.195742","0.035414","1.428332"
"400","410","205.720867","1.193924","0.035654","1.425158"
"410","410","202.709509","1.192127","0.035895","1.422076"
"420","410","199.785041","1.190351","0.036136","1.419081"
"430","410","196.943755","1.188598","0.036378","1.41617"
"440","410","194.182151","1.186866","0.03662","1.413339"
"450","410","191.496925","1.185156","0.036863","1.410587"
"460","410","188.88495","1.183468","0.037106","1.40791"
"470","410","186.34327","1.181801","0.03735","1.405304"
"480","410","183.869085","1.180156","0.037594","1.402769"
"490","410","181.459741","1.178533","0.037838","1.4003"
"500","410","179.112722","1.176932","0.038082","1.397897"
"-100","420","819.233382","1.347681","0.0542","1.868897"
"-90","420","774.503195","1.329567","0.049994","1.871362"
"-80","420","734.40466","1.315641","0.046483","1.868717"
"-70","420","698.253803","1.305037","0.043539","1.861505"
"-60","420","665.495004","1.297022","0.041069","1.85047"
"-50","420","635.672239","1.290987","0.038999","1.83646"
"-40","420","608.407721","1.286434","0.037268","1.820315"
"-30","420","583.385812","1.282968","0.035828","1.802777"
"-20","420","560.340747","1.280276","0.034635","1.784459"
"-10","420","539.04716","1.278119","0.033654","1.765845"
"0","420","519.312686","1.276312","0.032853","1.747312"
"10","420","500.972135","1.274719","0.032204","1.729147"
"20","420","483.882859","1.273242","0.031684","1.711554"
"30","420","467.92103","1.27181","0.031272","1.694672"
"40","420","452.978637","1.270375","0.030953","1.678585"
"50","420","438.96104","1.268905","0.03071","1.66333"
"60","420","425.784962","1.267381","0.030533","1.648914"
"70","420","413.376833","1.265793","0.030412","1.635321"
"80","420","401.671415","1.264136","0.030337","1.62252"
"90","420","390.610657","1.26241","0.030303","1.610471"
"100","420","380.142731","1.260617","0.030303","1.599129"
"110","420","370.221219","1.258762","0.030333","1.588446"
"120","420","360.804426","1.256849","0.030388","1.578377"
"130","420","351.854794","1.254886","0.030465","1.568875"
"140","420","343.3384","1.252879","0.030561","1.559898"
"150","420","335.224531","1.250833","0.030674","1.551405"
"160","420","327.485306","1.248754","0.030802","1.543357"
"170","420","320.095363","1.246649","0.030942","1.53572"
"180","420","313.031579","1.244524","0.031094","1.528463"
"190","420","306.272828","1.242382","0.031256","1.521554"
"200","420","299.799768","1.240228","0.031426","1.514968"
"210","420","293.59466","1.238068","0.031605","1.50868"
"220","420","287.641205","1.235904","0.03179","1.502669"
"230","420","281.924397","1.23374","0.031982","1.496913"
"240","420","276.430401","1.23158","0.032179","1.491396"
"250","420","271.14644","1.229425","0.032382","1.4861"
"260","420","266.060696","1.22728","0.032588","1.48101"
"270","420","261.162221","1.225144","0.032799","1.476114"
"280","420","256.440857","1.223022","0.033014","1.471398"
"290","420","251.887171","1.220914","0.033231","1.466852"
"300","420","247.492384","1.218822","0.033452","1.462465"
"310","420","243.248324","1.216748","0.033675","1.458228"
"320","420","239.147366","1.214691","0.033901","1.454133"
"330","420","235.182393","1.212654","0.034129","1.450173"
"340","420","231.346751","1.210638","0.034359","1.446339"
"350","420","227.634213","1.208642","0.03459","1.442627"
"360","420","224.038948","1.206668","0.034823","1.439029"
"370","420","220.555485","1.204716","0.035057","1.435541"
"380","420","217.178688","1.202786","0.035293","1.432157"
"390","420","213.903732","1.20088","0.035529","1.428873"
"400","420","210.726079","1.198996","0.035767","1.425684"
"410","420","207.641455","1.197135","0.036005","1.422587"
"420","420","204.645834","1.195298","0.036245","1.419578"
"430","420","201.735419","1.193484","0.036485","1.416653"
"440","420","198.906626","1.191693","0.036725","1.413809"
"450","420","196.156067","1.189926","0.036966","1.411043"
"460","420","193.480543","1.188182","0.037207","1.408352"
"470","420","190.877024","1.186461","0.037449","1.405734"
"480","420","188.342641","1.184763","0.037691","1.403186"
"490","420","185.874678","1.183088","0.037934","1.400705"
"500","420","183.470556","1.181435","0.038176","1.39829"
"-100","430","838.691995","1.370715","0.054959","1.859511"
"-90","430","792.899366","1.351208","0.05072","1.862123"
"-80","430","751.848403","1.335972","0.047178","1.859866"
"-70","430","714.838882","1.324141","0.044205","1.853245"
"-60","430","681.301989","1.314986","0.041705","1.842943"
"-50","430","650.770867","1.307897","0.039605","1.829743"
"-40","430","622.858756","1.302377","0.037843","1.814432"
"-30","430","597.242521","1.298026","0.036372","1.797716"
"-20","430","573.650085","1.294529","0.035149","1.780181"
"-10","430","551.850728","1.291641","0.034137","1.762295"
"0","430","531.647516","1.289173","0.033307","1.744424"
"10","430","512.871337","1.286983","0.032631","1.726845"
"20","430","495.376152","1.284965","0.032085","1.709765"
"30","430","479.035194","1.283043","0.03165","1.693323"
"40","430","463.737886","1.281163","0.031308","1.677609"
"50","430","449.38734","1.279289","0.031046","1.662668"
"60","430","435.898301","1.277396","0.030851","1.648515"
"70","430","423.195451","1.27547","0.030713","1.635141"
"80","430","411.212003","1.273502","0.030624","1.622521"
"90","430","399.888528","1.27149","0.030577","1.610621"
"100","430","389.171966","1.269432","0.030564","1.599401"
"110","430","379.014796","1.267331","0.030583","1.588819"
"120","430","369.374333","1.26519","0.030628","1.578832"
"130","430","360.212127","1.263014","0.030696","1.569396"
"140","430","351.49345","1.260806","0.030783","1.560471"
"150","430","343.186858","1.258573","0.030888","1.552019"
"160","430","335.263809","1.256319","0.031009","1.544003"
"170","430","327.698339","1.254048","0.031142","1.53639"
"180","430","320.466775","1.251765","0.031287","1.529149"
"190","430","313.547488","1.249475","0.031443","1.522252"
"200","430","306.920678","1.24718","0.031608","1.515673"
"210","430","300.568186","1.244886","0.031782","1.509388"
"220","430","294.473322","1.242594","0.031962","1.503376"
"230","430","288.620727","1.240308","0.032149","1.497618"
"240","430","282.996237","1.238031","0.032342","1.492095"
"250","430","277.58677","1.235765","0.03254","1.486792"
"260","430","272.380229","1.233512","0.032743","1.481694"
"270","430","267.365404","1.231275","0.03295","1.476787"
"280","430","262.531897","1.229054","0.033161","1.47206"
"290","430","257.870051","1.226851","0.033375","1.467502"
"300","430","253.370878","1.224667","0.033593","1.463103"
"310","430","249.026012","1.222504","0.033813","1.458853"
"320","430","244.827647","1.220363","0.034035","1.454745"
"330","430","240.768497","1.218244","0.03426","1.450771"
"340","430","236.84175","1.216148","0.034487","1.446924"
"350","430","233.041032","1.214075","0.034716","1.443197"
"360","430","229.360371","1.212026","0.034946","1.439585"
"370","430","225.794168","1.210002","0.035178","1.436083"
"380","430","222.337164","1.208002","0.035411","1.432685"
"390","430","218.984421","1.206027","0.035645","1.429388"
"400","430","215.731292","1.204077","0.035881","1.426185"
"410","430","212.573401","1.202152","0.036117","1.423075"
"420","430","209.506628","1.200253","0.036354","1.420052"
"430","430","206.527084","1.198378","0.036592","1.417115"
"440","430","203.6311","1.196528","0.03683","1.414258"
"450","430","200.81521","1.194703","0.037069","1.41148"
"460","430","198.076136","1.192902","0.037309","1.408777"
"470","430","195.410777","1.191127","0.037549","1.406146"
"480","430","192.816197","1.189375","0.037789","1.403586"
"490","430","190.289614","1.187648","0.03803","1.401094"
"500","430","187.828389","1.185945","0.03827","1.398667"
"-100","440","858.150608","1.393698","0.055709","1.850493"
"-90","440","811.295538","1.372817","0.051437","1.853232"
"-80","440","769.292145","1.35629","0.047864","1.851326"
"-70","440","731.423961","1.343252","0.044862","1.845244"
"-60","440","697.108974","1.332973","0.042334","1.835617"
"-50","440","665.869495","1.324845","0.040204","1.823171"
"-40","440","637.309791","1.318369","0.038413","1.808641"
"-30","440","611.09923","1.313143","0.036912","1.792697"
"-20","440","586.959422","1.308848","0.035659","1.775902"
"-10","440","564.654295","1.305235","0.034618","1.758709"
"0","440","543.982346","1.302108","0.03376","1.741471"
"10","440","524.770538","1.299321","0.033057","1.72446"
"20","440","506.869445","1.296762","0.032486","1.707878"
"30","440","490.149358","1.294349","0.032027","1.691868"
"40","440","474.497135","1.292022","0.031664","1.676523"
"50","440","459.81364","1.289741","0.031382","1.661895"
"60","440","446.01164","1.287476","0.03117","1.648005"
"70","440","433.014069","1.285209","0.031016","1.634852"
"80","440","420.752592","1.282928","0.030912","1.622416"
"90","440","409.166399","1.280626","0.03085","1.610669"
"100","440","398.2012","1.2783","0.030826","1.599576"
"110","440","387.808372","1.275951","0.030833","1.589099"
"120","440","377.94424","1.273579","0.030868","1.579197"
"130","440","368.56946","1.271187","0.030927","1.56983"
"140","440","359.6485","1.268777","0.031006","1.560962"
"150","440","351.149185","1.266355","0.031103","1.552555"
"160","440","343.042313","1.263922","0.031216","1.544574"
"170","440","335.301315","1.261483","0.031342","1.536989"
"180","440","327.90197","1.259041","0.031481","1.529769"
"190","440","320.822148","1.2566","0.031631","1.522887"
"200","440","314.041589","1.254162","0.031791","1.516318"
"210","440","307.541711","1.251732","0.031959","1.510039"
"220","440","301.30544","1.249311","0.032134","1.50403"
"230","440","295.317058","1.246902","0.032317","1.498271"
"240","440","289.562073","1.244507","0.032505","1.492745"
"250","440","284.027101","1.242128","0.032699","1.487437"
"260","440","278.699761","1.239767","0.032898","1.482332"
"270","440","273.568587","1.237425","0.033101","1.477418"
"280","440","268.622937","1.235104","0.033309","1.472682"
"290","440","263.85293","1.232805","0.033519","1.468114"
"300","440","259.249372","1.230529","0.033733","1.463704"
"310","440","254.8037","1.228277","0.03395","1.459443"
"320","440","250.507928","1.22605","0.03417","1.455323"
"330","440","246.354601","1.223848","0.034392","1.451337"
"340","440","242.336749","1.221671","0.034616","1.447477"
"350","440","238.44785","1.219521","0.034842","1.443738"
"360","440","234.681794","1.217397","0.03507","1.440114"
"370","440","231.03285","1.2153","0.035299","1.436599"
"380","440","227.495641","1.213229","0.035529","1.433189"
"390","440","224.06511","1.211185","0.035761","1.429878"
"400","440","220.736504","1.209169","0.035994","1.426664"
"410","440","217.505347","1.207179","0.036229","1.423541"
"420","440","214.367421","1.205216","0.036463","1.420506"
"430","440","211.318748","1.20328","0.036699","1.417556"
"440","440","208.355574","1.20137","0.036936","1.414687"
"450","440","205.474352","1.199487","0.037173","1.411897"
"460","440","202.671729","1.19763","0.03741","1.409183"
"470","440","199.94453","1.195799","0.037649","1.406541"
"480","440","197.289753","1.193994","0.037887","1.40397"
"490","440","194.704551","1.192214","0.038126","1.401467"
"500","440","192.186222","1.190459","0.038365","1.399029"
"-100","450","877.609221","1.416629","0.056453","1.841821"
"-90","450","829.691709","1.394392","0.052147","1.84467"
"-80","450","786.735887","1.376592","0.048543","1.843079"
"-70","450","748.00904","1.362363","0.045512","1.83749"
"-60","450","712.915959","1.350976","0.042956","1.828487"
"-50","450","680.968123","1.341823","0.040797","1.816742"
"-40","450","651.760826","1.334403","0.038978","1.802944"
"-30","450","624.955939","1.328311","0.037448","1.787728"
"-20","450","600.26876","1.323226","0.036166","1.771634"
"-10","450","577.457863","1.318891","0.035097","1.755099"
"0","450","556.317176","1.315109","0.034211","1.738467"
"10","450","536.669739","1.311727","0.033482","1.722003"
"20","450","518.362738","1.308626","0.032887","1.705906"
"30","450","501.263522","1.305721","0.032405","1.690318"
"40","450","485.256384","1.302947","0.032021","1.675337"
"50","450","470.23994","1.300257","0.03172","1.66102"
"60","450","456.124978","1.297617","0.031489","1.647394"
"70","450","442.832687","1.295007","0.031319","1.634462"
"80","450","430.29318","1.292409","0.0312","1.622213"
"90","450","418.44427","1.289815","0.031125","1.610622"
"100","450","407.230434","1.28722","0.031088","1.599659"
"110","450","396.601949","1.284619","0.031085","1.589289"
"120","450","386.514146","1.282014","0.031109","1.579477"
"130","450","376.926793","1.279403","0.031158","1.570184"
"140","450","367.80355","1.276789","0.031228","1.561376"
"150","450","359.111513","1.274175","0.031317","1.553017"
"160","450","350.820816","1.271561","0.031423","1.545075"
"170","450","342.904291","1.268952","0.031543","1.537521"
"180","450","335.337166","1.266349","0.031675","1.530325"
"190","450","328.096808","1.263756","0.031819","1.52346"
"200","450","321.162499","1.261174","0.031973","1.516904"
"210","450","314.515237","1.258606","0.032136","1.510634"
"220","450","308.137558","1.256054","0.032307","1.50463"
"230","450","302.013389","1.253519","0.032484","1.498874"
"240","450","296.127909","1.251005","0.032668","1.493348"
"250","450","290.467431","1.248512","0.032858","1.488037"
"260","450","285.019294","1.246041","0.033053","1.482928"
"270","450","279.771769","1.243595","0.033253","1.478008"
"280","450","274.713977","1.241173","0.033456","1.473265"
"290","450","269.83581","1.238777","0.033664","1.468689"
"300","450","265.127866","1.236408","0.033874","1.46427"
"310","450","260.581388","1.234066","0.034088","1.459999"
"320","450","256.18821","1.231751","0.034305","1.455869"
"330","450","251.940706","1.229465","0.034524","1.451872"
"340","450","247.831748","1.227208","0.034745","1.448002"
"350","450","243.854668","1.224979","0.034968","1.444251"
"360","450","240.003217","1.222779","0.035193","1.440616"
"370","450","236.271533","1.220608","0.03542","1.437089"
"380","450","232.654117","1.218466","0.035648","1.433667"
"390","450","229.145799","1.216353","0.035878","1.430345"
"400","450","225.741717","1.214269","0.036109","1.427119"
"410","450","222.437293","1.212214","0.036341","1.423984"
"420","450","219.228214","1.210187","0.036573","1.420938"
"430","450","216.110413","1.208189","0.036807","1.417977"
"440","450","213.080048","1.20622","0.037042","1.415097"
"450","450","210.133495","1.204278","0.037277","1.412296"
"460","450","207.267321","1.202364","0.037512","1.409571"
"470","450","204.478284","1.200477","0.037749","1.406919"
"480","450","201.76331","1.198618","0.037986","1.404337"
"490","450","199.119487","1.196785","0.038223","1.401824"
"500","450","196.544056","1.194979","0.03846","1.399376"
"-100","460","897.067834","1.439508","0.05719","1.833472"
"-90","460","848.087881","1.41593","0.052849","1.836416"
"-80","460","804.179629","1.396874","0.049215","1.835111"
"-70","460","764.59412","1.381471","0.046155","1.829974"
"-60","460","728.722943","1.368991","0.043571","1.821547"
"-50","460","696.066751","1.358826","0.041385","1.810456"
"-40","460","666.211861","1.350473","0.039538","1.797344"
"-30","460","638.812648","1.343525","0.03798","1.782814"
"-20","460","613.578097","1.337655","0.03667","1.767383"
"-10","460","590.26143","1.332605","0.035574","1.751475"
"0","460","568.652006","1.328171","0.034662","1.735423"
"10","460","548.56894","1.324194","0.033907","1.719486"
"20","460","529.856031","1.320554","0.033287","1.703858"
"30","460","512.377686","1.317156","0.032783","1.688683"
"40","460","496.015633","1.313932","0.032378","1.674061"
"50","460","480.66624","1.310831","0.032057","1.660051"
"60","460","466.238317","1.307816","0.031809","1.646688"
"70","460","452.651305","1.30486","0.031622","1.633979"
"80","460","439.833769","1.301944","0.031489","1.621918"
"90","460","427.722141","1.299056","0.0314","1.610485"
"100","460","416.259669","1.296187","0.031351","1.599655"
"110","460","405.395525","1.293333","0.031336","1.589397"
"120","460","395.084053","1.290492","0.03135","1.579676"
"130","460","385.284126","1.287661","0.03139","1.570461"
"140","460","375.958599","1.28484","0.031451","1.561715"
"150","460","367.07384","1.282032","0.031532","1.553409"
"160","460","358.59932","1.279236","0.031631","1.54551"
"170","460","350.507267","1.276454","0.031744","1.537989"
"180","460","342.772361","1.273689","0.03187","1.530819"
"190","460","335.371468","1.270941","0.032008","1.523976"
"200","460","328.28341","1.268213","0.032156","1.517436"
"210","460","321.488762","1.265506","0.032313","1.511177"
"220","460","314.969675","1.262821","0.032479","1.505181"
"230","460","308.70972","1.260161","0.032652","1.499429"
"240","460","302.693745","1.257526","0.032832","1.493905"
"250","460","296.907761","1.254917","0.033017","1.488594"
"260","460","291.338827","1.252336","0.033208","1.483482"
"270","460","285.974952","1.249783","0.033404","1.478558"
"280","460","280.805017","1.247259","0.033604","1.47381"
"290","460","275.81869","1.244765","0.033808","1.469227"
"300","460","271.00636","1.242302","0.034015","1.464801"
"310","460","266.359076","1.239869","0.034226","1.460522"
"320","460","261.868491","1.237467","0.03444","1.456383"
"330","460","257.52681","1.235096","0.034656","1.452377"
"340","460","253.326748","1.232756","0.034874","1.448497"
"350","460","249.261487","1.230448","0.035095","1.444737"
"360","460","245.324639","1.228172","0.035317","1.441091"
"370","460","241.510216","1.225927","0.035541","1.437554"
"380","460","237.812593","1.223713","0.035767","1.434121"
"390","460","234.226488","1.22153","0.035995","1.430789"
"400","460","230.746929","1.219378","0.036223","1.427552"
"410","460","227.369239","1.217257","0.036453","1.424407"
"420","460","224.089007","1.215167","0.036684","1.42135"
"430","460","220.902077","1.213106","0.036915","1.418378"
"440","460","217.804523","1.211076","0.037148","1.415488"
"450","460","214.792637","1.209075","0.037381","1.412677"
"460","460","211.862914","1.207104","0.037615","1.409942"
"470","460","209.012037","1.205161","0.037849","1.407279"
"480","460","206.236866","1.203247","0.038084","1.404688"
"490","460","203.534424","1.201361","0.03832","1.402165"
"500","460","200.901889","1.199503","0.038556","1.399708"
"-100","470","916.526446","1.462333","0.05792","1.825427"
"-90","470","866.484052","1.437431","0.053545","1.828453"
"-80","470","821.623371","1.417134","0.04988","1.827408"
"-70","470","781.179199","1.400572","0.046791","1.822685"
"-60","470","744.529928","1.387014","0.044179","1.814791"
"-50","470","711.165378","1.375849","0.041967","1.804309"
"-40","470","680.662896","1.366574","0.040092","1.791841"
"-30","470","652.669357","1.358778","0.038508","1.777959"
"-20","470","626.887435","1.352131","0.037171","1.763157"
"-10","470","603.064998","1.34637","0.036049","1.747846"
"0","470","580.986836","1.341287","0.03511","1.732349"
"10","470","560.468141","1.336719","0.034331","1.716918"
"20","470","541.349324","1.332538","0.033687","1.701745"
"30","470","523.49185","1.328648","0.033161","1.686973"
"40","470","506.774882","1.324974","0.032735","1.672702"
"50","470","491.09254","1.321461","0.032395","1.658997"
"60","470","476.351656","1.318068","0.032129","1.645895"
"70","470","462.469923","1.314764","0.031927","1.633409"
"80","470","449.374357","1.311528","0.031778","1.621537"
"90","470","437.000012","1.308343","0.031676","1.610265"
"100","470","425.288903","1.3052","0.031615","1.59957"
"110","470","414.189101","1.302091","0.031588","1.589425"
"120","470","403.65396","1.299011","0.031592","1.5798"
"130","470","393.641459","1.295957","0.031622","1.570664"
"140","470","384.113649","1.292928","0.031675","1.561986"
"150","470","375.036167","1.289924","0.031748","1.553734"
"160","470","366.377823","1.286943","0.031839","1.54588"
"170","470","358.110243","1.283988","0.031945","1.538396"
"180","470","350.207556","1.281058","0.032064","1.531256"
"190","470","342.646128","1.278154","0.032196","1.524436"
"200","470","335.40432","1.275278","0.032339","1.517914"
"210","470","328.462287","1.272431","0.032491","1.51167"
"220","470","321.801793","1.269612","0.032652","1.505683"
"230","470","315.40605","1.266824","0.03282","1.499938"
"240","470","309.259581","1.264067","0.032995","1.494418"
"250","470","303.348092","1.261342","0.033177","1.489108"
"260","470","297.658359","1.258649","0.033364","1.483997"
"270","470","292.178135","1.255989","0.033556","1.47907"
"280","470","286.896057","1.253363","0.033752","1.474318"
"290","470","281.80157","1.25077","0.033953","1.469731"
"300","470","276.884854","1.248211","0.034157","1.465299"
"310","470","272.136764","1.245686","0.034364","1.461014"
"320","470","267.548772","1.243195","0.034575","1.456867"
"330","470","263.112914","1.240739","0.034788","1.452853"
"340","470","258.821747","1.238317","0.035004","1.448965"
"350","470","254.668305","1.235929","0.035221","1.445195"
"360","470","250.646062","1.233575","0.035441","1.44154"
"370","470","246.748899","1.231255","0.035663","1.437994"
"380","470","242.97107","1.228969","0.035887","1.434552"
"390","470","239.307177","1.226716","0.036111","1.43121"
"400","470","235.752142","1.224496","0.036338","1.427963"
"410","470","232.301184","1.222308","0.036565","1.424809"
"420","470","228.9498","1.220154","0.036794","1.421742"
"430","470","225.693741","1.218031","0.037024","1.418761"
"440","470","222.528997","1.215939","0.037254","1.415861"
"450","470","219.451779","1.213879","0.037485","1.41304"
"460","470","216.458507","1.21185","0.037717","1.410295"
"470","470","213.54579","1.209851","0.03795","1.407624"
"480","470","210.710422","1.207882","0.038183","1.405023"
"490","470","207.94936","1.205942","0.038417","1.402491"
"500","470","205.259722","1.204032","0.038651","1.400025"
"-100","480","935.985059","1.485106","0.058644","1.817667"
"-90","480","884.880224","1.458893","0.054234","1.820764"
"-80","480","839.067114","1.43737","0.050538","1.819955"
"-70","480","797.764278","1.419663","0.047421","1.815612"
"-60","480","760.336913","1.40504","0.044782","1.808213"
"-50","480","726.264006","1.392887","0.042543","1.798299"
"-40","480","695.113931","1.3827","0.040642","1.786437"
"-30","480","666.526066","1.374065","0.039031","1.773166"
"-20","480","640.196773","1.366648","0.037669","1.758961"
"-10","480","615.868565","1.360182","0.036521","1.744218"
"0","480","593.321666","1.354453","0.035557","1.729252"
"10","480","572.367342","1.349295","0.034753","1.714308"
"20","480","552.842616","1.344576","0.034087","1.699576"
"30","480","534.606014","1.340193","0.033539","1.685196"
"40","480","517.534131","1.336069","0.033093","1.67127"
"50","480","501.51884","1.332143","0.032734","1.657866"
"60","480","486.464995","1.32837","0.03245","1.645022"
"70","480","472.288541","1.324717","0.032231","1.632759"
"80","480","458.914945","1.321158","0.032068","1.621077"
"90","480","446.277882","1.317675","0.031953","1.609966"
"100","480","434.318137","1.314255","0.031879","1.599408"
"110","480","422.982678","1.310888","0.031841","1.58938"
"120","480","412.223866","1.307568","0.031835","1.579853"
"130","480","401.998792","1.30429","0.031855","1.570799"
"140","480","392.268699","1.301051","0.031899","1.562189"
"150","480","382.998495","1.297849","0.031964","1.553995"
"160","480","374.156327","1.294682","0.032047","1.546189"
"170","480","365.713219","1.291551","0.032146","1.538744"
"180","480","357.642752","1.288455","0.032259","1.531637"
"190","480","349.920788","1.285394","0.032385","1.524843"
"200","480","342.525231","1.282369","0.032522","1.518342"
"210","480","335.435813","1.27938","0.032669","1.512113"
"220","480","328.633911","1.276426","0.032825","1.506139"
"230","480","322.102381","1.273509","0.032988","1.500403"
"240","480","315.825418","1.270629","0.033159","1.494888"
"250","480","309.788422","1.267786","0.033336","1.489583"
"260","480","303.977892","1.26498","0.033519","1.484472"
"270","480","298.381318","1.262212","0.033708","1.479546"
"280","480","292.987098","1.259482","0.0339","1.474792"
"290","480","287.78445","1.256789","0.034097","1.470201"
"300","480","282.763348","1.254134","0.034298","1.465765"
"310","480","277.914453","1.251517","0.034503","1.461474"
"320","480","273.229053","1.248937","0.03471","1.457322"
"330","480","268.699018","1.246395","0.03492","1.453301"
"340","480","264.316746","1.243889","0.035133","1.449405"
"350","480","260.075123","1.241421","0.035348","1.445628"
"360","480","255.967485","1.238989","0.035566","1.441965"
"370","480","251.987581","1.236594","0.035785","1.438411"
"380","480","248.129546","1.234234","0.036006","1.43496"
"390","480","244.387865","1.23191","0.036229","1.431609"
"400","480","240.757354","1.229621","0.036453","1.428354"
"410","480","237.23313","1.227367","0.036678","1.42519"
"420","480","233.810594","1.225148","0.036905","1.422115"
"430","480","230.485406","1.222962","0.037132","1.419125"
"440","480","227.253471","1.220809","0.037361","1.416216"
"450","480","224.110922","1.218689","0.03759","1.413387"
"460","480","221.054099","1.216601","0.03782","1.410633"
"470","480","218.079544","1.214546","0.038051","1.407953"
"480","480","215.183978","1.212522","0.038283","1.405344"
"490","480","212.364297","1.210528","0.038515","1.402803"
"500","480","209.617555","1.208565","0.038747","1.400329"
"-100","490","955.443672","1.507824","0.059362","1.810175"
"-90","490","903.276395","1.480314","0.054917","1.813334"
"-80","490","856.510856","1.45758","0.05119","1.812739"
"-70","490","814.349357","1.438742","0.048045","1.808748"
"-60","490","776.143898","1.423065","0.045379","1.801806"
"-50","490","741.362634","1.409937","0.043114","1.792424"
"-40","490","709.564966","1.398848","0.041188","1.781131"
"-30","490","680.382775","1.389381","0.039551","1.768438"
"-20","490","653.50611","1.381201","0.038163","1.7548"
"-10","490","628.672133","1.374034","0.03699","1.740599"
"0","490","605.656496","1.367664","0.036002","1.72614"
"10","490","584.266544","1.361918","0.035175","1.711665"
"20","490","564.335909","1.356661","0.034486","1.697359"
"30","490","545.720177","1.351787","0.033917","1.683361"
"40","490","528.29338","1.347211","0.03345","1.669772"
"50","490","511.945139","1.342872","0.033073","1.656663"
"60","490","496.578334","1.338719","0.032772","1.644076"
"70","490","482.10716","1.334715","0.032537","1.632034"
"80","490","468.455534","1.330832","0.032359","1.620542"
"90","490","455.555753","1.327049","0.03223","1.609594"
"100","490","443.347372","1.323351","0.032144","1.599175"
"110","490","431.776254","1.319725","0.032095","1.589264"
"120","490","420.793773","1.316163","0.032077","1.579838"
"130","490","410.356125","1.312658","0.032088","1.570869"
"140","490","400.423749","1.309207","0.032123","1.56233"
"150","490","390.960822","1.305805","0.03218","1.554196"
"160","490","381.93483","1.302451","0.032256","1.54644"
"170","490","373.316195","1.299143","0.032348","1.539037"
"180","490","365.077947","1.295879","0.032454","1.531964"
"190","490","357.195448","1.29266","0.032574","1.525199"
"200","490","349.646141","1.289484","0.032705","1.518721"
"210","490","342.409338","1.286351","0.032847","1.51251"
"220","490","335.466028","1.283262","0.032998","1.50655"
"230","490","328.798712","1.280215","0.033157","1.500825"
"240","490","322.391254","1.27721","0.033323","1.495318"
"250","490","316.228752","1.274248","0.033496","1.490018"
"260","490","310.297424","1.271329","0.033675","1.484911"
"270","490","304.584501","1.268452","0.033859","1.479985"
"280","490","299.078138","1.265617","0.034049","1.475231"
"290","490","293.76733","1.262823","0.034242","1.470639"
"300","490","288.641842","1.260071","0.03444","1.466199"
"310","490","283.692141","1.257361","0.034641","1.461905"
"320","490","278.909335","1.254691","0.034845","1.457748"
"330","490","274.285123","1.252062","0.035053","1.453721"
"340","490","269.811746","1.249472","0.035263","1.449819"
"350","490","265.481941","1.246923","0.035476","1.446036"
"360","490","261.288908","1.244413","0.03569","1.442366"
"370","490","257.226264","1.241941","0.035907","1.438804"
"380","490","253.288022","1.239508","0.036126","1.435346"
"390","490","249.468554","1.237113","0.036346","1.431987"
"400","490","245.762567","1.234755","0.036568","1.428724"
"410","490","242.165076","1.232434","0.036791","1.425553"
"420","490","238.671387","1.230148","0.037015","1.422469"
"430","490","235.27707","1.227899","0.037241","1.419471"
"440","490","231.977945","1.225684","0.037468","1.416554"
"450","490","228.770064","1.223505","0.037695","1.413716"
"460","490","225.649692","1.221359","0.037924","1.410954"
"470","490","222.613297","1.219246","0.038153","1.408266"
"480","490","219.657534","1.217166","0.038382","1.405649"
"490","490","216.779233","1.215119","0.038613","1.4031"
"500","490","213.975389","1.213103","0.038844","1.400618"
"-100","500","974.902285","1.530489","0.060074","1.802937"
"-90","500","921.672567","1.501695","0.055594","1.806149"
"-80","500","873.954598","1.477761","0.051836","1.80575"
"-70","500","830.934436","1.457805","0.048663","1.802082"
"-60","500","791.950883","1.441088","0.04597","1.795566"
"-50","500","756.461262","1.426994","0.043679","1.786681"
"-40","500","724.016001","1.415012","0.041728","1.775923"
"-30","500","694.239484","1.404723","0.040067","1.763777"
"-20","500","666.815448","1.395785","0.038655","1.750678"
"-10","500","641.475701","1.387923","0.037457","1.736993"
"0","500","617.991326","1.380915","0.036446","1.72302"
"10","500","596.165745","1.374584","0.035595","1.708996"
"20","500","575.829202","1.368791","0.034884","1.695101"
"30","500","556.834341","1.363425","0.034294","1.681473"
"40","500","539.052629","1.358399","0.033808","1.668215"
"50","500","522.371439","1.353645","0.033412","1.655396"
"60","500","506.691672","1.34911","0.033094","1.643063"
"70","500","491.925778","1.344755","0.032843","1.631241"
"80","500","477.996122","1.340547","0.03265","1.619939"
"90","500","464.833624","1.336463","0.032508","1.609154"
"100","500","452.376606","1.332484","0.032409","1.598875"
"110","500","440.569831","1.328597","0.032349","1.589083"
"120","500","429.36368","1.324792","0.032321","1.579759"
"130","500","418.713458","1.321059","0.032322","1.570876"
"140","500","408.578799","1.317394","0.032348","1.562412"
"150","500","398.923149","1.313792","0.032397","1.55434"
"160","500","389.713334","1.310248","0.032465","1.546636"
"170","500","380.919171","1.306761","0.03255","1.539277"
"180","500","372.513143","1.303329","0.03265","1.532241"
"190","500","364.470108","1.29995","0.032764","1.525506"
"200","500","356.767052","1.296622","0.032889","1.519053"
"210","500","349.382864","1.293345","0.033025","1.512863"
"220","500","342.298146","1.290118","0.033171","1.506919"
"230","500","335.495042","1.286939","0.033325","1.501206"
"240","500","328.95709","1.28381","0.033487","1.495709"
"250","500","322.669083","1.280728","0.033656","1.490416"
"260","500","316.616957","1.277694","0.033831","1.485313"
"270","500","310.787684","1.274707","0.034012","1.48039"
"280","500","305.169178","1.271766","0.034197","1.475637"
"290","500","299.75021","1.268871","0.034387","1.471045"
"300","500","294.520336","1.266022","0.034582","1.466604"
"310","500","289.469829","1.263217","0.03478","1.462306"
"320","500","284.589616","1.260457","0.034981","1.458146"
"330","500","279.871227","1.25774","0.035186","1.454115"
"340","500","275.306745","1.255066","0.035393","1.450208"
"350","500","270.88876","1.252435","0.035603","1.446419"
"360","500","266.61033","1.249846","0.035815","1.442743"
"370","500","262.464947","1.247298","0.036029","1.439175"
"380","500","258.446499","1.244791","0.036246","1.43571"
"390","500","254.549243","1.242324","0.036464","1.432345"
"400","500","250.767779","1.239896","0.036683","1.429075"
"410","500","247.097022","1.237507","0.036904","1.425896"
"420","500","243.53218","1.235156","0.037127","1.422805"
"430","500","240.068734","1.232843","0.03735","1.419799"
"440","500","236.70242","1.230566","0.037575","1.416875"
"450","500","233.429206","1.228326","0.0378","1.414029"
"460","500","230.245285","1.226121","0.038027","1.41126"
"470","500","227.147051","1.223951","0.038254","1.408564"
"480","500","224.13109","1.221815","0.038482","1.40594"
"490","500","221.19417","1.219713","0.038711","1.403384"
"500","500","218.333222","1.217644","0.03894","1.400894"
