"1.01","Methane","C H4","15/05/2015"
"-100","0","1.129124","0.990217","0.006708","1.343117"
"-90","0","1.067474","0.991701","0.00708","1.341023"
"-80","0","1.012207","0.992908","0.007448","1.338993"
"-70","0","0.962381","0.9939","0.007812","1.336917"
"-60","0","0.917231","0.994725","0.008172","1.334711"
"-50","0","0.876127","0.995416","0.008527","1.332312"
"-40","0","0.838549","0.996002","0.008879","1.329676"
"-30","0","0.804063","0.9965","0.009227","1.326777"
"-20","0","0.7723","0.996928","0.00957","1.323602"
"-10","0","0.742952","0.997297","0.00991","1.320153"
"0","0","0.715753","0.997617","0.010245","1.316442"
"10","0","0.690474","0.997896","0.010577","1.312488"
"20","0","0.666921","0.998141","0.010905","1.308321"
"30","0","0.644921","0.998356","0.011229","1.303969"
"40","0","0.624326","0.998546","0.011549","1.299467"
"50","0","0.605006","0.998714","0.011865","1.294848"
"60","0","0.586846","0.998863","0.012178","1.290146"
"70","0","0.569744","0.998997","0.012487","1.285391"
"80","0","0.553611","0.999116","0.012793","1.280612"
"90","0","0.538367","0.999223","0.013096","1.275836"
"100","0","0.523939","0.999319","0.013395","1.271086"
"110","0","0.510264","0.999405","0.01369","1.266381"
"120","0","0.497286","0.999484","0.013983","1.261738"
"130","0","0.484951","0.999554","0.014272","1.257172"
"140","0","0.473213","0.999618","0.014559","1.252693"
"150","0","0.46203","0.999676","0.014842","1.24831"
"160","0","0.451363","0.999729","0.015122","1.24403"
"170","0","0.441177","0.999777","0.015399","1.239857"
"180","0","0.431442","0.999821","0.015674","1.235796"
"190","0","0.422126","0.999861","0.015946","1.231848"
"200","0","0.413205","0.999898","0.016214","1.228013"
"210","0","0.404652","0.999932","0.016481","1.224292"
"220","0","0.396447","0.999962","0.016744","1.220684"
"230","0","0.388568","0.999991","0.017005","1.217186"
"240","0","0.380995","1.000017","0.017264","1.213798"
"250","0","0.373713","1.00004","0.01752","1.210516"
"260","0","0.366703","1.000062","0.017773","1.207338"
"270","0","0.359952","1.000083","0.018024","1.204261"
"280","0","0.353444","1.000101","0.018273","1.201282"
"290","0","0.347168","1.000118","0.018519","1.198398"
"300","0","0.341111","1.000134","0.018763","1.195605"
"310","0","0.335262","1.000149","0.019005","1.192901"
"320","0","0.329609","1.000162","0.019245","1.190283"
"330","0","0.324145","1.000174","0.019482","1.187747"
"340","0","0.318858","1.000186","0.019717","1.18529"
"350","0","0.313741","1.000196","0.019951","1.18291"
"-100","10","12.27271","0.883588","0.00684","1.50178"
"-90","10","11.60262","0.903325","0.007229","1.468117"
"-80","10","11.001914","0.918673","0.007605","1.443739"
"-70","10","10.460348","0.930892","0.007973","1.425051"
"-60","10","9.969598","0.940799","0.008334","1.410039"
"-50","10","9.522831","0.948953","0.008689","1.397486"
"-40","10","9.114389","0.955745","0.009039","1.386618"
"-30","10","8.739543","0.961463","0.009384","1.376922"
"-20","10","8.394311","0.966318","0.009725","1.368053"
"-10","10","8.075317","0.970473","0.010061","1.359775"
"0","10","7.779681","0.974054","0.010394","1.351927"
"10","10","7.504926","0.977157","0.010723","1.344399"
"20","10","7.248916","0.979862","0.011047","1.337121"
"30","10","7.009796","0.982231","0.011368","1.330047"
"40","10","6.785949","0.984314","0.011685","1.323148"
"50","10","6.575955","0.986155","0.011999","1.316411"
"60","10","6.378568","0.987786","0.012309","1.309828"
"70","10","6.192685","0.989237","0.012615","1.303399"
"80","10","6.017329","0.990532","0.012919","1.297124"
"90","10","5.851631","0.991691","0.013218","1.291009"
"100","10","5.694814","0.99273","0.013515","1.285055"
"110","10","5.546182","0.993665","0.013808","1.279267"
"120","10","5.405112","0.994508","0.014099","1.273647"
"130","10","5.27104","0.995269","0.014386","1.268197"
"140","10","5.143458","0.995959","0.01467","1.262918"
"150","10","5.021907","0.996584","0.014951","1.257808"
"160","10","4.905967","0.997152","0.015229","1.252868"
"170","10","4.795261","0.997669","0.015505","1.248093"
"180","10","4.68944","0.99814","0.015777","1.243483"
"190","10","4.588189","0.998569","0.016047","1.239033"
"200","10","4.491218","0.998962","0.016314","1.234739"
"210","10","4.398261","0.999321","0.016579","1.230596"
"220","10","4.309074","0.99965","0.016841","1.2266"
"230","10","4.223432","0.999952","0.0171","1.222747"
"240","10","4.141128","1.000229","0.017357","1.21903"
"250","10","4.06197","1.000483","0.017611","1.215445"
"260","10","3.985782","1.000717","0.017863","1.211988"
"270","10","3.912399","1.000932","0.018113","1.208652"
"280","10","3.84167","1.00113","0.01836","1.205433"
"290","10","3.773453","1.001312","0.018605","1.202326"
"300","10","3.707615","1.00148","0.018848","1.199327"
"310","10","3.644036","1.001635","0.019088","1.196431"
"320","10","3.582601","1.001777","0.019327","1.193634"
"330","10","3.523203","1.001909","0.019563","1.190931"
"340","10","3.465742","1.002031","0.019797","1.188319"
"350","10","3.410126","1.002143","0.020029","1.185793"
"-100","20","23.416297","0.746517","0.007085","1.892506"
"-90","20","22.137766","0.798093","0.007488","1.712104"
"-80","20","20.991622","0.834405","0.00786","1.616758"
"-70","20","19.958315","0.861703","0.008218","1.556444"
"-60","20","19.021965","0.883013","0.008569","1.514281"
"-50","20","18.169535","0.900084","0.008913","1.482737"
"-40","20","17.390228","0.914024","0.009253","1.457904"
"-30","20","16.675023","0.925581","0.009589","1.437544"
"-20","20","16.016321","0.935279","0.009921","1.420291"
"-10","20","15.407683","0.943499","0.01025","1.405266"
"0","20","14.843609","0.950528","0.010575","1.391885"
"10","20","14.319378","0.956582","0.010897","1.379751"
"20","20","13.830912","0.961831","0.011216","1.368588"
"30","20","13.374672","0.966407","0.011531","1.358202"
"40","20","12.947571","0.970418","0.011843","1.348456"
"50","20","12.546903","0.973948","0.012151","1.339251"
"60","20","12.170289","0.977069","0.012457","1.330516"
"70","20","11.815625","0.979838","0.012759","1.3222"
"80","20","11.481047","0.982304","0.013058","1.314262"
"90","20","11.164895","0.984506","0.013354","1.306673"
"100","20","10.865689","0.986478","0.013647","1.29941"
"110","20","10.5821","0.98825","0.013937","1.292454"
"120","20","10.312938","0.989844","0.014224","1.285789"
"130","20","10.05713","0.991283","0.014508","1.279401"
"140","20","9.813704","0.992585","0.014789","1.273277"
"150","20","9.581784","0.993763","0.015068","1.267405"
"160","20","9.360572","0.994833","0.015344","1.261776"
"170","20","9.149344","0.995806","0.015616","1.256377"
"180","20","8.947439","0.996691","0.015887","1.251199"
"190","20","8.754252","0.997499","0.016154","1.246232"
"200","20","8.569231","0.998236","0.016419","1.241466"
"210","20","8.39187","0.998911","0.016682","1.236892"
"220","20","8.221701","0.999528","0.016942","1.232502"
"230","20","8.058296","1.000093","0.017199","1.228286"
"240","20","7.90126","1.000612","0.017454","1.224236"
"250","20","7.750228","1.001087","0.017707","1.220345"
"260","20","7.604861","1.001525","0.017957","1.216605"
"270","20","7.464847","1.001927","0.018205","1.213008"
"280","20","7.329896","1.002296","0.018451","1.209548"
"290","20","7.199737","1.002637","0.018694","1.206218"
"300","20","7.07412","1.00295","0.018936","1.203012"
"310","20","6.952811","1.003239","0.019175","1.199924"
"320","20","6.835593","1.003505","0.019412","1.196948"
"330","20","6.722261","1.003751","0.019647","1.194078"
"340","20","6.612626","1.003977","0.01988","1.191311"
"350","20","6.50651","1.004186","0.02011","1.18864"
"-100","30","34.559883","0.113451","0.036985","2.782403"
"-90","30","32.672911","0.657017","0.008013","2.422862"
"-80","30","30.981329","0.733859","0.008298","1.957993"
"-70","30","29.456282","0.783875","0.008599","1.770937"
"-60","30","28.074331","0.820354","0.008909","1.665914"
"-50","30","26.816239","0.848416","0.009222","1.597426"
"-40","30","25.666068","0.870722","0.009537","1.54855"
"-30","30","24.610503","0.888863","0.009852","1.51143"
"-20","30","23.638332","0.903872","0.010167","1.481896"
"-10","30","22.740048","0.916457","0.010481","1.457527"
"0","30","21.907537","0.927126","0.010793","1.436826"
"10","30","21.133829","0.936253","0.011104","1.418822"
"20","30","20.412907","0.944122","0.011412","1.402863"
"30","30","19.739547","0.950951","0.011718","1.388496"
"40","30","19.109193","0.956912","0.012022","1.375404"
"50","30","18.517852","0.962143","0.012324","1.363355"
"60","30","17.96201","0.966754","0.012622","1.352182"
"70","30","17.438565","0.970835","0.012919","1.341756"
"80","30","16.944765","0.974461","0.013212","1.331983"
"90","30","16.47816","0.977694","0.013503","1.322788"
"100","30","16.036564","0.980585","0.013791","1.314111"
"110","30","15.618018","0.983177","0.014077","1.305905"
"120","30","15.220765","0.985508","0.01436","1.29813"
"130","30","14.843219","0.987609","0.01464","1.290752"
"140","30","14.48395","0.989506","0.014918","1.283743"
"150","30","14.141661","0.991223","0.015193","1.277077"
"160","30","13.815177","0.992781","0.015465","1.270732"
"170","30","13.503427","0.994195","0.015735","1.264688"
"180","30","13.205437","0.995482","0.016002","1.258926"
"190","30","12.920315","0.996655","0.016267","1.253429"
"200","30","12.647245","0.997725","0.01653","1.248181"
"210","30","12.385478","0.998703","0.01679","1.243169"
"220","30","12.134328","0.999597","0.017047","1.238377"
"230","30","11.893161","1.000416","0.017303","1.233795"
"240","30","11.661393","1.001166","0.017555","1.229409"
"250","30","11.438486","1.001855","0.017806","1.225209"
"260","30","11.22394","1.002487","0.018054","1.221184"
"270","30","11.017295","1.003068","0.018301","1.217325"
"280","30","10.818121","1.003602","0.018545","1.213623"
"290","30","10.626021","1.004094","0.018786","1.21007"
"300","30","10.440624","1.004546","0.019026","1.206656"
"310","30","10.261586","1.004962","0.019264","1.203376"
"320","30","10.088584","1.005346","0.019499","1.200221"
"330","30","9.921319","1.0057","0.019733","1.197185"
"340","30","9.75951","1.006025","0.019964","1.194263"
"350","30","9.602895","1.006326","0.020194","1.191449"
"-100","40","45.703469","0.147048","0.03865","2.59524"
"-90","40","43.208057","0.159771","0.029883","3.740614"
"-80","40","40.971037","0.599066","0.009223","2.984125"
"-70","40","38.954249","0.692983","0.009233","2.175991"
"-60","40","37.126698","0.751472","0.009413","1.90113"
"-50","40","35.462943","0.793572","0.009649","1.756458"
"-40","40","33.941907","0.825808","0.009911","1.665415"
"-30","40","32.545983","0.851404","0.010187","1.601944"
"-20","40","31.260343","0.872229","0.010471","1.554573"
"-10","40","30.072414","0.88948","0.01076","1.517429"
"0","40","28.971465","0.90397","0.011052","1.487182"
"10","40","27.948281","0.916277","0.011345","1.46181"
"20","40","26.994903","0.926826","0.011639","1.440014"
"30","40","26.104423","0.935938","0.011932","1.420929"
"40","40","25.270815","0.943862","0.012225","1.403955"
"50","40","24.4888","0.950792","0.012516","1.38867"
"60","40","23.753732","0.956885","0.012806","1.374763"
"70","40","23.061506","0.962265","0.013095","1.362009"
"80","40","22.408483","0.967035","0.013381","1.350232"
"90","40","21.791424","0.97128","0.013665","1.339301"
"100","40","21.207439","0.975071","0.013947","1.329111"
"110","40","20.653936","0.978465","0.014228","1.319577"
"120","40","20.128591","0.981513","0.014505","1.310631"
"130","40","19.629308","0.984257","0.014781","1.302217"
"140","40","19.154195","0.986734","0.015054","1.294285"
"150","40","18.701538","0.988973","0.015325","1.286796"
"160","40","18.269781","0.991001","0.015594","1.279714"
"170","40","17.85751","0.992843","0.01586","1.273007"
"180","40","17.463435","0.994517","0.016124","1.266647"
"190","40","17.086377","0.996041","0.016386","1.260609"
"200","40","16.725258","0.997431","0.016645","1.254871"
"210","40","16.379087","0.9987","0.016903","1.249413"
"220","40","16.046955","0.99986","0.017158","1.244216"
"230","40","15.728025","1.000922","0.01741","1.239263"
"240","40","15.421525","1.001895","0.017661","1.234539"
"250","40","15.126743","1.002787","0.017909","1.230028"
"260","40","14.843019","1.003605","0.018155","1.225718"
"270","40","14.569743","1.004356","0.0184","1.221597"
"280","40","14.306347","1.005047","0.018641","1.217652"
"290","40","14.052305","1.005682","0.018881","1.213875"
"300","40","13.807129","1.006266","0.019119","1.210255"
"310","40","13.57036","1.006804","0.019355","1.206783"
"320","40","13.341576","1.007299","0.019589","1.20345"
"330","40","13.120378","1.007755","0.019821","1.20025"
"340","40","12.906394","1.008175","0.020051","1.197174"
"350","40","12.699279","1.008561","0.020279","1.194216"
"-100","50","56.847056","0.179911","0.040151","2.467009"
"-90","50","53.743203","0.190111","0.032219","3.094449"
"-80","50","50.960744","0.256765","0.019888","12.718942"
"-70","50","48.452216","0.57964","0.010469","3.166847"
"-60","50","46.179065","0.674667","0.010197","2.296087"
"-50","50","44.109647","0.735339","0.010247","1.983272"
"-40","50","42.217747","0.779439","0.010403","1.817336"
"-30","50","40.481463","0.813436","0.010609","1.712779"
"-20","50","38.882353","0.840578","0.010843","1.639932"
"-10","50","37.404779","0.862767","0.011094","1.585657"
"0","50","36.035393","0.881226","0.011356","1.543209"
"10","50","34.762732","0.89679","0.011624","1.508766"
"20","50","33.576898","0.910054","0.011898","1.48"
"30","50","32.469298","0.92146","0.012174","1.455415"
"40","50","31.432437","0.931341","0.012452","1.434012"
"50","50","30.459748","0.939957","0.01273","1.415094"
"60","50","29.545453","0.947511","0.013009","1.398168"
"70","50","28.684446","0.954168","0.013287","1.38287"
"80","50","27.872201","0.960059","0.013564","1.368931"
"90","50","27.104689","0.965293","0.013841","1.356144"
"100","50","26.378314","0.969959","0.014116","1.344349"
"110","50","25.689854","0.974132","0.014389","1.333418"
"120","50","25.036418","0.977876","0.014661","1.323248"
"130","50","24.415398","0.981242","0.014931","1.313755"
"140","50","23.824441","0.984277","0.015199","1.30487"
"150","50","23.261415","0.987019","0.015465","1.296534"
"160","50","22.724386","0.989502","0.01573","1.288695"
"170","50","22.211594","0.991754","0.015992","1.28131"
"180","50","21.721434","0.993799","0.016252","1.274341"
"190","50","21.25244","0.995661","0.01651","1.267755"
"200","50","20.803271","0.997357","0.016766","1.261521"
"210","50","20.372695","0.998905","0.01702","1.255614"
"220","50","19.959582","1.00032","0.017272","1.250008"
"230","50","19.562889","1.001613","0.017522","1.244682"
"240","50","19.181658","1.002797","0.01777","1.239617"
"250","50","18.815001","1.003883","0.018016","1.234795"
"260","50","18.462098","1.004878","0.01826","1.2302"
"270","50","18.12219","1.005792","0.018502","1.225816"
"280","50","17.794572","1.006631","0.018742","1.221631"
"290","50","17.47859","1.007402","0.018979","1.217631"
"300","50","17.173633","1.008112","0.019215","1.213805"
"310","50","16.879135","1.008764","0.019449","1.210142"
"320","50","16.594567","1.009364","0.019681","1.206633"
"330","50","16.319436","1.009916","0.019911","1.203269"
"340","50","16.053278","1.010425","0.02014","1.200041"
"350","50","15.795663","1.010893","0.020366","1.196942"
"-100","60","67.990642","0.21217","0.041536","2.371303"
"-90","60","64.278349","0.220715","0.034062","2.796056"
"-80","60","60.950451","0.248121","0.025951","4.142423"
"-70","60","57.950183","0.427492","0.013914","6.335912"
"-60","60","55.231432","0.588786","0.01151","3.003679"
"-50","60","52.756351","0.6741","0.0111","2.310443"
"-40","60","50.493586","0.732135","0.011052","2.013888"
"-30","60","48.416943","0.775411","0.011139","1.847126"
"-20","60","46.504364","0.809276","0.011295","1.739018"
"-10","60","44.737145","0.836597","0.01149","1.662461"
"0","60","43.099322","0.859111","0.011709","1.604853"
"10","60","41.577184","0.877961","0.011944","1.559526"
"20","60","40.158894","0.893939","0.012191","1.522625"
"30","60","38.834173","0.90762","0.012444","1.491766"
"40","60","37.594059","0.919432","0.012703","1.465399"
"50","60","36.430697","0.929703","0.012966","1.442476"
"60","60","35.337174","0.938687","0.01323","1.422262"
"70","60","34.307386","0.946587","0.013496","1.404228"
"80","60","33.335919","0.953566","0.013763","1.387983"
"90","60","32.417953","0.959758","0.01403","1.373235"
"100","60","31.549188","0.965271","0.014296","1.359756"
"110","60","30.725772","0.970197","0.014562","1.347368"
"120","60","29.944244","0.97461","0.014826","1.335929"
"130","60","29.201487","0.978575","0.01509","1.325325"
"140","60","28.494686","0.982147","0.015352","1.315461"
"150","60","27.821292","0.985372","0.015613","1.306257"
"160","60","27.17899","0.988289","0.015872","1.297647"
"170","60","26.565677","0.990933","0.01613","1.289575"
"180","60","25.979432","0.993334","0.016386","1.28199"
"190","60","25.418503","0.995517","0.01664","1.274849"
"200","60","24.881284","0.997506","0.016892","1.268116"
"210","60","24.366304","0.99932","0.017143","1.261756"
"220","60","23.872209","1.000976","0.017392","1.25574"
"230","60","23.397754","1.00249","0.017638","1.250042"
"240","60","22.94179","1.003875","0.017883","1.244637"
"250","60","22.503258","1.005144","0.018126","1.239504"
"260","60","22.081177","1.006308","0.018368","1.234624"
"270","60","21.674638","1.007375","0.018607","1.229979"
"280","60","21.282798","1.008354","0.018844","1.225554"
"290","60","20.904874","1.009254","0.01908","1.221332"
"300","60","20.540137","1.010081","0.019314","1.217302"
"310","60","20.18791","1.010841","0.019546","1.213451"
"320","60","19.847559","1.011541","0.019776","1.209767"
"330","60","19.518494","1.012183","0.020004","1.20624"
"340","60","19.200163","1.012775","0.020231","1.202862"
"350","60","18.892048","1.013319","0.020456","1.199622"
"-100","70","79.134228","0.243913","0.042831","2.295929"
"-90","70","74.813495","0.251086","0.035651","2.612675"
"-80","70","70.940159","0.270883","0.02856","3.301532"
"-70","70","67.44815","0.33817","0.020119","5.345596"
"-60","70","64.283799","0.499842","0.013823","4.07671"
"-50","70","61.403055","0.611978","0.012334","2.7591"
"-40","70","58.769426","0.685101","0.011905","2.259795"
"-30","70","56.352423","0.738101","0.0118","2.005699"
"-20","70","54.126374","0.77885","0.011839","1.851516"
"-10","70","52.06951","0.81134","0.011954","1.747305"
"0","70","50.16325","0.837893","0.012116","1.671583"
"10","70","48.391636","0.859989","0.012308","1.613628"
"20","70","46.740889","0.878632","0.012519","1.567504"
"30","70","45.199049","0.894535","0.012745","1.529663"
"40","70","43.755681","0.908225","0.012981","1.49786"
"50","70","42.401645","0.920099","0.013223","1.470605"
"60","70","41.128896","0.930465","0.013471","1.446874"
"70","70","39.930327","0.939565","0.013723","1.42594"
"80","70","38.799637","0.947592","0.013977","1.407273"
"90","70","37.731218","0.954704","0.014232","1.390477"
"100","70","36.720063","0.96103","0.014488","1.375251"
"110","70","35.76169","0.966676","0.014745","1.36136"
"120","70","34.852071","0.97173","0.015002","1.348619"
"130","70","33.987577","0.976268","0.015258","1.336878"
"140","70","33.164932","0.980352","0.015513","1.326017"
"150","70","32.381169","0.984037","0.015768","1.315933"
"160","70","31.633595","0.987368","0.016022","1.306544"
"170","70","30.91976","0.990386","0.016274","1.297777"
"180","70","30.237431","0.993124","0.016525","1.289571"
"190","70","29.584566","0.995613","0.016775","1.281874"
"200","70","28.959298","0.997879","0.017023","1.27464"
"210","70","28.359912","0.999945","0.01727","1.267828"
"220","70","27.784836","1.00183","0.017515","1.261402"
"230","70","27.232618","1.003553","0.017759","1.255332"
"240","70","26.701923","1.005129","0.018","1.249588"
"250","70","26.191516","1.006571","0.01824","1.244146"
"260","70","25.700256","1.007893","0.018479","1.238984"
"270","70","25.227086","1.009105","0.018715","1.234079"
"280","70","24.771024","1.010216","0.01895","1.229416"
"290","70","24.331158","1.011237","0.019184","1.224975"
"300","70","23.906642","1.012175","0.019415","1.220743"
"310","70","23.496685","1.013036","0.019645","1.216705"
"320","70","23.100551","1.013828","0.019873","1.212848"
"330","70","22.717552","1.014556","0.020099","1.209161"
"340","70","22.347047","1.015225","0.020324","1.205634"
"350","70","21.988432","1.01584","0.020547","1.202256"
"-100","80","90.277815","0.275207","0.044055","2.234335"
"-90","80","85.348641","0.281129","0.037079","2.484415"
"-80","80","80.929866","0.296876","0.030511","2.930872"
"-70","80","76.946117","0.336931","0.023709","3.88019"
"-60","80","73.336165","0.436704","0.017158","4.443674"
"-50","80","70.049759","0.555028","0.014066","3.246349"
"-40","80","67.045265","0.640637","0.01301","2.540248"
"-30","80","64.287903","0.702691","0.012613","2.183111"
"-20","80","61.748385","0.750009","0.012485","1.974608"
"-10","80","59.401876","0.78746","0.012493","1.838445"
"0","80","57.227178","0.817891","0.01258","1.742229"
"10","80","55.206087","0.843101","0.012716","1.670247"
"20","80","53.322885","0.864296","0.012885","1.614035"
"30","80","51.563924","0.882326","0.013076","1.568658"
"40","80","49.917304","0.897811","0.013284","1.531051"
"50","80","48.372594","0.911217","0.013503","1.499215"
"60","80","46.920617","0.922901","0.013731","1.471795"
"70","80","45.553267","0.933144","0.013966","1.447841"
"80","80","44.263354","0.94217","0.014205","1.426666"
"90","80","43.044482","0.950158","0.014448","1.407763"
"100","80","41.890938","0.957256","0.014692","1.390747"
"110","80","40.797608","0.963586","0.014939","1.375323"
"120","80","39.759897","0.969249","0.015186","1.361258"
"130","80","38.773666","0.97433","0.015435","1.348366"
"140","80","37.835178","0.9789","0.015683","1.336497"
"150","80","36.941046","0.983021","0.015931","1.325528"
"160","80","36.0882","0.986744","0.016178","1.315355"
"170","80","35.273843","0.990116","0.016425","1.305892"
"180","80","34.495429","0.993173","0.016671","1.297065"
"190","80","33.750629","0.995952","0.016915","1.288812"
"200","80","33.037311","0.998479","0.017159","1.281078"
"210","80","32.353521","1.000783","0.017402","1.273816"
"220","80","31.697462","1.002884","0.017643","1.266983"
"230","80","31.067482","1.004803","0.017883","1.260543"
"240","80","30.462055","1.006557","0.018121","1.254463"
"250","80","29.879774","1.008163","0.018358","1.248715"
"260","80","29.319335","1.009633","0.018593","1.243272"
"270","80","28.779534","1.010981","0.018827","1.238112"
"280","80","28.259249","1.012217","0.019059","1.233212"
"290","80","27.757442","1.013351","0.01929","1.228555"
"300","80","27.273146","1.014392","0.019519","1.224124"
"310","80","26.805459","1.015348","0.019746","1.219901"
"320","80","26.353542","1.016226","0.019972","1.215874"
"330","80","25.916611","1.017032","0.020196","1.21203"
"340","80","25.493931","1.017773","0.020419","1.208356"
"350","80","25.084817","1.018454","0.02064","1.204841"
"-100","90","101.421401","0.306103","0.04522","2.182627"
"-90","90","95.883787","0.310832","0.038391","2.387739"
"-80","90","90.919573","0.32379","0.032146","2.710832"
"-70","90","86.444084","0.352924","0.026097","3.270292"
"-60","90","82.388532","0.416263","0.020256","3.897531"
"-50","90","78.696463","0.513284","0.016218","3.506279"
"-40","90","75.321105","0.602298","0.014382","2.800861"
"-30","90","72.223383","0.670798","0.013589","2.363432"
"-20","90","69.370395","0.723634","0.013241","2.101788"
"-10","90","66.734241","0.765493","0.013111","1.932579"
"0","90","64.291106","0.799456","0.013103","1.814867"
"10","90","62.020539","0.827538","0.013171","1.728156"
"20","90","59.90488","0.851105","0.013288","1.66139"
"30","90","57.9288","0.87112","0.013438","1.608165"
"40","90","56.078926","0.888286","0.013613","1.564545"
"50","90","54.343542","0.903128","0.013805","1.527987"
"60","90","52.712339","0.91605","0.014011","1.496783"
"70","90","51.176208","0.927367","0.014226","1.469743"
"80","90","49.727072","0.937332","0.014448","1.446015"
"90","90","48.357746","0.946144","0.014676","1.424975"
"100","90","47.061813","0.95397","0.014908","1.40615"
"110","90","45.833526","0.960944","0.015143","1.38918"
"120","90","44.667724","0.96718","0.015381","1.373784"
"130","90","43.559756","0.972771","0.01562","1.359737"
"140","90","42.505423","0.977799","0.01586","1.34686"
"150","90","41.500923","0.98233","0.0161","1.335005"
"160","90","40.542804","0.986422","0.016341","1.324051"
"170","90","39.627926","0.990126","0.016581","1.313895"
"180","90","38.753427","0.993484","0.016821","1.304451"
"190","90","37.916691","0.996533","0.017061","1.295646"
"200","90","37.115324","0.999307","0.0173","1.287416"
"210","90","36.347129","1.001833","0.017538","1.279707"
"220","90","35.610089","1.004137","0.017775","1.272471"
"230","90","34.902346","1.00624","0.01801","1.265665"
"240","90","34.222188","1.008162","0.018245","1.259254"
"250","90","33.568031","1.00992","0.018478","1.253203"
"260","90","32.938414","1.011529","0.01871","1.247484"
"270","90","32.331981","1.013003","0.018941","1.242071"
"280","90","31.747475","1.014355","0.019171","1.23694"
"290","90","31.183727","1.015594","0.019398","1.232069"
"300","90","30.63965","1.016731","0.019625","1.227441"
"310","90","30.114234","1.017775","0.01985","1.223037"
"320","90","29.606534","1.018733","0.020073","1.218843"
"330","90","29.115669","1.019612","0.020295","1.214843"
"340","90","28.640815","1.02042","0.020516","1.211025"
"350","90","28.181201","1.021161","0.020735","1.207377"
"-100","100","112.564988","0.336641","0.046335","2.138317"
"-90","100","106.418933","0.340207","0.039615","2.311219"
"-80","100","100.909281","0.350978","0.033588","2.560747"
"-70","100","95.942051","0.373943","0.027968","2.938922"
"-60","100","91.440899","0.41908","0.022684","3.400499"
"-50","100","87.343166","0.492241","0.018447","3.428861"
"-40","100","83.596944","0.573896","0.015961","2.960528"
"-30","100","80.158863","0.644254","0.014719","2.519493"
"-20","100","76.992406","0.700698","0.014104","2.222498"
"-10","100","74.066607","0.746012","0.013806","2.024759"
"0","100","71.355034","0.782953","0.013686","1.886821"
"10","100","68.834991","0.813546","0.013672","1.785756"
"20","100","66.486876","0.83923","0.013728","1.708538"
"30","100","64.293675","0.86104","0.013831","1.647485"
"40","100","62.240548","0.879738","0.013968","1.597849"
"50","100","60.31449","0.895898","0.014129","1.556562"
"60","100","58.50406","0.909962","0.014309","1.521568"
"70","100","56.799148","0.922273","0.014502","1.491441"
"80","100","55.19079","0.933108","0.014706","1.465163"
"90","100","53.671011","0.942686","0.014917","1.441989"
"100","100","52.232688","0.951189","0.015135","1.42136"
"110","100","50.869444","0.958763","0.015358","1.402852"
"120","100","49.57555","0.965533","0.015584","1.386132"
"130","100","48.345845","0.971601","0.015813","1.370939"
"140","100","47.175669","0.977055","0.016044","1.357062"
"150","100","46.0608","0.981969","0.016276","1.34433"
"160","100","44.997409","0.986406","0.01651","1.332602"
"170","100","43.98201","0.99042","0.016743","1.321761"
"180","100","43.011426","0.994058","0.016977","1.311707"
"190","100","42.082754","0.99736","0.017211","1.302357"
"200","100","41.193337","1.000363","0.017445","1.293638"
"210","100","40.340738","1.003097","0.017678","1.285489"
"220","100","39.522716","1.005589","0.01791","1.277856"
"230","100","38.737211","1.007864","0.018142","1.270691"
"240","100","37.98232","1.009942","0.018373","1.263952"
"250","100","37.256289","1.011841","0.018602","1.257604"
"260","100","36.557493","1.013579","0.018831","1.251614"
"270","100","35.884429","1.015171","0.019058","1.245952"
"280","100","35.2357","1.016629","0.019285","1.240593"
"290","100","34.610011","1.017966","0.01951","1.235513"
"300","100","34.006155","1.019192","0.019733","1.230692"
"310","100","33.423009","1.020316","0.019956","1.22611"
"320","100","32.859526","1.021348","0.020177","1.221751"
"330","100","32.314727","1.022295","0.020397","1.217599"
"340","100","31.787699","1.023163","0.020615","1.21364"
"350","100","31.277586","1.02396","0.020832","1.209861"
"-100","110","123.708574","0.366854","0.047406","2.099726"
"-90","110","116.954079","0.369274","0.040769","2.248526"
"-80","110","110.898988","0.378193","0.034898","2.449736"
"-70","110","105.440018","0.396994","0.029552","2.727779"
"-60","110","100.493266","0.43175","0.02464","3.063493"
"-50","110","95.98987","0.48772","0.020482","3.212712"
"-40","110","91.872784","0.557252","0.01762","2.984907"
"-30","110","88.094343","0.62459","0.015966","2.623104"
"-20","110","84.614417","0.682104","0.015063","2.323881"
"-10","110","81.398972","0.729562","0.014575","2.108871"
"0","110","78.418962","0.768727","0.014324","1.954861"
"10","110","75.649442","0.801355","0.014217","1.841166"
"20","110","73.068871","0.82883","0.014204","1.754303"
"30","110","70.65855","0.852199","0.014253","1.68584"
"40","110","68.40217","0.872251","0.014348","1.630424"
"50","110","66.285439","0.88959","0.014474","1.584554"
"60","110","64.295781","0.904683","0.014625","1.545868"
"70","110","62.422088","0.917897","0.014794","1.512723"
"80","110","60.654508","0.929526","0.014977","1.483946"
"90","110","58.984275","0.939805","0.015171","1.458679"
"100","110","57.403563","0.948928","0.015374","1.43628"
"110","110","55.905362","0.957055","0.015583","1.41626"
"120","110","54.483377","0.964317","0.015797","1.398241"
"130","110","53.131935","0.970825","0.016015","1.381921"
"140","110","51.845914","0.976674","0.016236","1.367061"
"150","110","50.620677","0.981942","0.01646","1.353468"
"160","110","49.452013","0.986697","0.016685","1.34098"
"170","110","48.336093","0.990998","0.016911","1.329466"
"180","110","47.269424","0.994896","0.017139","1.318814"
"190","110","46.248817","0.998433","0.017366","1.308929"
"200","110","45.271351","1.001648","0.017594","1.299731"
"210","110","44.334347","1.004575","0.017822","1.291151"
"220","110","43.435343","1.007241","0.01805","1.283128"
"230","110","42.572075","1.009674","0.018277","1.27561"
"240","110","41.742453","1.011896","0.018503","1.268552"
"250","110","40.944547","1.013926","0.018729","1.261912"
"260","110","40.176572","1.015783","0.018954","1.255656"
"270","110","39.436877","1.017483","0.019178","1.24975"
"280","110","38.723926","1.01904","0.019401","1.244168"
"290","110","38.036295","1.020466","0.019623","1.238884"
"300","110","37.372659","1.021773","0.019844","1.233874"
"310","110","36.731784","1.022972","0.020064","1.229118"
"320","110","36.112517","1.024071","0.020282","1.224598"
"330","110","35.513785","1.025078","0.0205","1.220297"
"340","110","34.934583","1.026002","0.020716","1.2162"
"350","110","34.37397","1.026849","0.02093","1.212292"
"-100","120","134.85216","0.396769","0.04844","2.065675"
"-90","120","127.489225","0.398052","0.041866","2.19583"
"-80","120","120.888696","0.405325","0.036109","2.363151"
"-70","120","114.937984","0.420994","0.030951","2.579294"
"-60","120","109.545632","0.449023","0.026292","2.831907"
"-50","120","104.636574","0.493324","0.02227","2.997492"
"-40","120","100.148623","0.551197","0.019238","2.916133"
"-30","120","96.029823","0.612417","0.01727","2.662878"
"-20","120","92.236427","0.668478","0.016092","2.395137"
"-10","120","88.731338","0.716573","0.015405","2.17882"
"0","120","85.482891","0.757067","0.015013","2.015608"
"10","120","82.463894","0.79116","0.014804","1.892411"
"20","120","79.650867","0.820041","0.014713","1.797454"
"30","120","77.023426","0.844695","0.014704","1.72242"
"40","120","74.563792","0.865897","0.014751","1.661717"
"50","120","72.256387","0.884256","0.01484","1.611573"
"60","120","70.087503","0.900253","0.014959","1.569398"
"70","120","68.045029","0.914268","0.015102","1.533376"
"80","120","66.118226","0.926606","0.015262","1.502203"
"90","120","64.29754","0.937517","0.015437","1.47492"
"100","120","62.574438","0.947202","0.015622","1.450811"
"110","120","60.94128","0.95583","0.015816","1.429328"
"120","120","59.391203","0.96354","0.016018","1.410046"
"130","120","57.918024","0.97045","0.016224","1.392632"
"140","120","56.51616","0.976659","0.016435","1.376817"
"150","120","55.180554","0.982251","0.016649","1.362385"
"160","120","53.906618","0.987299","0.016866","1.349158"
"170","120","52.690176","0.991864","0.017085","1.336988"
"180","120","51.527423","0.995999","0.017305","1.325753"
"190","120","50.41488","0.999752","0.017526","1.315346"
"200","120","49.349364","1.003162","0.017748","1.305681"
"210","120","48.327955","1.006265","0.017971","1.29668"
"220","120","47.34797","1.009092","0.018193","1.288277"
"230","120","46.406939","1.01167","0.018415","1.280415"
"240","120","45.502585","1.014023","0.018638","1.273045"
"250","120","44.632804","1.016174","0.018859","1.266121"
"260","120","43.795651","1.01814","0.01908","1.259605"
"270","120","42.989324","1.019939","0.019301","1.253462"
"280","120","42.212151","1.021585","0.01952","1.247662"
"290","120","41.462579","1.023093","0.019739","1.242177"
"300","120","40.739163","1.024474","0.019957","1.236983"
"310","120","40.040558","1.02574","0.020174","1.232057"
"320","120","39.365509","1.0269","0.02039","1.22738"
"330","120","38.712843","1.027962","0.020604","1.222934"
"340","120","38.081467","1.028936","0.020818","1.218702"
"350","120","37.470355","1.029828","0.02103","1.214669"
"-100","130","145.995747","0.42641","0.049441","2.035302"
"-90","130","138.024371","0.42656","0.042915","2.150652"
"-80","130","130.878403","0.432322","0.037243","2.293047"
"-70","130","124.435951","0.445461","0.03222","2.467796"
"-60","130","118.597999","0.468693","0.027739","2.665067"
"-50","130","113.283278","0.50482","0.023846","2.817036"
"-40","130","108.424463","0.553102","0.020754","2.810743"
"-30","130","103.965303","0.60725","0.018574","2.649935"
"-20","130","99.858438","0.660002","0.017162","2.43219"
"-10","130","96.063703","0.707295","0.016282","2.230159"
"0","130","92.546819","0.74817","0.015744","2.066121"
"10","130","89.278345","0.783107","0.015426","1.937652"
"20","130","86.232862","0.81297","0.015254","1.836818"
"30","130","83.388301","0.838604","0.01518","1.756451"
"40","130","80.725414","0.86073","0.015176","1.691195"
"50","130","78.227336","0.879938","0.015224","1.637238"
"60","130","75.879224","0.896703","0.015309","1.591882"
"70","130","73.667969","0.911409","0.015423","1.553196"
"80","130","71.581944","0.924368","0.01556","1.519779"
"90","130","69.610804","0.935835","0.015714","1.490593"
"100","130","67.745313","0.946019","0.015881","1.464859"
"110","130","65.977198","0.955095","0.016059","1.44198"
"120","130","64.29903","0.963207","0.016247","1.421491"
"130","130","62.704114","0.970479","0.016441","1.403026"
"140","130","61.186406","0.977014","0.016641","1.386292"
"150","130","59.740431","0.982899","0.016845","1.371051"
"160","130","58.361222","0.988212","0.017053","1.35711"
"170","130","57.044259","0.993016","0.017263","1.344306"
"180","130","55.785421","0.997367","0.017476","1.332506"
"190","130","54.580943","1.001316","0.01769","1.321594"
"200","130","53.427377","1.004903","0.017906","1.311476"
"210","130","52.321564","1.008167","0.018123","1.302066"
"220","130","51.260597","1.01114","0.01834","1.293295"
"230","130","50.241804","1.01385","0.018557","1.285099"
"240","130","49.262718","1.016323","0.018775","1.277425"
"250","130","48.321062","1.018583","0.018992","1.270225"
"260","130","47.41473","1.020647","0.019209","1.263456"
"270","130","46.541772","1.022536","0.019426","1.257083"
"280","130","45.700377","1.024264","0.019642","1.251071"
"290","130","44.888864","1.025845","0.019857","1.245391"
"300","130","44.105668","1.027293","0.020072","1.240018"
"310","130","43.349333","1.028619","0.020286","1.234927"
"320","130","42.6185","1.029833","0.020499","1.230097"
"330","130","41.911902","1.030946","0.020711","1.225509"
"340","130","41.228351","1.031964","0.020922","1.221146"
"350","130","40.566739","1.032896","0.021132","1.216991"
"-100","140","157.139333","0.455797","0.050411","2.007962"
"-90","140","148.559517","0.454816","0.043922","2.111304"
"-80","140","140.86811","0.45916","0.038315","2.234689"
"-70","140","133.933918","0.470148","0.033392","2.380125"
"-60","140","127.650366","0.489706","0.029039","2.539235"
"-50","140","121.929982","0.519834","0.025253","2.671426"
"-40","140","116.700302","0.560523","0.022154","2.70071"
"-30","140","111.900783","0.607916","0.01984","2.60512"
"-20","140","107.480448","0.656396","0.018242","2.438752"
"-10","140","103.396069","0.701748","0.017187","2.261372"
"0","140","99.610747","0.742119","0.016508","2.104476"
"10","140","96.092797","0.777275","0.016079","1.975442"
"20","140","92.814858","0.807679","0.01582","1.871398"
"30","140","89.753177","0.833976","0.015679","1.787246"
"40","140","86.887037","0.856789","0.015622","1.718379"
"50","140","84.198284","0.876663","0.015625","1.661208"
"60","140","81.670946","0.894054","0.015675","1.613069"
"70","140","79.290909","0.909337","0.015759","1.571994"
"80","140","77.045662","0.922823","0.015869","1.53653"
"90","140","74.924069","0.934769","0.016001","1.505588"
"100","140","72.916188","0.945387","0.016149","1.478339"
"110","140","71.013116","0.954855","0.016311","1.454149"
"120","140","69.206856","0.963322","0.016483","1.43252"
"130","140","67.490203","0.970914","0.016664","1.413058"
"140","140","65.856651","0.977738","0.016853","1.395449"
"150","140","64.300308","0.983886","0.017046","1.379436"
"160","140","62.815827","0.989435","0.017245","1.364811"
"170","140","61.398343","0.994454","0.017447","1.3514"
"180","140","60.043419","0.999","0.017652","1.339057"
"190","140","58.747005","1.003124","0.017859","1.327659"
"200","140","57.50539","1.006871","0.018068","1.317104"
"210","140","56.315172","1.01028","0.018278","1.3073"
"220","140","55.173224","1.013384","0.01849","1.298173"
"230","140","54.076668","1.016213","0.018702","1.289654"
"240","140","53.02285","1.018794","0.018915","1.281687"
"250","140","52.00932","1.021151","0.019128","1.274219"
"260","140","51.033809","1.023305","0.019341","1.267206"
"270","140","50.09422","1.025273","0.019553","1.260609"
"280","140","49.188603","1.027074","0.019766","1.254391"
"290","140","48.315148","1.028721","0.019978","1.248523"
"300","140","47.472172","1.030229","0.020189","1.242976"
"310","140","46.658108","1.031608","0.0204","1.237724"
"320","140","45.871492","1.032871","0.02061","1.232746"
"330","140","45.11096","1.034026","0.020819","1.22802"
"340","140","44.375235","1.035084","0.021028","1.223529"
"350","140","43.663124","1.036051","0.021235","1.219256"
"-100","150","168.282919","0.484947","0.051355","1.983163"
"-90","150","159.094663","0.482834","0.044892","2.076592"
"-80","150","150.857818","0.485829","0.039335","2.185063"
"-70","150","143.431885","0.494923","0.034487","2.308816"
"-60","150","136.702733","0.51151","0.03023","2.440599"
"-50","150","130.576686","0.537027","0.026529","2.554085"
"-40","150","124.976142","0.571695","0.023444","2.598518"
"-30","150","119.836264","0.613108","0.021048","2.545797"
"-20","150","115.102459","0.657061","0.019309","2.423031"
"-10","150","110.728434","0.699738","0.018105","2.274013"
"0","150","106.674675","0.738875","0.017292","2.130127"
"10","150","102.907249","0.773675","0.016755","2.004932"
"20","150","99.396853","0.804193","0.016409","1.900476"
"30","150","96.118052","0.830833","0.016199","1.814266"
"40","150","93.048659","0.854093","0.016085","1.742871"
"50","150","90.169233","0.874448","0.016043","1.683191"
"60","150","87.462667","0.892318","0.016054","1.632741"
"70","150","84.91385","0.90806","0.016106","1.589606"
"80","150","82.50938","0.921977","0.01619","1.552332"
"90","150","80.237333","0.934322","0.016298","1.519806"
"100","150","78.087063","0.945307","0.016427","1.491175"
"110","150","76.049034","0.955111","0.016571","1.465775"
"120","150","74.114683","0.963884","0.016728","1.443085"
"130","150","72.276293","0.971755","0.016895","1.42269"
"140","150","70.526897","0.978833","0.017071","1.404257"
"150","150","68.860185","0.985211","0.017253","1.387515"
"160","150","67.270432","0.990969","0.017442","1.372241"
"170","150","65.752426","0.996177","0.017635","1.358251"
"180","150","64.301418","1.000896","0.017832","1.345391"
"190","150","62.913068","1.005176","0.018031","1.333529"
"200","150","61.583404","1.009065","0.018234","1.322555"
"210","150","60.308781","1.012602","0.018438","1.312374"
"220","150","59.085851","1.015822","0.018643","1.302904"
"230","150","57.911532","1.018757","0.01885","1.294075"
"240","150","56.782983","1.021434","0.019058","1.285825"
"250","150","55.697577","1.023878","0.019266","1.278099"
"260","150","54.652888","1.02611","0.019475","1.270851"
"270","150","53.646668","1.02815","0.019683","1.264037"
"280","150","52.676828","1.030014","0.019892","1.257622"
"290","150","51.741432","1.03172","0.0201","1.251571"
"300","150","50.838677","1.033279","0.020308","1.245855"
"310","150","49.966882","1.034706","0.020516","1.240448"
"320","150","49.124484","1.036011","0.020723","1.235326"
"330","150","48.310018","1.037204","0.02093","1.230467"
"340","150","47.522119","1.038295","0.021135","1.225853"
"350","150","46.759508","1.039291","0.02134","1.221464"
"-100","160","179.426506","0.513874","0.052273","1.960517"
"-90","160","169.629809","0.51063","0.045831","2.045642"
"-80","160","160.847525","0.512326","0.040311","2.142141"
"-70","160","152.929852","0.519706","0.03552","2.249303"
"-60","160","145.7551","0.533792","0.031335","2.360829"
"-50","160","139.22339","0.555617","0.027702","2.45844"
"-40","160","133.251981","0.585435","0.024639","2.507744"
"-30","160","127.771744","0.621696","0.022192","2.482407"
"-20","160","122.72447","0.661275","0.020348","2.393513"
"-10","160","118.0608","0.700915","0.019019","2.271662"
"0","160","113.738603","0.738294","0.018087","2.143866"
"10","160","109.7217","0.772251","0.017446","2.025955"
"20","160","105.978849","0.802489","0.017015","1.923679"
"30","160","102.482927","0.82917","0.016734","1.837156"
"40","160","99.210281","0.852642","0.016564","1.764383"
"50","160","96.140181","0.873294","0.016474","1.70296"
"60","160","93.254388","0.891496","0.016446","1.650724"
"70","160","90.53679","0.90758","0.016465","1.605898"
"80","160","87.973098","0.921831","0.016521","1.567079"
"90","160","85.550597","0.934495","0.016605","1.533166"
"100","160","83.257938","0.94578","0.016712","1.5033"
"110","160","81.084952","0.955863","0.016838","1.476805"
"120","160","79.022509","0.964894","0.016979","1.453144"
"130","160","77.062382","0.973001","0.017132","1.431887"
"140","160","75.197143","0.980296","0.017295","1.412688"
"150","160","73.420063","0.986872","0.017466","1.395264"
"160","160","71.725036","0.992811","0.017644","1.379381"
"170","160","70.106509","0.998184","0.017827","1.364845"
"180","160","68.559416","1.003052","0.018016","1.351495"
"190","160","67.079131","1.007469","0.018208","1.339192"
"200","160","65.661417","1.011481","0.018403","1.32782"
"210","160","64.302389","1.015131","0.0186","1.317279"
"220","160","62.998478","1.018453","0.0188","1.307482"
"230","160","61.746397","1.021481","0.019001","1.298356"
"240","160","60.543115","1.024241","0.019204","1.289835"
"250","160","59.385835","1.026761","0.019407","1.281862"
"260","160","58.271967","1.029062","0.019611","1.274386"
"270","160","57.199115","1.031163","0.019815","1.267365"
"280","160","56.165054","1.033084","0.02002","1.260759"
"290","160","55.167716","1.034839","0.020225","1.254532"
"300","160","54.205181","1.036443","0.020429","1.248654"
"310","160","53.275657","1.03791","0.020634","1.243097"
"320","160","52.377475","1.039251","0.020838","1.237836"
"330","160","51.509076","1.040476","0.021041","1.232848"
"340","160","50.669003","1.041595","0.021244","1.228114"
"350","160","49.855893","1.042617","0.021446","1.223615"
"-100","170","190.570092","0.542592","0.053169","1.939716"
"-90","170","180.164955","0.538216","0.046741","2.017797"
"-80","170","170.837232","0.538652","0.04125","2.104502"
"-70","170","162.427819","0.54445","0.036502","2.198619"
"-60","170","154.807466","0.556361","0.032371","2.294676"
"-50","170","147.870094","0.575126","0.028791","2.379267"
"-40","170","141.527821","0.600956","0.025751","2.428478"
"-30","170","135.707224","0.632808","0.023273","2.420278"
"-20","170","130.34648","0.668345","0.021352","2.356721"
"-10","170","125.393165","0.704857","0.01992","2.258495"
"0","170","120.802531","0.740149","0.018883","2.147431"
"10","170","116.536152","0.772888","0.018147","2.038983"
"20","170","112.560844","0.80251","0.017633","1.940995"
"30","170","108.847803","0.828955","0.017283","1.855763"
"40","170","105.371903","0.852416","0.017055","1.782744"
"50","170","102.111129","0.873188","0.016918","1.720364"
"60","170","99.04611","0.89158","0.016849","1.666892"
"70","170","96.15973","0.90789","0.016834","1.620768"
"80","170","93.436816","0.92238","0.016861","1.580689"
"90","170","90.863862","0.935284","0.01692","1.545602"
"100","170","88.428813","0.946803","0.017005","1.514663"
"110","170","86.12087","0.957107","0.017112","1.487196"
"120","170","83.930336","0.966347","0.017236","1.462662"
"130","170","81.848472","0.974649","0.017374","1.440621"
"140","170","79.867388","0.982124","0.017524","1.42072"
"150","170","77.97994","0.988866","0.017683","1.402665"
"160","170","76.179641","0.994958","0.01785","1.386215"
"170","170","74.460592","1.00047","0.018024","1.371169"
"180","170","72.817415","1.005466","0.018204","1.357358"
"190","170","71.245194","1.009999","0.018388","1.34464"
"200","170","69.73943","1.014118","0.018575","1.332891"
"210","170","68.295998","1.017864","0.018766","1.322009"
"220","170","66.911105","1.021274","0.018959","1.311902"
"230","170","65.581261","1.024381","0.019155","1.302492"
"240","170","64.303247","1.027214","0.019352","1.293713"
"250","170","63.074092","1.029798","0.01955","1.285503"
"260","170","61.891046","1.032157","0.01975","1.277811"
"270","170","60.751563","1.034312","0.01995","1.27059"
"280","170","59.653279","1.036279","0.02015","1.2638"
"290","170","58.594001","1.038077","0.020351","1.257405"
"300","170","57.571685","1.03972","0.020552","1.251371"
"310","170","56.584432","1.04122","0.020753","1.245669"
"320","170","55.630467","1.042591","0.020954","1.240274"
"330","170","54.708135","1.043842","0.021154","1.235163"
"340","170","53.815888","1.044984","0.021354","1.230313"
"350","170","52.952277","1.046026","0.021554","1.225706"
"-100","180","201.713678","0.571113","0.054045","1.920512"
"-90","180","190.700101","0.565604","0.047625","1.992553"
"-80","180","180.82694","0.564809","0.042155","2.071117"
"-70","180","171.925786","0.569126","0.037441","2.154751"
"-60","180","163.859833","0.579099","0.033352","2.238686"
"-50","180","156.516798","0.595253","0.029811","2.312677"
"-40","180","149.80366","0.617734","0.026792","2.359575"
"-30","180","143.642704","0.645799","0.024297","2.361845"
"-20","180","137.968491","0.677675","0.022316","2.316929"
"-10","180","132.725531","0.711129","0.020802","2.238251"
"0","180","127.86646","0.744173","0.019674","2.142976"
"10","180","123.350604","0.775429","0.01885","2.044948"
"20","180","119.14284","0.804163","0.018258","1.952733"
"30","180","115.212678","0.83013","0.017841","1.870134"
"40","180","111.533525","0.85338","0.017556","1.797906"
"50","180","108.082078","0.874106","0.017371","1.735328"
"60","180","104.837831","0.892554","0.017262","1.68117"
"70","180","101.782671","0.908977","0.017212","1.634147"
"80","180","98.900534","0.923614","0.017209","1.593105"
"90","180","96.177126","0.936681","0.017242","1.557065"
"100","180","93.599688","0.948366","0.017305","1.525222"
"110","180","91.156788","0.958837","0.017393","1.496916"
"120","180","88.838162","0.968238","0.017499","1.471612"
"130","180","86.634561","0.976693","0.017622","1.44887"
"140","180","84.537634","0.984312","0.017758","1.428332"
"150","180","82.539817","0.991189","0.017905","1.409701"
"160","180","80.634245","0.997405","0.018061","1.39273"
"170","180","78.814675","1.003033","0.018225","1.377211"
"180","180","77.075413","1.008135","0.018395","1.362972"
"190","180","75.411256","1.012765","0.018571","1.349865"
"200","180","73.817444","1.016972","0.018751","1.337763"
"210","180","72.289607","1.020799","0.018935","1.326558"
"220","180","70.823732","1.024282","0.019122","1.316158"
"230","180","69.416125","1.027455","0.019311","1.30648"
"240","180","68.06338","1.030348","0.019503","1.297455"
"250","180","66.76235","1.032987","0.019696","1.28902"
"260","180","65.510126","1.035395","0.01989","1.281122"
"270","180","64.304011","1.037593","0.020086","1.273711"
"280","180","63.141505","1.0396","0.020282","1.266746"
"290","180","62.020285","1.041432","0.020479","1.260188"
"300","180","60.93819","1.043106","0.020677","1.254004"
"310","180","59.893207","1.044633","0.020874","1.248164"
"320","180","58.883459","1.046028","0.021072","1.242641"
"330","180","57.907193","1.0473","0.021269","1.23741"
"340","180","56.962772","1.04846","0.021466","1.232449"
"350","180","56.048662","1.049517","0.021663","1.227739"
"-100","190","212.857265","0.599447","0.054901","1.902702"
"-90","190","201.235247","0.592804","0.048486","1.969513"
"-80","190","190.816647","0.590803","0.043032","2.041221"
"-70","190","181.423753","0.593715","0.038342","2.116271"
"-60","190","172.9122","0.601927","0.034284","2.190503"
"-50","190","165.163502","0.6158","0.030775","2.255832"
"-40","190","158.0795","0.635411","0.027774","2.29957"
"-30","190","151.578184","0.660196","0.025267","2.308036"
"-20","190","145.590501","0.688783","0.023242","2.276705"
"-10","190","140.057896","0.719333","0.021659","2.213811"
"0","190","134.930388","0.750084","0.020453","2.13262"
"10","190","130.165055","0.779693","0.019551","2.045032"
"20","190","125.724835","0.807334","0.018887","1.95944"
"30","190","121.577554","0.832624","0.018406","1.880485"
"40","190","117.695147","0.855485","0.018065","1.809931"
"50","190","114.053026","0.876014","0.017832","1.747851"
"60","190","110.629552","0.894391","0.017682","1.693531"
"70","190","107.405611","0.910823","0.017598","1.646002"
"80","190","104.364251","0.925518","0.017564","1.604292"
"90","190","101.490391","0.938672","0.017571","1.567526"
"100","190","98.770563","0.950462","0.017612","1.534952"
"110","190","96.192706","0.961045","0.017679","1.505942"
"120","190","93.745989","0.97056","0.017768","1.479974"
"130","190","91.420651","0.979128","0.017875","1.456617"
"140","190","89.207879","0.986856","0.017997","1.435512"
"150","190","87.099694","0.993836","0.018131","1.416362"
"160","190","85.08885","1.00015","0.018276","1.398915"
"170","190","83.168759","1.005868","0.01843","1.382964"
"180","190","81.333411","1.011054","0.018591","1.368329"
"190","190","79.577319","1.015762","0.018758","1.354861"
"200","190","77.895457","1.02004","0.01893","1.342429"
"210","190","76.283215","1.023932","0.019107","1.330924"
"220","190","74.736359","1.027474","0.019287","1.320247"
"230","190","73.25099","1.030701","0.01947","1.310317"
"240","190","71.823512","1.033643","0.019656","1.30106"
"250","190","70.450608","1.036325","0.019844","1.292412"
"260","190","69.129205","1.038772","0.020033","1.284317"
"270","190","67.856458","1.041005","0.020224","1.276725"
"280","190","66.62973","1.043043","0.020416","1.269593"
"290","190","65.446569","1.044903","0.020609","1.262881"
"300","190","64.304694","1.0466","0.020803","1.256554"
"310","190","63.201981","1.048148","0.020997","1.250582"
"320","190","62.13645","1.049561","0.021191","1.244935"
"330","190","61.106251","1.050848","0.021385","1.23959"
"340","190","60.109656","1.052021","0.021579","1.234522"
"350","190","59.145046","1.053089","0.021773","1.229713"
"-100","200","224.000851","0.627604","0.055739","1.886118"
"-90","200","211.770392","0.619825","0.049326","1.948363"
"-80","200","200.806355","0.616637","0.043882","2.014228"
"-70","200","190.92172","0.618207","0.039211","2.082143"
"-60","200","181.964567","0.624794","0.035177","2.148462"
"-50","200","173.810206","0.636632","0.031691","2.206653"
"-40","200","166.355339","0.653738","0.028703","2.247047"
"-30","200","159.513664","0.675652","0.026189","2.259012"
"-20","200","153.212512","0.701288","0.02413","2.237508"
"-10","200","147.390262","0.729124","0.022491","2.18721"
"0","200","141.994316","0.757614","0.021218","2.118184"
"10","200","136.979507","0.785492","0.020246","2.040463"
"20","200","132.306831","0.811895","0.019515","1.961806"
"30","200","127.942429","0.836348","0.018973","1.887161"
"40","200","123.85677","0.85867","0.018579","1.81898"
"50","200","120.023975","0.878869","0.018299","1.757997"
"60","200","116.421274","0.89706","0.018109","1.703995"
"70","200","113.028551","0.913402","0.017989","1.656333"
"80","200","109.827969","0.928072","0.017926","1.614242"
"90","200","106.803655","0.941243","0.017907","1.576969"
"100","200","103.941437","0.953076","0.017924","1.543837"
"110","200","101.228624","0.963719","0.017971","1.514259"
"120","200","98.653815","0.973303","0.018042","1.487737"
"130","200","96.20674","0.981945","0.018133","1.463851"
"140","200","93.878125","0.989747","0.01824","1.44225"
"150","200","91.659571","0.9968","0.018362","1.422638"
"160","200","89.543455","1.003185","0.018495","1.404765"
"170","200","87.522842","1.00897","0.018638","1.38842"
"180","200","85.59141","1.014219","0.018789","1.373424"
"190","200","83.743382","1.018986","0.018947","1.359624"
"200","200","81.97347","1.023319","0.019112","1.346887"
"210","200","80.276824","1.02726","0.019281","1.335101"
"220","200","78.648986","1.030848","0.019454","1.324168"
"230","200","77.085854","1.034116","0.019631","1.314"
"240","200","75.583645","1.037095","0.019811","1.304525"
"250","200","74.138865","1.03981","0.019994","1.295676"
"260","200","72.748284","1.042287","0.020178","1.287395"
"270","200","71.408906","1.044546","0.020364","1.279632"
"280","200","70.117956","1.046606","0.020552","1.272342"
"290","200","68.872853","1.048486","0.020741","1.265483"
"300","200","67.671198","1.0502","0.020931","1.25902"
"310","200","66.510756","1.051763","0.021121","1.25292"
"320","200","65.389442","1.053188","0.021311","1.247156"
"330","200","64.305309","1.054485","0.021502","1.241701"
"340","200","63.25654","1.055666","0.021694","1.236532"
"350","200","62.24143","1.056739","0.021885","1.231627"
"-100","210","235.144438","0.655592","0.056561","1.87062"
"-90","210","222.305538","0.646677","0.050146","1.928849"
"-80","210","210.796062","0.642318","0.044708","1.989684"
"-70","210","200.419687","0.642595","0.04005","2.051587"
"-60","210","191.016933","0.647663","0.036034","2.111353"
"-50","210","182.45691","0.657656","0.032566","2.163603"
"-40","210","174.631179","0.672539","0.029589","2.200775"
"-30","210","167.449144","0.691913","0.027068","2.214557"
"-20","210","160.834522","0.714893","0.024982","2.200121"
"-10","210","154.722627","0.740212","0.023297","2.159806"
"0","210","149.058244","0.766517","0.021966","2.101106"
"10","210","143.793959","0.792637","0.020932","2.032373"
"20","210","138.888826","0.817711","0.02014","1.96057"
"30","210","134.307304","0.841208","0.019542","1.890591"
"40","210","130.018392","0.862867","0.019096","1.825283"
"50","210","125.994923","0.882622","0.018771","1.765886"
"60","210","122.212995","0.900524","0.018541","1.712622"
"70","210","118.651492","0.916687","0.018387","1.665167"
"80","210","115.291687","0.931255","0.018292","1.622964"
"90","210","112.11692","0.944376","0.018247","1.585399"
"100","210","109.112312","0.956195","0.018241","1.551877"
"110","210","106.264542","0.966848","0.018267","1.521864"
"120","210","103.561641","0.976457","0.01832","1.494894"
"130","210","100.99283","0.985134","0.018394","1.470567"
"140","210","98.548371","0.992978","0.018487","1.448541"
"150","210","96.219448","1.000075","0.018596","1.428526"
"160","210","93.998059","1.006504","0.018717","1.410275"
"170","210","91.876925","1.012334","0.018849","1.393577"
"180","210","89.849408","1.017626","0.018991","1.378254"
"190","210","87.909445","1.022433","0.01914","1.364151"
"200","210","86.051483","1.026803","0.019296","1.351134"
"210","210","84.270432","1.030779","0.019458","1.339089"
"220","210","82.561613","1.034399","0.019624","1.327916"
"230","210","80.920718","1.037696","0.019795","1.317528"
"240","210","79.343777","1.0407","0.019969","1.307849"
"250","210","77.827123","1.043439","0.020146","1.298811"
"260","210","76.367363","1.045936","0.020325","1.290356"
"270","210","74.961354","1.048212","0.020506","1.282431"
"280","210","73.606182","1.050288","0.02069","1.274991"
"290","210","72.299138","1.05218","0.020874","1.267992"
"300","210","71.037703","1.053905","0.02106","1.2614"
"310","210","69.819531","1.055477","0.021246","1.25518"
"320","210","68.642433","1.056907","0.021433","1.249304"
"330","210","67.504368","1.058209","0.021621","1.243744"
"340","210","66.403424","1.059393","0.021809","1.238477"
"350","210","65.337815","1.060467","0.021997","1.233481"
"-100","220","246.288024","0.683419","0.057367","1.856087"
"-90","220","232.840684","0.673366","0.050948","1.91076"
"-80","220","220.785769","0.667851","0.045513","1.967227"
"-70","220","209.917654","0.666875","0.040864","2.024008"
"-60","220","200.0693","0.670509","0.03686","2.078274"
"-50","220","191.103613","0.678807","0.033405","2.125527"
"-40","220","182.907018","0.691688","0.030435","2.159722"
"-30","220","175.384624","0.708789","0.02791","2.174291"
"-20","220","168.456533","0.729369","0.025801","2.164913"
"-10","220","162.054993","0.752361","0.024077","2.132478"
"0","220","156.122172","0.77658","0.022696","2.082458"
"10","220","150.60841","0.800954","0.021607","2.021732"
"20","220","145.470822","0.82465","0.02076","1.956444"
"30","220","140.67218","0.847106","0.020108","1.891237"
"40","220","136.180014","0.868004","0.019614","1.829119"
"50","220","131.965871","0.887218","0.019245","1.771682"
"60","220","128.004717","0.904741","0.018976","1.719505"
"70","220","124.274432","0.920646","0.018788","1.672556"
"80","220","120.755405","0.93504","0.018664","1.630489"
"90","220","117.430184","0.94805","0.018591","1.592829"
"100","220","114.283187","0.959801","0.018562","1.559078"
"110","220","111.30046","0.970417","0.018567","1.52876"
"120","220","108.469468","0.980011","0.018601","1.501448"
"130","220","105.778919","0.988687","0.01866","1.476765"
"140","220","103.218616","0.99654","0.018738","1.454384"
"150","220","100.779325","1.003653","0.018833","1.434024"
"160","220","98.452664","1.010102","0.018942","1.415443"
"170","220","96.231008","1.015953","0.019063","1.398434"
"180","220","94.107407","1.021267","0.019195","1.382818"
"190","220","92.075508","1.026097","0.019335","1.36844"
"200","220","90.129497","1.030489","0.019483","1.355168"
"210","220","88.264041","1.034485","0.019637","1.342886"
"220","220","86.47424","1.038123","0.019796","1.331493"
"230","220","84.755582","1.041437","0.01996","1.320901"
"240","220","83.10391","1.044457","0.020128","1.311032"
"250","220","81.515381","1.047209","0.020299","1.301818"
"260","220","79.986442","1.049716","0.020473","1.293199"
"270","220","78.513802","1.052002","0.02065","1.285122"
"280","220","77.094407","1.054086","0.020829","1.27754"
"290","220","75.725422","1.055984","0.021009","1.27041"
"300","220","74.404207","1.057712","0.02119","1.263695"
"310","220","73.128305","1.059286","0.021373","1.257362"
"320","220","71.895425","1.060718","0.021557","1.251379"
"330","220","70.703426","1.062019","0.021741","1.24572"
"340","220","69.550308","1.0632","0.021926","1.24036"
"350","220","68.434199","1.064272","0.022111","1.235277"
"-100","230","257.43161","0.711092","0.058158","1.84242"
"-90","230","243.37583","0.699901","0.051734","1.893926"
"-80","230","230.775477","0.69324","0.046299","1.946568"
"-70","230","219.415621","0.691045","0.041654","1.998941"
"-60","230","209.121667","0.693315","0.037659","2.048537"
"-50","230","199.750317","0.700037","0.034213","2.091547"
"-40","230","191.182858","0.711091","0.031247","2.123047"
"-30","230","183.320104","0.726137","0.028717","2.137778"
"-20","230","176.078544","0.744536","0.02659","2.132007"
"-10","230","169.387358","0.765375","0.024833","2.105778"
"0","230","163.1861","0.787617","0.023408","2.063013"
"10","230","157.422862","0.810285","0.02227","2.009323"
"20","230","152.052817","0.832584","0.021372","1.950073"
"30","230","147.037055","0.853942","0.020672","1.889557"
"40","230","142.341636","0.874007","0.020131","1.83079"
"50","230","137.93682","0.8926","0.019721","1.775574"
"60","230","133.796438","0.909668","0.019414","1.724762"
"70","230","129.897372","0.925243","0.019192","1.678575"
"80","230","126.219123","0.939401","0.019038","1.636862"
"90","230","122.743448","0.952243","0.01894","1.59929"
"100","230","119.454062","0.963876","0.018887","1.565459"
"110","230","116.336378","0.974411","0.018871","1.534959"
"120","230","113.377294","0.98395","0.018887","1.507405"
"130","230","110.565009","0.992592","0.018928","1.482448"
"140","230","107.888862","1.000423","0.018992","1.459781"
"150","230","105.339202","1.007525","0.019073","1.439133"
"160","230","102.907268","1.01397","0.01917","1.42027"
"170","230","100.585092","1.019822","0.01928","1.402989"
"180","230","98.365405","1.025139","0.019402","1.387114"
"190","230","96.24157","1.029973","0.019533","1.372493"
"200","230","94.20751","1.034371","0.019672","1.358991"
"210","230","92.257649","1.038374","0.019818","1.346493"
"220","230","90.386867","1.042018","0.01997","1.334898"
"230","230","88.590447","1.045337","0.020127","1.324117"
"240","230","86.864042","1.048361","0.020289","1.314073"
"250","230","85.203638","1.051116","0.020455","1.304695"
"260","230","83.605521","1.053626","0.020624","1.295924"
"270","230","82.066249","1.055913","0.020795","1.287705"
"280","230","80.582633","1.057996","0.020969","1.27999"
"290","230","79.151706","1.059893","0.021145","1.272736"
"300","230","77.770712","1.061619","0.021322","1.265906"
"310","230","76.43708","1.06319","0.021501","1.259464"
"320","230","75.148417","1.064616","0.021681","1.25338"
"330","230","73.902484","1.065912","0.021862","1.247627"
"340","230","72.697192","1.067087","0.022044","1.242179"
"350","230","71.530584","1.068151","0.022226","1.237013"
"-100","240","268.575197","0.738618","0.058935","1.829531"
"-90","240","253.910976","0.726288","0.052503","1.878201"
"-80","240","240.765184","0.718492","0.047066","1.927473"
"-70","240","228.913587","0.715105","0.042424","1.976019"
"-60","240","218.174034","0.716068","0.038434","2.021607"
"-50","240","208.397021","0.721311","0.034993","2.060981"
"-40","240","199.458697","0.730681","0.03203","2.090064"
"-30","240","191.255584","0.74385","0.029494","2.104589"
"-20","240","183.700554","0.760253","0.027351","2.101384"
"-10","240","176.719724","0.779099","0.025565","2.080036"
"0","240","170.250029","0.799473","0.024102","2.043316"
"10","240","164.237313","0.820488","0.02292","1.995757"
"20","240","158.634813","0.841394","0.021976","1.942008"
"30","240","153.401931","0.861624","0.02123","1.885984"
"40","240","148.503258","0.880801","0.020647","1.830602"
"50","240","143.907768","0.898711","0.020196","1.777766"
"60","240","139.588159","0.91526","0.019853","1.728527"
"70","240","135.520313","0.930444","0.019598","1.68331"
"80","240","131.682841","0.944309","0.019415","1.64214"
"90","240","128.056713","0.956931","0.019291","1.60482"
"100","240","124.624937","0.968401","0.019214","1.571047"
"110","240","121.372296","0.978813","0.019178","1.540479"
"120","240","118.285121","0.988262","0.019175","1.512777"
"130","240","115.351098","0.996836","0.0192","1.487626"
"140","240","112.559108","1.004618","0.019248","1.464738"
"150","240","109.899079","1.011683","0.019316","1.443858"
"160","240","107.361873","1.0181","0.019401","1.42476"
"170","240","104.939175","1.023932","0.0195","1.407247"
"180","240","102.623403","1.029234","0.019611","1.391147"
"190","240","100.407633","1.034057","0.019733","1.376309"
"200","240","98.285523","1.038446","0.019863","1.362602"
"210","240","96.251258","1.042441","0.020001","1.349909"
"220","240","94.299494","1.046078","0.020146","1.338131"
"230","240","92.425311","1.049392","0.020297","1.327179"
"240","240","90.624175","1.052409","0.020452","1.316972"
"250","240","88.891896","1.055158","0.020612","1.307444"
"260","240","87.2246","1.057662","0.020775","1.298531"
"270","240","85.618697","1.059942","0.020942","1.290179"
"280","240","84.070858","1.062018","0.021111","1.28234"
"290","240","82.57799","1.063907","0.021282","1.274971"
"300","240","81.137216","1.065624","0.021456","1.268032"
"310","240","79.745855","1.067185","0.021631","1.261488"
"320","240","78.401408","1.068602","0.021807","1.255309"
"330","240","77.101542","1.069887","0.021984","1.249467"
"340","240","75.844076","1.071051","0.022163","1.243934"
"350","240","74.626968","1.072103","0.022342","1.23869"
"-100","250","279.718783","0.766002","0.0597","1.817347"
"-90","250","264.446122","0.752533","0.053259","1.863464"
"-80","250","250.754891","0.743609","0.047817","1.909746"
"-70","250","238.411554","0.739056","0.043175","1.954943"
"-60","250","227.226401","0.738759","0.039187","1.997062"
"-50","250","217.043725","0.742603","0.035748","2.033294"
"-40","250","207.734537","0.750405","0.032785","2.060218"
"-30","250","199.191064","0.761844","0.030244","2.074326"
"-20","250","191.322565","0.77641","0.028085","2.072941"
"-10","250","184.052089","0.793404","0.026275","2.055435"
"0","250","177.313957","0.812017","0.024779","2.023742"
"10","250","171.051765","0.831442","0.023557","1.9815"
"20","250","165.216808","0.850974","0.022571","1.932708"
"30","250","159.766806","0.870062","0.021783","1.880902"
"40","250","154.66488","0.888315","0.021159","1.828847"
"50","250","149.878717","0.905493","0.02067","1.778469"
"60","250","145.379881","0.921471","0.020293","1.730945"
"70","250","141.143253","0.936212","0.020006","1.686859"
"80","250","137.146559","0.949734","0.019794","1.64639"
"90","250","133.369977","0.96209","0.019644","1.609465"
"100","250","129.795812","0.973355","0.019545","1.575873"
"110","250","126.408214","0.983608","0.019488","1.545342"
"120","250","123.192947","0.992932","0.019466","1.517582"
"130","250","120.137188","1.001409","0.019474","1.492311"
"140","250","117.229353","1.009114","0.019507","1.469266"
"150","250","114.458956","1.016117","0.019562","1.448206"
"160","250","111.816478","1.022486","0.019634","1.428917"
"170","250","109.293258","1.028277","0.019722","1.41121"
"180","250","106.881402","1.033547","0.019822","1.394918"
"190","250","104.573696","1.038342","0.019934","1.379892"
"200","250","102.363536","1.042707","0.020056","1.366003"
"210","250","100.244867","1.046681","0.020187","1.353138"
"220","250","98.212121","1.0503","0.020324","1.341195"
"230","250","96.260175","1.053597","0.020468","1.330086"
"240","250","94.384307","1.056599","0.020617","1.319732"
"250","250","92.580153","1.059332","0.020771","1.310064"
"260","250","90.843679","1.061821","0.020929","1.301021"
"270","250","89.171145","1.064087","0.02109","1.292546"
"280","250","87.559084","1.066148","0.021254","1.284592"
"290","250","86.004275","1.068022","0.021421","1.277114"
"300","250","84.50372","1.069725","0.02159","1.270074"
"310","250","83.05463","1.071271","0.021761","1.263435"
"320","250","81.6544","1.072673","0.021934","1.257166"
"330","250","80.300601","1.073942","0.022108","1.251239"
"340","250","78.99096","1.07509","0.022283","1.245628"
"350","250","77.723353","1.076126","0.022458","1.240309"
"-100","260","290.862369","0.793251","0.060452","1.805802"
"-90","260","274.981268","0.778642","0.054","1.849612"
"-80","260","260.744599","0.768598","0.048552","1.893225"
"-70","260","247.909521","0.762899","0.043908","1.935473"
"-60","260","236.278767","0.761382","0.03992","1.974565"
"-50","260","225.690429","0.763894","0.036481","2.00806"
"-40","260","216.010376","0.770225","0.033517","2.033057"
"-30","260","207.126544","0.780057","0.030969","2.046634"
"-20","260","198.944575","0.792919","0.028797","2.046536"
"-10","260","191.384455","0.808188","0.026964","2.032058"
"0","260","184.377885","0.825139","0.025438","2.004545"
"10","260","177.866217","0.843039","0.024181","1.966898"
"20","260","171.798804","0.861227","0.023156","1.922541"
"30","260","166.131682","0.879172","0.022329","1.874646"
"40","260","160.826502","0.896481","0.021667","1.825795"
"50","260","155.849665","0.912892","0.021142","1.777885"
"60","260","151.171602","0.928256","0.020731","1.732162"
"70","260","146.766193","0.942509","0.020414","1.689328"
"80","260","142.610277","0.955645","0.020174","1.649688"
"90","260","138.683242","0.967696","0.019999","1.613277"
"100","260","134.966687","0.978717","0.019877","1.579975"
"110","260","131.444132","0.988776","0.019799","1.549576"
"120","260","128.100774","0.997945","0.019759","1.52184"
"130","260","124.923277","1.006296","0.019751","1.496519"
"140","260","121.899599","1.013899","0.019769","1.473374"
"150","260","119.018833","1.020818","0.019809","1.452185"
"160","260","116.271082","1.027117","0.019869","1.432749"
"170","260","113.647341","1.03285","0.019945","1.414885"
"180","260","111.1394","1.03807","0.020036","1.398431"
"190","260","108.739759","1.042822","0.020138","1.383245"
"200","260","106.44155","1.047149","0.020251","1.369199"
"210","260","104.238475","1.05109","0.020373","1.35618"
"220","260","102.124748","1.05468","0.020503","1.34409"
"230","260","100.09504","1.057948","0.02064","1.332841"
"240","260","98.14444","1.060925","0.020783","1.322353"
"250","260","96.268411","1.063634","0.020931","1.312559"
"260","260","94.462758","1.066101","0.021083","1.303395"
"270","260","92.723592","1.068344","0.021239","1.294807"
"280","260","91.047309","1.070384","0.021399","1.286746"
"290","260","89.430559","1.072237","0.021561","1.279168"
"300","260","87.870225","1.07392","0.021726","1.272032"
"310","260","86.363404","1.075445","0.021893","1.265304"
"320","260","84.907391","1.076827","0.022062","1.258951"
"330","260","83.499659","1.078076","0.022232","1.252945"
"340","260","82.137844","1.079204","0.022403","1.247259"
"350","260","80.819737","1.080219","0.022576","1.241869"
"-100","270","302.005956","0.820368","0.061193","1.79484"
"-90","270","285.516414","0.804619","0.054729","1.836554"
"-80","270","270.734306","0.793463","0.049274","1.877775"
"-70","270","257.407488","0.786635","0.044625","1.917408"
"-60","270","245.331134","0.783933","0.040634","1.95384"
"-50","270","234.337133","0.785168","0.037195","1.984935"
"-40","270","224.286216","0.790109","0.034226","2.00821"
"-30","270","215.062024","0.798436","0.031672","2.021204"
"-20","270","206.566586","0.809711","0.029487","2.022009"
"-10","270","198.71682","0.823366","0.027634","2.009927"
"0","270","191.441813","0.838748","0.02608","1.985889"
"10","270","184.680668","0.855187","0.024791","1.952208"
"20","270","178.380799","0.872069","0.023731","1.911801"
"30","270","172.496557","0.888881","0.022868","1.867497"
"40","270","166.988125","0.905233","0.02217","1.821687"
"50","270","161.820613","0.920852","0.021612","1.776205"
"60","270","156.963324","0.935571","0.021168","1.732322"
"70","270","152.389134","0.9493","0.020821","1.690823"
"80","270","148.073995","0.962013","0.020555","1.652109"
"90","270","143.996506","0.973722","0.020355","1.616313"
"100","270","140.137562","0.984467","0.02021","1.583395"
"110","270","136.48005","0.994301","0.020113","1.553212"
"120","270","133.0086","1.003286","0.020054","1.525573"
"130","270","129.709367","1.011485","0.020029","1.500266"
"140","270","126.569844","1.018962","0.020032","1.477078"
"150","270","123.57871","1.025776","0.020059","1.455807"
"160","270","120.725687","1.031986","0.020106","1.436264"
"170","270","118.001424","1.037643","0.020171","1.418278"
"180","270","115.397399","1.042796","0.020251","1.401694"
"190","270","112.905822","1.047491","0.020344","1.386373"
"200","270","110.519563","1.051768","0.020448","1.372191"
"210","270","108.232084","1.055663","0.020562","1.35904"
"220","270","106.037374","1.059212","0.020684","1.34682"
"230","270","103.929904","1.062443","0.020814","1.335445"
"240","270","101.904572","1.065384","0.020951","1.324838"
"250","270","99.956669","1.068062","0.021092","1.314928"
"260","270","98.081837","1.070497","0.021239","1.305655"
"270","270","96.27604","1.072711","0.02139","1.296964"
"280","270","94.535535","1.074723","0.021544","1.288804"
"290","270","92.856843","1.076549","0.021702","1.281132"
"300","270","91.236729","1.078205","0.021863","1.273909"
"310","270","89.672179","1.079705","0.022025","1.267097"
"320","270","88.160383","1.081062","0.02219","1.260666"
"330","270","86.698717","1.082286","0.022357","1.254585"
"340","270","85.284728","1.083389","0.022525","1.248828"
"350","270","83.916122","1.084381","0.022694","1.243373"
"-100","280","313.149542","0.84736","0.061922","1.78441"
"-90","280","296.05156","0.83047","0.055445","1.824216"
"-80","280","280.724013","0.818206","0.049981","1.863281"
"-70","280","266.905455","0.810266","0.045327","1.900582"
"-60","280","254.383501","0.80641","0.041333","1.934662"
"-50","280","242.983837","0.806415","0.03789","1.96364"
"-40","280","232.562055","0.810033","0.034917","1.985372"
"-30","280","222.997504","0.816944","0.032355","1.997764"
"-20","280","214.188597","0.826729","0.030157","1.9992"
"-10","280","206.049186","0.838868","0.028285","1.98902"
"0","280","198.505741","0.852767","0.026707","1.967877"
"10","280","191.49512","0.86781","0.025388","1.937616"
"20","280","184.962794","0.883424","0.024296","1.900715"
"30","280","178.861432","0.89912","0.0234","1.859689"
"40","280","173.149747","0.914513","0.022669","1.816736"
"50","280","167.791562","0.929325","0.022077","1.773605"
"60","280","162.755045","0.943373","0.021604","1.731563"
"70","280","158.012074","0.956549","0.021228","1.691447"
"80","280","153.537713","0.968808","0.020935","1.653733"
"90","280","149.309771","0.980145","0.020711","1.618632"
"100","280","145.308437","0.990583","0.020545","1.586176"
"110","280","141.515968","1.000165","0.020427","1.556283"
"120","280","137.916427","1.008939","0.02035","1.528807"
"130","280","134.495456","1.016963","0.020309","1.503572"
"140","280","131.24009","1.024292","0.020297","1.480392"
"150","280","128.138587","1.030981","0.02031","1.459083"
"160","280","125.180291","1.037083","0.020345","1.439472"
"170","280","122.355508","1.042647","0.020398","1.421397"
"180","280","119.655397","1.04772","0.020468","1.404711"
"190","280","117.071884","1.052343","0.020551","1.38928"
"200","280","114.597576","1.056557","0.020646","1.374986"
"210","280","112.225692","1.060395","0.020752","1.36172"
"220","280","109.950001","1.063892","0.020867","1.349388"
"230","280","107.764768","1.067076","0.02099","1.337903"
"240","280","105.664705","1.069974","0.021119","1.327188"
"250","280","103.644926","1.07261","0.021255","1.317175"
"260","280","101.700916","1.075007","0.021396","1.307803"
"270","280","99.828488","1.077185","0.021542","1.299017"
"280","280","98.023761","1.079163","0.021691","1.290767"
"290","280","96.283127","1.080956","0.021844","1.283009"
"300","280","94.603233","1.08258","0.022","1.275704"
"310","280","92.980954","1.084049","0.022159","1.268815"
"320","280","91.413375","1.085376","0.02232","1.26231"
"330","280","89.897775","1.086571","0.022483","1.25616"
"340","280","88.431613","1.087646","0.022648","1.250338"
"350","280","87.012506","1.08861","0.022814","1.244819"
"-100","290","324.293128","0.87423","0.062641","1.774469"
"-90","290","306.586706","0.856199","0.05615","1.812529"
"-80","290","290.713721","0.842834","0.050677","1.849644"
"-70","290","276.403422","0.833795","0.046015","1.884856"
"-60","290","263.435868","0.828809","0.042016","1.916843"
"-50","290","251.630541","0.827627","0.038568","1.943942"
"-40","290","240.837895","0.829981","0.035589","1.964288"
"-30","290","230.932985","0.835548","0.033019","1.976085"
"-20","290","221.810607","0.843929","0.030809","1.977953"
"-10","290","213.381551","0.854639","0.02892","1.969292"
"0","290","205.569669","0.867131","0.027319","1.950565"
"10","290","198.309572","0.880838","0.025973","1.923254"
"20","290","191.54479","0.895226","0.024851","1.889461"
"30","290","185.226308","0.909827","0.023923","1.851413"
"40","290","179.311369","0.924267","0.023161","1.811123"
"50","290","173.76251","0.938263","0.022539","1.770242"
"60","290","168.546766","0.951622","0.022036","1.730015"
"70","290","163.635014","0.964222","0.021633","1.691303"
"80","290","159.001431","0.976001","0.021315","1.654637"
"90","290","154.623035","0.986939","0.021067","1.620293"
"100","290","150.479312","0.997045","0.02088","1.588365"
"110","290","146.551886","1.006349","0.020742","1.558824"
"120","290","142.824253","1.01489","0.020648","1.53157"
"130","290","139.281546","1.022717","0.02059","1.506459"
"140","290","135.910336","1.029877","0.020563","1.483333"
"150","290","132.698464","1.036423","0.020562","1.462027"
"160","290","129.634896","1.0424","0.020585","1.442383"
"170","290","126.709591","1.047856","0.020627","1.42425"
"180","290","123.913396","1.052833","0.020686","1.407489"
"190","290","121.237947","1.057373","0.020759","1.391973"
"200","290","118.67559","1.061511","0.020846","1.377587"
"210","290","116.219301","1.065281","0.020943","1.364226"
"220","290","113.862628","1.068716","0.021051","1.351797"
"230","290","111.599633","1.071843","0.021166","1.340215"
"240","290","109.424837","1.074689","0.021289","1.329406"
"250","290","107.333184","1.077277","0.021419","1.319301"
"260","290","105.319995","1.079628","0.021554","1.30984"
"270","290","103.380936","1.081764","0.021694","1.300968"
"280","290","101.511986","1.0837","0.021839","1.292636"
"290","290","99.709412","1.085455","0.021987","1.284799"
"300","290","97.969738","1.087042","0.022139","1.277419"
"310","290","96.289729","1.088475","0.022294","1.270458"
"320","290","94.666366","1.089767","0.022451","1.263885"
"330","290","93.096834","1.090929","0.02261","1.25767"
"340","290","91.578497","1.091971","0.022771","1.251787"
"350","290","90.108891","1.092903","0.022934","1.24621"
"-100","300","335.436715","0.900983","0.06335","1.764978"
"-90","300","317.121852","0.881811","0.056845","1.801437"
"-80","300","300.703428","0.867349","0.05136","1.836779"
"-70","300","285.901389","0.857223","0.04669","1.87011"
"-60","300","272.488234","0.85113","0.042684","1.900227"
"-50","300","260.277245","0.848796","0.039231","1.92565"
"-40","300","249.113734","0.849936","0.036245","1.944746"
"-30","300","238.868465","0.854225","0.033666","1.955966"
"-20","300","229.432618","0.861275","0.031444","1.958122"
"-10","300","220.713917","0.870631","0.029539","1.950682"
"0","300","212.633598","0.881786","0.027916","1.933979"
"10","300","205.124023","0.894216","0.026546","1.909214"
"20","300","198.126785","0.907418","0.025397","1.878173"
"30","300","191.591183","0.920949","0.024439","1.842823"
"40","300","185.472991","0.934445","0.023648","1.805001"
"50","300","179.733459","0.947622","0.022997","1.766256"
"60","300","174.338488","0.960281","0.022466","1.727795"
"70","300","169.257955","0.972287","0.022037","1.690486"
"80","300","164.465148","0.983566","0.021694","1.654897"
"90","300","159.9363","0.994082","0.021423","1.621355"
"100","300","155.650187","1.003833","0.021215","1.590007"
"110","300","151.587804","1.012837","0.021058","1.560872"
"120","300","147.73208","1.021123","0.020946","1.533888"
"130","300","144.067635","1.028733","0.020872","1.508949"
"140","300","140.580581","1.035707","0.02083","1.485918"
"150","300","137.258341","1.042091","0.020816","1.464653"
"160","300","134.089501","1.047928","0.020826","1.445009"
"170","300","131.063674","1.053261","0.020857","1.426848"
"180","300","128.171394","1.05813","0.020905","1.410038"
"190","300","125.40401","1.062572","0.020969","1.394459"
"200","300","122.753603","1.066624","0.021047","1.380001"
"210","300","120.212909","1.070316","0.021136","1.366562"
"220","300","117.775255","1.073679","0.021235","1.354051"
"230","300","115.434497","1.076741","0.021344","1.342387"
"240","300","113.18497","1.079526","0.02146","1.331495"
"250","300","111.021442","1.082058","0.021584","1.321309"
"260","300","108.939074","1.084357","0.021713","1.311769"
"270","300","106.933383","1.086443","0.021848","1.302819"
"280","300","105.000212","1.088333","0.021988","1.294413"
"290","300","103.135696","1.090043","0.022131","1.286505"
"300","300","101.336242","1.091588","0.022279","1.279055"
"310","300","99.598503","1.092981","0.022429","1.272029"
"320","300","97.919358","1.094234","0.022582","1.265393"
"330","300","96.295892","1.095358","0.022738","1.259118"
"340","300","94.725381","1.096364","0.022895","1.253177"
"350","300","93.205275","1.09726","0.023055","1.247546"
"-100","310","346.580301","0.927622","0.064049","1.755902"
"-90","310","327.656998","0.90731","0.057529","1.790887"
"-80","310","310.693136","0.891754","0.052032","1.824613"
"-70","310","295.399356","0.880553","0.047354","1.856243"
"-60","310","281.540601","0.873373","0.04334","1.88468"
"-50","310","268.923949","0.869917","0.039879","1.9086"
"-40","310","257.389574","0.869887","0.036886","1.926568"
"-30","310","246.803945","0.872952","0.034298","1.937235"
"-20","310","237.054628","0.878736","0.032063","1.939577"
"-10","310","228.046282","0.886805","0.030142","1.933123"
"0","310","219.697526","0.896688","0.028501","1.918121"
"10","310","211.938475","0.907893","0.027107","1.895557"
"20","310","204.708781","0.919951","0.025932","1.866952"
"30","310","197.956059","0.932438","0.024947","1.834042"
"40","310","191.634613","0.945002","0.024128","1.798499"
"50","310","185.704407","0.957362","0.02345","1.761768"
"60","310","180.130209","0.969313","0.022893","1.725009"
"70","310","174.880895","0.980713","0.022438","1.689084"
"80","310","169.928866","0.991474","0.022071","1.654584"
"90","310","165.249564","1.00155","0.021779","1.621876"
"100","310","160.821062","1.010927","0.02155","1.591147"
"110","310","156.623722","1.019611","0.021374","1.56246"
"120","310","152.639906","1.027624","0.021245","1.535792"
"130","310","148.853725","1.034998","0.021155","1.511064"
"140","310","145.250827","1.041769","0.021098","1.488166"
"150","310","141.818218","1.047976","0.021071","1.466976"
"160","310","138.544105","1.053658","0.021068","1.447362"
"170","310","135.417757","1.058855","0.021087","1.429199"
"180","310","132.429392","1.063602","0.021125","1.412365"
"190","310","129.570073","1.067937","0.02118","1.396744"
"200","310","126.831616","1.07189","0.021248","1.382232"
"210","310","124.206518","1.075494","0.021329","1.368732"
"220","310","121.687882","1.078777","0.021421","1.356155"
"230","310","119.269361","1.081765","0.021523","1.344421"
"240","310","116.945102","1.084482","0.021633","1.333459"
"250","310","114.709699","1.08695","0.02175","1.323202"
"260","310","112.558153","1.08919","0.021874","1.313591"
"270","310","110.485831","1.091221","0.022003","1.304573"
"280","310","108.488437","1.093058","0.022137","1.2961"
"290","310","106.56198","1.094719","0.022276","1.288127"
"300","310","104.702746","1.096216","0.022419","1.280615"
"310","310","102.907278","1.097564","0.022565","1.273528"
"320","310","101.17235","1.098773","0.022714","1.266834"
"330","310","99.49495","1.099856","0.022866","1.260504"
"340","310","97.872265","1.100822","0.02302","1.25451"
"350","310","96.30166","1.10168","0.023176","1.248828"
"-100","320","357.723888","0.954152","0.064739","1.74721"
"-90","320","338.192144","0.932698","0.058203","1.780836"
"-80","320","320.682843","0.916054","0.052694","1.813083"
"-70","320","304.897323","0.903786","0.048005","1.843168"
"-60","320","290.592968","0.895537","0.043983","1.870089"
"-50","320","277.570653","0.890988","0.040515","1.892657"
"-40","320","265.665413","0.889825","0.037514","1.909602"
"-30","320","254.739425","0.891715","0.034915","1.919745"
"-20","320","244.676639","0.896288","0.032668","1.922196"
"-10","320","235.378648","0.903131","0.030733","1.916544"
"0","320","226.761454","0.911797","0.029072","1.90298"
"10","320","218.752926","0.921828","0.027657","1.882323"
"20","320","211.290776","0.93278","0.026458","1.855875"
"30","320","204.320934","0.944251","0.025448","1.825169"
"40","320","197.796235","0.955898","0.024602","1.791723"
"50","320","191.675355","0.967446","0.023898","1.756882"
"60","320","185.92193","0.978687","0.023315","1.721752"
"70","320","180.503835","0.989471","0.022837","1.687179"
"80","320","175.392584","0.999702","0.022447","1.653767"
"90","320","170.562828","1.009322","0.022133","1.621909"
"100","320","165.991937","1.018307","0.021884","1.591829"
"110","320","161.65964","1.026655","0.02169","1.563626"
"120","320","157.547733","1.034378","0.021544","1.537308"
"130","320","153.639814","1.0415","0.021438","1.512827"
"140","320","149.921073","1.048053","0.021367","1.490096"
"150","320","146.378096","1.054068","0.021326","1.46901"
"160","320","142.99871","1.059582","0.021311","1.449455"
"170","320","139.771841","1.064629","0.021319","1.431315"
"180","320","136.687391","1.069244","0.021347","1.414478"
"190","320","133.736135","1.073459","0.021392","1.398835"
"200","320","130.909629","1.077305","0.021451","1.384287"
"210","320","128.200127","1.080811","0.021524","1.370742"
"220","320","125.600509","1.084005","0.021608","1.358112"
"230","320","123.104226","1.086911","0.021702","1.346322"
"240","320","120.705235","1.089552","0.021806","1.3353"
"250","320","118.397957","1.091951","0.021917","1.324983"
"260","320","116.177232","1.094125","0.022035","1.315311"
"270","320","114.038279","1.096094","0.022159","1.306232"
"280","320","111.976663","1.097873","0.022288","1.297699"
"290","320","109.988264","1.099479","0.022422","1.289667"
"300","320","108.069251","1.100925","0.02256","1.282098"
"310","320","106.216053","1.102223","0.022702","1.274957"
"320","320","104.425341","1.103385","0.022847","1.26821"
"330","320","102.694008","1.104422","0.022995","1.261828"
"340","320","101.019149","1.105344","0.023146","1.255785"
"350","320","99.398044","1.106159","0.023298","1.250057"
"-100","330","368.867474","0.980574","0.065421","1.738875"
"-90","330","348.72729","0.95798","0.058868","1.771243"
"-80","330","330.67255","0.940251","0.053346","1.802132"
"-70","330","314.39529","0.926926","0.048647","1.830811"
"-60","330","299.645335","0.917624","0.044615","1.856358"
"-50","330","286.217356","0.912004","0.041138","1.877704"
"-40","330","273.941253","0.909742","0.038128","1.893719"
"-30","330","262.674905","0.910499","0.035519","1.903367"
"-20","330","252.298649","0.913911","0.033261","1.905873"
"-10","330","242.711013","0.91958","0.03131","1.900877"
"0","330","233.825382","0.927082","0.029632","1.888533"
"10","330","225.567378","0.935985","0.028196","1.869532"
"20","330","217.872772","0.945868","0.026975","1.844997"
"30","330","210.685809","0.956349","0.025941","1.816281"
"40","330","203.957858","0.967097","0.02507","1.784761"
"50","330","197.646304","0.977841","0.024341","1.751686"
"60","330","191.713652","0.988371","0.023735","1.718106"
"70","330","186.126776","0.998534","0.023233","1.684845"
"80","330","180.856302","1.008224","0.022821","1.652508"
"90","330","175.876093","1.017376","0.022486","1.621508"
"100","330","171.162811","1.025956","0.022218","1.592097"
"110","330","166.695558","1.033952","0.022006","1.564403"
"120","330","162.455559","1.04137","0.021842","1.538466"
"130","330","158.425904","1.048227","0.021721","1.514261"
"140","330","154.591318","1.054547","0.021636","1.491726"
"150","330","150.937973","1.060358","0.021582","1.470772"
"160","330","147.453314","1.065691","0.021555","1.4513"
"170","330","144.125924","1.070577","0.021552","1.433206"
"180","330","140.945389","1.075048","0.021569","1.416387"
"190","330","137.902198","1.079133","0.021604","1.400741"
"200","330","134.987643","1.082862","0.021655","1.386174"
"210","330","132.193735","1.086262","0.021719","1.372597"
"220","330","129.513136","1.089359","0.021796","1.359928"
"230","330","126.93909","1.092175","0.021883","1.348093"
"240","330","124.465367","1.094734","0.02198","1.337023"
"250","330","122.086214","1.097055","0.022084","1.326654"
"260","330","119.796311","1.099158","0.022196","1.316929"
"270","330","117.590727","1.10106","0.022315","1.307798"
"280","330","115.464889","1.102776","0.022439","1.299212"
"290","330","113.414549","1.104322","0.022568","1.291128"
"300","330","111.435755","1.105711","0.022702","1.283508"
"310","330","109.524827","1.106955","0.02284","1.276317"
"320","330","107.678333","1.108066","0.022981","1.269522"
"330","330","105.893067","1.109053","0.023125","1.263093"
"340","330","104.166033","1.109928","0.023272","1.257005"
"350","330","102.494428","1.110698","0.023421","1.251233"
"-100","340","380.01106","1.006894","0.066093","1.730872"
"-90","340","359.262436","0.983159","0.059524","1.762073"
"-80","340","340.662258","0.964349","0.053989","1.791712"
"-70","340","323.893257","0.949975","0.049278","1.819105"
"-60","340","308.697702","0.939632","0.045237","1.843403"
"-50","340","294.86406","0.932964","0.04175","1.863639"
"-40","340","282.217092","0.929633","0.03873","1.878807"
"-30","340","270.610385","0.929295","0.036111","1.887991"
"-20","340","259.92066","0.931589","0.03384","1.890511"
"-10","340","250.043379","0.936131","0.031875","1.886055"
"0","340","240.88931","0.942515","0.030181","1.874753"
"10","340","232.38183","0.950331","0.028726","1.857195"
"20","340","224.454767","0.959182","0.027482","1.834357"
"30","340","217.050685","0.9687","0.026426","1.807438"
"40","340","210.11948","0.978566","0.025532","1.777685"
"50","340","203.617252","0.988515","0.02478","1.746257"
"60","340","197.505373","0.998338","0.02415","1.714146"
"70","340","191.749716","1.007876","0.023626","1.682148"
"80","340","186.32002","1.017019","0.023193","1.650865"
"90","340","181.189357","1.025693","0.022838","1.620721"
"100","340","176.333686","1.033855","0.02255","1.59199"
"110","340","171.731476","1.041488","0.022321","1.564826"
"120","340","167.363386","1.048588","0.022141","1.539292"
"130","340","163.211993","1.055166","0.022005","1.515389"
"140","340","159.261564","1.061241","0.021905","1.493074"
"150","340","155.49785","1.066835","0.021838","1.472276"
"160","340","151.907919","1.071976","0.021799","1.45291"
"170","340","148.480007","1.07669","0.021785","1.434883"
"180","340","145.203388","1.081007","0.021792","1.4181"
"190","340","142.068261","1.084954","0.021817","1.402468"
"200","340","139.065656","1.088557","0.021859","1.387897"
"210","340","136.187344","1.091842","0.021915","1.374303"
"220","340","133.425763","1.094833","0.021984","1.361608"
"230","340","130.773954","1.097553","0.022064","1.349739"
"240","340","128.2255","1.100022","0.022154","1.33863"
"250","340","125.774472","1.102261","0.022253","1.328219"
"260","340","123.41539","1.104286","0.022359","1.31845"
"270","340","121.143174","1.106115","0.022472","1.309273"
"280","340","118.953114","1.107763","0.022591","1.300641"
"290","340","116.840833","1.109245","0.022715","1.292511"
"300","340","114.80226","1.110572","0.022845","1.284846"
"310","340","112.833602","1.111758","0.022978","1.27761"
"320","340","110.931324","1.112814","0.023115","1.270771"
"330","340","109.092125","1.113749","0.023255","1.2643"
"340","340","107.312917","1.114573","0.023399","1.258171"
"350","340","105.590813","1.115294","0.023545","1.252358"
"-100","350","391.154647","1.033113","0.066758","1.723177"
"-90","350","369.797582","1.008238","0.060171","1.753293"
"-80","350","350.651965","0.988349","0.054622","1.781779"
"-70","350","333.391224","0.972933","0.0499","1.807992"
"-60","350","317.750068","0.961564","0.045848","1.831151"
"-50","350","303.510764","0.953867","0.042351","1.850378"
"-40","350","290.492932","0.949492","0.039321","1.864771"
"-30","350","278.545865","0.948091","0.036692","1.873519"
"-20","350","267.542671","0.949307","0.034408","1.876025"
"-10","350","257.375744","0.952764","0.032429","1.872016"
"0","350","247.953238","0.958072","0.030718","1.861607"
"10","350","239.196281","0.964842","0.029245","1.845312"
"20","350","231.036763","0.972692","0.027982","1.823982"
"30","350","223.41556","0.981273","0.026904","1.798686"
"40","350","216.281102","0.990276","0.025988","1.770554"
"50","350","209.588201","0.999442","0.025213","1.740658"
"60","350","203.297095","1.008561","0.024561","1.709933"
"70","350","197.372656","1.017474","0.024016","1.679146"
"80","350","191.783738","1.026065","0.023562","1.648889"
"90","350","186.502622","1.034253","0.023188","1.619593"
"100","350","181.504561","1.041989","0.022882","1.591547"
"110","350","176.767394","1.049247","0.022635","1.564925"
"120","350","172.271212","1.056018","0.022439","1.539814"
"130","350","167.998083","1.062306","0.022288","1.516233"
"140","350","163.931809","1.068125","0.022175","1.49416"
"150","350","160.057727","1.073491","0.022095","1.473539"
"160","350","156.362524","1.078429","0.022044","1.454299"
"170","350","152.83409","1.082962","0.022019","1.436357"
"180","350","149.461386","1.087115","0.022015","1.419627"
"190","350","146.234324","1.090914","0.022031","1.404024"
"200","350","143.143669","1.094383","0.022064","1.389464"
"210","350","140.180952","1.097546","0.022112","1.375866"
"220","350","137.33839","1.100425","0.022173","1.363156"
"230","350","134.608819","1.103041","0.022246","1.351264"
"240","350","131.985632","1.105415","0.022329","1.340126"
"250","350","129.46273","1.107564","0.022422","1.329681"
"260","350","127.034469","1.109506","0.022522","1.319876"
"270","350","124.695622","1.111257","0.02263","1.310661"
"280","350","122.44134","1.112832","0.022744","1.301989"
"290","350","120.267117","1.114245","0.022863","1.293819"
"300","350","118.168764","1.115507","0.022988","1.286113"
"310","350","116.142377","1.116631","0.023117","1.278837"
"320","350","114.184316","1.117628","0.02325","1.271959"
"330","350","112.291183","1.118506","0.023386","1.26545"
"340","350","110.459801","1.119276","0.023526","1.259283"
"350","350","108.687197","1.119946","0.023669","1.253434"
"-100","360","402.298233","1.059235","0.067415","1.715771"
"-90","360","380.332727","1.033219","0.060811","1.744876"
"-80","360","360.641672","1.012255","0.055247","1.772295"
"-70","360","342.88919","0.995805","0.050512","1.797422"
"-60","360","326.802435","0.98342","0.046449","1.819538"
"-50","360","312.157468","0.974711","0.042942","1.837843"
"-40","360","298.768771","0.969316","0.039902","1.851527"
"-30","360","286.481345","0.966883","0.037261","1.859867"
"-20","360","275.164681","0.967054","0.034966","1.862337"
"-10","360","264.70811","0.969463","0.032973","1.858702"
"0","360","255.017167","0.973734","0.031246","1.849064"
"10","360","246.010733","0.979492","0.029755","1.833875"
"20","360","237.618758","0.986374","0.028473","1.81389"
"30","360","229.780436","0.994044","0.027374","1.79006"
"40","360","222.442724","1.002202","0.026437","1.763414"
"50","360","215.559149","1.010596","0.025641","1.73494"
"60","360","209.088816","1.019018","0.024968","1.705521"
"70","360","202.995597","1.027307","0.024402","1.675891"
"80","360","197.247456","1.035343","0.023929","1.646629"
"90","360","191.815886","1.04304","0.023536","1.618167"
"100","360","186.675436","1.050342","0.023212","1.590804"
"110","360","181.803312","1.057216","0.022948","1.564733"
"120","360","177.179039","1.063648","0.022737","1.540056"
"130","360","172.784172","1.069636","0.022571","1.516815"
"140","360","168.602055","1.075188","0.022444","1.495001"
"150","360","164.617604","1.080317","0.022352","1.474575"
"160","360","160.817128","1.085042","0.022289","1.455477"
"170","360","157.188173","1.089385","0.022253","1.437637"
"180","360","153.719384","1.093366","0.022239","1.420977"
"190","360","150.400387","1.097009","0.022246","1.405418"
"200","360","147.221682","1.100336","0.02227","1.390881"
"210","360","144.174561","1.103369","0.02231","1.377291"
"220","360","141.251017","1.106129","0.022363","1.364577"
"230","360","138.443683","1.108635","0.022429","1.352672"
"240","360","135.745764","1.110907","0.022505","1.341514"
"250","360","133.150987","1.112961","0.022591","1.331044"
"260","360","130.653548","1.114815","0.022686","1.32121"
"270","360","128.24807","1.116484","0.022788","1.311963"
"280","360","125.929565","1.117981","0.022897","1.303257"
"290","360","123.693401","1.11932","0.023011","1.295053"
"300","360","121.535268","1.120513","0.023132","1.287312"
"310","360","119.451152","1.121572","0.023256","1.280001"
"320","360","117.437308","1.122506","0.023385","1.273088"
"330","360","115.490241","1.123325","0.023518","1.266544"
"340","360","113.606685","1.124037","0.023654","1.260342"
"350","360","111.783582","1.124653","0.023793","1.25446"
"-100","370","413.441819","1.085262","0.068064","1.708635"
"-90","370","390.867873","1.058107","0.061442","1.736797"
"-80","370","370.63138","1.03607","0.055864","1.763225"
"-70","370","352.387157","1.018591","0.051116","1.787352"
"-60","370","335.854802","1.005201","0.047042","1.80851"
"-50","370","320.804172","0.995496","0.043524","1.82597"
"-40","370","307.044611","0.989102","0.040473","1.839002"
"-30","370","294.416825","0.985662","0.037821","1.84696"
"-20","370","282.786692","0.98482","0.035513","1.849381"
"-10","370","272.040475","0.986215","0.033507","1.846058"
"0","370","262.081095","0.989483","0.031765","1.837088"
"10","370","252.825185","0.994263","0.030257","1.822875"
"20","370","244.200754","1.000206","0.028956","1.80409"
"30","370","236.145311","1.006988","0.027838","1.781588"
"40","370","228.604346","1.01432","0.026881","1.756302"
"50","370","221.530098","1.021955","0.026065","1.72915"
"60","370","214.880537","1.029687","0.025371","1.700958"
"70","370","208.618537","1.037355","0.024786","1.672429"
"80","370","202.711174","1.044834","0.024293","1.644126"
"90","370","197.129151","1.052035","0.023882","1.616479"
"100","370","191.846311","1.058897","0.02354","1.589794"
"110","370","186.83923","1.065381","0.023261","1.564276"
"120","370","182.086865","1.071466","0.023034","1.540044"
"130","370","177.570262","1.077145","0.022853","1.517154"
"140","370","173.272301","1.082421","0.022713","1.495614"
"150","370","169.177481","1.087304","0.022608","1.475398"
"160","370","165.271733","1.091808","0.022534","1.45646"
"170","370","161.542257","1.095951","0.022487","1.438736"
"180","370","157.977383","1.099753","0.022463","1.422159"
"190","370","154.566449","1.103232","0.02246","1.406657"
"200","370","151.299696","1.10641","0.022476","1.392155"
"210","370","148.168169","1.109306","0.022507","1.378585"
"220","370","145.163644","1.111941","0.022553","1.365877"
"230","370","142.278547","1.114331","0.022612","1.353968"
"240","370","139.505897","1.116495","0.022682","1.342798"
"250","370","136.839245","1.11845","0.022762","1.332311"
"260","370","134.272627","1.120211","0.02285","1.322455"
"270","370","131.800517","1.121792","0.022947","1.313182"
"280","370","129.417791","1.123207","0.02305","1.304449"
"290","370","127.119686","1.124469","0.02316","1.296216"
"300","370","124.901773","1.125589","0.023276","1.288445"
"310","370","122.759926","1.126577","0.023396","1.281103"
"320","370","120.690299","1.127445","0.023521","1.274158"
"330","370","118.6893","1.128201","0.02365","1.267583"
"340","370","116.753569","1.128854","0.023782","1.261351"
"350","370","114.879966","1.129412","0.023918","1.255439"
"-100","380","424.585406","1.111197","0.068707","1.701752"
"-90","380","401.403019","1.082902","0.062067","1.729031"
"-80","380","380.621087","1.059796","0.056474","1.754538"
"-70","380","361.885124","1.041293","0.051712","1.777739"
"-60","380","344.907169","1.026909","0.047626","1.798016"
"-50","380","329.450876","1.016221","0.044097","1.814701"
"-40","380","315.32045","1.008847","0.041035","1.827133"
"-30","380","302.352305","1.004424","0.038371","1.834734"
"-20","380","290.408702","1.002597","0.036051","1.837094"
"-10","380","279.372841","1.003009","0.034031","1.834034"
"0","380","269.145023","1.005305","0.032274","1.825647"
"10","380","259.639636","1.009137","0.03075","1.812297"
"20","380","250.782749","1.014168","0.029432","1.794587"
"30","380","242.510186","1.020085","0.028295","1.773287"
"40","380","234.765968","1.02661","0.027319","1.74925"
"50","380","227.501046","1.033498","0.026483","1.723323"
"60","380","220.672259","1.040549","0.02577","1.696283"
"70","380","214.241477","1.047599","0.025166","1.6688"
"80","380","208.174892","1.054522","0.024654","1.641419"
"90","380","202.442415","1.061225","0.024225","1.614565"
"100","380","197.017186","1.067642","0.023867","1.588548"
"110","380","191.875148","1.073729","0.023572","1.563582"
"120","380","186.994692","1.07946","0.02333","1.5398"
"130","380","182.356351","1.084822","0.023135","1.517271"
"140","380","177.942546","1.089815","0.022982","1.496017"
"150","380","173.737358","1.094444","0.022865","1.476024"
"160","380","169.726337","1.098719","0.022779","1.457257"
"170","380","165.89634","1.102656","0.022721","1.439664"
"180","380","162.235381","1.10627","0.022687","1.423182"
"190","380","158.732512","1.109578","0.022675","1.407748"
"200","380","155.377709","1.1126","0.022682","1.393294"
"210","380","152.161778","1.115354","0.022706","1.379753"
"220","380","149.076271","1.117856","0.022744","1.367061"
"230","380","146.113411","1.120125","0.022795","1.355157"
"240","380","143.266029","1.122177","0.022859","1.343983"
"250","380","140.527503","1.124026","0.022932","1.333485"
"260","380","137.891706","1.125689","0.023015","1.323614"
"270","380","135.352965","1.127178","0.023106","1.314322"
"280","380","132.906016","1.128507","0.023205","1.305567"
"290","380","130.54597","1.129688","0.02331","1.297309"
"300","380","128.268277","1.13073","0.02342","1.289513"
"310","380","126.068701","1.131646","0.023537","1.282144"
"320","380","123.943291","1.132445","0.023657","1.275172"
"330","380","121.888358","1.133135","0.023782","1.26857"
"340","380","119.900453","1.133725","0.023911","1.262311"
"350","380","117.976351","1.134222","0.024043","1.256371"
"-100","390","435.728992","1.137042","0.069342","1.695107"
"-90","390","411.938165","1.107608","0.062684","1.721558"
"-80","390","390.610795","1.083435","0.057075","1.746207"
"-70","390","371.383091","1.063915","0.052301","1.768551"
"-60","390","353.959535","1.048543","0.048202","1.788014"
"-50","390","338.09758","1.036886","0.044661","1.803984"
"-40","390","323.59629","1.028549","0.041588","1.815863"
"-30","390","310.287785","1.023165","0.038913","1.82313"
"-20","390","298.030713","1.020377","0.03658","1.825422"
"-10","390","286.705206","1.019834","0.034547","1.822585"
"0","390","276.208951","1.021188","0.032776","1.814709"
"10","390","266.454088","1.024099","0.031236","1.802125"
"20","390","257.364745","1.028243","0.0299","1.78538"
"30","390","248.875062","1.033318","0.028746","1.765171"
"40","390","240.927591","1.039052","0.027751","1.74228"
"50","390","233.471994","1.045207","0.026897","1.71749"
"60","390","226.46398","1.051584","0.026165","1.69153"
"70","390","219.864418","1.058021","0.025542","1.665038"
"80","390","213.63861","1.06439","0.025013","1.638541"
"90","390","207.755679","1.070594","0.024567","1.612455"
"100","390","202.188061","1.076563","0.024193","1.587094"
"110","390","196.911066","1.082248","0.023881","1.562676"
"120","390","191.902518","1.087619","0.023625","1.539346"
"130","390","187.142441","1.092659","0.023416","1.517184"
"140","390","182.612792","1.097361","0.02325","1.496225"
"150","390","178.297235","1.101729","0.023121","1.476466"
"160","390","174.180942","1.105768","0.023024","1.457882"
"170","390","170.250423","1.109491","0.022955","1.440429"
"180","390","166.49338","1.11291","0.022912","1.424055"
"190","390","162.898575","1.116042","0.02289","1.4087"
"200","390","159.455722","1.118902","0.022889","1.394303"
"210","390","156.155386","1.121507","0.022904","1.3808"
"220","390","152.988898","1.123872","0.022935","1.368133"
"230","390","149.948276","1.126014","0.022979","1.356241"
"240","390","147.026162","1.127948","0.023036","1.345071"
"250","390","144.21576","1.129688","0.023103","1.33457"
"260","390","141.510785","1.131248","0.02318","1.32469"
"270","390","138.905413","1.132641","0.023266","1.315384"
"280","390","136.394242","1.133879","0.023359","1.306613"
"290","390","133.972254","1.134975","0.023459","1.298336"
"300","390","131.634781","1.135937","0.023566","1.290518"
"310","390","129.377476","1.136777","0.023677","1.283127"
"320","390","127.196283","1.137503","0.023794","1.276132"
"330","390","125.087416","1.138124","0.023915","1.269505"
"340","390","123.047337","1.138648","0.02404","1.263222"
"350","390","121.072735","1.139083","0.024169","1.257258"
"-100","400","446.872578","1.162799","0.069971","1.688685"
"-90","400","422.473311","1.132228","0.063294","1.71436"
"-80","400","400.600502","1.106989","0.05767","1.738208"
"-70","400","380.881058","1.086456","0.052882","1.759754"
"-60","400","363.011902","1.070106","0.048771","1.778465"
"-50","400","346.744284","1.057491","0.045218","1.793776"
"-40","400","331.872129","1.048207","0.042133","1.805142"
"-30","400","318.223265","1.041881","0.039446","1.812097"
"-20","400","305.652723","1.038156","0.037101","1.814317"
"-10","400","294.037572","1.036682","0.035054","1.81167"
"0","400","283.272879","1.037119","0.033269","1.804243"
"10","400","273.268539","1.039135","0.031714","1.792343"
"20","400","263.94674","1.042417","0.030362","1.776466"
"30","400","255.239937","1.04667","0.02919","1.75725"
"40","400","247.089213","1.05163","0.028178","1.73541"
"50","400","239.442943","1.057065","0.027305","1.711675"
"60","400","232.255701","1.062778","0.026556","1.686727"
"70","400","225.487358","1.068608","0.025915","1.661173"
"80","400","219.102327","1.074425","0.025369","1.635521"
"90","400","213.068944","1.080129","0.024906","1.610178"
"100","400","207.358936","1.085647","0.024516","1.585457"
"110","400","201.946984","1.090927","0.024189","1.561581"
"120","400","196.810345","1.095933","0.023919","1.538702"
"130","400","191.92853","1.100644","0.023697","1.516911"
"140","400","187.283038","1.105051","0.023518","1.496253"
"150","400","182.857112","1.109151","0.023377","1.476737"
"160","400","178.635546","1.112948","0.023268","1.458345"
"170","400","174.604506","1.116451","0.023189","1.441044"
"180","400","170.751378","1.11967","0.023136","1.424786"
"190","400","167.064638","1.122618","0.023106","1.40952"
"200","400","163.533736","1.125311","0.023095","1.395188"
"210","400","160.148995","1.127761","0.023103","1.381733"
"220","400","156.901525","1.129984","0.023126","1.369098"
"230","400","153.78314","1.131993","0.023164","1.357227"
"240","400","150.786294","1.133805","0.023214","1.346068"
"250","400","147.904018","1.13543","0.023275","1.335569"
"260","400","145.129864","1.136884","0.023346","1.325686"
"270","400","142.457861","1.138177","0.023426","1.316372"
"280","400","139.882468","1.139321","0.023514","1.307589"
"290","400","137.398538","1.140328","0.023609","1.299297"
"300","400","135.001286","1.141207","0.023711","1.291462"
"310","400","132.68625","1.141967","0.023819","1.284052"
"320","400","130.449274","1.142618","0.023931","1.277038"
"330","400","128.286474","1.143167","0.024048","1.270391"
"340","400","126.194222","1.143623","0.02417","1.264086"
"350","400","124.16912","1.143992","0.024295","1.258101"
"-100","410","458.016165","1.188472","0.070593","1.682473"
"-90","410","433.008457","1.156762","0.063898","1.707418"
"-80","410","410.590209","1.130461","0.058258","1.730516"
"-70","410","390.379025","1.10892","0.053456","1.751321"
"-60","410","372.064269","1.091599","0.049332","1.769334"
"-50","410","355.390988","1.078037","0.045767","1.784034"
"-40","410","340.147969","1.06782","0.04267","1.794927"
"-30","410","326.158745","1.06057","0.039971","1.80159"
"-20","410","313.274734","1.055928","0.037614","1.803735"
"-10","410","301.369937","1.053546","0.035554","1.80125"
"0","410","290.336807","1.05309","0.033755","1.794221"
"10","410","280.082991","1.054235","0.032185","1.782932"
"20","410","270.528736","1.056676","0.030817","1.767839"
"30","410","261.604813","1.060127","0.029629","1.749527"
"40","410","253.250835","1.064329","0.028599","1.728655"
"50","410","245.413891","1.069057","0.027709","1.705898"
"60","410","238.047423","1.074116","0.026943","1.681898"
"70","410","231.110299","1.079344","0.026285","1.657231"
"80","410","224.566045","1.084612","0.025722","1.632385"
"90","410","218.382208","1.089817","0.025243","1.607759"
"100","410","212.529811","1.094884","0.024837","1.58366"
"110","410","206.982902","1.099755","0.024496","1.560317"
"120","410","201.718171","1.104392","0.024211","1.537887"
"130","410","196.71462","1.10877","0.023976","1.516469"
"140","410","191.953283","1.112875","0.023785","1.496117"
"150","410","187.416989","1.116702","0.023632","1.47685"
"160","410","183.090151","1.120252","0.023513","1.458658"
"170","410","178.958589","1.123529","0.023423","1.441516"
"180","410","175.009376","1.126542","0.02336","1.425384"
"190","410","171.2307","1.129302","0.023321","1.410215"
"200","410","167.611749","1.131821","0.023302","1.395957"
"210","410","164.142604","1.134112","0.023302","1.382557"
"220","410","160.814152","1.136187","0.023318","1.369962"
"230","410","157.618004","1.13806","0.023348","1.358118"
"240","410","154.546427","1.139745","0.023391","1.346976"
"250","410","151.592276","1.141252","0.023446","1.336486"
"260","410","148.748943","1.142595","0.023512","1.326605"
"270","410","146.010308","1.143784","0.023587","1.317288"
"280","410","143.370693","1.144831","0.02367","1.308498"
"290","410","140.824823","1.145745","0.02376","1.300195"
"300","410","138.36779","1.146537","0.023857","1.292348"
"310","410","135.995025","1.147215","0.02396","1.284923"
"320","410","133.702266","1.147787","0.024069","1.277892"
"330","410","131.485533","1.148262","0.024182","1.271227"
"340","410","129.341106","1.148647","0.0243","1.264905"
"350","410","127.265504","1.148948","0.024421","1.258901"
"-100","420","469.159751","1.214061","0.071209","1.676461"
"-90","420","443.543603","1.181214","0.064495","1.700718"
"-80","420","420.579917","1.153852","0.058839","1.723114"
"-70","420","399.876992","1.131307","0.054023","1.743226"
"-60","420","381.116636","1.113023","0.049886","1.76059"
"-50","420","364.037692","1.098523","0.046309","1.774725"
"-40","420","348.423808","1.087386","0.0432","1.785177"
"-30","420","334.094225","1.079229","0.040489","1.791567"
"-20","420","320.896745","1.073688","0.038119","1.793636"
"-10","420","308.702303","1.07042","0.036046","1.791291"
"0","420","297.400736","1.069092","0.034233","1.784615"
"10","420","286.897443","1.069389","0.032648","1.773876"
"20","420","277.110731","1.071009","0.031266","1.759493"
"30","420","267.969688","1.073676","0.030062","1.742006"
"40","420","259.412457","1.077137","0.029015","1.722024"
"50","420","251.38484","1.08117","0.028109","1.700175"
"60","420","243.839144","1.085583","0.027326","1.677063"
"70","420","236.733239","1.090216","0.026651","1.653234"
"80","420","230.029763","1.094939","0.026072","1.629158"
"90","420","223.695473","1.099647","0.025578","1.60522"
"100","420","217.700686","1.104261","0.025157","1.581726"
"110","420","212.01882","1.108722","0.024801","1.558905"
"120","420","206.625997","1.112987","0.024503","1.536918"
"130","420","201.500709","1.117028","0.024255","1.515873"
"140","420","196.623529","1.120827","0.024051","1.49583"
"150","420","191.976866","1.124376","0.023887","1.476817"
"160","420","187.544756","1.127673","0.023757","1.458831"
"170","420","183.312673","1.130719","0.023657","1.441856"
"180","420","179.267375","1.133521","0.023585","1.425856"
"190","420","175.396763","1.136088","0.023536","1.410792"
"200","420","171.689762","1.138429","0.023509","1.396615"
"210","420","168.136212","1.140555","0.023501","1.383278"
"220","420","164.726779","1.142479","0.023509","1.370729"
"230","420","161.452869","1.144211","0.023533","1.358918"
"240","420","158.306559","1.145764","0.02357","1.347799"
"250","420","155.280533","1.147149","0.023618","1.337324"
"260","420","152.368022","1.148377","0.023678","1.32745"
"270","420","149.562756","1.149459","0.023747","1.318135"
"280","420","146.858919","1.150405","0.023825","1.309342"
"290","420","144.251107","1.151224","0.023911","1.301033"
"300","420","141.734295","1.151925","0.024003","1.293177"
"310","420","139.3038","1.152518","0.024102","1.28574"
"320","420","136.955257","1.153009","0.024206","1.278696"
"330","420","134.684591","1.153407","0.024316","1.272017"
"340","420","132.48799","1.153718","0.02443","1.265679"
"350","420","130.361889","1.153949","0.024548","1.259659"
"-100","430","480.303338","1.239569","0.071818","1.670636"
"-90","430","454.078749","1.205585","0.065086","1.694244"
"-80","430","430.569624","1.177165","0.059414","1.71598"
"-70","430","409.374959","1.15362","0.054584","1.735446"
"-60","430","390.169003","1.134378","0.050433","1.752206"
"-50","430","372.684396","1.11895","0.046844","1.765815"
"-40","430","356.699648","1.106906","0.043723","1.775858"
"-30","430","342.029705","1.097855","0.040999","1.781992"
"-20","430","328.518755","1.091434","0.038617","1.783986"
"-10","430","316.034668","1.087298","0.036532","1.78176"
"0","430","304.464664","1.085119","0.034705","1.7754"
"10","430","293.711894","1.084586","0.033106","1.765156"
"20","430","283.692727","1.085406","0.031708","1.751418"
"30","430","274.334563","1.087306","0.030489","1.734686"
"40","430","265.574079","1.09004","0.029427","1.715525"
"50","430","257.355788","1.09339","0.028504","1.69452"
"60","430","249.630866","1.097168","0.027705","1.67224"
"70","430","242.356179","1.101213","0.027014","1.649202"
"80","430","235.493481","1.105394","0.02642","1.625858"
"90","430","229.008737","1.109607","0.02591","1.602582"
"100","430","222.871561","1.113769","0.025474","1.579674"
"110","430","217.054738","1.117819","0.025105","1.557362"
"120","430","211.533824","1.121709","0.024793","1.535813"
"130","430","206.286799","1.12541","0.024532","1.515138"
"140","430","201.293774","1.128899","0.024316","1.495405"
"150","430","196.536743","1.132166","0.024141","1.476649"
"160","430","191.99936","1.135205","0.024","1.458875"
"170","430","187.666756","1.138016","0.023891","1.442071"
"180","430","183.525373","1.140603","0.023809","1.426211"
"190","430","179.562826","1.142971","0.023751","1.411258"
"200","430","175.767775","1.14513","0.023716","1.397169"
"210","430","172.129821","1.147088","0.0237","1.3839"
"220","430","168.639406","1.148855","0.023701","1.371403"
"230","430","165.287733","1.150442","0.023717","1.359632"
"240","430","162.066692","1.15186","0.023748","1.348541"
"250","430","158.968791","1.153119","0.023791","1.338086"
"260","430","155.987101","1.154229","0.023844","1.328224"
"270","430","153.115204","1.1552","0.023908","1.318916"
"280","430","150.347144","1.156042","0.023981","1.310124"
"290","430","147.677391","1.156762","0.024062","1.301813"
"300","430","145.100799","1.157371","0.02415","1.29395"
"310","430","142.612575","1.157875","0.024244","1.286506"
"320","430","140.208249","1.158283","0.024345","1.279452"
"330","430","137.883649","1.158602","0.02445","1.272761"
"340","430","135.634874","1.158837","0.02456","1.26641"
"350","430","133.458273","1.158996","0.024675","1.260376"
"-100","440","491.446924","1.264997","0.072422","1.664988"
"-90","440","464.613895","1.229878","0.065671","1.687984"
"-80","440","440.559331","1.200402","0.059983","1.7091"
"-70","440","418.872926","1.175861","0.055138","1.72796"
"-60","440","399.221369","1.155667","0.050975","1.744156"
"-50","440","381.3311","1.13932","0.047372","1.757276"
"-40","440","364.975487","1.126379","0.044239","1.766938"
"-30","440","349.965186","1.116448","0.041503","1.772831"
"-20","440","336.140766","1.109161","0.039109","1.77475"
"-10","440","323.367034","1.104175","0.03701","1.772629"
"0","440","311.528592","1.101164","0.03517","1.766553"
"10","440","300.526346","1.099821","0.033557","1.756757"
"20","440","290.274722","1.099857","0.032145","1.743606"
"30","440","280.699439","1.101007","0.03091","1.727566"
"40","440","271.735701","1.103029","0.029833","1.709162"
"50","440","263.326736","1.105709","0.028895","1.688942"
"60","440","255.422587","1.108859","0.02808","1.667441"
"70","440","247.97912","1.112323","0.027374","1.645151"
"80","440","240.957199","1.115968","0.026764","1.622503"
"90","440","234.322002","1.119688","0.026239","1.599861"
"100","440","228.042436","1.123399","0.02579","1.577519"
"110","440","222.090656","1.127036","0.025406","1.555704"
"120","440","216.44165","1.13055","0.025082","1.534585"
"130","440","211.072888","1.133908","0.024808","1.514276"
"140","440","205.96402","1.137085","0.024581","1.494854"
"150","440","201.09662","1.140066","0.024394","1.476357"
"160","440","196.453965","1.142844","0.024243","1.458798"
"170","440","192.020839","1.145415","0.024124","1.442172"
"180","440","187.783372","1.147782","0.024032","1.426456"
"190","440","183.728889","1.149948","0.023966","1.411619"
"200","440","179.845789","1.15192","0.023922","1.397624"
"210","440","176.123429","1.153705","0.023899","1.384429"
"220","440","172.552033","1.155312","0.023892","1.371991"
"230","440","169.122597","1.156751","0.023902","1.360264"
"240","440","165.826824","1.15803","0.023926","1.349207"
"250","440","162.657048","1.159159","0.023963","1.338775"
"260","440","159.60618","1.160148","0.024011","1.32893"
"270","440","156.667651","1.161005","0.02407","1.319632"
"280","440","153.83537","1.161739","0.024137","1.310846"
"290","440","151.103676","1.162358","0.024213","1.302536"
"300","440","148.467303","1.162871","0.024297","1.294671"
"310","440","145.921349","1.163285","0.024387","1.287222"
"320","440","143.461241","1.163607","0.024483","1.28016"
"330","440","141.082707","1.163843","0.024585","1.273461"
"340","440","138.781758","1.164001","0.024691","1.267099"
"350","440","136.554658","1.164085","0.024802","1.261054"
"-100","450","502.59051","1.290348","0.073021","1.659509"
"-90","450","475.149041","1.254093","0.06625","1.681925"
"-80","450","450.549039","1.223563","0.060546","1.702458"
"-70","450","428.370893","1.19803","0.055687","1.72075"
"-60","450","408.273736","1.17689","0.05151","1.736419"
"-50","450","389.977803","1.159631","0.047894","1.749082"
"-40","450","373.251327","1.145804","0.044749","1.758389"
"-30","450","357.900666","1.135006","0.042001","1.764056"
"-20","450","343.762776","1.126869","0.039594","1.765902"
"-10","450","330.699399","1.121048","0.037483","1.763871"
"0","450","318.59252","1.117222","0.035629","1.75805"
"10","450","307.340798","1.115085","0.034003","1.748661"
"20","450","296.856718","1.114355","0.032576","1.736048"
"30","450","287.064314","1.11477","0.031327","1.720643"
"40","450","277.897323","1.116093","0.030235","1.702939"
"50","450","269.297685","1.118114","0.029281","1.68345"
"60","450","261.214308","1.120647","0.028451","1.662679"
"70","450","253.60206","1.123536","0.02773","1.641094"
"80","450","246.420917","1.12665","0.027106","1.619108"
"90","450","239.635266","1.12988","0.026567","1.597074"
"100","450","233.213311","1.133141","0.026103","1.575278"
"110","450","227.126574","1.136365","0.025706","1.553946"
"120","450","221.349477","1.139503","0.025369","1.533248"
"130","450","215.858978","1.142515","0.025084","1.513302"
"140","450","210.634266","1.145376","0.024845","1.494188"
"150","450","205.656497","1.148069","0.024647","1.475951"
"160","450","200.908569","1.150582","0.024485","1.45861"
"170","450","196.374922","1.15291","0.024356","1.442164"
"180","450","192.04137","1.155053","0.024256","1.426597"
"190","450","187.894952","1.157013","0.024181","1.411882"
"200","450","183.923802","1.158795","0.024129","1.397986"
"210","450","180.117038","1.160404","0.024098","1.38487"
"220","450","176.46466","1.161847","0.024084","1.372495"
"230","450","172.957462","1.163133","0.024087","1.360818"
"240","450","169.586957","1.164271","0.024105","1.349798"
"250","450","166.345306","1.165267","0.024135","1.339395"
"260","450","163.225259","1.166131","0.024178","1.329571"
"270","450","160.220099","1.166871","0.024231","1.320287"
"280","450","157.323595","1.167495","0.024293","1.31151"
"290","450","154.52996","1.16801","0.024365","1.303205"
"300","450","151.833808","1.168425","0.024443","1.295341"
"310","450","149.230124","1.168745","0.024529","1.287889"
"320","450","146.714232","1.168979","0.024621","1.280823"
"330","450","144.281765","1.169131","0.024719","1.274118"
"340","450","141.928642","1.169208","0.024822","1.267748"
"350","450","139.651042","1.169215","0.02493","1.261694"
"-100","460","513.734097","1.315624","0.073614","1.65419"
"-90","460","485.684187","1.278234","0.066824","1.676056"
"-80","460","460.538746","1.246651","0.061104","1.696038"
"-70","460","437.86886","1.220129","0.05623","1.713797"
"-60","460","417.326103","1.198049","0.052039","1.728972"
"-50","460","398.624507","1.179885","0.048411","1.741209"
"-40","460","381.527166","1.165181","0.045253","1.750184"
"-30","460","365.836146","1.153527","0.042492","1.75564"
"-20","460","351.384787","1.144553","0.040073","1.757414"
"-10","460","338.031764","1.137914","0.037949","1.755462"
"0","460","325.656448","1.133287","0.036083","1.749871"
"10","460","314.155249","1.130373","0.034443","1.740854"
"20","460","303.438713","1.128892","0.033002","1.728732"
"30","460","293.42919","1.128587","0.031739","1.713913"
"40","460","284.058946","1.129225","0.030632","1.696858"
"50","460","275.268633","1.130597","0.029664","1.678049"
"60","460","267.00603","1.132522","0.028819","1.657963"
"70","460","259.225","1.134844","0.028083","1.637043"
"80","460","251.884635","1.13743","0.027444","1.615687"
"90","460","244.94853","1.140174","0.026891","1.594234"
"100","460","238.384186","1.142987","0.026414","1.572965"
"110","460","232.162492","1.145799","0.026005","1.552102"
"120","460","226.257303","1.148559","0.025655","1.531815"
"130","460","220.645067","1.151225","0.025357","1.512226"
"140","460","215.304511","1.153768","0.025107","1.493418"
"150","460","210.216374","1.156169","0.024899","1.475441"
"160","460","205.363174","1.158414","0.024727","1.45832"
"170","460","200.729006","1.160496","0.024588","1.442057"
"180","460","196.299368","1.162413","0.024479","1.426642"
"190","460","192.061014","1.164163","0.024395","1.412053"
"200","460","188.001815","1.165751","0.024335","1.39826"
"210","460","184.110646","1.16718","0.024296","1.385228"
"220","460","180.377286","1.168456","0.024276","1.37292"
"230","460","176.792326","1.169587","0.024272","1.361297"
"240","460","173.347089","1.170579","0.024283","1.350319"
"250","460","170.033564","1.171439","0.024308","1.339949"
"260","460","166.844338","1.172176","0.024345","1.330149"
"270","460","163.772547","1.172796","0.024392","1.320884"
"280","460","160.811821","1.173307","0.02445","1.312118"
"290","460","157.956244","1.173716","0.024516","1.303821"
"300","460","155.200312","1.174029","0.024591","1.295961"
"310","460","152.538899","1.174254","0.024672","1.288511"
"320","460","149.967224","1.174397","0.02476","1.281443"
"330","460","147.480824","1.174463","0.024854","1.274733"
"340","460","145.075526","1.174458","0.024953","1.268358"
"350","460","142.747427","1.174387","0.025058","1.262297"
"-100","470","524.877683","1.340825","0.074201","1.649021"
"-90","470","496.219333","1.302301","0.067393","1.670368"
"-80","470","470.528454","1.269668","0.061656","1.68983"
"-70","470","447.366826","1.24216","0.056767","1.707086"
"-60","470","426.37847","1.219144","0.052563","1.721799"
"-50","470","407.271211","1.200083","0.048922","1.733636"
"-40","470","389.803006","1.18451","0.045751","1.742301"
"-30","470","373.771626","1.172012","0.042978","1.747558"
"-20","470","359.006798","1.162213","0.040546","1.749262"
"-10","470","345.36413","1.154768","0.03841","1.74738"
"0","470","332.720376","1.149357","0.03653","1.741998"
"10","470","320.969701","1.14568","0.034877","1.73332"
"20","470","310.020709","1.143463","0.033423","1.72165"
"30","470","299.794065","1.142451","0.032146","1.707371"
"40","470","290.220568","1.142415","0.031024","1.690917"
"50","470","281.239582","1.14315","0.030042","1.672744"
"60","470","272.797751","1.144476","0.029183","1.6533"
"70","470","264.847941","1.146237","0.028433","1.633009"
"80","470","257.348353","1.148302","0.02778","1.612251"
"90","470","250.261795","1.150562","0.027214","1.591354"
"100","470","243.55506","1.152929","0.026724","1.570591"
"110","470","237.19841","1.155331","0.026301","1.550183"
"120","470","231.16513","1.157712","0.025939","1.530297"
"130","470","225.431157","1.16003","0.02563","1.511059"
"140","470","219.974757","1.162254","0.025369","1.492554"
"150","470","214.776251","1.164361","0.02515","1.474836"
"160","470","209.817779","1.166336","0.024968","1.457935"
"170","470","205.083089","1.168169","0.02482","1.441858"
"180","470","200.557367","1.169855","0.024701","1.426598"
"190","470","196.227077","1.171393","0.02461","1.412138"
"200","470","192.079828","1.172784","0.024542","1.398451"
"210","470","188.104255","1.17403","0.024495","1.385507"
"220","470","184.289913","1.175137","0.024467","1.37327"
"230","470","180.62719","1.176108","0.024457","1.361705"
"240","470","177.107222","1.176952","0.024462","1.350773"
"250","470","173.721821","1.177674","0.024481","1.34044"
"260","470","170.463417","1.17828","0.024512","1.330668"
"270","470","167.324995","1.178777","0.024554","1.321424"
"280","470","164.300047","1.179173","0.024606","1.312674"
"290","470","161.382528","1.179473","0.024668","1.304387"
"300","470","158.566816","1.179683","0.024738","1.296534"
"310","470","155.847674","1.17981","0.024815","1.289087"
"320","470","153.220215","1.17986","0.024899","1.28202"
"330","470","150.679882","1.179838","0.024989","1.275309"
"340","470","148.22241","1.179748","0.025085","1.26893"
"350","470","145.843811","1.179597","0.025185","1.262864"
"-100","480","536.021269","1.365953","0.074783","1.643997"
"-90","480","506.754479","1.326297","0.067956","1.664849"
"-80","480","480.518161","1.292614","0.062203","1.683819"
"-70","480","456.864793","1.264124","0.057299","1.700603"
"-60","480","435.430836","1.240177","0.053081","1.714881"
"-50","480","415.917915","1.220225","0.049427","1.726344"
"-40","480","398.078845","1.203792","0.046243","1.734718"
"-30","480","381.707106","1.190459","0.043458","1.739788"
"-20","480","366.628808","1.179847","0.041014","1.741425"
"-10","480","352.696495","1.171609","0.038865","1.739604"
"0","480","339.784305","1.165426","0.036973","1.734413"
"10","480","327.784153","1.161001","0.035306","1.726045"
"20","480","316.602704","1.158061","0.033839","1.714791"
"30","480","306.15894","1.156356","0.032548","1.701012"
"40","480","296.38219","1.155658","0.031413","1.685118"
"50","480","287.21053","1.155766","0.030417","1.667537"
"60","480","278.589473","1.1565","0.029544","1.648697"
"70","480","270.470881","1.157708","0.02878","1.628999"
"80","480","262.812071","1.159257","0.028114","1.608809"
"90","480","255.575059","1.161038","0.027534","1.588444"
"100","480","248.725935","1.16296","0.027031","1.568169"
"110","480","242.234328","1.164952","0.026596","1.5482"
"120","480","236.072956","1.166955","0.026222","1.528706"
"130","480","230.217246","1.168925","0.025901","1.509811"
"140","480","224.645002","1.170829","0.025629","1.491605"
"150","480","219.336129","1.17264","0.0254","1.474145"
"160","480","214.272383","1.174342","0.025208","1.457463"
"170","480","209.437172","1.175924","0.025051","1.441572"
"180","480","204.815365","1.177377","0.024923","1.42647"
"190","480","200.39314","1.1787","0.024823","1.412142"
"200","480","196.157842","1.179891","0.024748","1.398565"
"210","480","192.097864","1.180951","0.024693","1.385712"
"220","480","188.20254","1.181885","0.024659","1.37355"
"230","480","184.462055","1.182695","0.024642","1.362046"
"240","480","180.867354","1.183388","0.02464","1.351164"
"250","480","177.410079","1.183968","0.024653","1.34087"
"260","480","174.082496","1.184441","0.024679","1.33113"
"270","480","170.877442","1.184814","0.024716","1.32191"
"280","480","167.788272","1.185091","0.024763","1.313178"
"290","480","164.808813","1.18528","0.02482","1.304905"
"300","480","161.933321","1.185385","0.024885","1.297061"
"310","480","159.156448","1.185412","0.024958","1.28962"
"320","480","156.473207","1.185367","0.025038","1.282556"
"330","480","153.87894","1.185254","0.025124","1.275845"
"340","480","151.369294","1.185079","0.025216","1.269466"
"350","480","148.940195","1.184845","0.025314","1.263396"
"-100","490","547.164856","1.391011","0.075361","1.639111"
"-90","490","517.289625","1.350222","0.068514","1.659493"
"-80","490","490.507868","1.315493","0.062745","1.677997"
"-70","490","466.36276","1.286023","0.057826","1.694334"
"-60","490","444.483203","1.261149","0.053595","1.708203"
"-50","490","424.564619","1.240311","0.049927","1.719315"
"-40","490","406.354685","1.223026","0.046731","1.727416"
"-30","490","389.642586","1.208868","0.043933","1.73231"
"-20","490","374.250819","1.197453","0.041476","1.733882"
"-10","490","360.028861","1.188435","0.039315","1.732116"
"0","490","346.848233","1.181493","0.03741","1.727098"
"10","490","334.598604","1.176332","0.035731","1.719017"
"20","490","323.1847","1.172682","0.03425","1.708147"
"30","490","312.523816","1.170295","0.032946","1.694831"
"40","490","302.543812","1.168947","0.031797","1.679457"
"50","490","293.181478","1.168437","0.030788","1.662431"
"60","490","284.381194","1.168589","0.029901","1.644158"
"70","490","276.093821","1.16925","0.029124","1.625021"
"80","490","268.275789","1.170288","0.028444","1.605371"
"90","490","260.888324","1.171593","0.027851","1.585514"
"100","490","253.89681","1.173074","0.027336","1.565707"
"110","490","247.270246","1.174658","0.026889","1.546164"
"120","490","240.980783","1.176283","0.026503","1.52705"
"130","490","235.003336","1.177905","0.026172","1.508491"
"140","490","229.315248","1.179486","0.025889","1.490579"
"150","490","223.896006","1.181","0.025649","1.473374"
"160","490","218.726988","1.182428","0.025448","1.456911"
"170","490","213.791255","1.183756","0.025281","1.441208"
"180","490","209.073364","1.184975","0.025145","1.426265"
"190","490","204.559203","1.186079","0.025037","1.412071"
"200","490","200.235855","1.187068","0.024953","1.398606"
"210","490","196.091472","1.18794","0.024892","1.385847"
"220","490","192.115167","1.188698","0.02485","1.373763"
"230","490","188.296919","1.189344","0.024826","1.362323"
"240","490","184.627487","1.189883","0.024819","1.351494"
"250","490","181.098337","1.190319","0.024826","1.341243"
"260","490","177.701575","1.190657","0.024846","1.331537"
"270","490","174.42989","1.190903","0.024877","1.322344"
"280","490","171.276498","1.19106","0.02492","1.313634"
"290","490","168.235097","1.191135","0.024972","1.305377"
"300","490","165.299825","1.191133","0.025033","1.297545"
"310","490","162.465223","1.191058","0.025101","1.290112"
"320","490","159.726199","1.190916","0.025177","1.283053"
"330","490","157.077998","1.190711","0.02526","1.276345"
"340","490","154.516178","1.190448","0.025348","1.269966"
"350","490","152.03658","1.190131","0.025442","1.263895"
"-100","500","558.308442","1.415999","0.075933","1.634354"
"-90","500","527.824771","1.374078","0.069068","1.654289"
"-80","500","500.497576","1.338304","0.063282","1.672352"
"-70","500","475.860727","1.307857","0.058349","1.688267"
"-60","500","453.53557","1.282061","0.054103","1.701751"
"-50","500","433.211323","1.260344","0.050422","1.712533"
"-40","500","414.630524","1.242213","0.047213","1.720378"
"-30","500","397.578066","1.227238","0.044403","1.725106"
"-20","500","381.872829","1.215031","0.041934","1.726616"
"-10","500","367.361226","1.205242","0.03976","1.724898"
"0","500","353.912161","1.197553","0.037843","1.72004"
"10","500","341.413056","1.191669","0.036151","1.712222"
"20","500","329.766695","1.187321","0.034657","1.701708"
"30","500","318.888691","1.184264","0.03334","1.688823"
"40","500","308.705434","1.182276","0.032178","1.673933"
"50","500","299.152427","1.181158","0.031155","1.657426"
"60","500","290.172915","1.180735","0.030255","1.639686"
"70","500","281.716762","1.180856","0.029465","1.62108"
"80","500","273.739507","1.181388","0.028772","1.601944"
"90","500","266.201588","1.182222","0.028167","1.582571"
"100","500","259.067685","1.183265","0.027639","1.563215"
"110","500","252.306164","1.184441","0.02718","1.544082"
"120","500","245.888609","1.18569","0.026783","1.525338"
"130","500","239.789425","1.186963","0.02644","1.507108"
"140","500","233.985494","1.188222","0.026147","1.489484"
"150","500","228.455883","1.189438","0.025897","1.472531"
"160","500","223.181592","1.19059","0.025686","1.456286"
"170","500","218.145338","1.191662","0.025511","1.44077"
"180","500","213.331362","1.192643","0.025366","1.425987"
"190","500","208.725266","1.193528","0.02525","1.411929"
"200","500","204.313868","1.194311","0.025158","1.398579"
"210","500","200.085081","1.194993","0.02509","1.385916"
"220","500","196.027794","1.195573","0.025041","1.373913"
"230","500","192.131783","1.196053","0.025011","1.36254"
"240","500","188.387619","1.196436","0.024997","1.351766"
"250","500","184.786594","1.196726","0.024998","1.341561"
"260","500","181.320654","1.196926","0.025013","1.331892"
"270","500","177.982338","1.197042","0.025039","1.322729"
"280","500","174.764723","1.197077","0.025077","1.314042"
"290","500","171.661381","1.197037","0.025124","1.305804"
"300","500","168.666329","1.196925","0.02518","1.297986"
"310","500","165.773998","1.196746","0.025245","1.290563"
"320","500","162.97919","1.196505","0.025317","1.283512"
"330","500","160.277057","1.196207","0.025395","1.276808"
"340","500","157.663062","1.195854","0.02548","1.270432"
"350","500","155.132964","1.195451","0.02557","1.264362"
