"1.01","Isobutane","C4 H10","15/05/2015"
"-100","0","4.090736","0.005981","0.937386","1.444148"
"-90","0","3.867382","0.005735","0.753908","1.444389"
"-80","0","3.667155","0.005518","0.619841","1.444199"
"-70","0","3.48664","0.005326","0.518653","1.443604"
"-60","0","3.323064","0.005155","0.440187","1.442673"
"-50","0","3.174147","0.005002","0.377952","1.441515"
"-40","0","3.038006","0.004867","0.327654","1.440271"
"-30","0","2.913062","0.004747","0.286357","1.439114"
"-20","0","2.797989","0.004641","0.251988","1.438248"
"-10","0","2.691663","0.959581","0.006623","1.125133"
"0","0","2.593121","0.964453","0.006876","1.118474"
"10","0","2.50154","0.968538","0.007126","1.112673"
"20","0","2.416207","0.971998","0.007374","1.107549"
"30","0","2.336503","0.974955","0.007621","1.102972"
"40","0","2.26189","0.977499","0.007866","1.098848"
"50","0","2.191895","0.979705","0.008109","1.095106"
"60","0","2.126102","0.981629","0.00835","1.091693"
"70","0","2.064144","0.983316","0.00859","1.088567"
"80","0","2.005694","0.984804","0.008829","1.08569"
"90","0","1.950464","0.986122","0.009066","1.083033"
"100","0","1.898194","0.987294","0.009302","1.080573"
"110","0","1.848652","0.988341","0.009537","1.078291"
"120","0","1.80163","0.989279","0.00977","1.076168"
"130","0","1.756942","0.990123","0.010002","1.07419"
"140","0","1.714416","0.990884","0.010234","1.072343"
"150","0","1.6739","0.991574","0.010464","1.070615"
"160","0","1.635256","0.992199","0.010692","1.068996"
"170","0","1.598355","0.992768","0.01092","1.067477"
"180","0","1.563083","0.993287","0.011147","1.066049"
"190","0","1.529334","0.993762","0.011373","1.064705"
"200","0","1.497012","0.994197","0.011597","1.063437"
"210","0","1.466027","0.994596","0.011821","1.062241"
"220","0","1.436299","0.994963","0.012044","1.061109"
"230","0","1.407753","0.995302","0.012265","1.060039"
"240","0","1.38032","0.995614","0.012486","1.059024"
"250","0","1.353935","0.995904","0.012706","1.058061"
"260","0","1.32854","0.996171","0.012925","1.057146"
"270","0","1.30408","0.99642","0.013143","1.056275"
"280","0","1.280504","0.99665","0.01336","1.055446"
"290","0","1.257766","0.996865","0.013577","1.054655"
"300","0","1.235821","0.997065","0.013792","1.0539"
"-100","10","44.463165","0.064952","0.946624","1.441785"
"-90","10","42.035474","0.062281","0.761349","1.44194"
"-80","10","39.859161","0.059918","0.62602","1.441637"
"-70","10","37.897105","0.057821","0.52392","1.440901"
"-60","10","36.119151","0.055956","0.444778","1.439797"
"-50","10","34.500547","0.054295","0.382031","1.438426"
"-40","10","33.020789","0.052816","0.33134","1.436924"
"-30","10","31.662747","0.051502","0.289737","1.43545"
"-20","10","30.411997","0.050339","0.25513","1.434194"
"-10","10","29.256306","0.049316","0.226002","1.433378"
"0","10","28.185235","0.048426","0.201224","1.433261"
"10","10","27.189818","0.047664","0.179933","1.434154"
"20","10","26.262313","0.047028","0.161457","1.436448"
"30","10","25.395999","0.046522","0.145256","1.440656"
"40","10","24.585014","0.046152","0.130889","1.44749"
"50","10","23.824221","0.045933","0.117984","1.458018"
"60","10","23.109101","0.045889","0.106213","1.473979"
"70","10","22.435661","0.046064","0.09527","1.498526"
"80","10","21.80036","0.803799","0.00915","1.197666"
"90","10","21.200047","0.825464","0.009358","1.17269"
"100","10","20.631909","0.843562","0.009575","1.154186"
"110","10","20.093428","0.858933","0.009796","1.139962"
"120","10","19.58234","0.872161","0.010019","1.128688"
"130","10","19.096607","0.883669","0.010245","1.119511"
"140","10","18.634387","0.893769","0.010472","1.111876"
"150","10","18.194014","0.902699","0.010698","1.105412"
"160","10","17.773974","0.910644","0.010925","1.099862"
"170","10","17.372892","0.91775","0.011151","1.095041"
"180","10","16.989511","0.924137","0.011377","1.090809"
"190","10","16.622686","0.929901","0.011602","1.087064"
"200","10","16.271366","0.935122","0.011826","1.083724"
"210","10","15.93459","0.939867","0.01205","1.080726"
"220","10","15.611471","0.944194","0.012272","1.078017"
"230","10","15.301196","0.948149","0.012494","1.075559"
"240","10","15.003015","0.951775","0.012714","1.073316"
"250","10","14.716232","0.955106","0.012934","1.071261"
"260","10","14.440208","0.958173","0.013152","1.069371"
"270","10","14.174348","0.961003","0.01337","1.067626"
"280","10","13.9181","0.963619","0.013586","1.06601"
"290","10","13.670953","0.966041","0.013802","1.064509"
"300","10","13.43243","0.968288","0.014017","1.063111"
"-100","20","84.835593","0.123822","0.955907","1.439463"
"-90","20","80.203565","0.11872","0.768821","1.439537"
"-80","20","76.051167","0.114204","0.632221","1.439129"
"-70","20","72.307571","0.110195","0.529201","1.438259"
"-60","20","68.915238","0.106627","0.449376","1.436992"
"-50","20","65.826946","0.103447","0.386114","1.435423"
"-40","20","63.003573","0.100613","0.335025","1.43368"
"-30","20","60.412433","0.098092","0.293112","1.431913"
"-20","20","58.026004","0.095855","0.258263","1.430299"
"-10","20","55.82095","0.093883","0.228945","1.429039"
"0","20","53.777349","0.092159","0.204022","1.428365"
"10","20","51.878096","0.090674","0.182624","1.428549"
"20","20","50.108419","0.089423","0.164075","1.42992"
"30","20","48.455494","0.088409","0.147837","1.432893"
"40","20","46.908137","0.08764","0.133469","1.438022"
"50","20","45.456546","0.087136","0.120606","1.446096"
"60","20","44.0921","0.086933","0.108934","1.458314"
"70","20","42.807178","0.087089","0.098168","1.476681"
"80","20","41.595025","0.087709","0.088034","1.504938"
"90","20","40.44963","0.088986","0.078223","1.551267"
"100","20","39.365625","0.091352","0.06829","1.638505"
"110","20","38.338204","0.678616","0.010879","1.370231"
"120","20","37.36305","0.719828","0.01093","1.280201"
"130","20","36.436272","0.751785","0.011042","1.229566"
"140","20","35.554358","0.777815","0.011187","1.196488"
"150","20","34.714127","0.799643","0.011353","1.172938"
"160","20","33.912693","0.818305","0.011533","1.155221"
"170","20","33.147429","0.834487","0.011723","1.141368"
"180","20","32.415939","0.848672","0.011919","1.130219"
"190","20","31.716038","0.861216","0.01212","1.121042"
"200","20","31.045721","0.872387","0.012325","1.113348"
"210","20","30.403152","0.882396","0.012531","1.1068"
"220","20","29.786643","0.89141","0.012739","1.101156"
"230","20","29.19464","0.899565","0.012948","1.096238"
"240","20","28.62571","0.906972","0.013158","1.091914"
"250","20","28.07853","0.913722","0.013368","1.088079"
"260","20","27.551877","0.919894","0.013578","1.084656"
"270","20","27.044616","0.925553","0.013788","1.081579"
"280","20","26.555695","0.930755","0.013997","1.078798"
"290","20","26.084139","0.935549","0.014206","1.076272"
"300","20","25.629038","0.939975","0.014415","1.073967"
"-100","30","125.208022","0.182592","0.965236","1.43718"
"-90","30","118.371657","0.175053","0.776324","1.437179"
"-80","30","112.243173","0.168379","0.638443","1.436671"
"-70","30","106.718036","0.16245","0.534496","1.435677"
"-60","30","101.711325","0.157171","0.453984","1.434256"
"-50","30","97.153345","0.152463","0.390199","1.432502"
"-40","30","92.986356","0.148263","0.338709","1.430534"
"-30","30","89.162118","0.144521","0.296482","1.428496"
"-20","30","85.640012","0.141195","0.261386","1.426552"
"-10","30","82.385594","0.138255","0.231875","1.424887"
"0","30","79.369463","0.135676","0.206801","1.423711"
"10","30","76.566375","0.133442","0.185291","1.423261"
"20","30","73.954525","0.131544","0.166663","1.42382"
"30","30","71.514989","0.129981","0.150377","1.425727"
"40","30","69.23126","0.128762","0.135996","1.429422"
"50","30","67.088872","0.127909","0.123157","1.435495"
"60","30","65.075098","0.127458","0.111554","1.444796"
"70","30","63.178694","0.127474","0.100918","1.458646"
"80","30","61.38969","0.128064","0.091004","1.479282"
"90","30","59.699212","0.129411","0.081565","1.510941"
"100","30","58.099341","0.131867","0.072316","1.562939"
"110","30","56.58298","0.136219","0.062825","1.661481"
"120","30","55.143759","0.144997","0.052044","1.932603"
"130","30","53.775937","0.548932","0.013522","1.869353"
"140","30","52.474329","0.622697","0.012977","1.475963"
"150","30","51.234241","0.671758","0.012803","1.343019"
"160","30","50.051412","0.709253","0.012772","1.272748"
"170","30","48.921965","0.739605","0.012817","1.228541"
"180","30","47.842368","0.764987","0.012906","1.197946"
"190","30","46.80939","0.786673","0.013026","1.175434"
"200","30","45.820076","0.805488","0.013166","1.158138"
"210","30","44.871715","0.822002","0.013322","1.144414"
"220","30","43.961815","0.83663","0.013487","1.133248"
"230","30","43.088083","0.849685","0.013661","1.12398"
"240","30","42.248405","0.861407","0.013841","1.116159"
"250","30","41.440828","0.871989","0.014025","1.109469"
"260","30","40.663545","0.881584","0.014212","1.103678"
"270","30","39.914883","0.89032","0.014403","1.098615"
"280","30","39.193291","0.8983","0.014595","1.09415"
"290","30","38.497326","0.905613","0.014788","1.090182"
"300","30","37.825646","0.912334","0.014983","1.086633"
"-100","40","165.58045","0.241264","0.97461","1.434937"
"-90","40","156.539749","0.231283","0.783859","1.434865"
"-80","40","148.43518","0.222444","0.644686","1.434264"
"-70","40","141.128501","0.214589","0.539806","1.433152"
"-60","40","134.507412","0.207591","0.458599","1.431587"
"-50","40","128.479744","0.201345","0.394289","1.429659"
"-40","40","122.96914","0.195768","0.342392","1.427481"
"-30","40","117.911803","0.190793","0.299848","1.425192"
"-20","40","113.254019","0.186365","0.264502","1.422944"
"-10","40","108.950237","0.182441","0.234793","1.420909"
"0","40","104.961578","0.178987","0.209565","1.419277"
"10","40","101.254653","0.17598","0.187936","1.41826"
"20","40","97.800631","0.173406","0.169222","1.4181"
"30","40","94.574484","0.17126","0.152881","1.419083"
"40","40","91.554383","0.169547","0.138475","1.421557"
"50","40","88.721197","0.168288","0.125645","1.425976"
"60","40","86.058097","0.16752","0.114088","1.432954"
"70","40","83.550211","0.167304","0.103547","1.443387"
"80","40","81.184355","0.16774","0.093793","1.458673"
"90","40","78.948795","0.168993","0.084614","1.481185"
"100","40","76.833056","0.171348","0.075794","1.515361"
"110","40","74.827757","0.175338","0.067081","1.570755"
"120","40","72.924469","0.182149","0.058101","1.673347"
"130","40","71.115602","0.19535","0.048027","1.931816"
"140","40","69.3943","0.244123","0.032359","4.259424"
"150","40","67.754354","0.481686","0.016937","2.244629"
"160","40","66.19013","0.570372","0.015444","1.616595"
"170","40","64.696502","0.627606","0.014872","1.422779"
"180","40","63.268796","0.670743","0.014608","1.325986"
"190","40","61.902742","0.705406","0.014495","1.267374"
"200","40","60.594431","0.73428","0.014471","1.227903"
"210","40","59.340277","0.758898","0.014503","1.199451"
"220","40","58.136987","0.780236","0.014573","1.177942"
"230","40","56.981526","0.79896","0.014671","1.161097"
"240","40","55.8711","0.815549","0.014788","1.147542"
"250","40","54.803125","0.830361","0.014921","1.136395"
"260","40","53.775213","0.84367","0.015065","1.127064"
"270","40","52.785151","0.855695","0.015218","1.119138"
"280","40","51.830887","0.86661","0.015378","1.112321"
"290","40","50.910512","0.876556","0.015544","1.106394"
"300","40","50.022254","0.885651","0.015713","1.101194"
"-100","50","205.952879","0.299839","0.98403","1.432732"
"-90","50","194.70784","0.287411","0.791426","1.432593"
"-80","50","184.627186","0.276401","0.650952","1.431904"
"-70","50","175.538966","0.266614","0.54513","1.430681"
"-60","50","167.3035","0.257888","0.463224","1.428981"
"-50","50","159.806144","0.250097","0.398383","1.42689"
"-40","50","152.951923","0.243134","0.346076","1.424518"
"-30","50","146.661488","0.236914","0.303211","1.421994"
"-20","50","140.868027","0.23137","0.26761","1.419466"
"-10","50","135.514881","0.226446","0.2377","1.417092"
"0","50","130.553692","0.222099","0.212313","1.415046"
"10","50","125.942931","0.218298","0.190561","1.41352"
"20","50","121.646737","0.215022","0.171756","1.412723"
"30","50","117.63398","0.212262","0.155352","1.412896"
"40","50","113.877506","0.210018","0.140912","1.414324"
"50","50","110.353523","0.208308","0.128078","1.417358"
"60","50","107.041095","0.207164","0.11655","1.422452"
"70","50","103.921728","0.206642","0.106076","1.430228"
"80","50","100.97902","0.206834","0.09644","1.44159"
"90","50","98.198378","0.207882","0.087448","1.457941"
"100","50","95.566772","0.210016","0.078919","1.481605"
"110","50","93.072533","0.213625","0.070674","1.516797"
"120","50","90.705178","0.219426","0.062509","1.572261"
"130","50","88.455267","0.228921","0.054148","1.669727"
"140","50","86.314271","0.246042","0.045105","1.87833"
"150","50","84.274468","0.285642","0.034348","2.473087"
"160","50","82.328849","0.390368","0.023471","2.703985"
"170","50","80.471039","0.494841","0.019217","1.908226"
"180","50","78.695224","0.565789","0.01763","1.580201"
"190","50","76.996094","0.618385","0.016852","1.424866"
"200","50","75.368786","0.660033","0.016426","1.336003"
"210","50","73.80884","0.694359","0.01619","1.278774"
"220","50","72.312158","0.723404","0.016068","1.238931"
"230","50","70.87497","0.748437","0.016022","1.209631"
"240","50","69.493795","0.770312","0.016027","1.187196"
"250","50","68.165423","0.789631","0.016071","1.169477"
"260","50","66.886882","0.806837","0.016142","1.155133"
"270","50","65.655419","0.822269","0.016234","1.143288"
"280","50","64.468482","0.83619","0.016342","1.133344"
"290","50","63.323699","0.848811","0.016464","1.124879"
"300","50","62.218862","0.8603","0.016596","1.117588"
"-100","60","246.325307","0.358318","0.993496","1.430563"
"-90","60","232.875932","0.343438","0.799025","1.430363"
"-80","60","220.819192","0.330253","0.65724","1.42959"
"-70","60","209.949431","0.318526","0.550469","1.428264"
"-60","60","200.099587","0.308067","0.467858","1.426437"
"-50","60","191.132543","0.298721","0.402481","1.424193"
"-40","60","182.934707","0.290362","0.34976","1.421638"
"-30","60","175.411174","0.282888","0.30657","1.418898"
"-20","60","168.482034","0.276215","0.270712","1.41611"
"-10","60","162.079525","0.270276","0.240597","1.413425"
"0","60","156.145806","0.26502","0.215047","1.411003"
"10","60","150.631209","0.260405","0.193168","1.409016"
"20","60","145.492843","0.256405","0.174265","1.407652"
"30","60","140.693475","0.253003","0.157793","1.407114"
"40","60","136.200629","0.250195","0.143311","1.407639"
"50","60","131.985848","0.247994","0.130461","1.409501"
"60","60","128.024094","0.246426","0.118947","1.413044"
"70","60","124.293245","0.245542","0.108521","1.418707"
"80","60","120.773685","0.245419","0.098971","1.427092"
"90","60","117.447961","0.24618","0.090116","1.439062"
"100","60","114.300488","0.248013","0.081795","1.45591"
"110","60","111.317309","0.25121","0.073861","1.479709"
"120","60","108.485888","0.256256","0.066173","1.514089"
"130","60","105.794932","0.263999","0.058587","1.566068"
"140","60","103.234242","0.276071","0.05094","1.65036"
"150","60","100.794581","0.296011","0.043045","1.798054"
"160","60","98.467568","0.331941","0.034861","2.039472"
"170","60","96.245576","0.394359","0.027504","2.143315"
"180","60","94.121653","0.46938","0.022933","1.887396"
"190","60","92.089446","0.535029","0.020574","1.638407"
"200","60","90.14314","0.588403","0.019284","1.48119"
"210","60","88.277402","0.6322","0.018522","1.382027"
"220","60","86.48733","0.668887","0.018051","1.315805"
"230","60","84.768413","0.700191","0.017757","1.26908"
"240","60","83.11649","0.727305","0.01758","1.23459"
"250","60","81.52772","0.751073","0.017482","1.208197"
"260","60","79.99855","0.772109","0.017441","1.187405"
"270","60","78.525687","0.790875","0.017443","1.170633"
"280","60","77.106078","0.807727","0.017477","1.156835"
"290","60","75.736885","0.822945","0.017536","1.145298"
"300","60","74.41547","0.836753","0.017614","1.135514"
"-100","70","286.697735","0.416703","1.003009","1.428431"
"-90","70","271.044023","0.399366","0.806657","1.428172"
"-80","70","257.011198","0.383999","0.663551","1.427322"
"-70","70","244.359896","0.370328","0.555823","1.425897"
"-60","70","232.895674","0.358128","0.472502","1.423951"
"-50","70","222.458942","0.34722","0.406585","1.421564"
"-40","70","212.91749","0.337457","0.353446","1.418839"
"-30","70","204.160859","0.328717","0.309927","1.415897"
"-20","70","196.096041","0.320904","0.273807","1.41287"
"-10","70","188.644168","0.313939","0.243484","1.409898"
"0","70","181.73792","0.307757","0.217768","1.407133"
"10","70","175.319488","0.302311","0.195757","1.404731"
"20","70","169.338949","0.297565","0.176754","1.402858"
"30","70","163.75297","0.293497","0.160207","1.401693"
"40","70","158.523752","0.290097","0.145676","1.401431"
"50","70","153.618174","0.287371","0.132802","1.402294"
"60","70","149.007093","0.28534","0.121289","1.404543"
"70","70","144.664761","0.284044","0.110893","1.408497"
"80","70","140.56835","0.283552","0.101405","1.414563"
"90","70","136.697543","0.283965","0.092652","1.423287"
"100","70","133.034203","0.285437","0.084482","1.435419"
"110","70","129.562085","0.288194","0.076767","1.452049"
"120","70","126.266598","0.292584","0.069392","1.474863"
"130","70","123.134597","0.299151","0.062259","1.506639"
"140","70","120.154213","0.308789","0.055281","1.552041"
"150","70","117.314694","0.323039","0.048394","1.618355"
"160","70","114.606286","0.344591","0.041599","1.712472"
"170","70","112.020113","0.377517","0.035109","1.816026"
"180","70","109.548081","0.424215","0.029571","1.839893"
"190","70","107.182798","0.478965","0.025624","1.737266"
"200","70","104.917495","0.53245","0.023123","1.597654"
"210","70","102.745965","0.580209","0.02156","1.48125"
"220","70","100.662502","0.621697","0.020556","1.395074"
"230","70","98.661856","0.65765","0.019893","1.332131"
"240","70","96.739185","0.688987","0.019447","1.28536"
"250","70","94.890018","0.716514","0.019148","1.249745"
"260","70","93.110218","0.74088","0.018952","1.221957"
"270","70","91.395955","0.7626","0.01883","1.199793"
"280","70","89.743673","0.782081","0.018764","1.181769"
"290","70","88.150072","0.79965","0.018741","1.166865"
"300","70","86.612079","0.81557","0.01875","1.154358"
"-100","80","327.070164","0.474994","1.012569","1.426334"
"-90","80","309.212115","0.455196","0.814321","1.42602"
"-80","80","293.203204","0.437644","0.669884","1.425097"
"-70","80","278.770361","0.422021","0.561193","1.42358"
"-60","80","265.691761","0.408075","0.477155","1.421522"
"-50","80","253.785341","0.395597","0.410694","1.419"
"-40","80","242.900274","0.384421","0.357132","1.416117"
"-30","80","232.910544","0.374407","0.313281","1.412987"
"-20","80","223.710049","0.365443","0.276898","1.409737"
"-10","80","215.208812","0.357438","0.246363","1.406503"
"0","80","207.330034","0.350317","0.220477","1.403424"
"10","80","200.007766","0.344023","0.198331","1.400645"
"20","80","193.185055","0.338513","0.179222","1.398316"
"30","80","186.812465","0.333757","0.162596","1.396594"
"40","80","180.846875","0.32974","0.148009","1.395645"
"50","80","175.250499","0.326459","0.135103","1.395648"
"60","80","169.990091","0.32393","0.123582","1.396807"
"70","80","165.036278","0.322184","0.113201","1.399356"
"80","80","160.363015","0.321278","0.103757","1.403576"
"90","80","155.947126","0.321296","0.095079","1.409819"
"100","80","151.767919","0.322362","0.087022","1.418533"
"110","80","147.806861","0.324654","0.079466","1.430311"
"120","80","144.047307","0.328432","0.07231","1.445984"
"130","80","140.474262","0.33407","0.065473","1.466771"
"140","80","137.074183","0.342128","0.058893","1.494421"
"150","80","133.834808","0.353452","0.052533","1.531174"
"160","80","130.745005","0.36931","0.046399","1.578683"
"170","80","127.794649","0.391465","0.040572","1.633317"
"180","80","124.974509","0.421686","0.035271","1.675497"
"190","80","122.27615","0.459989","0.030834","1.671131"
"200","80","119.69185","0.503155","0.027481","1.612472"
"210","80","117.214527","0.546708","0.025121","1.529788"
"220","80","114.837674","0.587678","0.023499","1.450262"
"230","80","112.555299","0.624913","0.022379","1.383693"
"240","80","110.36188","0.65829","0.021595","1.330552"
"250","80","108.252316","0.688103","0.021041","1.288545"
"260","80","106.221887","0.714764","0.020648","1.255151"
"270","80","104.266223","0.73868","0.020371","1.228292"
"280","80","102.381269","0.760218","0.020181","1.206397"
"290","80","100.563258","0.77969","0.020055","1.188305"
"300","80","98.808687","0.797363","0.01998","1.173164"
"-100","90","367.442592","0.533193","1.022175","1.42427"
"-90","90","347.380207","0.51093","0.822018","1.423906"
"-80","90","329.39521","0.491186","0.676241","1.422915"
"-70","90","313.180826","0.473608","0.566578","1.421311"
"-60","90","298.487848","0.457909","0.481819","1.419147"
"-50","90","285.11174","0.443855","0.414808","1.4165"
"-40","90","272.883058","0.431258","0.360821","1.413468"
"-30","90","261.66023","0.41996","0.316634","1.410163"
"-20","90","251.324056","0.409836","0.279984","1.406708"
"-10","90","241.773456","0.400779","0.249234","1.40323"
"0","90","232.922149","0.392706","0.223176","1.399864"
"10","90","224.696044","0.38555","0.200891","1.396743"
"20","90","217.031161","0.379258","0.181672","1.394004"
"30","90","209.871961","0.373795","0.164962","1.391787"
"40","90","203.169998","0.369137","0.150314","1.390232"
"50","90","196.882825","0.365276","0.137369","1.389491"
"60","90","190.97309","0.362219","0.12583","1.389722"
"70","90","185.407795","0.35999","0.115455","1.391101"
"80","90","180.157681","0.358633","0.106039","1.393826"
"90","90","175.196709","0.358218","0.097415","1.398126"
"100","90","170.501634","0.358843","0.089442","1.404272"
"110","90","166.051637","0.360651","0.082004","1.412591"
"120","90","161.828017","0.363837","0.075007","1.423501"
"130","90","157.813927","0.368673","0.068376","1.437556"
"140","90","153.994154","0.375536","0.062059","1.455455"
"150","90","150.354921","0.38495","0.056026","1.47794"
"160","90","146.883724","0.39763","0.050274","1.505348"
"170","90","143.569186","0.414495","0.044844","1.536251"
"180","90","140.400938","0.436534","0.039832","1.564626"
"190","90","137.369502","0.464304","0.035397","1.577861"
"200","90","134.466205","0.497151","0.031705","1.563413"
"210","90","131.68309","0.533023","0.028821","1.52212"
"220","90","129.012846","0.569447","0.026668","1.467217"
"230","90","126.448743","0.604572","0.025094","1.411396"
"240","90","123.984575","0.637414","0.023946","1.361149"
"250","90","121.614613","0.667615","0.023106","1.318336"
"260","90","119.333555","0.695168","0.022487","1.282658"
"270","90","117.136491","0.72023","0.022031","1.2531"
"280","90","115.018864","0.743022","0.021697","1.228554"
"290","90","112.976445","0.763774","0.021453","1.20804"
"300","90","111.005295","0.782705","0.021281","1.190759"
"-100","100","407.815021","0.591301","1.031829","1.422241"
"-90","100","385.548298","0.566569","0.829747","1.421829"
"-80","100","365.587216","0.54463","0.68262","1.420773"
"-70","100","347.591291","0.52509","0.57198","1.419088"
"-60","100","331.283936","0.507632","0.486492","1.416825"
"-50","100","316.43814","0.491996","0.418928","1.41406"
"-40","100","302.865841","0.47797","0.364512","1.410888"
"-30","100","290.409915","0.465381","0.319987","1.40742"
"-20","100","278.938064","0.454086","0.283066","1.403774"
"-10","100","268.338099","0.443967","0.252098","1.400074"
"0","100","258.514263","0.43493","0.225864","1.396444"
"10","100","249.384322","0.426897","0.203437","1.393012"
"20","100","240.877267","0.419809","0.184105","1.389903"
"30","100","232.931456","0.413621","0.167307","1.387242"
"40","100","225.493121","0.408303","0.152593","1.385153"
"50","100","218.51515","0.403839","0.139603","1.383763"
"60","100","211.956088","0.400229","0.128039","1.383198"
"70","100","205.779312","0.397488","0.117659","1.383593"
"80","100","199.952346","0.39565","0.108259","1.385088"
"90","100","194.446292","0.394769","0.099674","1.387835"
"100","100","189.23535","0.394926","0.091763","1.391996"
"110","100","184.296414","0.396232","0.084413","1.397751"
"120","100","179.608727","0.398837","0.077534","1.405305"
"130","100","175.153593","0.402943","0.071053","1.414902"
"140","100","170.914125","0.408817","0.064921","1.426809"
"150","100","166.875035","0.416807","0.059106","1.44124"
"160","100","163.022442","0.427359","0.053602","1.458155"
"170","100","159.343723","0.441013","0.048426","1.476758"
"180","100","155.827366","0.45835","0.043628","1.494561"
"190","100","152.462854","0.479807","0.039289","1.50645"
"200","100","149.24056","0.505358","0.035508","1.505618"
"210","100","146.151652","0.534234","0.032356","1.487907"
"220","100","143.188018","0.565042","0.029838","1.455656"
"230","100","140.342186","0.596269","0.027889","1.415673"
"240","100","137.60727","0.626727","0.026403","1.374441"
"250","100","134.976911","0.655683","0.025276","1.335863"
"260","100","132.445223","0.682777","0.024423","1.301569"
"270","100","130.006758","0.707895","0.023774","1.271852"
"280","100","127.65646","0.731067","0.023282","1.246388"
"290","100","125.389631","0.752396","0.02291","1.224637"
"300","100","123.201903","0.772015","0.02263","1.206029"
"-100","110","448.187449","0.649319","1.04153","1.420243"
"-90","110","423.71639","0.622114","0.837511","1.419788"
"-80","110","401.779223","0.597975","0.689023","1.418671"
"-70","110","382.001757","0.576469","0.577397","1.41691"
"-60","110","364.080023","0.557246","0.491177","1.414553"
"-50","110","347.764539","0.540021","0.423055","1.411677"
"-40","110","332.848625","0.52456","0.368205","1.408376"
"-30","110","319.1596","0.510672","0.323338","1.404756"
"-20","110","306.552071","0.498197","0.286144","1.400933"
"-10","110","294.902743","0.487007","0.254956","1.397025"
"0","110","284.106377","0.476994","0.228543","1.393154"
"10","110","274.072601","0.468073","0.205971","1.389438"
"20","110","264.723373","0.460173","0.186523","1.385994"
"30","110","255.990951","0.453244","0.169632","1.382935"
"40","110","247.816244","0.447247","0.154848","1.380373"
"50","110","240.147476","0.44216","0.141807","1.378413"
"60","110","232.939087","0.437975","0.130212","1.377162"
"70","110","226.150829","0.434698","0.119819","1.376721"
"80","110","219.747011","0.432354","0.110426","1.377192"
"90","110","213.695875","0.430982","0.101865","1.378676"
"100","110","207.969066","0.430647","0.093999","1.381269"
"110","110","202.54119","0.431436","0.086716","1.385064"
"120","110","197.389436","0.433465","0.079925","1.390154"
"130","110","192.493258","0.436886","0.073556","1.396629"
"140","110","187.834096","0.441893","0.067558","1.404565"
"150","110","183.395148","0.448727","0.0619","1.413974"
"160","110","179.161161","0.457686","0.056566","1.424708"
"170","110","175.11826","0.469111","0.051563","1.436245"
"180","110","171.253794","0.483364","0.046917","1.447327"
"190","110","167.556206","0.500743","0.042672","1.455551"
"200","110","164.014915","0.521341","0.038886","1.457449"
"210","110","160.620215","0.544879","0.03561","1.449768"
"220","110","157.363189","0.570654","0.032869","1.431556"
"230","110","154.235629","0.597679","0.030644","1.404986"
"240","110","151.229966","0.62496","0.028876","1.373941"
"250","110","148.339208","0.651703","0.027489","1.342013"
"260","110","145.556892","0.677373","0.026407","1.311562"
"270","110","142.877026","0.701669","0.025566","1.283766"
"280","110","140.294056","0.724456","0.024911","1.259012"
"290","110","137.802818","0.745708","0.024402","1.237253"
"300","110","135.398511","0.765462","0.024008","1.218235"
"-100","120","488.559878","0.707248","1.051279","1.418278"
"-90","120","461.884482","0.677566","0.845308","1.417781"
"-80","120","437.971229","0.651224","0.695449","1.416608"
"-70","120","416.412222","0.627747","0.582831","1.414774"
"-60","120","396.87611","0.606754","0.495872","1.41233"
"-50","120","379.090938","0.587934","0.427188","1.409351"
"-40","120","362.831408","0.571031","0.371901","1.405927"
"-30","120","347.909286","0.555836","0.326689","1.402166"
"-20","120","334.166079","0.542174","0.289219","1.398178"
"-10","120","321.467387","0.529903","0.257808","1.394079"
"0","120","309.698491","0.518904","0.231213","1.389986"
"10","120","298.760879","0.509081","0.208494","1.38601"
"20","120","288.569479","0.500358","0.188925","1.382263"
"30","120","279.050446","0.492673","0.171939","1.378847"
"40","120","270.139367","0.485982","0.157081","1.375862"
"50","120","261.779801","0.480254","0.143985","1.373402"
"60","120","253.922086","0.475474","0.132353","1.371552"
"70","120","246.522345","0.47164","0.12194","1.370396"
"80","120","239.541676","0.468767","0.112544","1.370006"
"90","120","232.945457","0.466883","0.103998","1.370448"
"100","120","226.702781","0.466038","0.096164","1.371779"
"110","120","220.785966","0.466297","0.088929","1.374041"
"120","120","215.170146","0.467751","0.082205","1.377262"
"130","120","209.832923","0.470516","0.07592","1.381459"
"140","120","204.754067","0.474733","0.070023","1.386617"
"150","120","199.915261","0.480576","0.064478","1.39267"
"160","120","195.29988","0.48825","0.059268","1.399449"
"170","120","190.892797","0.497981","0.054388","1.406582"
"180","120","186.680223","0.510005","0.049852","1.413339"
"190","120","182.649558","0.524521","0.045682","1.418442"
"200","120","178.789269","0.541623","0.041914","1.420029"
"210","120","175.088777","0.561209","0.038582","1.416055"
"220","120","171.538361","0.582919","0.035708","1.405184"
"230","120","168.129073","0.606154","0.033292","1.387615"
"240","120","164.852661","0.630198","0.031303","1.365058"
"250","120","161.701506","0.654363","0.029694","1.339879"
"260","120","158.66856","0.678096","0.028404","1.314206"
"270","120","155.747294","0.701007","0.027377","1.289503"
"280","120","152.931651","0.722856","0.026561","1.266583"
"290","120","150.216004","0.743517","0.025914","1.245785"
"300","120","147.59512","0.762944","0.025401","1.227154"
"-100","130","528.932306","0.76509","1.061076","1.416343"
"-90","130","500.052573","0.732928","0.853138","1.415809"
"-80","130","474.163235","0.704377","0.701899","1.414582"
"-70","130","450.822687","0.678925","0.588281","1.412681"
"-60","130","429.672197","0.656158","0.500579","1.410155"
"-50","130","410.417337","0.635737","0.431328","1.407077"
"-40","130","392.814192","0.617386","0.375601","1.40354"
"-30","130","376.658971","0.600876","0.33004","1.399646"
"-20","130","361.780086","0.586019","0.292291","1.395506"
"-10","130","348.03203","0.572658","0.260654","1.39123"
"0","130","335.290605","0.560663","0.233875","1.386932"
"10","130","323.449157","0.549929","0.211005","1.382719"
"20","130","312.415585","0.54037","0.191315","1.378695"
"30","130","302.109942","0.531916","0.17423","1.374958"
"40","130","292.46249","0.524516","0.159294","1.371596"
"50","130","283.412127","0.518131","0.146139","1.368692"
"60","130","274.905084","0.512739","0.134465","1.36632"
"70","130","266.893862","0.50833","0.124026","1.364546"
"80","130","259.336341","0.504909","0.11462","1.363424"
"90","130","252.19504","0.502495","0.106079","1.362998"
"100","130","245.436497","0.501122","0.098265","1.363298"
"110","130","239.030742","0.500842","0.091066","1.364334"
"120","130","232.950855","0.501722","0.084392","1.366104"
"130","130","227.172588","0.503849","0.078171","1.368582"
"140","130","221.674038","0.507329","0.07235","1.371715"
"150","130","216.435375","0.512288","0.066891","1.37541"
"160","130","211.438598","0.518869","0.061771","1.379503"
"170","130","206.667333","0.527229","0.056982","1.383717"
"180","130","202.106651","0.537523","0.052526","1.387585"
"190","130","197.74291","0.549884","0.048415","1.390358"
"200","130","193.563624","0.564386","0.044669","1.390966"
"210","130","189.55734","0.580987","0.041309","1.388155"
"220","130","185.713533","0.599491","0.038353","1.380865"
"230","130","182.022516","0.619533","0.035804","1.36871"
"240","130","178.475356","0.640621","0.033649","1.352238"
"250","130","175.063804","0.662223","0.031858","1.332721"
"260","130","171.780228","0.683844","0.030386","1.311676"
"270","130","168.617562","0.705088","0.029187","1.290424"
"280","130","165.569247","0.725664","0.028216","1.269904"
"290","130","162.629191","0.745386","0.027433","1.250673"
"300","130","159.791728","0.764146","0.026802","1.232995"
"-100","140","569.304735","0.822845","1.070921","1.414439"
"-90","140","538.220665","0.788199","0.861002","1.413869"
"-80","140","510.355241","0.757437","0.708374","1.412593"
"-70","140","485.233152","0.730005","0.593749","1.410628"
"-60","140","462.468284","0.705458","0.505297","1.408025"
"-50","140","441.743737","0.683431","0.435474","1.404856"
"-40","140","422.796975","0.663626","0.379303","1.401212"
"-30","140","405.408656","0.645796","0.333392","1.397195"
"-20","140","389.394094","0.629736","0.295361","1.392911"
"-10","140","374.596674","0.615277","0.263496","1.388472"
"0","140","360.882719","0.602277","0.23653","1.383986"
"10","140","348.137435","0.590622","0.213507","1.379555"
"20","140","336.261691","0.580215","0.193691","1.37528"
"30","140","325.169437","0.570981","0.176505","1.371251"
"40","140","314.785613","0.562858","0.161487","1.367551"
"50","140","305.044452","0.555802","0.148269","1.364254"
"60","140","295.888083","0.549783","0.136549","1.361424"
"70","140","287.265379","0.544783","0.126079","1.359113"
"80","140","279.131006","0.540797","0.116657","1.357365"
"90","140","271.444623","0.537837","0.108113","1.356207"
"100","140","264.170213","0.535923","0.100311","1.355652"
"110","140","257.275518","0.535094","0.093137","1.355695"
"120","140","250.731565","0.535398","0.086499","1.356312"
"130","140","244.512253","0.536902","0.080326","1.35746"
"140","140","238.594009","0.539682","0.074563","1.35907"
"150","140","232.955488","0.54383","0.069169","1.361041"
"160","140","227.577317","0.549449","0.064118","1.363227"
"170","140","222.44187","0.556644","0.059397","1.365412"
"180","140","217.533079","0.565523","0.055","1.367277"
"190","140","212.836262","0.576173","0.050933","1.368346"
"200","140","208.337979","0.588643","0.047206","1.367967"
"210","140","204.025903","0.602913","0.043832","1.365355"
"220","140","199.888705","0.618866","0.040822","1.35976"
"230","140","195.915959","0.636267","0.03818","1.350722"
"240","140","192.098051","0.654782","0.035899","1.338292"
"250","140","188.426101","0.674013","0.03396","1.323056"
"260","140","184.891897","0.693554","0.032333","1.305949"
"270","140","181.48783","0.713044","0.030981","1.287973"
"280","140","178.206842","0.732186","0.029866","1.269984"
"290","140","175.042377","0.750765","0.028951","1.252602"
"300","140","171.988336","0.768633","0.028203","1.23621"
"-100","150","609.677163","0.880514","1.080815","1.412564"
"-90","150","576.388757","0.843382","0.868901","1.411962"
"-80","150","546.547247","0.810404","0.714872","1.410639"
"-70","150","519.643617","0.780988","0.599233","1.408615"
"-60","150","495.264372","0.754657","0.510026","1.405939"
"-50","150","473.070136","0.731019","0.439628","1.402684"
"-40","150","452.779759","0.709754","0.38301","1.39894"
"-30","150","434.158342","0.690597","0.336745","1.394807"
"-20","150","417.008101","0.673327","0.298429","1.390392"
"-10","150","401.161318","0.657763","0.266333","1.385801"
"0","150","386.474834","0.64375","0.239178","1.38114"
"10","150","372.825714","0.631164","0.216","1.376511"
"20","150","360.107797","0.6199","0.196057","1.372006"
"30","150","348.228932","0.609874","0.178765","1.367714"
"40","150","337.108736","0.601017","0.163664","1.36371"
"50","150","326.676778","0.593277","0.150379","1.360062"
"60","150","316.871081","0.586616","0.138609","1.356826"
"70","150","307.636896","0.58101","0.128103","1.354048"
"80","150","298.925671","0.576447","0.118659","1.35176"
"90","150","290.694206","0.572926","0.110107","1.349979"
"100","150","282.903928","0.57046","0.102308","1.348709"
"110","150","275.520294","0.569074","0.095149","1.347933"
"120","150","268.512275","0.568802","0.088538","1.34762"
"130","150","261.851918","0.569691","0.082401","1.347717"
"140","150","255.51398","0.571798","0.076681","1.348152"
"150","150","249.475602","0.575188","0.071337","1.348825"
"160","150","243.716036","0.579933","0.066338","1.349608"
"170","150","238.216407","0.586107","0.061668","1.35033"
"180","150","232.959507","0.593781","0.057316","1.350758"
"190","150","227.929614","0.603011","0.053283","1.350575"
"200","150","223.112334","0.613827","0.049571","1.349358"
"210","150","218.494465","0.626214","0.046187","1.346602"
"220","150","214.063877","0.640093","0.043138","1.341789"
"230","150","209.809402","0.655304","0.040427","1.334529"
"240","150","205.720746","0.671613","0.038049","1.3247"
"250","150","201.788399","0.688727","0.035992","1.312525"
"260","150","198.003565","0.706322","0.034234","1.298525"
"270","150","194.358098","0.724089","0.032748","1.283382"
"280","150","190.844438","0.741753","0.031501","1.267778"
"290","150","187.455564","0.759092","0.030462","1.252287"
"300","150","184.184944","0.775939","0.0296","1.237324"
"-100","160","650.049592","0.938099","1.090758","1.410718"
"-90","160","614.556848","0.898477","0.876834","1.410086"
"-80","160","582.739253","0.863279","0.721395","1.40872"
"-70","160","554.054082","0.831876","0.604734","1.40664"
"-60","160","528.060459","0.803756","0.514767","1.403895"
"-50","160","504.396535","0.778503","0.44379","1.40056"
"-40","160","482.762542","0.755773","0.386721","1.396722"
"-30","160","462.908027","0.735282","0.340098","1.392482"
"-20","160","444.622109","0.716797","0.301496","1.387943"
"-10","160","427.725962","0.700119","0.269166","1.383211"
"0","160","412.066948","0.685086","0.24182","1.37839"
"10","160","397.513992","0.671561","0.218485","1.373577"
"20","160","383.953903","0.65943","0.198411","1.368864"
"30","160","371.288427","0.648601","0.181013","1.364332"
"40","160","359.431859","0.638999","0.165824","1.360054"
"50","160","348.309103","0.630563","0.15247","1.356093"
"60","160","337.85408","0.62325","0.140645","1.352498"
"70","160","328.008413","0.617025","0.1301","1.349309"
"80","160","318.720336","0.611871","0.12063","1.346552"
"90","160","309.943788","0.607778","0.112063","1.344238"
"100","160","301.637644","0.60475","0.104262","1.342363"
"110","160","293.765071","0.602799","0.097111","1.340907"
"120","160","286.292984","0.601949","0.090517","1.339832"
"130","160","279.191583","0.602231","0.084405","1.339084"
"140","160","272.433951","0.603685","0.078718","1.338592"
"150","160","265.995715","0.606356","0.073411","1.338264"
"160","160","259.854754","0.610294","0.068453","1.337986"
"170","160","253.990944","0.615547","0.063821","1.33762"
"180","160","248.385936","0.622162","0.059503","1.33699"
"190","160","243.022966","0.630174","0.055494","1.335873"
"200","160","237.886689","0.639597","0.051793","1.333983"
"210","160","232.963028","0.650414","0.048402","1.330982"
"220","160","228.239049","0.662566","0.045323","1.326514"
"230","160","223.702846","0.675938","0.042558","1.320277"
"240","160","219.343441","0.690357","0.040104","1.312111"
"250","160","215.150696","0.705604","0.037951","1.302068"
"260","160","211.115234","0.721426","0.036084","1.290416"
"270","160","207.228366","0.737565","0.034481","1.277587"
"280","160","203.482033","0.753777","0.033115","1.264078"
"290","160","199.86875","0.769851","0.031961","1.250365"
"300","160","196.381552","0.785618","0.030991","1.236839"
"-100","170","690.42202","0.995601","1.100749","1.408901"
"-90","170","652.72494","0.953485","0.884801","1.40824"
"-80","170","618.931259","0.916065","0.727942","1.406834"
"-70","170","588.464547","0.882671","0.610253","1.404701"
"-60","170","560.856546","0.852758","0.51952","1.401893"
"-50","170","535.722934","0.825884","0.447959","1.398482"
"-40","170","512.745326","0.801683","0.390436","1.394556"
"-30","170","491.657712","0.779855","0.343453","1.390215"
"-20","170","472.236116","0.760147","0.304561","1.385562"
"-10","170","454.290605","0.74235","0.271996","1.3807"
"0","170","437.659062","0.726288","0.244456","1.37573"
"10","170","422.20227","0.711816","0.220961","1.370749"
"20","170","407.800009","0.69881","0.200755","1.365844"
"30","170","394.347923","0.687169","0.183248","1.361095"
"40","170","381.754982","0.676812","0.167969","1.35657"
"50","170","369.941429","0.66767","0.154543","1.352327"
"60","170","358.837079","0.659692","0.142661","1.348413"
"70","170","348.379929","0.652838","0.132073","1.344863"
"80","170","338.515001","0.647081","0.122571","1.341696"
"90","170","329.193371","0.642406","0.113986","1.338922"
"100","170","320.371359","0.638806","0.106176","1.336532"
"110","170","312.009847","0.636286","0.099026","1.334502"
"120","170","304.073694","0.634856","0.092443","1.332796"
"130","170","296.531248","0.634536","0.086349","1.33136"
"140","170","289.353922","0.635352","0.080686","1.330124"
"150","170","282.515828","0.637334","0.075407","1.329007"
"160","170","275.993473","0.640513","0.070478","1.327908"
"170","170","269.765481","0.644921","0.065875","1.326714"
"180","170","263.812364","0.650584","0.061583","1.325287"
"190","170","258.116318","0.657522","0.057592","1.323463"
"200","170","252.661044","0.665737","0.053898","1.321041"
"210","170","247.43159","0.675211","0.050499","1.317788"
"220","170","242.41422","0.685892","0.047396","1.313455"
"230","170","237.596289","0.697691","0.044589","1.307817"
"240","170","232.966136","0.710479","0.042072","1.300726"
"250","170","228.512994","0.724084","0.03984","1.292159"
"260","170","224.226902","0.738308","0.03788","1.282244"
"270","170","220.098633","0.752939","0.036175","1.271239"
"280","170","216.119629","0.767766","0.034704","1.25949"
"290","170","212.281937","0.782597","0.033444","1.247362"
"300","170","208.578161","0.797269","0.032372","1.23519"
"-100","180","730.794448","1.053019","1.11079","1.40711"
"-90","180","690.893032","1.008408","0.892803","1.406425"
"-80","180","655.123266","0.968762","0.734514","1.404981"
"-70","180","622.875012","0.933373","0.615789","1.402799"
"-60","180","593.652633","0.901663","0.524285","1.39993"
"-50","180","567.049333","0.873164","0.452136","1.396448"
"-40","180","542.72811","0.847489","0.394155","1.39244"
"-30","180","520.407398","0.824316","0.34681","1.388005"
"-20","180","499.850123","0.80338","0.307626","1.383245"
"-10","180","480.855249","0.784457","0.274823","1.378262"
"0","180","463.251176","0.767361","0.247088","1.373155"
"10","180","446.890548","0.751933","0.22343","1.368019"
"20","180","431.646115","0.738044","0.20309","1.362939"
"30","180","417.407418","0.725583","0.185471","1.357991"
"40","180","404.078106","0.714461","0.170101","1.353242"
"50","180","391.573754","0.704604","0.156599","1.348747"
"60","180","379.820077","0.695951","0.144657","1.344549"
"70","180","368.751446","0.688458","0.134022","1.340678"
"80","180","358.309667","0.682089","0.124486","1.337153"
"90","180","348.442954","0.676823","0.115878","1.333979"
"100","180","339.105075","0.672644","0.108055","1.331146"
"110","180","330.254623","0.669547","0.100901","1.328631"
"120","180","321.854404","0.667536","0.094321","1.326396"
"130","180","313.870913","0.666619","0.088239","1.32439"
"140","180","306.273893","0.666809","0.082592","1.32255"
"150","180","299.035942","0.668124","0.077334","1.320801"
"160","180","292.132191","0.670582","0.072427","1.319056"
"170","180","285.540017","0.6742","0.067846","1.317218"
"180","180","279.238792","0.678992","0.063572","1.315178"
"190","180","273.20967","0.684963","0.059593","1.312811"
"200","180","267.435398","0.692108","0.055903","1.309971"
"210","180","261.900153","0.700404","0.052497","1.306491"
"220","180","256.589392","0.709806","0.049373","1.302196"
"230","180","251.489732","0.72024","0.046529","1.296918"
"240","180","246.588831","0.731601","0.043961","1.290534"
"250","180","241.875291","0.743756","0.041662","1.282996"
"260","180","237.33857","0.756545","0.039623","1.274356"
"270","180","232.968901","0.769792","0.037829","1.264765"
"280","180","228.757225","0.783319","0.036264","1.254451"
"290","180","224.695123","0.796957","0.034908","1.243685"
"300","180","220.774769","0.810551","0.033741","1.232736"
"-100","190","771.166877","1.110356","1.12088","1.405347"
"-90","190","729.061123","1.063246","0.90084","1.404638"
"-80","190","691.315272","1.021372","0.741111","1.403159"
"-70","190","657.285477","0.983984","0.621343","1.400931"
"-60","190","626.44872","0.950474","0.529062","1.398006"
"-50","190","598.375733","0.920346","0.456322","1.394457"
"-40","190","572.710893","0.893191","0.397879","1.390373"
"-30","190","549.157083","0.86867","0.350168","1.38585"
"-20","190","527.464131","0.8465","0.31069","1.38099"
"-10","190","507.419893","0.826445","0.277647","1.375894"
"0","190","488.84329","0.808307","0.249714","1.37066"
"10","190","471.578827","0.791918","0.225893","1.365381"
"20","190","455.492222","0.777137","0.205416","1.360141"
"30","190","440.466913","0.763849","0.187683","1.355012"
"40","190","426.401229","0.751954","0.172219","1.350061"
"50","190","413.20608","0.741371","0.15864","1.345338"
"60","190","400.803076","0.732036","0.146635","1.340885"
"70","190","389.122963","0.723894","0.135951","1.33673"
"80","190","378.104332","0.716904","0.126377","1.332889"
"90","190","367.692537","0.711038","0.117741","1.329367"
"100","190","357.838791","0.706273","0.109901","1.326151"
"110","190","348.499399","0.702596","0.102739","1.323221"
"120","190","339.635113","0.700002","0.096158","1.320539"
"130","190","331.210579","0.69849","0.090081","1.318058"
"140","190","323.193864","0.698064","0.084445","1.31572"
"150","190","315.556055","0.698731","0.0792","1.313457"
"160","190","308.27091","0.700498","0.074309","1.311194"
"170","190","301.314554","0.70337","0.069743","1.308848"
"180","190","294.665221","0.707351","0.065483","1.306329"
"190","190","288.303022","0.712437","0.061512","1.30354"
"200","190","282.209753","0.718616","0.057823","1.30037"
"210","190","276.368715","0.72586","0.05441","1.296698"
"220","190","270.764564","0.734128","0.051267","1.292396"
"230","190","265.383175","0.743356","0.048391","1.287341"
"240","190","260.211526","0.753456","0.045778","1.281435"
"250","190","255.237589","0.76432","0.043422","1.274625"
"260","190","250.450239","0.775816","0.041314","1.266925"
"270","190","245.839169","0.787799","0.039443","1.258421"
"280","190","241.39482","0.800117","0.037794","1.24926"
"290","190","237.10831","0.812621","0.036351","1.239636"
"300","190","232.971377","0.825173","0.035097","1.229757"
"-100","200","811.539305","1.167613","1.13102","1.40361"
"-90","200","767.229215","1.118001","0.908912","1.40288"
"-80","200","727.507278","1.073895","0.747732","1.401368"
"-70","200","691.695943","1.034505","0.626915","1.399097"
"-60","200","659.244808","0.999191","0.533852","1.396119"
"-50","200","629.702132","0.96743","0.460515","1.392508"
"-40","200","602.693677","0.938791","0.401609","1.388352"
"-30","200","577.906768","0.912916","0.353529","1.383746"
"-20","200","555.078138","0.889508","0.313754","1.378793"
"-10","200","533.984536","0.868316","0.280469","1.373593"
"0","200","514.435404","0.849129","0.252336","1.368242"
"10","200","496.267105","0.831772","0.228349","1.362831"
"20","200","479.338328","0.816094","0.207734","1.357443"
"30","200","463.526408","0.80197","0.189886","1.35215"
"40","200","448.724352","0.789295","0.174325","1.347014"
"50","200","434.838405","0.77798","0.160666","1.342086"
"60","200","421.786075","0.767952","0.148597","1.337404"
"70","200","409.49448","0.759153","0.13786","1.332996"
"80","200","397.898997","0.751536","0.128245","1.328877"
"90","200","386.94212","0.745062","0.119579","1.325048"
"100","200","376.572506","0.739705","0.111718","1.321501"
"110","200","366.744175","0.735444","0.104543","1.318213"
"120","200","357.415823","0.732265","0.097957","1.31515"
"130","200","348.550244","0.730161","0.09188","1.312269"
"140","200","340.113834","0.729127","0.086249","1.309517"
"150","200","332.076169","0.72916","0.081013","1.306832"
"160","200","324.409629","0.730258","0.076133","1.304148"
"170","200","317.089091","0.73242","0.071578","1.301395"
"180","200","310.091649","0.735639","0.067325","1.298496"
"190","200","303.396374","0.739903","0.06336","1.295375"
"200","200","296.984108","0.745195","0.05967","1.291944"
"210","200","290.837278","0.751485","0.056248","1.288114"
"220","200","284.939736","0.758732","0.053087","1.283789"
"230","200","279.276619","0.766879","0.050183","1.278878"
"240","200","273.834221","0.77585","0.047531","1.273303"
"250","200","268.599887","0.785554","0.045125","1.267019"
"260","200","263.561907","0.79588","0.042957","1.260019"
"270","200","258.709437","0.806707","0.041018","1.25235"
"280","200","254.032416","0.817904","0.039294","1.244109"
"290","200","249.521496","0.829342","0.037773","1.235429"
"300","200","245.167985","0.840896","0.036437","1.226469"
"-100","210","851.911734","1.224789","1.14121","1.401899"
"-90","210","805.397307","1.172674","0.917019","1.401149"
"-80","210","763.699284","1.126333","0.75438","1.399607"
"-70","210","726.106408","1.084939","0.632504","1.397296"
"-60","210","692.040895","1.047817","0.538655","1.394269"
"-50","210","661.028531","1.014419","0.464717","1.390599"
"-40","210","632.67646","0.984292","0.405343","1.386375"
"-30","210","606.656454","0.957059","0.356892","1.381693"
"-20","210","582.692146","0.932407","0.316818","1.376653"
"-10","210","560.54918","0.910072","0.283289","1.371356"
"0","210","540.027519","0.889832","0.254954","1.365896"
"10","210","520.955383","0.871501","0.230799","1.360364"
"20","210","503.184434","0.854919","0.210044","1.354841"
"30","210","486.585904","0.839952","0.192079","1.349397"
"40","210","471.047475","0.826489","0.17642","1.344093"
"50","210","456.470731","0.814434","0.162679","1.338979"
"60","210","442.769073","0.803707","0.150542","1.334092"
"70","210","429.865997","0.794244","0.139751","1.329457"
"80","210","417.693662","0.785991","0.130093","1.32509"
"90","210","406.191702","0.778904","0.121393","1.320993"
"100","210","395.306222","0.772949","0.113508","1.317156"
"110","210","384.988951","0.7681","0.106316","1.313558"
"120","210","375.196532","0.764336","0.099721","1.310169"
"130","210","365.889909","0.761642","0.093641","1.306948"
"140","210","357.033805","0.760005","0.088011","1.303847"
"150","210","348.596282","0.759416","0.082779","1.300812"
"160","210","340.548347","0.759866","0.077905","1.297784"
"170","210","332.863628","0.761345","0.073356","1.2947"
"180","210","325.518077","0.763839","0.069109","1.291497"
"190","210","318.489726","0.767332","0.065145","1.288111"
"200","210","311.758463","0.7718","0.061452","1.284473"
"210","210","305.30584","0.777213","0.058021","1.280515"
"220","210","299.114908","0.783528","0.054843","1.276163"
"230","210","293.170062","0.790693","0.051914","1.271349"
"240","210","287.456917","0.798642","0.049227","1.266014"
"250","210","281.962184","0.807294","0.046777","1.260116"
"260","210","276.673575","0.816554","0.044556","1.253645"
"270","210","271.579705","0.82632","0.042555","1.246624"
"280","210","266.670011","0.836479","0.040764","1.239115"
"290","210","261.934683","0.846916","0.039171","1.231211"
"300","210","257.364593","0.857522","0.037761","1.223028"
"-100","220","892.284162","1.281886","1.15145","1.400212"
"-90","220","843.565398","1.227265","0.925162","1.399446"
"-80","220","799.89129","1.178687","0.761052","1.397876"
"-70","220","760.516873","1.135285","0.638112","1.395527"
"-60","220","724.836982","1.096352","0.54347","1.392453"
"-50","220","692.35493","1.061314","0.468928","1.388729"
"-40","220","662.659244","1.029694","0.409083","1.384441"
"-30","220","635.406139","1.001099","0.360258","1.379688"
"-20","220","610.306153","0.975199","0.319883","1.374567"
"-10","220","587.113824","0.951716","0.286107","1.369179"
"0","220","565.619633","0.930418","0.257569","1.363619"
"10","220","545.643661","0.911106","0.233245","1.357975"
"20","220","527.03054","0.893614","0.212347","1.352327"
"30","220","509.645399","0.877799","0.194263","1.346745"
"40","220","493.370598","0.863542","0.178504","1.341289"
"50","220","478.103056","0.85074","0.16468","1.336006"
"60","220","463.752072","0.839307","0.152473","1.330934"
"70","220","450.237513","0.829173","0.141625","1.326097"
"80","220","437.488327","0.820278","0.131921","1.32151"
"90","220","425.441285","0.812572","0.123186","1.317175"
"100","220","414.039938","0.806015","0.115273","1.313083"
"110","220","403.233728","0.800574","0.108062","1.309216"
"120","220","392.977242","0.796223","0.101453","1.305545"
"130","220","383.229574","0.79294","0.095366","1.302034"
"140","220","373.953776","0.790706","0.089734","1.298638"
"150","220","365.116395","0.789506","0.084502","1.29531"
"160","220","356.687066","0.789323","0.07963","1.291995"
"170","220","348.638165","0.790141","0.075084","1.288641"
"180","220","340.944506","0.791943","0.070839","1.285191"
"190","220","333.583078","0.794704","0.066875","1.281593"
"200","220","326.532818","0.7984","0.063177","1.277791"
"210","220","319.774403","0.802996","0.059736","1.273729"
"220","220","313.290079","0.808451","0.056542","1.269352"
"230","220","307.063505","0.814715","0.053589","1.264608"
"240","220","301.079612","0.821727","0.05087","1.259451"
"250","220","295.324482","0.829415","0.04838","1.253847"
"260","220","289.785244","0.837699","0.046112","1.247782"
"270","220","284.449973","0.846486","0.044056","1.241268"
"280","220","279.307607","0.855681","0.042205","1.234344"
"290","220","274.347869","0.865181","0.040546","1.227075"
"300","220","269.561202","0.874888","0.039069","1.219547"
"-100","230","932.656591","1.338905","1.161741","1.398551"
"-90","230","881.73349","1.281775","0.933341","1.397768"
"-80","230","836.083296","1.230958","0.76775","1.396172"
"-70","230","794.927338","1.185545","0.643738","1.393789"
"-60","230","757.633069","1.144799","0.548299","1.390672"
"-50","230","723.68133","1.108116","0.473148","1.386896"
"-40","230","692.642027","1.075001","0.412828","1.382549"
"-30","230","664.155824","1.045039","0.363627","1.377729"
"-20","230","637.920161","1.017886","0.322948","1.372533"
"-10","230","613.678467","0.993251","0.288923","1.367061"
"0","230","591.211747","0.970889","0.26018","1.361408"
"10","230","570.33194","0.950592","0.235685","1.35566"
"20","230","550.876646","0.932184","0.214644","1.349897"
"30","230","532.704894","0.915515","0.196438","1.344189"
"40","230","515.693721","0.900457","0.180578","1.338593"
"50","230","499.735382","0.886902","0.166668","1.333158"
"60","230","484.73507","0.874758","0.15439","1.327919"
"70","230","470.60903","0.863947","0.143483","1.3229"
"80","230","457.282992","0.854404","0.133731","1.318117"
"90","230","444.690868","0.846073","0.124957","1.313571"
"100","230","432.773653","0.838909","0.117015","1.309255"
"110","230","421.478504","0.832874","0.109782","1.305153"
"120","230","410.757952","0.827935","0.103157","1.301238"
"130","230","400.569239","0.824064","0.09706","1.297476"
"140","230","390.873747","0.821238","0.091421","1.29383"
"150","230","381.636509","0.819435","0.086187","1.290253"
"160","230","372.825785","0.818632","0.081314","1.286699"
"170","230","364.412702","0.818809","0.076768","1.283121"
"180","230","356.370934","0.819943","0.072522","1.27947"
"190","230","348.67643","0.822007","0.068555","1.275701"
"200","230","341.307173","0.824971","0.064852","1.271766"
"210","230","334.242965","0.828799","0.0614","1.267622"
"220","230","327.465251","0.833452","0.05819","1.263226"
"230","230","320.956949","0.83888","0.055214","1.258535"
"240","230","314.702307","0.845026","0.052467","1.253515"
"250","230","308.686779","0.851826","0.049941","1.248138"
"260","230","302.896912","0.859207","0.047629","1.242392"
"270","230","297.320241","0.867088","0.045524","1.23628"
"280","230","291.945202","0.875384","0.043618","1.229827"
"290","230","286.761056","0.884005","0.041899","1.22308"
"300","230","281.75781","0.892863","0.040359","1.2161"
"-100","240","973.029019","1.395847","1.172082","1.396913"
"-90","240","919.901582","1.336207","0.941555","1.396117"
"-80","240","872.275302","1.283147","0.774474","1.394497"
"-70","240","829.337803","1.235721","0.649383","1.392081"
"-60","240","790.429156","1.193157","0.55314","1.388923"
"-50","240","755.007729","1.154828","0.477377","1.385099"
"-40","240","722.624811","1.120213","0.416579","1.380697"
"-30","240","692.90551","1.088881","0.366999","1.375814"
"-20","240","665.534168","1.060471","0.326014","1.370548"
"-10","240","640.243111","1.034679","0.291739","1.364998"
"0","240","616.803861","1.011249","0.262789","1.359258"
"10","240","595.020218","0.989961","0.238121","1.353415"
"20","240","574.722752","0.970632","0.216934","1.347547"
"30","240","555.764389","0.953103","0.198607","1.341723"
"40","240","538.016844","0.937239","0.182643","1.336"
"50","240","521.367707","0.922926","0.168646","1.330426"
"60","240","505.718069","0.910064","0.156295","1.325035"
"70","240","490.980547","0.89857","0.145327","1.319854"
"80","240","477.077657","0.888374","0.135525","1.314894"
"90","240","463.940451","0.879414","0.12671","1.310161"
"100","240","451.507369","0.87164","0.118735","1.305648"
"110","240","439.72328","0.865008","0.111477","1.301339"
"120","240","428.538661","0.85948","0.104835","1.297211"
"130","240","417.908904","0.855023","0.098724","1.293233"
"140","240","407.793718","0.851608","0.093077","1.289371"
"150","240","398.156622","0.849208","0.087837","1.285584"
"160","240","388.964503","0.847797","0.082961","1.281829"
"170","240","380.187238","0.847349","0.078412","1.278064"
"180","240","371.797362","0.847836","0.074163","1.274248"
"190","240","363.769782","0.84923","0.070191","1.270339"
"200","240","356.081527","0.851496","0.06648","1.266298"
"210","240","348.711528","0.854599","0.063017","1.26209"
"220","240","341.640423","0.858496","0.059792","1.257679"
"230","240","334.850392","0.863141","0.056795","1.253032"
"240","240","328.325002","0.86848","0.054021","1.248122"
"250","240","322.049077","0.874454","0.051461","1.242926"
"260","240","316.00858","0.880995","0.04911","1.237433"
"270","240","310.190508","0.888031","0.04696","1.231644"
"280","240","304.582798","0.895487","0.045003","1.225575"
"290","240","299.174243","0.903282","0.04323","1.219257"
"300","240","293.954418","0.911336","0.041631","1.212738"
"-100","250","1013.401448","1.452713","1.182475","1.395299"
"-90","250","958.069673","1.390559","0.949805","1.39449"
"-80","250","908.467309","1.335255","0.781223","1.392849"
"-70","250","863.748268","1.285813","0.655047","1.390402"
"-60","250","823.225243","1.241429","0.557995","1.387207"
"-50","250","786.334128","1.201449","0.481615","1.383338"
"-40","250","752.607594","1.165332","0.420337","1.378884"
"-30","250","721.655195","1.132626","0.370375","1.373942"
"-20","250","693.148176","1.102955","0.329081","1.368611"
"-10","250","666.807755","1.076002","0.294554","1.362989"
"0","250","642.395975","1.051499","0.265395","1.357168"
"10","250","619.708496","1.029217","0.240552","1.351237"
"20","250","598.568858","1.008962","0.219219","1.345272"
"30","250","578.823885","0.990568","0.200767","1.339341"
"40","250","560.339967","0.973893","0.184699","1.333503"
"50","250","543.000033","0.958815","0.170613","1.327802"
"60","250","526.701068","0.94523","0.158187","1.322275"
"70","250","511.352064","0.933049","0.147156","1.316946"
"80","250","496.872322","0.922195","0.137303","1.311829"
"90","250","483.190033","0.912602","0.128446","1.306929"
"100","250","470.241084","0.904214","0.120436","1.30224"
"110","250","457.968056","0.896983","0.113151","1.297749"
"120","250","446.319371","0.890864","0.106488","1.293435"
"130","250","435.248569","0.885822","0.100361","1.28927"
"140","250","424.713689","0.881822","0.094703","1.285222"
"150","250","414.676736","0.878832","0.089455","1.281254"
"160","250","405.103222","0.876822","0.084573","1.277329"
"170","250","395.961775","0.875762","0.080019","1.273408"
"180","250","387.22379","0.875621","0.075765","1.269454"
"190","250","378.863134","0.876367","0.071787","1.265431"
"200","250","370.855882","0.877964","0.068068","1.261306"
"210","250","363.18009","0.880375","0.064593","1.257047"
"220","250","355.815595","0.883556","0.061352","1.252627"
"230","250","348.743835","0.887463","0.058336","1.248018"
"240","250","341.947697","0.892044","0.055536","1.243198"
"250","250","335.411375","0.897243","0.052946","1.23815"
"260","250","329.120249","0.902997","0.050558","1.232864"
"270","250","323.060776","0.909243","0.048367","1.227338"
"280","250","317.220393","0.91591","0.046363","1.221584"
"290","250","311.587429","0.922926","0.04454","1.215624"
"300","250","306.151026","0.930219","0.042887","1.209491"
"-100","260","1053.773876","1.509503","1.192918","1.393708"
"-90","260","996.237765","1.444834","0.958092","1.392889"
"-80","260","944.659315","1.387284","0.787999","1.391227"
"-70","260","898.158733","1.335822","0.660729","1.388752"
"-60","260","856.021331","1.289616","0.562863","1.385521"
"-50","260","817.660527","1.247983","0.485862","1.38161"
"-40","260","782.590378","1.210359","0.4241","1.377108"
"-30","260","750.40488","1.176276","0.373754","1.372112"
"-20","260","720.762183","1.145341","0.33215","1.36672"
"-10","260","693.372398","1.117223","0.297368","1.36103"
"0","260","667.988089","1.091643","0.267999","1.355135"
"10","260","644.396774","1.068361","0.24298","1.349122"
"20","260","622.414964","1.047176","0.221499","1.343068"
"30","260","601.88338","1.027912","0.202921","1.33704"
"40","260","582.66309","1.010421","0.186746","1.331095"
"50","260","564.632358","0.994575","0.172571","1.325279"
"60","260","547.684066","0.980262","0.160069","1.319628"
"70","260","531.72358","0.967389","0.148973","1.314166"
"80","260","516.666988","0.955872","0.139066","1.308908"
"90","260","502.439616","0.945643","0.130164","1.303858"
"100","260","488.9748","0.936638","0.122119","1.299014"
"110","260","476.212832","0.928804","0.114805","1.294362"
"120","260","464.10008","0.922095","0.108118","1.289884"
"130","260","452.588234","0.916468","0.101974","1.285556"
"140","260","441.63366","0.911885","0.096302","1.281347"
"150","260","431.196849","0.90831","0.091044","1.277224"
"160","260","421.241941","0.90571","0.086153","1.273154"
"170","260","411.736312","0.90405","0.081593","1.269101"
"180","260","402.650219","0.903296","0.077332","1.265033"
"190","260","393.956486","0.903414","0.073346","1.260917"
"200","260","385.630237","0.904366","0.069618","1.256723"
"210","260","377.648653","0.906113","0.066131","1.252426"
"220","260","369.990767","0.908612","0.062875","1.248001"
"230","260","362.637278","0.911819","0.059839","1.243426"
"240","260","355.570392","0.915682","0.057015","1.238684"
"250","260","348.773672","0.92015","0.054396","1.233759"
"260","260","342.231917","0.925164","0.051975","1.228644"
"270","260","335.931044","0.930665","0.049745","1.223337"
"280","260","329.857989","0.936588","0.047699","1.217844"
"290","260","324.000616","0.942867","0.045828","1.212183"
"300","260","318.347634","0.949438","0.044126","1.206378"
"-100","270","1094.146305","1.566218","1.203413","1.392139"
"-90","270","1034.405857","1.499032","0.966415","1.391311"
"-80","270","980.851321","1.439233","0.794801","1.389631"
"-70","270","932.569198","1.385751","0.66643","1.38713"
"-60","270","888.817418","1.337719","0.567745","1.383866"
"-50","270","848.986926","1.29443","0.490119","1.379916"
"-40","270","812.573162","1.255297","0.42787","1.375369"
"-30","270","779.154566","1.219833","0.377136","1.370321"
"-20","270","748.37619","1.18763","0.33522","1.364872"
"-10","270","719.937042","1.158344","0.300182","1.35912"
"0","270","693.580204","1.131682","0.270601","1.353156"
"10","270","669.085053","1.107397","0.245404","1.347067"
"20","270","646.26107","1.085277","0.223773","1.340931"
"30","270","624.942875","1.065139","0.205069","1.334813"
"40","270","604.986213","1.046828","0.188786","1.328771"
"50","270","586.264684","1.030208","0.174519","1.322851"
"60","270","568.667065","1.015163","0.161939","1.317087"
"70","270","552.095097","1.001593","0.150778","1.311505"
"80","270","536.461653","0.989411","0.140815","1.30612"
"90","270","521.689199","0.978541","0.131868","1.300937"
"100","270","507.708516","0.968916","0.123784","1.295953"
"110","270","494.457608","0.960479","0.116439","1.291159"
"120","270","481.88079","0.953178","0.109728","1.286538"
"130","270","469.927899","0.946967","0.103564","1.282066"
"140","270","458.553631","0.941804","0.097876","1.277717"
"150","270","447.716962","0.937649","0.092606","1.273461"
"160","270","437.380659","0.934465","0.087705","1.269266"
"170","270","427.510849","0.932215","0.083136","1.265102"
"180","270","418.076647","0.930862","0.078867","1.260938"
"190","270","409.049838","0.930368","0.074873","1.256745"
"200","270","400.404592","0.930696","0.071134","1.252497"
"210","270","392.117215","0.931803","0.067635","1.24817"
"220","270","384.165939","0.933648","0.064363","1.243745"
"230","270","376.530722","0.936186","0.061308","1.239202"
"240","270","369.193087","0.939367","0.058462","1.234527"
"250","270","362.13597","0.943142","0.055816","1.229707"
"260","270","355.343586","0.947455","0.053363","1.224737"
"270","270","348.801312","0.95225","0.051097","1.219613"
"280","270","342.495585","0.957469","0.049011","1.214341"
"290","270","336.413802","0.96305","0.047097","1.208933"
"300","270","330.544243","0.968932","0.045348","1.203406"
"-100","280","1134.518733","1.622859","1.213959","1.390593"
"-90","280","1072.573948","1.553155","0.974774","1.389756"
"-80","280","1017.043327","1.491104","0.801629","1.388059"
"-70","280","966.979663","1.435599","0.67215","1.385534"
"-60","280","921.613505","1.38574","0.57264","1.38224"
"-50","280","880.313326","1.340792","0.494385","1.378253"
"-40","280","842.555945","1.300147","0.431646","1.373664"
"-30","280","807.904251","1.263299","0.380523","1.368569"
"-20","280","775.990198","1.229825","0.338292","1.363067"
"-10","280","746.501686","1.199366","0.302996","1.357256"
"0","280","719.172318","1.171619","0.273201","1.351229"
"10","280","693.773331","1.146327","0.247825","1.34507"
"20","280","670.107176","1.123268","0.226043","1.338858"
"30","280","648.00237","1.102252","0.207211","1.332658"
"40","280","627.309336","1.083116","0.190819","1.326527"
"50","280","607.897009","1.065719","0.176459","1.320511"
"60","280","589.650063","1.049938","0.1638","1.314645"
"70","280","572.466614","1.035668","0.152572","1.308955"
"80","280","556.256318","1.022816","0.142552","1.303455"
"90","280","540.938782","1.011301","0.133557","1.298152"
"100","280","526.442231","1.001054","0.125434","1.293045"
"110","280","512.702384","0.992012","0.118056","1.288124"
"120","280","499.6615","0.984119","0.111318","1.283375"
"130","280","487.267564","0.977325","0.105132","1.278778"
"140","280","475.473602","0.971584","0.099427","1.274307"
"150","280","464.237076","0.966853","0.094143","1.269935"
"160","280","453.519378","0.963092","0.089231","1.265634"
"170","280","443.285386","0.96026","0.084651","1.261375"
"180","280","433.503075","0.958319","0.080372","1.25713"
"190","280","424.14319","0.957228","0.076368","1.252874"
"200","280","415.178947","0.956949","0.072619","1.248582"
"210","280","406.585778","0.957438","0.069107","1.244234"
"220","280","398.34111","0.958653","0.06582","1.239812"
"230","280","390.424165","0.960549","0.062746","1.2353"
"240","280","382.815782","0.963078","0.059878","1.230684"
"250","280","375.498267","0.966191","0.057206","1.225957"
"260","280","368.455254","0.969837","0.054724","1.22111"
"270","280","361.67158","0.973961","0.052425","1.216143"
"280","280","355.13318","0.97851","0.050302","1.211058"
"290","280","348.826989","0.983426","0.048347","1.205865"
"300","280","342.740851","0.988652","0.046554","1.200578"
"-100","290","1174.891161","1.679426","1.224557","1.389068"
"-90","290","1110.74204","1.607202","0.98317","1.388225"
"-80","290","1053.235333","1.542898","0.808483","1.386513"
"-70","290","1001.390128","1.485367","0.677889","1.383966"
"-60","290","954.409592","1.433678","0.57755","1.380642"
"-50","290","911.639725","1.387069","0.498662","1.376621"
"-40","290","872.538729","1.344909","0.435429","1.371993"
"-30","290","836.653936","1.306675","0.383914","1.366854"
"-20","290","803.604205","1.271926","0.341365","1.361303"
"-10","290","773.066329","1.240291","0.305811","1.355438"
"0","290","744.764432","1.211457","0.275799","1.349351"
"10","290","718.461609","1.185154","0.250243","1.343128"
"20","290","693.953282","1.161152","0.228309","1.336846"
"30","290","671.061866","1.139254","0.209347","1.33057"
"40","290","649.632459","1.119289","0.192845","1.324358"
"50","290","629.529335","1.101111","0.178391","1.318255"
"60","290","610.633062","1.08459","0.165651","1.312296"
"70","290","592.838131","1.069615","0.154354","1.306507"
"80","290","576.050983","1.056091","0.144276","1.300904"
"90","290","560.188365","1.04393","0.135232","1.295493"
"100","290","545.175947","1.033058","0.127068","1.290276"
"110","290","530.947161","1.023409","0.119656","1.285243"
"120","290","517.442209","1.014924","0.112889","1.280381"
"130","290","504.60723","1.007547","0.106681","1.275673"
"140","290","492.393573","1.00123","0.100956","1.271095"
"150","290","480.757189","0.995927","0.095656","1.266622"
"160","290","469.658097","0.991593","0.090731","1.26223"
"170","290","459.059922","0.988188","0.08614","1.25789"
"180","290","448.929504","0.985668","0.08185","1.253577"
"190","290","439.236542","0.983994","0.077836","1.249269"
"200","290","429.953301","0.983122","0.074074","1.244943"
"210","290","421.05434","0.983011","0.070549","1.24058"
"220","290","412.516282","0.983616","0.067247","1.236164"
"230","290","404.317608","0.984894","0.064156","1.231681"
"240","290","396.438477","0.986797","0.061266","1.22712"
"250","290","388.860565","0.989277","0.05857","1.222473"
"260","290","381.566922","0.992284","0.05606","1.217734"
"270","290","374.541848","0.995769","0.05373","1.212902"
"280","290","367.770776","0.999677","0.051571","1.207979"
"290","290","361.240175","1.003958","0.049579","1.202972"
"300","290","354.937459","1.008557","0.047745","1.197891"
"-100","300","1215.26359","1.735921","1.235208","1.387564"
"-90","300","1148.910131","1.661175","0.991603","1.386716"
"-80","300","1089.427339","1.594616","0.815364","1.38499"
"-70","300","1035.800594","1.535058","0.683648","1.382422"
"-60","300","987.205679","1.481537","0.582473","1.379073"
"-50","300","942.966124","1.433263","0.502948","1.37502"
"-40","300","902.521512","1.389586","0.439218","1.370355"
"-30","300","865.403622","1.349962","0.387308","1.365174"
"-20","300","831.218213","1.313936","0.344441","1.359577"
"-10","300","799.630973","1.281123","0.308625","1.353662"
"0","300","770.356546","1.251196","0.278397","1.347521"
"10","300","743.149887","1.223879","0.252659","1.341238"
"20","300","717.799388","1.198931","0.230571","1.334891"
"30","300","694.121361","1.176147","0.211479","1.328547"
"40","300","671.955582","1.15535","0.194865","1.32226"
"50","300","651.16166","1.136387","0.180315","1.316077"
"60","300","631.616061","1.119123","0.167494","1.310034"
"70","300","613.209648","1.103441","0.156127","1.304156"
"80","300","595.845648","1.08924","0.14599","1.298459"
"90","300","579.437947","1.07643","0.136895","1.292952"
"100","300","563.909663","1.064932","0.128688","1.287635"
"110","300","549.191937","1.054675","0.12124","1.282502"
"120","300","535.222919","1.045596","0.114444","1.277541"
"130","300","521.946895","1.037637","0.108211","1.272734"
"140","300","509.313544","1.030746","0.102466","1.268063"
"150","300","497.277303","1.024874","0.097149","1.263503"
"160","300","485.796815","1.019973","0.092209","1.25903"
"170","300","474.834459","1.016001","0.087605","1.254621"
"180","300","464.355932","1.012912","0.083304","1.250252"
"190","300","454.329894","1.010664","0.079277","1.245901"
"200","300","444.727656","1.009214","0.075503","1.241547"
"210","300","435.522903","1.008518","0.071965","1.237174"
"220","300","426.691454","1.008532","0.068647","1.232767"
"230","300","418.211052","1.009212","0.065539","1.228312"
"240","300","410.061172","1.01051","0.062629","1.223802"
"250","300","402.222863","1.012381","0.059909","1.219227"
"260","300","394.678591","1.014776","0.057373","1.214584"
"270","300","387.412116","1.017647","0.055012","1.20987"
"280","300","380.408371","1.020943","0.052821","1.205088"
"290","300","373.653362","1.024615","0.050793","1.200242"
"300","300","367.134067","1.028612","0.048921","1.19534"
"-100","310","1255.636018","1.792344","1.24591","1.386081"
"-90","310","1187.078223","1.715074","1.000073","1.385228"
"-80","310","1125.619345","1.646259","0.822272","1.383491"
"-70","310","1070.211059","1.584672","0.689426","1.380904"
"-60","310","1020.001767","1.529316","0.587411","1.37753"
"-50","310","974.292523","1.479376","0.507244","1.373447"
"-40","310","932.504296","1.434179","0.443015","1.368748"
"-30","310","894.153307","1.393162","0.390708","1.363529"
"-20","310","858.83222","1.355856","0.34752","1.35789"
"-10","310","826.195617","1.321861","0.31144","1.351928"
"0","310","795.94866","1.29084","0.280993","1.345736"
"10","310","767.838166","1.262505","0.255072","1.339398"
"20","310","741.645494","1.236607","0.232829","1.332992"
"30","310","717.180856","1.212935","0.213605","1.326584"
"40","310","694.278705","1.191302","0.196878","1.320229"
"50","310","672.793986","1.171551","0.182232","1.313973"
"60","310","652.599059","1.15354","0.169328","1.307853"
"70","310","633.581164","1.137148","0.15789","1.301894"
"80","310","615.640313","1.122268","0.147692","1.296113"
"90","310","598.68753","1.108807","0.138546","1.290519"
"100","310","582.643378","1.09668","0.130295","1.285113"
"110","310","567.436713","1.085814","0.12281","1.27989"
"120","310","553.003629","1.076141","0.115983","1.27484"
"130","310","539.28656","1.067601","0.109723","1.269948"
"140","310","526.233515","1.060137","0.103957","1.265194"
"150","310","513.797416","1.053698","0.098621","1.260557"
"160","310","501.935534","1.048236","0.093666","1.256016"
"170","310","490.608996","1.043702","0.089048","1.251548"
"180","310","479.78236","1.040052","0.084733","1.247131"
"190","310","469.423246","1.03724","0.080694","1.242744"
"200","310","459.502011","1.035223","0.076908","1.238369"
"210","310","449.991466","1.033956","0.073356","1.23399"
"220","310","440.866626","1.033395","0.070023","1.229594"
"230","310","432.104495","1.033494","0.066896","1.225168"
"240","310","423.683867","1.034208","0.063967","1.220703"
"250","310","415.58516","1.035491","0.061225","1.216195"
"260","310","407.790259","1.037296","0.058663","1.211636"
"270","310","400.282383","1.039576","0.056275","1.207028"
"280","310","393.045967","1.042283","0.054053","1.202369"
"290","310","386.066548","1.04537","0.05199","1.197664"
"300","310","379.330675","1.048788","0.050082","1.19292"
"-100","320","1296.008447","1.848696","1.256665","1.384618"
"-90","320","1225.246315","1.768901","1.00858","1.383762"
"-80","320","1161.811352","1.697828","0.829207","1.382014"
"-70","320","1104.621524","1.634209","0.695223","1.37941"
"-60","320","1052.797854","1.577016","0.592362","1.376013"
"-50","320","1005.618923","1.525408","0.511551","1.371903"
"-40","320","962.487079","1.478689","0.446818","1.367172"
"-30","320","922.902992","1.436277","0.394112","1.361917"
"-20","320","886.446228","1.397687","0.3506","1.356239"
"-10","320","852.760261","1.362508","0.314256","1.350234"
"0","320","821.540775","1.33039","0.283589","1.343995"
"10","320","792.526444","1.301034","0.257483","1.337606"
"20","320","765.4916","1.274184","0.235084","1.331146"
"30","320","740.240351","1.249619","0.215727","1.324678"
"40","320","716.601828","1.227148","0.198886","1.318261"
"50","320","694.426311","1.206605","0.184142","1.311939"
"60","320","673.582058","1.187844","0.171154","1.305749"
"70","320","653.952681","1.170739","0.159644","1.299717"
"80","320","635.434978","1.155179","0.149384","1.293859"
"90","320","617.937113","1.141064","0.140185","1.288187"
"100","320","601.377094","1.128307","0.131889","1.282701"
"110","320","585.681489","1.11683","0.124366","1.277399"
"120","320","570.784338","1.106563","0.117506","1.27227"
"130","320","556.626225","1.097441","0.11122","1.2673"
"140","320","543.153486","1.089407","0.10543","1.262474"
"150","320","530.317529","1.082405","0.100075","1.257771"
"160","320","518.074253","1.076383","0.095103","1.25317"
"170","320","506.383533","1.071294","0.09047","1.248651"
"180","320","495.208789","1.067089","0.086141","1.244193"
"190","320","484.516598","1.063723","0.082089","1.239777"
"200","320","474.276366","1.061149","0.078289","1.235387"
"210","320","464.460028","1.059324","0.074723","1.231005"
"220","320","455.041798","1.0582","0.071374","1.226621"
"230","320","445.997938","1.057735","0.068231","1.222223"
"240","320","437.306563","1.057882","0.065282","1.217802"
"250","320","428.947458","1.058595","0.062519","1.213353"
"260","320","420.901927","1.05983","0.059933","1.208872"
"270","320","413.152651","1.06154","0.057518","1.204357"
"280","320","405.683562","1.063679","0.055266","1.199808"
"290","320","398.479735","1.066201","0.053172","1.195228"
"300","320","391.527284","1.069062","0.051229","1.190623"
"-100","330","1336.380875","1.904978","1.267473","1.383175"
"-90","330","1263.414406","1.822656","1.017125","1.382318"
"-80","330","1198.003358","1.749323","0.836168","1.38056"
"-70","330","1139.031989","1.683671","0.701041","1.37794"
"-60","330","1085.593941","1.62464","0.597328","1.374522"
"-50","330","1036.945322","1.571361","0.515868","1.370387"
"-40","330","992.469863","1.523117","0.450629","1.365626"
"-30","330","951.652678","1.479308","0.39752","1.360338"
"-20","330","914.060235","1.439433","0.353684","1.354623"
"-10","330","879.324904","1.403066","0.317073","1.348578"
"0","330","847.132889","1.369847","0.286184","1.342295"
"10","330","817.214722","1.339468","0.259892","1.33586"
"20","330","789.337706","1.311662","0.237336","1.329349"
"30","330","763.299847","1.286202","0.217844","1.322828"
"40","330","738.924951","1.26289","0.200889","1.316353"
"50","330","716.058637","1.241552","0.186046","1.309971"
"60","330","694.565056","1.222039","0.172973","1.303717"
"70","330","674.324198","1.204219","0.16139","1.297618"
"80","330","655.229643","1.187975","0.151067","1.291692"
"90","330","637.186696","1.173204","0.141814","1.285949"
"100","330","620.110809","1.159815","0.133472","1.280392"
"110","330","603.926265","1.147727","0.125909","1.275017"
"120","330","588.565048","1.136865","0.119016","1.269818"
"130","330","573.96589","1.127163","0.112701","1.264781"
"140","330","560.073456","1.118559","0.106887","1.25989"
"150","330","546.837643","1.110996","0.101511","1.255129"
"160","330","534.212971","1.10442","0.096521","1.250476"
"170","330","522.15807","1.09878","0.091872","1.245914"
"180","330","510.635217","1.094027","0.087529","1.241422"
"190","330","499.60995","1.090113","0.083463","1.236983"
"200","330","489.050721","1.086992","0.079649","1.23258"
"210","330","478.928591","1.084618","0.076068","1.228199"
"220","330","469.21697","1.082946","0.072704","1.223828"
"230","330","459.891381","1.08193","0.069544","1.219457"
"240","330","450.929258","1.081524","0.066577","1.215078"
"250","330","442.309755","1.081685","0.063793","1.210684"
"260","330","434.013596","1.082367","0.061184","1.206273"
"270","330","426.022919","1.083525","0.058743","1.201842"
"280","330","418.321158","1.085115","0.056463","1.197392"
"290","330","410.892921","1.087092","0.054338","1.192924"
"300","330","403.723892","1.089413","0.052363","1.188443"
"-100","340","1376.753304","1.96119","1.278334","1.381751"
"-90","340","1301.582498","1.87634","1.025707","1.380893"
"-80","340","1234.195364","1.800745","0.843157","1.379127"
"-70","340","1173.442454","1.733058","0.706878","1.376493"
"-60","340","1118.390028","1.672187","0.602309","1.373056"
"-50","340","1068.271721","1.617236","0.520195","1.368897"
"-40","340","1022.452646","1.567464","0.454447","1.364109"
"-30","340","980.402363","1.522256","0.400934","1.35879"
"-20","340","941.674243","1.481093","0.35677","1.353041"
"-10","340","905.889548","1.443536","0.319891","1.346959"
"0","340","872.725003","1.409214","0.288779","1.340636"
"10","340","841.903","1.377809","0.2623","1.334158"
"20","340","813.183812","1.349045","0.239585","1.3276"
"30","340","786.359342","1.322687","0.219958","1.32103"
"40","340","761.248074","1.29853","0.202886","1.314503"
"50","340","737.690962","1.276396","0.187944","1.308065"
"60","340","715.548055","1.256128","0.174785","1.301753"
"70","340","694.695715","1.237589","0.163128","1.295594"
"80","340","675.024308","1.220659","0.152741","1.289605"
"90","340","656.436278","1.205231","0.143432","1.283798"
"100","340","638.844525","1.19121","0.135043","1.278177"
"110","340","622.171041","1.178509","0.12744","1.272739"
"120","340","606.345757","1.167053","0.120513","1.267477"
"130","340","591.305555","1.15677","0.114168","1.262379"
"140","340","576.993427","1.147598","0.108329","1.257432"
"150","340","563.357756","1.139476","0.102931","1.252619"
"160","340","550.35169","1.132348","0.097922","1.247922"
"170","340","537.932606","1.126162","0.093256","1.243322"
"180","340","526.061645","1.120866","0.088898","1.238802"
"190","340","514.703302","1.116412","0.084817","1.234344"
"200","340","503.825076","1.112752","0.080989","1.229932"
"210","340","493.397153","1.10984","0.077393","1.225554"
"220","340","483.392141","1.107629","0.074014","1.221198"
"230","340","473.784825","1.106074","0.070837","1.216853"
"240","340","464.551953","1.10513","0.067851","1.212513"
"250","340","455.672053","1.104753","0.065047","1.208171"
"260","340","447.125264","1.104897","0.062416","1.203824"
"270","340","438.893187","1.105519","0.05995","1.19947"
"280","340","430.958754","1.106577","0.057644","1.195109"
"290","340","423.306108","1.108026","0.05549","1.190741"
"300","340","415.9205","1.109825","0.053484","1.186371"
"-100","0","4.090736","0.005981","0.937386","1.444148"
"-90","0","3.867382","0.005735","0.753908","1.444389"
"-80","0","3.667155","0.005518","0.619841","1.444199"
"-70","0","3.48664","0.005326","0.518653","1.443604"
"-60","0","3.323064","0.005155","0.440187","1.442673"
"-50","0","3.174147","0.005002","0.377952","1.441515"
"-40","0","3.038006","0.004867","0.327654","1.440271"
"-30","0","2.913062","0.004747","0.286357","1.439114"
"-20","0","2.797989","0.004641","0.251988","1.438248"
"-10","0","2.691663","0.959581","0.006623","1.125133"
"0","0","2.593121","0.964453","0.006876","1.118474"
"10","0","2.50154","0.968538","0.007126","1.112673"
"20","0","2.416207","0.971998","0.007374","1.107549"
"30","0","2.336503","0.974955","0.007621","1.102972"
"40","0","2.26189","0.977499","0.007866","1.098848"
"50","0","2.191895","0.979705","0.008109","1.095106"
"60","0","2.126102","0.981629","0.00835","1.091693"
"70","0","2.064144","0.983316","0.00859","1.088567"
"80","0","2.005694","0.984804","0.008829","1.08569"
"90","0","1.950464","0.986122","0.009066","1.083033"
"100","0","1.898194","0.987294","0.009302","1.080573"
"110","0","1.848652","0.988341","0.009537","1.078291"
"120","0","1.80163","0.989279","0.00977","1.076168"
"130","0","1.756942","0.990123","0.010002","1.07419"
"140","0","1.714416","0.990884","0.010234","1.072343"
"150","0","1.6739","0.991574","0.010464","1.070615"
"160","0","1.635256","0.992199","0.010692","1.068996"
"170","0","1.598355","0.992768","0.01092","1.067477"
"180","0","1.563083","0.993287","0.011147","1.066049"
"190","0","1.529334","0.993762","0.011373","1.064705"
"200","0","1.497012","0.994197","0.011597","1.063437"
"210","0","1.466027","0.994596","0.011821","1.062241"
"220","0","1.436299","0.994963","0.012044","1.061109"
"230","0","1.407753","0.995302","0.012265","1.060039"
"240","0","1.38032","0.995614","0.012486","1.059024"
"250","0","1.353935","0.995904","0.012706","1.058061"
"260","0","1.32854","0.996171","0.012925","1.057146"
"270","0","1.30408","0.99642","0.013143","1.056275"
"280","0","1.280504","0.99665","0.01336","1.055446"
"290","0","1.257766","0.996865","0.013577","1.054655"
"300","0","1.235821","0.997065","0.013792","1.0539"
"-100","1","8.127979","0.011883","0.938308","1.44391"
"-90","1","7.684191","0.011395","0.75465","1.444142"
"-80","1","7.286356","0.010964","0.620458","1.44394"
"-70","1","6.927687","0.010581","0.519179","1.44333"
"-60","1","6.602672","0.010241","0.440645","1.442382"
"-50","1","6.306787","0.009938","0.37836","1.441202"
"-40","1","6.036284","0.009669","0.328023","1.439932"
"-30","1","5.78803","0.00943","0.286695","1.438741"
"-20","1","5.55939","0.009219","0.252302","1.437835"
"-10","1","5.348127","0.009034","0.223341","1.437456"
"0","1","5.152332","0.008873","0.198689","1.437891"
"10","1","4.970368","0.935109","0.007112","1.130518"
"20","1","4.800817","0.942575","0.007363","1.122229"
"30","1","4.642453","0.948874","0.007612","1.115227"
"40","1","4.494203","0.954242","0.007859","1.109204"
"50","1","4.355128","0.958856","0.008104","1.103951"
"60","1","4.224402","0.962854","0.008348","1.09932"
"70","1","4.101296","0.96634","0.00859","1.095199"
"80","1","3.985161","0.969399","0.00883","1.091499"
"90","1","3.875422","0.972098","0.009069","1.088152"
"100","1","3.771565","0.974491","0.009306","1.08511"
"110","1","3.67313","0.976621","0.009542","1.082334"
"120","1","3.579701","0.978526","0.009777","1.079789"
"130","1","3.490908","0.980235","0.01001","1.077447"
"140","1","3.406413","0.981774","0.010242","1.075285"
"150","1","3.325912","0.983165","0.010473","1.073284"
"160","1","3.249128","0.984425","0.010702","1.071425"
"170","1","3.175809","0.98557","0.010931","1.069694"
"180","1","3.105726","0.986613","0.011158","1.06808"
"190","1","3.038669","0.987566","0.011384","1.06657"
"200","1","2.974447","0.988438","0.01161","1.065156"
"210","1","2.912883","0.989238","0.011834","1.063828"
"220","1","2.853816","0.989974","0.012057","1.062579"
"230","1","2.797097","0.990651","0.012279","1.061402"
"240","1","2.742589","0.991276","0.0125","1.060292"
"250","1","2.690165","0.991854","0.01272","1.059242"
"260","1","2.639707","0.992388","0.012939","1.058249"
"270","1","2.591107","0.992884","0.013157","1.057307"
"280","1","2.544264","0.993344","0.013375","1.056412"
"290","1","2.499085","0.993772","0.013591","1.055562"
"300","1","2.455482","0.994171","0.013807","1.054753"
"-100","2","12.165222","0.017783","0.93923","1.443672"
"-90","2","11.501","0.017053","0.755393","1.443895"
"-80","2","10.905556","0.016408","0.621075","1.443682"
"-70","2","10.368733","0.015835","0.519705","1.443058"
"-60","2","9.882281","0.015325","0.441104","1.442092"
"-50","2","9.439427","0.014872","0.378768","1.44089"
"-40","2","9.034562","0.014469","0.328392","1.439593"
"-30","2","8.662999","0.014111","0.287033","1.43837"
"-20","2","8.320791","0.013795","0.252617","1.437424"
"-10","2","8.004591","0.013518","0.223637","1.436994"
"0","2","7.711544","0.013277","0.198971","1.437365"
"10","2","7.439195","0.013073","0.177762","1.43889"
"20","2","7.185428","0.910995","0.007365","1.140945"
"30","2","6.948402","0.921193","0.007614","1.130312"
"40","2","6.726515","0.929778","0.007862","1.121597"
"50","2","6.51836","0.937085","0.008108","1.114292"
"60","2","6.322702","0.943364","0.008353","1.108068"
"70","2","6.138447","0.948805","0.008595","1.102686"
"80","2","5.964627","0.953553","0.008837","1.097969"
"90","2","5.800381","0.957724","0.009076","1.093789"
"100","2","5.644937","0.961408","0.009315","1.090056"
"110","2","5.497607","0.964677","0.009552","1.086703"
"120","2","5.357772","0.967591","0.009787","1.083672"
"130","2","5.224875","0.970201","0.010021","1.080918"
"140","2","5.09841","0.972546","0.010254","1.078403"
"150","2","4.977923","0.97466","0.010485","1.076097"
"160","2","4.862999","0.976573","0.010715","1.073974"
"170","2","4.753262","0.978309","0.010944","1.072013"
"180","2","4.648369","0.979889","0.011172","1.070196"
"190","2","4.548004","0.98133","0.011399","1.068508"
"200","2","4.451882","0.982648","0.011624","1.066936"
"210","2","4.35974","0.983856","0.011848","1.065467"
"220","2","4.271334","0.984965","0.012072","1.064093"
"230","2","4.186442","0.985986","0.012294","1.062804"
"240","2","4.104859","0.986927","0.012515","1.061593"
"250","2","4.026394","0.987797","0.012736","1.060453"
"260","2","3.950873","0.988601","0.012955","1.059377"
"270","2","3.878133","0.989347","0.013173","1.05836"
"280","2","3.808023","0.990039","0.013391","1.057398"
"290","2","3.740403","0.990682","0.013607","1.056486"
"300","2","3.675143","0.99128","0.013823","1.05562"
"-100","3","16.202465","0.023683","0.940153","1.443435"
"-90","3","15.317809","0.02271","0.756137","1.443649"
"-80","3","14.524757","0.02185","0.621692","1.443425"
"-70","3","13.80978","0.021087","0.520232","1.442786"
"-60","3","13.16189","0.020409","0.441563","1.441802"
"-50","3","12.572067","0.019805","0.379176","1.440579"
"-40","3","12.032841","0.019268","0.32876","1.439256"
"-30","3","11.537967","0.018791","0.287372","1.438001"
"-20","3","11.082192","0.01837","0.252932","1.437015"
"-10","3","10.661056","0.018","0.223933","1.436535"
"0","3","10.270755","0.017679","0.199254","1.436843"
"10","3","9.908023","0.017406","0.178035","1.438285"
"20","3","9.570039","0.01718","0.159604","1.441303"
"30","3","9.254352","0.891586","0.00763","1.14932"
"40","3","8.958827","0.9039","0.007876","1.136679"
"50","3","8.681593","0.914255","0.008121","1.126535"
"60","3","8.421002","0.923069","0.008365","1.118195"
"70","3","8.175599","0.930649","0.008608","1.111198"
"80","3","7.944094","0.937225","0.008849","1.105216"
"90","3","7.725339","0.942971","0.009089","1.100022"
"100","3","7.518308","0.948025","0.009328","1.095466"
"110","3","7.322085","0.952494","0.009565","1.091438"
"120","3","7.135843","0.956467","0.009801","1.087847"
"130","3","6.958841","0.960014","0.010035","1.084623"
"140","3","6.790407","0.963194","0.010268","1.081711"
"150","3","6.629935","0.966057","0.0105","1.079066"
"160","3","6.476871","0.968642","0.010731","1.076651"
"170","3","6.330716","0.970985","0.01096","1.074438"
"180","3","6.191011","0.973114","0.011188","1.072401"
"190","3","6.057339","0.975053","0.011415","1.070521"
"200","3","5.929318","0.976826","0.011641","1.068779"
"210","3","5.806596","0.978448","0.011866","1.067161"
"220","3","5.688851","0.979937","0.012089","1.065654"
"230","3","5.575786","0.981307","0.012312","1.064246"
"240","3","5.467128","0.982569","0.012533","1.062928"
"250","3","5.362624","0.983733","0.012753","1.061692"
"260","3","5.26204","0.984811","0.012973","1.06053"
"270","3","5.16516","0.985808","0.013191","1.059436"
"280","3","5.071783","0.986734","0.013409","1.058403"
"290","3","4.981722","0.987593","0.013625","1.057427"
"300","3","4.894804","0.988393","0.013841","1.056503"
"-100","4","20.239708","0.029582","0.941076","1.443198"
"-90","4","19.134619","0.028367","0.75688","1.443404"
"-80","4","18.143957","0.027292","0.62231","1.443168"
"-70","4","17.250826","0.026339","0.520758","1.442515"
"-60","4","16.441498","0.025491","0.442022","1.441514"
"-50","4","15.704707","0.024736","0.379583","1.440269"
"-40","4","15.031119","0.024065","0.329129","1.438919"
"-30","4","14.412936","0.023469","0.28771","1.437632"
"-20","4","13.843592","0.022942","0.253246","1.436607"
"-10","4","13.31752","0.02248","0.224229","1.436077"
"0","4","12.829967","0.022078","0.199536","1.436323"
"10","4","12.376851","0.021736","0.178307","1.437683"
"20","4","11.954649","0.021453","0.15987","1.440594"
"30","4","11.560301","0.02123","0.143686","1.445639"
"40","4","11.19114","0.876334","0.007902","1.15543"
"50","4","10.844826","0.890196","0.008144","1.141251"
"60","4","10.519302","0.90186","0.008385","1.130053"
"70","4","10.212751","0.911801","0.008627","1.12096"
"80","4","9.92356","0.920365","0.008867","1.113386"
"90","4","9.650297","0.927806","0.009107","1.10695"
"100","4","9.39168","0.934319","0.009345","1.101407"
"110","4","9.146562","0.940057","0.009583","1.096584"
"120","4","8.913914","0.94514","0.009818","1.092345"
"130","4","8.692808","0.949665","0.010053","1.088586"
"140","4","8.482404","0.953714","0.010286","1.085226"
"150","4","8.281946","0.95735","0.010518","1.082203"
"160","4","8.090743","0.960628","0.010749","1.079466"
"170","4","7.90817","0.963594","0.010979","1.076976"
"180","4","7.733654","0.966286","0.011207","1.074701"
"190","4","7.566675","0.968735","0.011434","1.072612"
"200","4","7.406753","0.97097","0.01166","1.070689"
"210","4","7.253452","0.973015","0.011885","1.06891"
"220","4","7.106368","0.97489","0.012109","1.067262"
"230","4","6.96513","0.976613","0.012331","1.065728"
"240","4","6.829398","0.9782","0.012553","1.064299"
"250","4","6.698854","0.979663","0.012773","1.062962"
"260","4","6.573207","0.981016","0.012993","1.06171"
"270","4","6.452187","0.982268","0.013211","1.060534"
"280","4","6.335543","0.983429","0.013429","1.059428"
"290","4","6.223041","0.984507","0.013645","1.058385"
"300","4","6.114465","0.985509","0.013861","1.0574"
"-100","5","24.276951","0.035479","0.942","1.442961"
"-90","5","22.951428","0.034022","0.757624","1.443158"
"-80","5","21.763158","0.032733","0.622928","1.442911"
"-70","5","20.691873","0.031589","0.521285","1.442244"
"-60","5","19.721107","0.030572","0.442481","1.441226"
"-50","5","18.837347","0.029666","0.379991","1.43996"
"-40","5","18.029397","0.028861","0.329498","1.438584"
"-30","5","17.287905","0.028146","0.288048","1.437265"
"-20","5","16.604993","0.027513","0.25356","1.436201"
"-10","5","15.973984","0.026958","0.224525","1.435622"
"0","5","15.389178","0.026475","0.199818","1.435806"
"10","5","14.845679","0.026064","0.178578","1.437086"
"20","5","14.33926","0.025723","0.160135","1.439891"
"30","5","13.866251","0.025454","0.143949","1.44479"
"40","5","13.423452","0.025262","0.129577","1.4526"
"50","5","13.008058","0.864685","0.008178","1.159276"
"60","5","12.617602","0.879599","0.008416","1.144122"
"70","5","12.249902","0.892173","0.008654","1.132262"
"80","5","11.903027","0.902916","0.008893","1.122664"
"90","5","11.575255","0.91219","0.009131","1.114693"
"100","5","11.265052","0.920266","0.009368","1.107959"
"110","5","10.97104","0.927348","0.009605","1.102195"
"120","5","10.691985","0.933599","0.00984","1.097204"
"130","5","10.426774","0.939148","0.010075","1.092832"
"140","5","10.174402","0.944099","0.010308","1.088967"
"150","5","9.933957","0.948536","0.01054","1.085521"
"160","5","9.704615","0.952529","0.010771","1.082428"
"170","5","9.485623","0.956136","0.011","1.079636"
"180","5","9.276297","0.959404","0.011228","1.0771"
"190","5","9.07601","0.962374","0.011456","1.074787"
"200","5","8.884189","0.965082","0.011682","1.072668"
"210","5","8.700308","0.967557","0.011906","1.070719"
"220","5","8.523885","0.969824","0.01213","1.068919"
"230","5","8.354475","0.971905","0.012353","1.067253"
"240","5","8.191667","0.973821","0.012574","1.065705"
"250","5","8.035084","0.975586","0.012795","1.064263"
"260","5","7.884374","0.977217","0.013014","1.062916"
"270","5","7.739214","0.978726","0.013233","1.061656"
"280","5","7.599302","0.980125","0.01345","1.060473"
"290","5","7.464359","0.981423","0.013667","1.05936"
"300","5","7.334125","0.982629","0.013883","1.058312"
"-100","6","28.314193","0.041376","0.942924","1.442725"
"-90","6","26.768237","0.039676","0.758369","1.442914"
"-80","6","25.382359","0.038172","0.623546","1.442655"
"-70","6","24.132919","0.036838","0.521812","1.441974"
"-60","6","23.000716","0.035651","0.44294","1.440938"
"-50","6","21.969987","0.034595","0.380399","1.439651"
"-40","6","21.027676","0.033655","0.329866","1.43825"
"-30","6","20.162873","0.03282","0.288386","1.436899"
"-20","6","19.366394","0.032082","0.253874","1.435796"
"-10","6","18.630449","0.031434","0.224821","1.435169"
"0","6","17.948389","0.03087","0.200099","1.435291"
"10","6","17.314507","0.030389","0.17885","1.436492"
"20","6","16.72387","0.02999","0.1604","1.439192"
"30","6","16.172201","0.029674","0.144211","1.443949"
"40","6","15.655764","0.029448","0.12984","1.451556"
"50","6","15.171291","0.029321","0.116912","1.463226"
"60","6","14.715901","0.856109","0.008457","1.161088"
"70","6","14.287054","0.871656","0.00869","1.145502"
"80","6","13.882494","0.884809","0.008925","1.133292"
"90","6","13.500214","0.896079","0.009161","1.123401"
"100","6","13.138423","0.905834","0.009396","1.115217"
"110","6","12.795518","0.914347","0.009632","1.108336"
"120","6","12.470056","0.921831","0.009866","1.102465"
"130","6","12.160741","0.928452","0.0101","1.097391"
"140","6","11.866399","0.934343","0.010333","1.092953"
"150","6","11.585969","0.939611","0.010564","1.089036"
"160","6","11.318487","0.944342","0.010795","1.085549"
"170","6","11.063077","0.948607","0.011024","1.082424"
"180","6","10.81894","0.952467","0.011253","1.079605"
"190","6","10.585345","0.95597","0.01148","1.077049"
"200","6","10.361624","0.95916","0.011706","1.07472"
"210","6","10.147165","0.962072","0.01193","1.072588"
"220","6","9.941402","0.964738","0.012154","1.070628"
"230","6","9.743819","0.967183","0.012377","1.068821"
"240","6","9.553937","0.969431","0.012598","1.067148"
"250","6","9.371313","0.971503","0.012819","1.065596"
"260","6","9.195541","0.973415","0.013038","1.06415"
"270","6","9.026241","0.975183","0.013256","1.062801"
"280","6","8.863062","0.976821","0.013474","1.061538"
"290","6","8.705678","0.978341","0.01369","1.060354"
"300","6","8.553786","0.979753","0.013906","1.05924"
"-100","7","32.351436","0.047271","0.943848","1.442489"
"-90","7","30.585046","0.045329","0.759113","1.44267"
"-80","7","29.001559","0.04361","0.624164","1.4424"
"-70","7","27.573966","0.042085","0.522339","1.441705"
"-60","7","26.280325","0.040729","0.443399","1.440652"
"-50","7","25.102627","0.039522","0.380807","1.439344"
"-40","7","24.025954","0.038447","0.330235","1.437917"
"-30","7","23.037842","0.037493","0.288724","1.436535"
"-20","7","22.127795","0.036649","0.254188","1.435393"
"-10","7","21.286913","0.035907","0.225116","1.434718"
"0","7","20.507601","0.035262","0.200381","1.434779"
"10","7","19.783335","0.034712","0.179121","1.435902"
"20","7","19.108481","0.034254","0.160665","1.438499"
"30","7","18.47815","0.033891","0.144473","1.443115"
"40","7","17.888077","0.03363","0.130104","1.450523"
"50","7","17.334523","0.033481","0.117181","1.461898"
"60","7","16.814201","0.831157","0.008511","1.181965"
"70","7","16.324206","0.850113","0.008736","1.161226"
"80","7","15.86196","0.865961","0.008966","1.145584"
"90","7","15.425172","0.879421","0.009198","1.133266"
"100","7","15.011795","0.89099","0.009431","1.123301"
"110","7","14.619995","0.901032","0.009664","1.115081"
"120","7","14.248127","0.90982","0.009897","1.108181"
"130","7","13.894707","0.917568","0.01013","1.102296"
"140","7","13.558396","0.92444","0.010361","1.097209"
"150","7","13.23798","0.93057","0.010592","1.092763"
"160","7","12.932359","0.936063","0.010822","1.088839"
"170","7","12.640531","0.941007","0.011051","1.085349"
"180","7","12.361583","0.945473","0.011279","1.082222"
"190","7","12.09468","0.949522","0.011506","1.079403"
"200","7","11.83906","0.953203","0.011732","1.076848"
"210","7","11.594021","0.956561","0.011957","1.07452"
"220","7","11.35892","0.959632","0.01218","1.072391"
"230","7","11.133163","0.962446","0.012403","1.070434"
"240","7","10.916206","0.965032","0.012624","1.06863"
"250","7","10.707543","0.967413","0.012844","1.066961"
"260","7","10.506708","0.96961","0.013064","1.065412"
"270","7","10.313267","0.971639","0.013282","1.06397"
"280","7","10.126821","0.973519","0.013499","1.062624"
"290","7","9.946997","0.975262","0.013716","1.061365"
"300","7","9.773447","0.976881","0.013931","1.060184"
"-100","8","36.388679","0.053166","0.944773","1.442254"
"-90","8","34.401855","0.05098","0.759858","1.442426"
"-80","8","32.62076","0.049047","0.624782","1.442145"
"-70","8","31.015012","0.047332","0.522866","1.441436"
"-60","8","29.559933","0.045806","0.443859","1.440366"
"-50","8","28.235267","0.044448","0.381215","1.439037"
"-40","8","27.024232","0.043239","0.330603","1.437585"
"-30","8","25.91281","0.042165","0.289062","1.436172"
"-20","8","24.889195","0.041214","0.254502","1.434992"
"-10","8","23.943377","0.040379","0.225412","1.43427"
"0","8","23.066812","0.039653","0.200662","1.434271"
"10","8","22.252162","0.039032","0.179392","1.435316"
"20","8","21.493092","0.038515","0.160929","1.43781"
"30","8","20.7841","0.038105","0.144735","1.442288"
"40","8","20.120389","0.037808","0.130366","1.449502"
"50","8","19.497756","0.037637","0.11745","1.460588"
"60","8","18.912501","0.037612","0.105655","1.477425"
"70","8","18.361357","0.82737","0.008794","1.18022"
"80","8","17.841427","0.846269","0.009016","1.15997"
"90","8","17.35013","0.862152","0.009242","1.144534"
"100","8","16.885166","0.875696","0.009471","1.132358"
"110","8","16.444473","0.887378","0.009702","1.122522"
"120","8","16.026198","0.897551","0.009932","1.114408"
"130","8","15.628674","0.906484","0.010163","1.107587"
"140","8","15.250393","0.914382","0.010394","1.101761"
"150","8","14.889991","0.921408","0.010624","1.096721"
"160","8","14.546231","0.927689","0.010853","1.092312"
"170","8","14.217984","0.933332","0.011082","1.08842"
"180","8","13.904225","0.938421","0.011309","1.084956"
"190","8","13.604016","0.943028","0.011535","1.081853"
"200","8","13.316495","0.947212","0.011761","1.079055"
"210","8","13.040877","0.951024","0.011985","1.076519"
"220","8","12.776437","0.954506","0.012209","1.074208"
"230","8","12.522508","0.957695","0.012431","1.072094"
"240","8","12.278476","0.960623","0.012652","1.070151"
"250","8","12.043773","0.963317","0.012872","1.06836"
"260","8","11.817874","0.9658","0.013091","1.066702"
"270","8","11.600294","0.968095","0.013309","1.065163"
"280","8","11.390581","0.970218","0.013526","1.063731"
"290","8","11.188315","0.972185","0.013743","1.062394"
"300","8","10.993108","0.974012","0.013958","1.061144"
"-100","9","40.425922","0.05906","0.945698","1.442019"
"-90","9","38.218664","0.056631","0.760603","1.442183"
"-80","9","36.239961","0.054483","0.625401","1.441891"
"-70","9","34.456059","0.052577","0.523393","1.441168"
"-60","9","32.839542","0.050881","0.444318","1.440081"
"-50","9","31.367907","0.049372","0.381623","1.438731"
"-40","9","30.022511","0.048028","0.330972","1.437254"
"-30","9","28.787779","0.046834","0.2894","1.43581"
"-20","9","27.650596","0.045778","0.254816","1.434592"
"-10","9","26.599842","0.044849","0.225707","1.433823"
"0","9","25.626024","0.04404","0.200943","1.433764"
"10","9","24.72099","0.043349","0.179663","1.434733"
"20","9","23.877702","0.042773","0.161193","1.437127"
"30","9","23.090049","0.042315","0.144995","1.441468"
"40","9","22.352701","0.041982","0.130628","1.44849"
"50","9","21.660988","0.041787","0.117717","1.459295"
"60","9","21.010801","0.041753","0.105935","1.475688"
"70","9","20.398509","0.803194","0.008866","1.203657"
"80","9","19.820893","0.825604","0.009077","1.177045"
"90","9","19.275088","0.844197","0.009296","1.15753"
"100","9","18.758538","0.859904","0.009519","1.142574"
"110","9","18.26895","0.873356","0.009745","1.13077"
"120","9","17.804269","0.885005","0.009973","1.121216"
"130","9","17.36264","0.895189","0.010202","1.113308"
"140","9","16.94239","0.904161","0.010431","1.106639"
"150","9","16.542003","0.912119","0.010659","1.10093"
"160","9","16.160102","0.919217","0.010887","1.095981"
"170","9","15.795438","0.925581","0.011115","1.091647"
"180","9","15.446868","0.93131","0.011342","1.087816"
"190","9","15.113351","0.936488","0.011567","1.084405"
"200","9","14.793931","0.941185","0.011792","1.081346"
"210","9","14.487733","0.945459","0.012016","1.078586"
"220","9","14.193954","0.94936","0.012239","1.076083"
"230","9","13.911852","0.952929","0.012461","1.073801"
"240","9","13.640745","0.956204","0.012682","1.071713"
"250","9","13.380003","0.959214","0.012902","1.069793"
"260","9","13.129041","0.961988","0.013121","1.068021"
"270","9","12.887321","0.964549","0.013339","1.066382"
"280","9","12.65434","0.966917","0.013555","1.06486"
"290","9","12.429634","0.969112","0.013771","1.063442"
"300","9","12.212769","0.971148","0.013986","1.062119"
"-100","10","44.463165","0.064952","0.946624","1.441785"
"-90","10","42.035474","0.062281","0.761349","1.44194"
"-80","10","39.859161","0.059918","0.62602","1.441637"
"-70","10","37.897105","0.057821","0.52392","1.440901"
"-60","10","36.119151","0.055956","0.444778","1.439797"
"-50","10","34.500547","0.054295","0.382031","1.438426"
"-40","10","33.020789","0.052816","0.33134","1.436924"
"-30","10","31.662747","0.051502","0.289737","1.43545"
"-20","10","30.411997","0.050339","0.25513","1.434194"
"-10","10","29.256306","0.049316","0.226002","1.433378"
"0","10","28.185235","0.048426","0.201224","1.433261"
"10","10","27.189818","0.047664","0.179933","1.434154"
"20","10","26.262313","0.047028","0.161457","1.436448"
"30","10","25.395999","0.046522","0.145256","1.440656"
"40","10","24.585014","0.046152","0.130889","1.44749"
"50","10","23.824221","0.045933","0.117984","1.458018"
"60","10","23.109101","0.045889","0.106213","1.473979"
"70","10","22.435661","0.046064","0.09527","1.498526"
"80","10","21.80036","0.803799","0.00915","1.197666"
"90","10","21.200047","0.825464","0.009358","1.17269"
"100","10","20.631909","0.843562","0.009575","1.154186"
"110","10","20.093428","0.858933","0.009796","1.139962"
"120","10","19.58234","0.872161","0.010019","1.128688"
"130","10","19.096607","0.883669","0.010245","1.119511"
"140","10","18.634387","0.893769","0.010472","1.111876"
"150","10","18.194014","0.902699","0.010698","1.105412"
"160","10","17.773974","0.910644","0.010925","1.099862"
"170","10","17.372892","0.91775","0.011151","1.095041"
"180","10","16.989511","0.924137","0.011377","1.090809"
"190","10","16.622686","0.929901","0.011602","1.087064"
"200","10","16.271366","0.935122","0.011826","1.083724"
"210","10","15.93459","0.939867","0.01205","1.080726"
"220","10","15.611471","0.944194","0.012272","1.078017"
"230","10","15.301196","0.948149","0.012494","1.075559"
"240","10","15.003015","0.951775","0.012714","1.073316"
"250","10","14.716232","0.955106","0.012934","1.071261"
"260","10","14.440208","0.958173","0.013152","1.069371"
"270","10","14.174348","0.961003","0.01337","1.067626"
"280","10","13.9181","0.963619","0.013586","1.06601"
"290","10","13.670953","0.966041","0.013802","1.064509"
"300","10","13.43243","0.968288","0.014017","1.063111"
