"1.01","Propane","N/A","15/05/2015"
"-40","0","2.304846","0.963796","0.006368","1.181231"
"-30","0","2.210055","0.968543","0.006645","1.172119"
"-20","0","2.122753","0.972472","0.006922","1.164078"
"-10","0","2.042086","0.975756","0.007196","1.156879"
"0","0","1.967325","0.978527","0.007469","1.150364"
"10","0","1.897845","0.980883","0.007741","1.144419"
"20","0","1.833106","0.982903","0.008012","1.138963"
"30","0","1.772637","0.984645","0.008281","1.133933"
"40","0","1.71603","0.986157","0.008549","1.12928"
"50","0","1.662927","0.987477","0.008815","1.124965"
"60","0","1.613012","0.988636","0.009081","1.120954"
"70","0","1.566006","0.989657","0.009345","1.117218"
"80","0","1.521662","0.990562","0.009608","1.113732"
"90","0","1.47976","0.991366","0.009869","1.110474"
"100","0","1.440104","0.992085","0.010129","1.107427"
"110","0","1.402518","0.99273","0.010387","1.104571"
"120","0","1.366845","0.993309","0.010644","1.101891"
"130","0","1.33294","0.993833","0.0109","1.099374"
"140","0","1.300678","0.994307","0.011154","1.097007"
"150","0","1.26994","0.994738","0.011406","1.094778"
"160","0","1.240621","0.99513","0.011657","1.092677"
"170","0","1.212625","0.995489","0.011906","1.090694"
"180","0","1.185865","0.995817","0.012153","1.088821"
"190","0","1.160261","0.996118","0.012399","1.087049"
"200","0","1.135739","0.996395","0.012643","1.08537"
"210","0","1.112232","0.99665","0.012885","1.08378"
"220","0","1.089678","0.996886","0.013126","1.08227"
"230","0","1.068021","0.997104","0.013365","1.080836"
"240","0","1.047208","0.997306","0.013602","1.079472"
"250","0","1.027191","0.997493","0.013837","1.078173"
"260","0","1.007924","0.997667","0.014071","1.076935"
"270","0","0.989367","0.997829","0.014303","1.075755"
"280","0","0.971481","0.997979","0.014533","1.074628"
"290","0","0.954231","0.99812","0.014761","1.07355"
"300","0","0.937582","0.998251","0.014987","1.072519"
"310","0","0.921504","0.998374","0.015211","1.071532"
"320","0","0.905968","0.998489","0.015434","1.070586"
"-40","1","4.579553","0.007916","0.192731","1.553649"
"-30","1","4.39121","0.007749","0.172388","1.559685"
"-20","1","4.217747","0.943649","0.006895","1.184583"
"-10","1","4.057468","0.950598","0.007176","1.173771"
"0","1","3.908924","0.956406","0.007455","1.164458"
"10","1","3.770873","0.96131","0.007731","1.156308"
"20","1","3.64224","0.965485","0.008005","1.149087"
"30","1","3.522094","0.969069","0.008278","1.142627"
"40","1","3.409621","0.972166","0.008549","1.136803"
"50","1","3.304109","0.97486","0.008818","1.13152"
"60","1","3.204931","0.977216","0.009086","1.126701"
"70","1","3.111534","0.979287","0.009352","1.122288"
"80","1","3.023426","0.981118","0.009616","1.11823"
"90","1","2.94017","0.982743","0.009879","1.114486"
"100","1","2.861377","0.984192","0.01014","1.111022"
"110","1","2.786696","0.985489","0.010399","1.107808"
"120","1","2.715815","0.986655","0.010657","1.104819"
"130","1","2.64845","0.987706","0.010914","1.102032"
"140","1","2.584346","0.988656","0.011168","1.09943"
"150","1","2.523272","0.989519","0.011421","1.096994"
"160","1","2.465018","0.990305","0.011672","1.09471"
"170","1","2.409393","0.991022","0.011922","1.092565"
"180","1","2.356224","0.991678","0.01217","1.090547"
"190","1","2.30535","0.992279","0.012416","1.088647"
"200","1","2.256626","0.992832","0.01266","1.086853"
"210","1","2.20992","0.993341","0.012903","1.085158"
"220","1","2.165107","0.993811","0.013144","1.083555"
"230","1","2.122076","0.994245","0.013383","1.082035"
"240","1","2.080722","0.994647","0.01362","1.080594"
"250","1","2.040949","0.99502","0.013855","1.079225"
"260","1","2.002669","0.995367","0.014089","1.077923"
"270","1","1.965797","0.995689","0.01432","1.076684"
"280","1","1.930259","0.995989","0.01455","1.075503"
"290","1","1.895983","0.996269","0.014778","1.074375"
"300","1","1.862903","0.99653","0.015005","1.073299"
"310","1","1.830957","0.996774","0.015229","1.072269"
"320","1","1.800089","0.997002","0.015451","1.071284"
"-40","2","6.854259","0.011845","0.192931","1.553151"
"-30","2","6.572365","0.011595","0.172581","1.559109"
"-20","2","6.312742","0.011384","0.154835","1.566422"
"-10","2","6.07285","0.923996","0.007163","1.194181"
"0","2","5.850524","0.933224","0.007446","1.181029"
"10","2","5.643901","0.940943","0.007726","1.169979"
"20","2","5.451375","0.947468","0.008003","1.160519"
"30","2","5.27155","0.953034","0.008279","1.152297"
"40","2","5.103211","0.957821","0.008552","1.145065"
"50","2","4.94529","0.961966","0.008824","1.138642"
"60","2","4.79685","0.96558","0.009093","1.132891"
"70","2","4.657061","0.968747","0.009361","1.127706"
"80","2","4.525189","0.97154","0.009626","1.123004"
"90","2","4.40058","0.974013","0.00989","1.118718"
"100","2","4.282649","0.976214","0.010153","1.114795"
"110","2","4.170874","0.978182","0.010413","1.11119"
"120","2","4.064786","0.979947","0.010672","1.107865"
"130","2","3.96396","0.981536","0.010929","1.104788"
"140","2","3.868015","0.982973","0.011184","1.101933"
"150","2","3.776605","0.984275","0.011438","1.099276"
"160","2","3.689416","0.985459","0.011689","1.096799"
"170","2","3.606162","0.986539","0.011939","1.094483"
"180","2","3.526582","0.987527","0.012187","1.092314"
"190","2","3.450438","0.988432","0.012434","1.090279"
"200","2","3.377514","0.989263","0.012678","1.088365"
"210","2","3.307607","0.990028","0.012921","1.086562"
"220","2","3.240536","0.990734","0.013162","1.084861"
"230","2","3.176131","0.991386","0.013401","1.083254"
"240","2","3.114237","0.991989","0.013638","1.081733"
"250","2","3.054708","0.992549","0.013874","1.080291"
"260","2","2.997413","0.993069","0.014107","1.078923"
"270","2","2.942227","0.993552","0.014339","1.077623"
"280","2","2.889036","0.994002","0.014569","1.076387"
"290","2","2.837735","0.994421","0.014797","1.075209"
"300","2","2.788224","0.994812","0.015023","1.074085"
"310","2","2.740411","0.995178","0.015247","1.073013"
"320","2","2.69421","0.99552","0.015469","1.071988"
"-40","3","9.128966","0.015773","0.193131","1.552655"
"-30","3","8.75352","0.01544","0.172775","1.558535"
"-20","3","8.407736","0.015158","0.155024","1.565746"
"-10","3","8.088232","0.014926","0.139383","1.574889"
"0","3","7.792123","0.908799","0.007444","1.200857"
"10","3","7.516929","0.919671","0.007726","1.185896"
"20","3","7.260509","0.928779","0.008006","1.173542"
"30","3","7.021007","0.936493","0.008284","1.163122"
"40","3","6.796801","0.94309","0.008559","1.154183"
"50","3","6.586472","0.948776","0.008832","1.146409"
"60","3","6.388769","0.953713","0.009103","1.139573"
"70","3","6.202589","0.958028","0.009372","1.133506"
"80","3","6.026953","0.961821","0.009639","1.128078"
"90","3","5.86099","0.965172","0.009904","1.123189"
"100","3","5.703922","0.968149","0.010167","1.118759"
"110","3","5.555052","0.970805","0.010429","1.114726"
"120","3","5.413756","0.973184","0.010688","1.111035"
"130","3","5.27947","0.975324","0.010946","1.107646"
"140","3","5.151684","0.977255","0.011201","1.10452"
"150","3","5.029938","0.979004","0.011455","1.101629"
"160","3","4.913814","0.980594","0.011707","1.098947"
"170","3","4.80293","0.982042","0.011958","1.096451"
"180","3","4.69694","0.983365","0.012206","1.094123"
"190","3","4.595527","0.984576","0.012453","1.091946"
"200","3","4.498401","0.985688","0.012697","1.089906"
"210","3","4.405295","0.986712","0.01294","1.087991"
"220","3","4.315965","0.987655","0.013181","1.086189"
"230","3","4.230187","0.988526","0.01342","1.084491"
"240","3","4.147751","0.989333","0.013658","1.082888"
"250","3","4.068467","0.99008","0.013893","1.081371"
"260","3","3.992157","0.990773","0.014126","1.079936"
"270","3","3.918657","0.991418","0.014358","1.078574"
"280","3","3.847814","0.992018","0.014588","1.07728"
"290","3","3.779487","0.992577","0.014816","1.07605"
"300","3","3.713545","0.993099","0.015042","1.074879"
"310","3","3.649864","0.993587","0.015266","1.073762"
"320","3","3.588331","0.994043","0.015488","1.072696"
"-40","4","11.403672","0.019699","0.193331","1.552162"
"-30","4","10.934675","0.019282","0.172968","1.557964"
"-20","4","10.50273","0.018929","0.155213","1.565073"
"-10","4","10.103614","0.018639","0.13957","1.574081"
"0","4","9.733722","0.018412","0.12564","1.585888"
"10","4","9.389956","0.897348","0.007733","1.204722"
"20","4","9.069644","0.90933","0.008014","1.18854"
"30","4","8.770464","0.919391","0.008293","1.175333"
"40","4","8.490392","0.927937","0.00857","1.1643"
"50","4","8.227653","0.935265","0.008844","1.154914"
"60","4","7.980688","0.9416","0.009116","1.146811"
"70","4","7.748116","0.947117","0.009386","1.13973"
"80","4","7.528716","0.951953","0.009654","1.13348"
"90","4","7.321399","0.956215","0.00992","1.127917"
"100","4","7.125194","0.959992","0.010184","1.122928"
"110","4","6.93923","0.963356","0.010446","1.118425"
"120","4","6.762727","0.966365","0.010706","1.114339"
"130","4","6.59498","0.969067","0.010964","1.110612"
"140","4","6.435353","0.971503","0.01122","1.107197"
"150","4","6.283271","0.973707","0.011474","1.104056"
"160","4","6.138211","0.975707","0.011727","1.101156"
"170","4","5.999698","0.977528","0.011977","1.09847"
"180","4","5.867298","0.979191","0.012226","1.095974"
"190","4","5.740616","0.980712","0.012472","1.09365"
"200","4","5.619288","0.982108","0.012717","1.091479"
"210","4","5.502983","0.983392","0.01296","1.089446"
"220","4","5.391394","0.984575","0.013201","1.08754"
"230","4","5.284242","0.985667","0.01344","1.085747"
"240","4","5.181265","0.986677","0.013678","1.084059"
"250","4","5.082225","0.987612","0.013913","1.082466"
"260","4","4.986901","0.98848","0.014146","1.08096"
"270","4","4.895086","0.989287","0.014378","1.079535"
"280","4","4.806592","0.990038","0.014608","1.078183"
"290","4","4.72124","0.990737","0.014835","1.0769"
"300","4","4.638866","0.99139","0.015061","1.07568"
"310","4","4.559318","0.992","0.015285","1.074518"
"320","4","4.482452","0.99257","0.015507","1.073411"
"-40","5","13.678379","0.023624","0.193531","1.55167"
"-30","5","13.11583","0.023123","0.173161","1.557395"
"-20","5","12.597724","0.022699","0.155402","1.564404"
"-10","5","12.118997","0.02235","0.139758","1.573278"
"0","5","11.675321","0.022077","0.125828","1.5849"
"10","5","11.262984","0.873781","0.007747","1.227444"
"20","5","10.878779","0.889009","0.008028","1.206046"
"30","5","10.519921","0.901661","0.008308","1.189233"
"40","5","10.183982","0.912321","0.008584","1.175598"
"50","5","9.868835","0.921407","0.008859","1.164269"
"60","5","9.572607","0.929224","0.009132","1.154675"
"70","5","9.293644","0.936004","0.009403","1.146426"
"80","5","9.03048","0.941928","0.009671","1.139244"
"90","5","8.781809","0.947136","0.009938","1.132925"
"100","5","8.546466","0.951741","0.010202","1.127316"
"110","5","8.323408","0.955833","0.010464","1.1223"
"120","5","8.111698","0.959487","0.010725","1.117783"
"130","5","7.91049","0.962765","0.010983","1.113691"
"140","5","7.719022","0.965715","0.01124","1.109966"
"150","5","7.536604","0.968382","0.011494","1.106558"
"160","5","7.362609","0.9708","0.011747","1.103427"
"170","5","7.196466","0.972999","0.011998","1.100541"
"180","5","7.037656","0.975005","0.012246","1.09787"
"190","5","6.885704","0.97684","0.012493","1.09539"
"200","5","6.740175","0.978523","0.012738","1.093082"
"210","5","6.600671","0.980069","0.012981","1.090928"
"220","5","6.466823","0.981493","0.013222","1.088913"
"230","5","6.338297","0.982807","0.013461","1.087023"
"240","5","6.214779","0.984022","0.013698","1.085247"
"250","5","6.095984","0.985147","0.013934","1.083575"
"260","5","5.981645","0.98619","0.014167","1.081997"
"270","5","5.871516","0.98716","0.014399","1.080507"
"280","5","5.765369","0.988062","0.014628","1.079095"
"290","5","5.662992","0.988902","0.014856","1.077758"
"300","5","5.564187","0.989685","0.015082","1.076488"
"310","5","5.468771","0.990417","0.015305","1.07528"
"320","5","5.376572","0.991101","0.015527","1.074131"
"-40","6","15.953085","0.027547","0.19373","1.55118"
"-30","6","15.296984","0.026962","0.173353","1.556829"
"-20","6","14.692719","0.026467","0.15559","1.563738"
"-10","6","14.134379","0.026058","0.139945","1.57248"
"0","6","13.61692","0.025738","0.126017","1.58392"
"10","6","13.136012","0.025513","0.113472","1.599427"
"20","6","12.687913","0.867672","0.008049","1.226821"
"30","6","12.269377","0.883219","0.008327","1.205228"
"40","6","11.877572","0.896192","0.008604","1.188307"
"50","6","11.510016","0.90717","0.008878","1.174611"
"60","6","11.164526","0.916563","0.009151","1.163252"
"70","6","10.839172","0.924676","0.009422","1.153649"
"80","6","10.532243","0.931738","0.009691","1.145404"
"90","6","10.242219","0.937929","0.009958","1.138238"
"100","6","9.967739","0.94339","0.010222","1.131942"
"110","6","9.707586","0.948233","0.010485","1.126361"
"120","6","9.460668","0.95255","0.010746","1.121375"
"130","6","9.226","0.956415","0.011004","1.11689"
"140","6","9.002691","0.959892","0.011261","1.112832"
"150","6","8.789937","0.963029","0.011516","1.10914"
"160","6","8.587006","0.965871","0.011768","1.105765"
"170","6","8.393234","0.968454","0.012019","1.102666"
"180","6","8.208014","0.970808","0.012268","1.09981"
"190","6","8.030793","0.97296","0.012515","1.097169"
"200","6","7.861063","0.974931","0.01276","1.094718"
"210","6","7.698358","0.976742","0.013003","1.092438"
"220","6","7.542252","0.978409","0.013244","1.09031"
"230","6","7.392352","0.979947","0.013483","1.088319"
"240","6","7.248293","0.981368","0.01372","1.086452"
"250","6","7.109742","0.982683","0.013955","1.084698"
"260","6","6.976389","0.983903","0.014188","1.083047"
"270","6","6.847946","0.985035","0.01442","1.081489"
"280","6","6.724147","0.986089","0.014649","1.080017"
"290","6","6.604744","0.98707","0.014877","1.078624"
"300","6","6.489508","0.987985","0.015102","1.077303"
"310","6","6.378225","0.988839","0.015326","1.076048"
"320","6","6.270693","0.989638","0.015548","1.074856"
"-40","7","18.227791","0.031468","0.19393","1.550692"
"-30","7","17.478139","0.0308","0.173546","1.556265"
"-20","7","16.787713","0.030232","0.155779","1.563076"
"-10","7","16.149761","0.029764","0.140132","1.571687"
"0","7","15.558519","0.029397","0.126205","1.582948"
"10","7","15.00904","0.029137","0.113664","1.598196"
"20","7","14.497048","0.84513","0.008077","1.252004"
"30","7","14.018834","0.863962","0.008353","1.223879"
"40","7","13.571163","0.87949","0.008628","1.202726"
"50","7","13.151198","0.892518","0.008902","1.186112"
"60","7","12.756445","0.903595","0.009174","1.172645"
"70","7","12.384699","0.913116","0.009445","1.161463"
"80","7","12.034007","0.921373","0.009713","1.152004"
"90","7","11.702629","0.928588","0.00998","1.143883"
"100","7","11.389011","0.934935","0.010245","1.136824"
"110","7","11.091765","0.940552","0.010508","1.130623"
"120","7","10.809639","0.94555","0.010768","1.125126"
"130","7","10.54151","0.950018","0.011027","1.120216"
"140","7","10.28636","0.95403","0.011284","1.1158"
"150","7","10.04327","0.957648","0.011538","1.111805"
"160","7","9.811404","0.960921","0.011791","1.10817"
"170","7","9.590002","0.963893","0.012042","1.104848"
"180","7","9.378373","0.966599","0.012291","1.101798"
"190","7","9.175882","0.969071","0.012538","1.098987"
"200","7","8.98195","0.971335","0.012782","1.096387"
"210","7","8.796046","0.973412","0.013025","1.093975"
"220","7","8.617681","0.975324","0.013266","1.09173"
"230","7","8.446407","0.977087","0.013505","1.089635"
"240","7","8.281808","0.978715","0.013742","1.087675"
"250","7","8.123501","0.980221","0.013977","1.085837"
"260","7","7.971133","0.981618","0.01421","1.08411"
"270","7","7.824376","0.982915","0.014442","1.082483"
"280","7","7.682924","0.98412","0.014671","1.080948"
"290","7","7.546497","0.985243","0.014898","1.079498"
"300","7","7.41483","0.986289","0.015124","1.078125"
"310","7","7.287678","0.987266","0.015347","1.076823"
"320","7","7.164814","0.988179","0.015569","1.075587"
"-40","8","20.502498","0.035388","0.194129","1.550206"
"-30","8","19.659294","0.034635","0.173738","1.555704"
"-20","8","18.882707","0.033996","0.155967","1.562417"
"-10","8","18.165143","0.033468","0.140318","1.570899"
"0","8","17.500119","0.033053","0.126393","1.581983"
"10","8","16.882067","0.032758","0.113856","1.596977"
"20","8","16.306182","0.032597","0.102419","1.618012"
"30","8","15.768291","0.843758","0.008385","1.245985"
"40","8","15.264753","0.862142","0.008657","1.219254"
"50","8","14.792379","0.877409","0.008929","1.198986"
"60","8","14.348364","0.890295","0.0092","1.182977"
"70","8","13.930227","0.90131","0.00947","1.169944"
"80","8","13.535771","0.910822","0.009738","1.159091"
"90","8","13.163038","0.919105","0.010005","1.149893"
"100","8","12.810284","0.926372","0.010269","1.141983"
"110","8","12.475943","0.932789","0.010532","1.135098"
"120","8","12.15861","0.938486","0.010793","1.129045"
"130","8","11.857019","0.943572","0.011051","1.123675"
"140","8","11.570029","0.948131","0.011308","1.118876"
"150","8","11.296603","0.952237","0.011563","1.114557"
"160","8","11.035801","0.955948","0.011815","1.110647"
"170","8","10.786771","0.959315","0.012066","1.107088"
"180","8","10.548731","0.962378","0.012315","1.103834"
"190","8","10.32097","0.965174","0.012561","1.100845"
"200","8","10.102837","0.967732","0.012806","1.09809"
"210","8","9.893734","0.970079","0.013049","1.09554"
"220","8","9.69311","0.972238","0.01329","1.093174"
"230","8","9.500462","0.974227","0.013529","1.090971"
"240","8","9.315322","0.976063","0.013765","1.088915"
"250","8","9.13726","0.977762","0.014","1.08699"
"260","8","8.965877","0.979336","0.014233","1.085185"
"270","8","8.800805","0.980797","0.014464","1.083488"
"280","8","8.641702","0.982156","0.014693","1.081889"
"290","8","8.488249","0.98342","0.014921","1.080381"
"300","8","8.340151","0.984598","0.015146","1.078955"
"310","8","8.197132","0.985698","0.015369","1.077604"
"320","8","8.058935","0.986725","0.01559","1.076323"
"-40","9","22.777204","0.039307","0.194329","1.549722"
"-30","9","21.840449","0.038469","0.173931","1.555146"
"-20","9","20.977702","0.037758","0.156155","1.561762"
"-10","9","20.180525","0.03717","0.140505","1.570116"
"0","9","19.441718","0.036707","0.12658","1.581025"
"10","9","18.755095","0.036376","0.114048","1.595769"
"20","9","18.115317","0.036193","0.102619","1.61642"
"30","9","17.517748","0.822432","0.008425","1.272726"
"40","9","16.958343","0.844058","0.008693","1.238432"
"50","9","16.433561","0.861792","0.008962","1.213511"
"60","9","15.940283","0.876633","0.009231","1.194402"
"70","9","15.475755","0.889239","0.009499","1.179182"
"80","9","15.037534","0.900074","0.009766","1.166721"
"90","9","14.623448","0.909474","0.010032","1.156301"
"100","9","14.231556","0.917697","0.010296","1.147442"
"110","9","13.860121","0.924939","0.010558","1.139804"
"120","9","13.50758","0.931356","0.010819","1.133143"
"130","9","13.172529","0.937074","0.011077","1.127275"
"140","9","12.853698","0.942193","0.011334","1.122063"
"150","9","12.549935","0.946797","0.011588","1.117399"
"160","9","12.260199","0.950954","0.011841","1.113196"
"170","9","11.983539","0.95472","0.012091","1.109388"
"180","9","11.719089","0.958145","0.01234","1.105919"
"190","9","11.466059","0.961268","0.012586","1.102745"
"200","9","11.223724","0.964124","0.012831","1.099827"
"210","9","10.991421","0.966743","0.013073","1.097135"
"220","9","10.768539","0.96915","0.013314","1.094643"
"230","9","10.554517","0.971367","0.013553","1.092328"
"240","9","10.348836","0.973413","0.013789","1.090172"
"250","9","10.151018","0.975305","0.014024","1.088159"
"260","9","9.960621","0.977058","0.014257","1.086273"
"270","9","9.777235","0.978684","0.014488","1.084504"
"280","9","9.600479","0.980195","0.014717","1.08284"
"290","9","9.430001","0.981601","0.014943","1.081272"
"300","9","9.265472","0.982912","0.015168","1.079791"
"310","9","9.106585","0.984134","0.015391","1.078391"
"320","9","8.953056","0.985276","0.015613","1.077065"
"-40","10","25.051911","0.043223","0.194528","1.54924"
"-30","10","24.021604","0.042301","0.174123","1.55459"
"-20","10","23.072696","0.041517","0.156343","1.561111"
"-10","10","22.195907","0.040869","0.140691","1.569338"
"0","10","21.383317","0.040358","0.126767","1.580075"
"10","10","20.628123","0.039991","0.114239","1.594572"
"20","10","19.924452","0.039785","0.102818","1.614848"
"30","10","19.267204","0.03977","0.092236","1.644417"
"40","10","18.651934","0.825124","0.008735","1.261018"
"50","10","18.074742","0.845608","0.009","1.230046"
"60","10","17.532202","0.862574","0.009266","1.207109"
"70","10","17.021282","0.876883","0.009532","1.189284"
"80","10","16.539298","0.889116","0.009798","1.174956"
"90","10","16.083858","0.899687","0.010062","1.163149"
"100","10","15.652829","0.908903","0.010325","1.153227"
"110","10","15.244299","0.916999","0.010587","1.144757"
"120","10","14.856551","0.924157","0.010847","1.137431"
"130","10","14.488039","0.930524","0.011105","1.131024"
"140","10","14.137367","0.936215","0.011361","1.125369"
"150","10","13.803268","0.941327","0.011615","1.120335"
"160","10","13.484597","0.945936","0.011867","1.115822"
"170","10","13.180307","0.950109","0.012117","1.111751"
"180","10","12.889447","0.9539","0.012366","1.108056"
"190","10","12.611148","0.957354","0.012612","1.104687"
"200","10","12.344612","0.960511","0.012856","1.101599"
"210","10","12.089109","0.963404","0.013099","1.098759"
"220","10","11.843968","0.966061","0.013339","1.096137"
"230","10","11.608572","0.968507","0.013578","1.093707"
"240","10","11.38235","0.970764","0.013814","1.091448"
"250","10","11.164777","0.97285","0.014049","1.089343"
"260","10","10.955365","0.974782","0.014281","1.087375"
"270","10","10.753665","0.976574","0.014512","1.085531"
"280","10","10.559257","0.978238","0.01474","1.0838"
"290","10","10.371754","0.979787","0.014967","1.082171"
"300","10","10.190793","0.98123","0.015192","1.080635"
"310","10","10.016039","0.982575","0.015415","1.079185"
"320","10","9.847177","0.983832","0.015635","1.077812"
"-40","110","252.522555","0.427843","0.214083","1.508614"
"-30","110","242.137091","0.417695","0.192821","1.50892"
"-20","110","232.572126","0.40876","0.174421","1.509183"
"-10","110","223.73412","0.400952","0.158362","1.50957"
"0","110","215.543232","0.39421","0.144233","1.510284"
"10","110","207.930898","0.388492","0.131706","1.511563"
"20","110","200.837912","0.383777","0.120515","1.513673"
"30","110","194.212877","0.380065","0.110441","1.516907"
"40","110","188.010965","0.37738","0.101301","1.521583"
"50","110","182.192894","0.375775","0.092943","1.52807"
"60","110","176.7241","0.375336","0.08524","1.536809"
"70","110","171.574046","0.376194","0.078082","1.548351"
"80","110","166.715656","0.37854","0.07138","1.563383"
"90","110","162.124835","0.382647","0.065059","1.58274"
"100","110","157.780072","0.388901","0.059061","1.607321"
"110","110","153.6621","0.397839","0.053351","1.637786"
"120","110","149.753615","0.410187","0.047919","1.673742"
"130","110","146.039027","0.426838","0.042798","1.712052"
"140","110","142.504257","0.448692","0.038078","1.744488"
"150","110","139.136556","0.476204","0.033899","1.757399"
"160","110","135.924354","0.508767","0.030398","1.738356"
"170","110","132.857122","0.544522","0.027636","1.687469"
"180","110","129.925265","0.581074","0.025556","1.618332"
"190","110","127.120013","0.61648","0.02403","1.546342"
"200","110","124.433338","0.649633","0.022919","1.48057"
"210","110","121.857878","0.6801","0.02211","1.424094"
"220","110","119.386868","0.707845","0.02152","1.376851"
"230","110","117.014079","0.733023","0.02109","1.337643"
"240","110","114.733769","0.75586","0.020779","1.305062"
"250","110","112.540636","0.776598","0.020557","1.277836"
"260","110","110.429774","0.795469","0.020403","1.254908"
"270","110","108.396638","0.812684","0.020303","1.235438"
"280","110","106.437013","0.828427","0.020246","1.218763"
"290","110","104.546984","0.842862","0.020222","1.204364"
"300","110","102.722906","0.856131","0.020225","1.191832"
"310","110","100.961389","0.868356","0.02025","1.180845"
"320","110","99.259266","0.879644","0.020294","1.171147"
"-40","120","275.26962","0.465616","0.216008","1.505211"
"-30","120","263.94864","0.454482","0.194646","1.505188"
"-20","120","253.522069","0.444658","0.176169","1.505063"
"-10","120","243.887942","0.436049","0.160051","1.504992"
"0","120","234.959223","0.428582","0.145879","1.505161"
"10","120","226.661176","0.422207","0.133324","1.505783"
"20","120","218.929258","0.416894","0.122119","1.507089"
"30","120","211.707445","0.412636","0.112045","1.509324"
"40","120","204.946869","0.409446","0.102919","1.512741"
"50","120","198.60471","0.407364","0.09459","1.517619"
"60","120","192.643289","0.406459","0.086932","1.524273"
"70","120","187.029322","0.406837","0.079839","1.533074"
"80","120","181.733291","0.408652","0.073223","1.544451"
"90","120","176.728933","0.412118","0.067013","1.558883"
"100","120","171.992796","0.417528","0.061155","1.576809"
"110","120","167.503881","0.425271","0.055613","1.598421"
"120","120","163.243322","0.435848","0.050374","1.623204"
"130","120","159.194126","0.449849","0.045454","1.649135"
"140","120","155.340946","0.467863","0.040905","1.671704"
"150","120","151.669885","0.490262","0.036809","1.683714"
"160","120","148.168329","0.51689","0.033258","1.677487"
"170","120","144.824804","0.546852","0.030311","1.649584"
"180","120","141.628847","0.578669","0.027966","1.603904"
"190","120","138.570899","0.610763","0.026154","1.549109"
"200","120","135.64221","0.641901","0.024779","1.493379"
"210","120","132.834755","0.671331","0.023743","1.441685"
"220","120","130.141158","0.698705","0.022963","1.396046"
"230","120","127.55463","0.72394","0.022377","1.356729"
"240","120","125.068911","0.747097","0.021936","1.323206"
"250","120","122.678222","0.768309","0.021608","1.294688"
"260","120","120.377214","0.787738","0.021365","1.270376"
"270","120","118.160935","0.805549","0.02119","1.249557"
"280","120","116.024789","0.8219","0.021069","1.231624"
"290","120","113.964507","0.836936","0.020991","1.216082"
"300","120","111.976118","0.85079","0.020947","1.202523"
"310","120","110.055924","0.863578","0.020931","1.190621"
"320","120","108.200475","0.875404","0.020938","1.180109"
"-40","130","298.016684","0.503276","0.217929","1.501904"
"-30","130","285.760189","0.491149","0.196466","1.501572"
"-20","130","274.472012","0.480427","0.177909","1.501086"
"-10","130","264.041763","0.471004","0.16173","1.500593"
"0","130","254.375215","0.462799","0.147513","1.500264"
"10","130","245.391453","0.455753","0.134927","1.50029"
"20","130","237.020604","0.449828","0.123703","1.500877"
"30","130","229.202012","0.445007","0.113624","1.502228"
"40","130","221.882772","0.441293","0.104505","1.504551"
"50","130","215.016525","0.438714","0.096198","1.508057"
"60","130","208.562479","0.437324","0.088576","1.512973"
"70","130","202.484598","0.437209","0.081534","1.519549"
"80","130","196.750927","0.43849","0.074987","1.528057"
"90","130","191.33303","0.441337","0.068865","1.538765"
"100","130","186.20552","0.445975","0.063115","1.551876"
"110","130","181.345661","0.452693","0.057701","1.567377"
"120","130","176.733028","0.461851","0.052605","1.58477"
"130","130","172.349225","0.473857","0.047833","1.602657"
"140","130","168.177635","0.489112","0.043414","1.618284"
"150","130","164.203214","0.507893","0.039399","1.627456"
"160","130","160.412305","0.530182","0.035846","1.625454"
"170","130","156.792486","0.555525","0.032805","1.60911"
"180","130","153.332428","0.583031","0.030286","1.578828"
"190","130","150.021786","0.61158","0.02826","1.538593"
"200","130","146.851083","0.640102","0.026663","1.493838"
"210","130","143.811632","0.667777","0.02542","1.449172"
"220","130","140.895448","0.694087","0.024458","1.407443"
"230","130","138.09518","0.718766","0.023716","1.369937"
"240","130","135.404053","0.741722","0.023143","1.33694"
"250","130","132.815808","0.762974","0.022703","1.308216"
"260","130","130.324655","0.7826","0.022367","1.283311"
"270","130","127.925232","0.800707","0.022112","1.261718"
"280","130","125.612564","0.817416","0.021922","1.24295"
"290","130","123.38203","0.832843","0.021785","1.226576"
"300","130","121.229329","0.847103","0.021691","1.212225"
"310","130","119.150459","0.860301","0.021631","1.199584"
"320","130","117.141684","0.872533","0.021599","1.188394"
"-40","140","320.763749","0.540828","0.219846","1.498687"
"-30","140","307.571738","0.527698","0.19828","1.498066"
"-20","140","295.421956","0.516069","0.179642","1.497245"
"-10","140","284.195584","0.505823","0.163399","1.496361"
"0","140","273.791206","0.496869","0.149134","1.495575"
"10","140","264.121731","0.48914","0.136514","1.495061"
"20","140","255.11195","0.482588","0.125269","1.495"
"30","140","246.696579","0.477187","0.115179","1.495567"
"40","140","238.818675","0.472933","0.106064","1.496932"
"50","140","231.42834","0.469841","0.097771","1.499258"
"60","140","224.481669","0.467951","0.090176","1.502709"
"70","140","217.939875","0.467329","0.083175","1.507455"
"80","140","211.768563","0.468073","0.076683","1.513665"
"90","140","205.937128","0.470316","0.070631","1.521486"
"100","140","200.418245","0.474232","0.064966","1.530992"
"110","140","195.187441","0.48004","0.059651","1.542083"
"120","140","190.222734","0.488004","0.054665","1.554322"
"130","140","185.504324","0.498416","0.050005","1.566695"
"140","140","181.014324","0.511557","0.045687","1.577393"
"150","140","176.736543","0.527627","0.04174","1.583773"
"160","140","172.656281","0.546649","0.038204","1.58281"
"170","140","168.760167","0.568368","0.035114","1.572117"
"180","140","165.03601","0.592234","0.032485","1.55109"
"190","140","161.472672","0.617474","0.030303","1.521362"
"200","140","158.059956","0.643251","0.028529","1.486101"
"210","140","154.788509","0.668821","0.027108","1.448735"
"220","140","151.649737","0.693622","0.025979","1.41198"
"230","140","148.635731","0.717289","0.025087","1.377531"
"240","140","145.739195","0.739619","0.024384","1.346202"
"250","140","142.953394","0.760532","0.023832","1.318218"
"260","140","140.272096","0.780027","0.023399","1.29347"
"270","140","137.68953","0.79815","0.023061","1.271682"
"280","140","135.20034","0.814974","0.0228","1.252522"
"290","140","132.799553","0.830586","0.022601","1.235656"
"300","140","130.48254","0.845075","0.022453","1.220773"
"310","140","128.244994","0.85853","0.022346","1.207595"
"320","140","126.082893","0.871034","0.022274","1.195885"
"-40","150","343.510813","0.578272","0.22176","1.495555"
"-30","150","329.383287","0.564134","0.200088","1.494664"
"-20","150","316.371899","0.551589","0.181367","1.49353"
"-10","150","304.349406","0.54051","0.165059","1.492285"
"0","150","293.207198","0.530796","0.150744","1.491078"
"10","150","282.852008","0.522371","0.138086","1.490072"
"20","150","273.203296","0.51518","0.126817","1.489427"
"30","150","264.191147","0.509187","0.116714","1.489296"
"40","150","255.754578","0.504378","0.107597","1.489818"
"50","150","247.840155","0.500758","0.099313","1.491121"
"60","150","240.400859","0.498354","0.091738","1.493325"
"70","150","233.395151","0.497216","0.084769","1.496546"
"80","150","226.786199","0.497419","0.078321","1.500887"
"90","150","220.541226","0.499068","0.072324","1.506421"
"100","150","214.630969","0.502298","0.066727","1.513155"
"110","150","209.029221","0.507277","0.06149","1.520956"
"120","150","203.712441","0.514199","0.05659","1.52945"
"130","150","198.659422","0.523279","0.052017","1.537883"
"140","150","193.851013","0.534717","0.047776","1.544998"
"150","150","189.269871","0.548657","0.043886","1.54903"
"160","150","184.900257","0.565126","0.040371","1.547952"
"170","150","180.727849","0.583969","0.037257","1.540024"
"180","150","176.739592","0.604824","0.034555","1.52446"
"190","150","172.923558","0.627153","0.03226","1.501831"
"200","150","169.268828","0.650321","0.030348","1.473895"
"210","150","165.765386","0.673707","0.028778","1.442968"
"220","150","162.404027","0.696782","0.027502","1.411242"
"230","150","159.176282","0.71915","0.026473","1.380374"
"240","150","156.074337","0.740548","0.025645","1.351403"
"250","150","153.09098","0.760824","0.024983","1.324846"
"260","150","150.219537","0.779912","0.024453","1.30086"
"270","150","147.453827","0.797803","0.024031","1.279386"
"280","150","144.788116","0.814525","0.023697","1.260248"
"290","150","142.217076","0.83013","0.023434","1.243222"
"300","150","139.735752","0.844681","0.02323","1.22807"
"310","150","137.339529","0.858245","0.023075","1.214566"
"320","150","135.024102","0.870892","0.022959","1.202502"
"-40","160","366.257878","0.615613","0.223671","1.492505"
"-30","160","351.194835","0.600457","0.201892","1.49136"
"-20","160","337.321842","0.586989","0.183086","1.489933"
"-10","160","324.503227","0.575069","0.16671","1.488354"
"0","160","312.623189","0.564586","0.152342","1.486761"
"10","160","301.582286","0.555455","0.139646","1.485304"
"20","160","291.294642","0.547613","0.128349","1.484131"
"30","160","281.685714","0.541015","0.11823","1.483374"
"40","160","272.690481","0.535638","0.109106","1.483151"
"50","160","264.25197","0.531477","0.100826","1.483563"
"60","160","256.320049","0.528547","0.093266","1.484699"
"70","160","248.850428","0.526883","0.086321","1.486636"
"80","160","241.803835","0.526543","0.079907","1.489435"
"90","160","235.145323","0.527607","0.073956","1.493127"
"100","160","228.843693","0.530178","0.068412","1.49768"
"110","160","222.871001","0.534384","0.063237","1.502958"
"120","160","217.202147","0.540373","0.058404","1.508645"
"130","160","211.814521","0.548301","0.053899","1.514166"
"140","160","206.687702","0.558313","0.04972","1.518613"
"150","160","201.8032","0.570513","0.045876","1.520753"
"160","160","197.144232","0.584919","0.042383","1.519171"
"170","160","192.69553","0.601427","0.039255","1.512593"
"180","160","188.443174","0.619786","0.036504","1.50029"
"190","160","184.374445","0.639607","0.034126","1.482375"
"200","160","180.477701","0.660411","0.032106","1.459809"
"210","160","176.742263","0.681693","0.030413","1.434099"
"220","160","173.158317","0.702989","0.02901","1.406884"
"230","160","169.716832","0.723917","0.027857","1.379585"
"240","160","166.409479","0.74419","0.026914","1.353241"
"250","160","163.228566","0.763619","0.026146","1.328503"
"260","160","160.166978","0.782088","0.025522","1.305698"
"270","160","157.218124","0.799544","0.025016","1.28493"
"280","160","154.375891","0.815978","0.024608","1.266158"
"290","160","151.634599","0.831406","0.024281","1.249264"
"300","160","148.988963","0.845865","0.024019","1.234087"
"310","160","146.434064","0.859404","0.023813","1.220456"
"320","160","143.965311","0.872073","0.023654","1.208203"
"-40","170","389.004942","0.652851","0.225579","1.489532"
"-30","170","373.006384","0.636673","0.203692","1.488148"
"-20","170","358.271785","0.622274","0.184798","1.48645"
"-10","170","344.657048","0.609503","0.168353","1.484559"
"0","170","332.039181","0.598243","0.153931","1.482609"
"10","170","320.312563","0.588396","0.141193","1.480741"
"20","170","309.385988","0.579892","0.129866","1.479089"
"30","170","299.180281","0.572678","0.119727","1.47777"
"40","170","289.626384","0.566721","0.110593","1.476885"
"50","170","280.663785","0.562008","0.102313","1.476515"
"60","170","272.239238","0.558542","0.094762","1.476728"
"70","170","264.305704","0.556345","0.087835","1.477574"
"80","170","256.82147","0.555458","0.081448","1.479088"
"90","170","249.749421","0.555942","0.075532","1.481272"
"100","170","243.056418","0.557874","0.070032","1.484081"
"110","170","236.712782","0.561353","0.064907","1.487382"
"120","170","230.691854","0.566488","0.060127","1.490911"
"130","170","224.96962","0.573394","0.055676","1.494221"
"140","170","219.524391","0.582175","0.051546","1.496636"
"150","170","214.336529","0.592905","0.047739","1.497264"
"160","170","209.388208","0.605593","0.044264","1.495084"
"170","170","204.663212","0.620161","0.04113","1.489147"
"180","170","200.146756","0.636425","0.038343","1.478836"
"190","170","195.825331","0.654093","0.035903","1.464073"
"200","170","191.686574","0.672796","0.033797","1.445376"
"210","170","187.71914","0.692128","0.032003","1.423724"
"220","170","183.912607","0.711694","0.030492","1.4003"
"230","170","180.257383","0.731144","0.029229","1.376247"
"240","170","176.744621","0.750197","0.02818","1.3525"
"250","170","173.366152","0.768644","0.027312","1.329724"
"260","170","170.114419","0.786345","0.026598","1.308331"
"270","170","166.982422","0.803213","0.02601","1.288528"
"280","170","163.963667","0.819206","0.025529","1.270379"
"290","170","161.052122","0.834316","0.025136","1.253851"
"300","170","158.242174","0.848553","0.024817","1.238856"
"310","170","155.528599","0.861945","0.02456","1.225276"
"320","170","152.90652","0.874528","0.024354","1.212984"
"-40","180","411.752007","0.68999","0.227485","1.486633"
"-30","180","394.817933","0.672783","0.205487","1.485025"
"-20","180","379.221728","0.657446","0.186505","1.483072"
"-10","180","364.81087","0.643818","0.169989","1.480892"
"0","180","351.455172","0.631771","0.15551","1.478613"
"10","180","339.042841","0.6212","0.142728","1.476367"
"20","180","327.477334","0.612024","0.131368","1.474279"
"30","180","316.674849","0.604184","0.121207","1.472453"
"40","180","306.562288","0.597638","0.112061","1.470978"
"50","180","297.075601","0.592362","0.103777","1.46992"
"60","180","288.158428","0.58835","0.09623","1.46933"
"70","180","279.76098","0.585613","0.089316","1.469242"
"80","180","271.839106","0.584176","0.08295","1.469672"
"90","180","264.353519","0.584084","0.077061","1.47061"
"100","180","257.269142","0.585395","0.071596","1.472"
"110","180","250.554562","0.588179","0.06651","1.473724"
"120","180","244.18156","0.59252","0.061773","1.475559"
"130","180","238.124719","0.598499","0.057364","1.477152"
"140","180","232.36108","0.606193","0.053273","1.477991"
"150","180","226.869858","0.615649","0.049496","1.477407"
"160","180","221.632184","0.626869","0.046036","1.474646"
"170","180","216.630893","0.63979","0.042899","1.468989"
"180","180","211.850337","0.654267","0.040086","1.459925"
"190","180","207.276218","0.670074","0.037597","1.447306"
"200","180","202.895446","0.686922","0.035422","1.431404"
"210","180","198.696016","0.704479","0.033545","1.412856"
"220","180","194.666897","0.722413","0.03194","1.392514"
"230","180","190.797934","0.740415","0.03058","1.371268"
"240","180","187.079763","0.758219","0.029435","1.349912"
"250","180","183.503738","0.775618","0.028476","1.329066"
"260","180","180.061859","0.792455","0.027675","1.309163"
"270","180","176.746719","0.808626","0.027009","1.290466"
"280","180","173.551442","0.824067","0.026456","1.273104"
"290","180","170.469645","0.838744","0.025999","1.257112"
"300","180","167.495386","0.85265","0.025622","1.242458"
"310","180","164.623134","0.865793","0.025313","1.229076"
"320","180","161.847729","0.878193","0.025061","1.216875"
"-40","190","434.499071","0.727032","0.229388","1.483806"
"-30","190","416.629482","0.708789","0.207278","1.481986"
"-20","190","400.171671","0.692508","0.188206","1.479794"
"-10","190","384.964691","0.678016","0.171617","1.477344"
"0","190","370.871164","0.665175","0.15708","1.474761"
"10","190","357.773118","0.653871","0.144253","1.472169"
"20","190","345.56868","0.644015","0.132858","1.469682"
"30","190","334.169416","0.635539","0.122672","1.467399"
"40","190","323.498191","0.628394","0.113509","1.465396"
"50","190","313.487416","0.622546","0.105218","1.463728"
"60","190","304.077618","0.617981","0.097672","1.462436"
"70","190","295.216257","0.614697","0.090766","1.461543"
"80","190","286.856742","0.612708","0.084415","1.461053"
"90","190","278.957617","0.612044","0.078548","1.460947"
"100","190","271.481866","0.612745","0.073109","1.461171"
"110","190","264.396342","0.614862","0.068055","1.461616"
"120","190","257.671267","0.618454","0.063352","1.462098"
"130","190","251.279818","0.623581","0.058977","1.462335"
"140","190","245.197769","0.630293","0.054917","1.461928"
"150","190","239.403187","0.638622","0.051164","1.460368"
"160","190","233.876159","0.64856","0.047717","1.457083"
"170","190","228.598575","0.660053","0.044576","1.451517"
"180","190","223.553919","0.672982","0.041743","1.443255"
"190","190","218.727104","0.687167","0.039215","1.432125"
"200","190","214.104319","0.702371","0.036984","1.418264"
"210","190","209.672893","0.718326","0.035036","1.402089"
"220","190","205.421187","0.734747","0.033351","1.384214"
"230","190","201.338484","0.751365","0.031906","1.365328"
"240","190","197.414905","0.767938","0.030675","1.346084"
"250","190","193.641324","0.784266","0.029631","1.327035"
"260","190","190.0093","0.80019","0.02875","1.308595"
"270","190","186.511016","0.815596","0.028008","1.291046"
"280","190","183.139218","0.830403","0.027386","1.274558"
"290","190","179.887168","0.844562","0.026865","1.259208"
"300","190","176.748597","0.85805","0.026431","1.24501"
"310","190","173.717669","0.870859","0.026069","1.231937"
"320","190","170.788938","0.882996","0.025771","1.219932"
"-40","200","457.246136","0.763979","0.231289","1.481045"
"-30","200","438.44103","0.744695","0.209066","1.479027"
"-20","200","421.121614","0.727463","0.189902","1.476611"
"-10","200","405.118512","0.712101","0.173239","1.47391"
"0","200","390.287155","0.698458","0.158642","1.471045"
"10","200","376.503396","0.686414","0.145767","1.468133"
"20","200","363.660026","0.67587","0.134336","1.465283"
"30","200","351.663983","0.66675","0.124122","1.462585"
"40","200","340.434094","0.658996","0.114941","1.460107"
"50","200","329.899231","0.652569","0.106639","1.457899"
"60","200","319.996808","0.647443","0.09909","1.45599"
"70","200","310.671533","0.643607","0.092188","1.454398"
"80","200","301.874378","0.641064","0.085847","1.453119"
"90","200","293.561714","0.63983","0.079996","1.452133"
"100","200","285.694591","0.639931","0.074579","1.451385"
"110","200","278.238122","0.641402","0.069549","1.450782"
"120","200","271.160973","0.644282","0.064873","1.450168"
"130","200","264.434916","0.648613","0.060526","1.449316"
"140","200","258.034458","0.654427","0.05649","1.44791"
"150","200","251.936515","0.661739","0.052756","1.445558"
"160","200","246.120135","0.670539","0.049318","1.441813"
"170","200","240.566256","0.680772","0.046175","1.436243"
"180","200","235.257501","0.69234","0.043325","1.428507"
"190","200","230.177991","0.705092","0.040764","1.418437"
"200","200","225.313191","0.718834","0.038486","1.406088"
"210","200","220.64977","0.73334","0.036478","1.391738"
"220","200","216.175477","0.748369","0.034725","1.375833"
"230","200","211.879035","0.763685","0.033204","1.358904"
"240","200","207.750047","0.779071","0.031895","1.341484"
"250","200","203.77891","0.794338","0.030774","1.32405"
"260","200","199.956741","0.809332","0.029818","1.306982"
"270","200","196.275313","0.823934","0.029005","1.290561"
"280","200","192.726994","0.838056","0.028315","1.274971"
"290","200","189.304691","0.851637","0.027733","1.260318"
"300","200","186.001808","0.864641","0.027242","1.246647"
"310","200","182.812204","0.877049","0.026829","1.23396"
"320","200","179.730147","0.888857","0.026483","1.222228"
"-40","210","479.9932","0.800833","0.233188","1.47835"
"-30","210","460.252579","0.780503","0.21085","1.476143"
"-20","210","442.071557","0.762315","0.191593","1.473517"
"-10","210","425.272334","0.746075","0.174854","1.470583"
"0","210","409.703147","0.731624","0.160196","1.467455"
"10","210","395.233673","0.718832","0.147272","1.464249"
"20","210","381.751372","0.707592","0.135802","1.461066"
"30","210","369.158551","0.697821","0.125559","1.457991"
"40","210","357.369997","0.689452","0.116357","1.455087"
"50","210","346.311046","0.682438","0.108042","1.452395"
"60","210","335.915998","0.676744","0.100486","1.449943"
"70","210","326.126809","0.672351","0.093584","1.44774"
"80","210","316.892014","0.669252","0.08725","1.445782"
"90","210","308.165812","0.66745","0.081411","1.444046"
"100","210","299.907315","0.66696","0.076009","1.442483"
"110","210","292.079902","0.667802","0.070999","1.441009"
"120","210","284.650679","0.67","0.066344","1.439497"
"130","210","277.590015","0.67358","0.062018","1.437759"
"140","210","270.871148","0.67856","0.058001","1.435544"
"150","210","264.469844","0.684944","0.054281","1.432541"
"160","210","258.364111","0.692713","0.050851","1.428402"
"170","210","252.533938","0.701819","0.047705","1.42278"
"180","210","246.961083","0.712172","0.04484","1.415396"
"190","210","241.628877","0.723646","0.042252","1.406095"
"200","210","236.522064","0.736076","0.039933","1.394887"
"210","210","231.626647","0.74927","0.037874","1.381956"
"220","210","226.929767","0.76302","0.03606","1.367628"
"230","210","222.419586","0.777121","0.034473","1.352315"
"240","210","218.085189","0.791376","0.033094","1.336451"
"250","210","213.916495","0.805612","0.031902","1.32044"
"260","210","209.904182","0.819682","0.030876","1.304624"
"270","210","206.039611","0.833466","0.029995","1.289267"
"280","210","202.314769","0.846874","0.029242","1.274558"
"290","210","198.722214","0.859837","0.0286","1.260616"
"300","210","195.25502","0.872311","0.028054","1.247507"
"310","210","191.906739","0.884267","0.02759","1.235254"
"320","210","188.671356","0.895692","0.027198","1.223849"
"-40","220","502.740265","0.837595","0.235086","1.475716"
"-30","220","482.064128","0.816214","0.212631","1.473332"
"-20","220","463.0215","0.797065","0.193279","1.470509"
"-10","220","445.426155","0.779942","0.176463","1.467356"
"0","220","429.119138","0.764677","0.161742","1.463985"
"10","220","413.963951","0.751131","0.148767","1.460506"
"20","220","399.842718","0.739188","0.137257","1.457019"
"30","220","386.653118","0.728758","0.126983","1.453601"
"40","220","374.3059","0.719767","0.117757","1.45031"
"50","220","362.722861","0.712159","0.109426","1.447187"
"60","220","351.835187","0.705892","0.101862","1.444252"
"70","220","341.582086","0.700938","0.094957","1.441515"
"80","220","331.909649","0.69728","0.088625","1.438968"
"90","220","322.76991","0.694912","0.082794","1.43659"
"100","220","314.120039","0.693838","0.077404","1.434335"
"110","220","305.921683","0.694064","0.072408","1.432133"
"120","220","298.140386","0.695604","0.06777","1.429876"
"130","220","290.745114","0.69847","0.06346","1.427409"
"140","220","283.707837","0.702668","0.059458","1.424531"
"150","220","277.003173","0.708192","0.055749","1.420992"
"160","220","270.608087","0.71502","0.052323","1.416514"
"170","220","264.501619","0.723102","0.049174","1.410819"
"180","220","258.664664","0.732359","0.046296","1.403677"
"190","220","253.079764","0.74268","0.043684","1.394946"
"200","220","247.730937","0.753922","0.041331","1.384613"
"210","220","242.603524","0.765921","0.039227","1.372798"
"220","220","237.684057","0.778496","0.037359","1.359742"
"230","220","232.960136","0.791464","0.035713","1.345765"
"240","220","228.420331","0.80465","0.034271","1.33122"
"250","220","224.054081","0.817896","0.033013","1.31645"
"260","220","219.851623","0.831061","0.031922","1.301756"
"270","220","215.803908","0.844031","0.030978","1.287381"
"280","220","211.902545","0.856712","0.030165","1.27351"
"290","220","208.139737","0.869036","0.029465","1.260266"
"300","220","204.508231","0.880949","0.028865","1.247727"
"310","220","201.001274","0.892417","0.028351","1.23593"
"320","220","197.612565","0.903419","0.027913","1.224885"
"-40","230","525.487329","0.874268","0.236982","1.473141"
"-30","230","503.875677","0.851832","0.21441","1.47059"
"-20","230","483.971443","0.831716","0.194962","1.467582"
"-10","230","465.579976","0.813705","0.178067","1.464224"
"0","230","448.53513","0.79762","0.163282","1.460627"
"10","230","432.694228","0.783313","0.150254","1.456897"
"20","230","417.934064","0.770662","0.138702","1.453129"
"30","230","404.147685","0.759566","0.128394","1.449397"
"40","230","391.241803","0.749947","0.119144","1.445758"
"50","230","379.134677","0.741738","0.110795","1.442247"
"60","230","367.754377","0.734893","0.103219","1.438884"
"70","230","357.037362","0.729373","0.096309","1.435676"
"80","230","346.927285","0.725155","0.089977","1.432616"
"90","230","337.374007","0.722223","0.084149","1.429683"
"100","230","328.332764","0.72057","0.078767","1.426839"
"110","230","319.763463","0.720193","0.073782","1.424022"
"120","230","311.630092","0.721095","0.069155","1.421141"
"130","230","303.900213","0.723276","0.064858","1.41807"
"140","230","296.544526","0.726734","0.060867","1.414643"
"150","230","289.536502","0.731454","0.057166","1.410658"
"160","230","282.852062","0.73741","0.053743","1.405891"
"170","230","276.469301","0.744553","0.050589","1.400117"
"180","230","270.368246","0.752809","0.047699","1.393143"
"190","230","264.53065","0.76208","0.045066","1.384844"
"200","230","258.939809","0.772239","0.042682","1.375192"
"210","230","253.580401","0.783143","0.040538","1.364266"
"220","230","248.438347","0.794633","0.038623","1.352244"
"230","230","243.500687","0.806547","0.036924","1.339376"
"240","230","238.755473","0.818727","0.035424","1.325951"
"250","230","234.191667","0.831027","0.034107","1.312258"
"260","230","229.799064","0.843316","0.032956","1.298559"
"270","230","225.568205","0.855485","0.031952","1.285078"
"280","230","221.49032","0.867442","0.031081","1.271986"
"290","230","217.55726","0.879115","0.030326","1.259409"
"300","230","213.761442","0.890449","0.029674","1.247429"
"310","230","210.095809","0.901405","0.029112","1.236094"
"320","230","206.553774","0.911956","0.028629","1.225423"
"-40","240","548.234393","0.910854","0.238877","1.470624"
"-30","240","525.687225","0.887357","0.216186","1.467915"
"-20","240","504.921386","0.86627","0.19664","1.464732"
"-10","240","485.733798","0.847365","0.179666","1.461183"
"0","240","467.951122","0.830455","0.164815","1.457374"
"10","240","451.424506","0.815382","0.151733","1.453412"
"20","240","436.02541","0.802016","0.140137","1.449385"
"30","240","421.642252","0.79025","0.129795","1.445368"
"40","240","408.177707","0.779995","0.120518","1.441412"
"50","240","395.546492","0.771182","0.112149","1.437552"
"60","240","383.673567","0.763753","0.104559","1.433806"
"70","240","372.492638","0.757665","0.097641","1.430182"
"80","240","361.944921","0.752885","0.091305","1.426672"
"90","240","351.978105","0.749389","0.085478","1.423259"
"100","240","342.545488","0.747162","0.080101","1.419909"
"110","240","333.605243","0.746192","0.075123","1.41657"
"120","240","325.119799","0.746472","0.070505","1.413164"
"130","240","317.055312","0.747994","0.066216","1.409586"
"140","240","309.381215","0.750746","0.062233","1.405701"
"150","240","302.069831","0.754709","0.058537","1.401343"
"160","240","295.096038","0.75985","0.055115","1.396331"
"170","240","288.436983","0.766122","0.051957","1.390478"
"180","240","282.071828","0.773455","0.049055","1.383623"
"190","240","275.981537","0.78176","0.046402","1.375658"
"200","240","270.148682","0.790924","0.04399","1.366545"
"210","240","264.557278","0.800819","0.041811","1.356335"
"220","240","259.192637","0.811304","0.039854","1.345161"
"230","240","254.041238","0.822234","0.038107","1.333221"
"240","240","249.090615","0.833467","0.036555","1.320748"
"250","240","244.329253","0.844867","0.035183","1.307988"
"260","240","239.746504","0.856314","0.033975","1.295169"
"270","240","235.332503","0.867703","0.032916","1.282491"
"280","240","231.078096","0.878944","0.031991","1.270116"
"290","240","226.974783","0.889967","0.031183","1.258164"
"300","240","223.014654","0.900714","0.030481","1.246721"
"310","240","219.190344","0.911143","0.029872","1.235839"
"320","240","215.494982","0.921223","0.029344","1.225546"
"-40","250","570.981458","0.947354","0.240771","1.468161"
"-30","250","547.498774","0.922793","0.217959","1.465302"
"-20","250","525.871329","0.900729","0.198315","1.461955"
"-10","250","505.887619","0.880926","0.181259","1.458227"
"0","250","487.367113","0.863186","0.166341","1.454222"
"10","250","470.154783","0.847341","0.153205","1.450043"
"20","250","454.116756","0.833255","0.141563","1.445779"
"30","250","439.13682","0.820812","0.131185","1.4415"
"40","250","425.11361","0.809918","0.121879","1.437256"
"50","250","411.958307","0.800495","0.113488","1.433081"
"60","250","399.592757","0.792478","0.105883","1.428993"
"70","250","387.947915","0.785818","0.098954","1.424999"
"80","250","376.962557","0.780474","0.092612","1.421095"
"90","250","366.582203","0.776416","0.086784","1.417263"
"100","250","356.758212","0.77362","0.081408","1.413477"
"110","250","347.447023","0.772065","0.076434","1.409689"
"120","250","338.609505","0.771738","0.071822","1.405838"
"130","250","330.21041","0.772621","0.067539","1.401833"
"140","250","322.217904","0.774696","0.063561","1.397563"
"150","250","314.603159","0.777938","0.059868","1.392893"
"160","250","307.340014","0.782313","0.056446","1.38767"
"170","250","300.404664","0.78777","0.053282","1.381744"
"180","250","293.77541","0.794246","0.050369","1.374976"
"190","250","287.432423","0.801655","0.047698","1.367272"
"200","250","281.357555","0.809897","0.045261","1.358593"
"210","250","275.534155","0.818856","0.04305","1.348968"
"220","250","269.946927","0.828406","0.041054","1.338497"
"230","250","264.581789","0.838417","0.039263","1.327336"
"240","250","259.425756","0.848756","0.037663","1.315676"
"250","250","254.466839","0.859303","0.036241","1.303725"
"260","250","249.693945","0.869942","0.034981","1.291682"
"270","250","245.0968","0.880576","0.03387","1.279725"
"280","250","240.665872","0.891117","0.032892","1.268003"
"290","250","236.392306","0.901496","0.032035","1.256632"
"300","250","232.267865","0.911654","0.031284","1.245696"
"310","250","228.284879","0.921549","0.030629","1.23525"
"320","250","224.436191","0.931146","0.030058","1.225328"
"-40","260","593.728522","0.983769","0.242665","1.46575"
"-30","260","569.310323","0.95814","0.219731","1.46275"
"-20","260","546.821272","0.935096","0.199987","1.459249"
"-10","260","526.04144","0.914391","0.182848","1.455352"
"0","260","506.783105","0.895815","0.167862","1.451163"
"10","260","488.885061","0.879194","0.154669","1.446784"
"20","260","472.208102","0.864383","0.142981","1.442301"
"30","260","456.631387","0.851259","0.132565","1.437781"
"40","260","442.049513","0.83972","0.123229","1.433276"
"50","260","428.370122","0.829681","0.114814","1.428816"
"60","260","415.511947","0.821073","0.107191","1.424421"
"70","260","403.403191","0.813838","0.10025","1.420099"
"80","260","391.980193","0.80793","0.0939","1.415845"
"90","260","381.1863","0.80331","0.088068","1.411648"
"100","260","370.970937","0.799947","0.082691","1.407482"
"110","260","361.288803","0.797816","0.077718","1.40331"
"120","260","352.099211","0.796892","0.073109","1.399078"
"130","260","343.365509","0.797154","0.06883","1.394711"
"140","260","335.054593","0.798577","0.064854","1.390116"
"150","260","327.136488","0.801132","0.061163","1.385181"
"160","260","319.583989","0.804779","0.057738","1.379781"
"170","260","312.372346","0.809469","0.054569","1.373787"
"180","260","305.478992","0.81514","0.051644","1.367085"
"190","260","298.88331","0.821713","0.048956","1.35959"
"200","260","292.566427","0.829096","0.046496","1.351263"
"210","260","286.511032","0.837182","0.044255","1.34212"
"220","260","280.701217","0.845859","0.042225","1.332237"
"230","260","275.122339","0.855005","0.040393","1.321736"
"240","260","269.760898","0.864503","0.03875","1.310775"
"250","260","264.604425","0.874238","0.03728","1.299528"
"260","260","259.641386","0.884105","0.035972","1.288169"
"270","260","254.861097","0.894009","0.034812","1.276857"
"280","260","250.253647","0.903869","0.033786","1.265728"
"290","260","245.809829","0.913614","0.03288","1.254892"
"300","260","241.521077","0.92319","0.032083","1.244429"
"310","260","237.379414","0.932549","0.031383","1.234398"
"320","260","233.3774","0.941657","0.03077","1.224834"
"-40","270","616.475587","1.020102","0.244557","1.46339"
"-30","270","591.121872","0.993401","0.2215","1.460256"
"-20","270","567.771215","0.969373","0.201655","1.456609"
"-10","270","546.195262","0.94776","0.184433","1.452554"
"0","270","526.199096","0.928345","0.169377","1.448194"
"10","270","507.615338","0.910943","0.156127","1.443629"
"20","270","490.299448","0.895402","0.144391","1.438943"
"30","270","474.125954","0.881592","0.133936","1.434203"
"40","270","458.985416","0.869403","0.124568","1.429458"
"50","270","444.781937","0.858746","0.116128","1.424741"
"60","270","431.431136","0.849543","0.108485","1.42007"
"70","270","418.858467","0.841731","0.10153","1.415454"
"80","270","406.997828","0.835256","0.09517","1.410892"
"90","270","395.790398","0.830075","0.089332","1.406373"
"100","270","385.183661","0.826149","0.083952","1.401877"
"110","270","375.130584","0.823447","0.078978","1.397373"
"120","270","365.588918","0.821938","0.074369","1.392813"
"130","270","356.520608","0.821594","0.070091","1.388138"
"140","270","347.891282","0.822386","0.066117","1.383267"
"150","270","339.669817","0.824279","0.062424","1.378108"
"160","270","331.827965","0.827232","0.058996","1.372555"
"170","270","324.340027","0.831196","0.05582","1.366502"
"180","270","317.182573","0.836108","0.052884","1.35985"
"190","270","310.334196","0.841895","0.05018","1.352525"
"200","270","303.7753","0.848471","0.047698","1.344489"
"210","270","297.487909","0.855739","0.045431","1.335749"
"220","270","291.455507","0.863594","0.043368","1.326361"
"230","270","285.66289","0.871927","0.0415","1.316423"
"240","270","280.09604","0.880629","0.039815","1.306064"
"250","270","274.742011","0.889592","0.038303","1.295432"
"260","270","269.588827","0.89872","0.03695","1.284678"
"270","270","264.625395","0.907922","0.035743","1.273944"
"280","270","259.841423","0.917121","0.03467","1.263352"
"290","270","255.227352","0.926248","0.033719","1.253006"
"300","270","250.774288","0.935248","0.032878","1.242984"
"310","270","246.473949","0.944075","0.032135","1.233342"
"320","270","242.318609","0.952692","0.031481","1.224119"
"-40","280","639.222651","1.056354","0.246449","1.461078"
"-30","280","612.93342","1.028577","0.223268","1.457817"
"-20","280","588.721158","1.003562","0.20332","1.454033"
"-10","280","566.349083","0.981038","0.186014","1.449829"
"0","280","545.615088","0.960778","0.170887","1.44531"
"10","280","526.345616","0.942592","0.157578","1.440572"
"20","280","508.390794","0.926316","0.145794","1.435698"
"30","280","491.620522","0.911815","0.135298","1.430755"
"40","280","475.921319","0.898973","0.125897","1.425792"
"50","280","461.193753","0.887693","0.11743","1.420841"
"60","280","447.350326","0.877892","0.109766","1.415921"
"70","280","434.313744","0.8695","0.102795","1.411042"
"80","280","422.015464","0.862459","0.096424","1.406206"
"90","280","410.394496","0.856717","0.090577","1.401404"
"100","280","399.396385","0.852231","0.085191","1.39662"
"110","280","388.972364","0.848963","0.080215","1.391826"
"120","280","379.078624","0.846878","0.075605","1.386986"
"130","280","369.675707","0.845941","0.071326","1.382045"
"140","280","360.727971","0.846119","0.06735","1.37694"
"150","280","352.203146","0.847374","0.063655","1.37159"
"160","280","344.071941","0.849662","0.060223","1.365908"
"170","280","336.307709","0.852932","0.057039","1.359802"
"180","280","328.886155","0.857124","0.054093","1.35319"
"190","280","321.785083","0.862169","0.051373","1.346006"
"200","280","314.984172","0.867984","0.048871","1.338213"
"210","280","308.464786","0.87448","0.046578","1.329813"
"220","280","302.209797","0.881561","0.044485","1.320846"
"230","280","296.203441","0.889125","0.042583","1.311391"
"240","280","290.431182","0.897071","0.040861","1.301554"
"250","280","284.879597","0.9053","0.039308","1.291462"
"260","280","279.536268","0.91372","0.037913","1.281244"
"270","280","274.389692","0.922247","0.036662","1.271026"
"280","280","269.429199","0.930805","0.035546","1.260921"
"290","280","264.644875","0.939329","0.034551","1.251023"
"300","280","260.027499","0.947764","0.033667","1.241408"
"310","280","255.568484","0.956065","0.032883","1.232132"
"320","280","251.259818","0.964194","0.032189","1.223232"
"-40","290","661.969716","1.092527","0.248341","1.458813"
"-30","290","634.744969","1.063671","0.225034","1.455432"
"-20","290","609.671101","1.037664","0.204983","1.451518"
"-10","290","586.502904","1.014225","0.18759","1.447175"
"0","290","565.031079","0.993118","0.172393","1.442506"
"10","290","545.075893","0.974142","0.159023","1.437607"
"20","290","526.48214","0.957128","0.147189","1.432559"
"30","290","509.115089","0.941932","0.136651","1.42743"
"40","290","492.857223","0.928433","0.127216","1.422267"
"50","290","477.605568","0.916527","0.118721","1.417103"
"60","290","463.269516","0.906125","0.111035","1.411958"
"70","290","449.76902","0.897151","0.104046","1.406844"
"80","290","437.0331","0.889541","0.097661","1.401764"
"90","290","424.998594","0.883239","0.091805","1.396712"
"100","290","413.60911","0.878196","0.086412","1.391674"
"110","290","402.814144","0.874367","0.081431","1.386629"
"120","290","392.568331","0.871713","0.076817","1.381545"
"130","290","382.830806","0.870196","0.072536","1.376377"
"140","290","373.56466","0.869776","0.068557","1.371071"
"150","290","364.736475","0.870412","0.064859","1.365558"
"160","290","356.315917","0.872059","0.061421","1.359766"
"170","290","348.27539","0.874665","0.05823","1.353616"
"180","290","340.589737","0.878171","0.055272","1.347036"
"190","290","333.235969","0.882509","0.052537","1.33997"
"200","290","326.193045","0.887603","0.050016","1.332383"
"210","290","319.441663","0.893368","0.047699","1.324271"
"220","290","312.964086","0.899715","0.045579","1.315666"
"230","290","306.743991","0.906549","0.043645","1.306628"
"240","290","300.766324","0.913777","0.041888","1.297247"
"250","290","295.017183","0.921305","0.040297","1.28763"
"260","290","289.483709","0.929048","0.038862","1.277888"
"270","290","284.153989","0.936924","0.037571","1.268134"
"280","290","279.016974","0.944863","0.036413","1.25847"
"290","290","274.062398","0.9528","0.035376","1.248982"
"300","290","269.280711","0.960683","0.034451","1.239743"
"310","290","264.663019","0.968465","0.033627","1.230807"
"320","290","260.201027","0.976111","0.032894","1.222212"
"-40","300","684.71678","1.128621","0.250232","1.456593"
"-30","300","656.556518","1.098683","0.226798","1.453097"
"-20","300","630.621044","1.071681","0.206643","1.449061"
"-10","300","606.656726","1.047324","0.189164","1.444587"
"0","300","584.447071","1.025365","0.173893","1.439778"
"10","300","563.806171","1.005596","0.160463","1.434729"
"20","300","544.573486","0.98784","0.148577","1.429521"
"30","300","526.609656","0.971946","0.137997","1.424219"
"40","300","509.793126","0.957787","0.128526","1.418873"
"50","300","494.017383","0.945251","0.120002","1.413515"
"60","300","479.188706","0.934245","0.112292","1.408168"
"70","300","465.224296","0.924688","0.105284","1.402842"
"80","300","452.050736","0.916508","0.098884","1.397544"
"90","300","439.602691","0.909647","0.093016","1.39227"
"100","300","427.821834","0.904047","0.087615","1.38701"
"110","300","416.655924","0.899663","0.082627","1.381745"
"120","300","406.058037","0.896447","0.078009","1.376449"
"130","300","395.985904","0.894359","0.073723","1.371086"
"140","300","386.401349","0.893354","0.06974","1.365606"
"150","300","377.269803","0.893388","0.066037","1.359955"
"160","300","368.559892","0.894416","0.062593","1.354069"
"170","300","360.243072","0.896383","0.059393","1.347881"
"180","300","352.293319","0.899231","0.056424","1.34133"
"190","300","344.686856","0.902895","0.053675","1.334364"
"200","300","337.401918","0.907302","0.051135","1.326953"
"210","300","330.418539","0.912372","0.048796","1.319089"
"220","300","323.718376","0.918021","0.04665","1.310795"
"230","300","317.284542","0.92416","0.044686","1.302121"
"240","300","311.101466","0.930702","0.042897","1.29314"
"250","300","305.154769","0.937561","0.04127","1.283942"
"260","300","299.431149","0.944654","0.039798","1.274625"
"270","300","293.918287","0.951904","0.038468","1.265288"
"280","300","288.60475","0.959244","0.03727","1.256024"
"290","300","283.479921","0.966611","0.036194","1.246912"
"300","300","278.533922","0.973954","0.03523","1.23802"
"310","300","273.757553","0.981228","0.034367","1.2294"
"320","300","269.142236","0.988395","0.033597","1.22109"
"-40","310","707.463845","1.164639","0.252123","1.454416"
"-30","310","678.368067","1.133615","0.228561","1.450812"
"-20","310","651.570987","1.105615","0.208301","1.44666"
"-10","310","626.810547","1.080336","0.190733","1.442063"
"0","310","603.863062","1.057522","0.175389","1.437123"
"10","310","582.536449","1.036957","0.161897","1.431934"
"20","310","562.664832","1.018455","0.149959","1.426577"
"30","310","544.104224","1.00186","0.139335","1.421117"
"40","310","526.729029","0.987036","0.129827","1.415602"
"50","310","510.429198","0.973868","0.121273","1.410068"
"60","310","495.107896","0.962256","0.113538","1.404536"
"70","310","480.679573","0.952113","0.106509","1.399021"
"80","310","467.068372","0.943364","0.100093","1.393528"
"90","310","454.206789","0.935943","0.094212","1.388057"
"100","310","442.034558","0.92979","0.088801","1.3826"
"110","310","430.497704","0.924853","0.083805","1.377143"
"120","310","419.547744","0.921082","0.079181","1.371663"
"130","310","409.141003","0.918431","0.074889","1.36613"
"140","310","399.238038","0.916853","0.070901","1.360502"
"150","310","389.803132","0.916302","0.067192","1.354732"
"160","310","380.803868","0.916728","0.063741","1.348766"
"170","310","372.210753","0.918078","0.060532","1.342547"
"180","310","363.9969","0.920294","0.057552","1.33602"
"190","310","356.137742","0.923311","0.054788","1.329142"
"200","310","348.61079","0.927061","0.052231","1.321882"
"210","310","341.395416","0.931466","0.049871","1.314234"
"220","310","334.472666","0.936449","0.0477","1.306211"
"230","310","327.825093","0.941925","0.045708","1.297855"
"240","310","321.436608","0.947812","0.043888","1.289226"
"250","310","315.292355","0.954028","0.042228","1.280401"
"260","310","309.37859","0.960496","0.04072","1.271464"
"270","310","303.682584","0.967143","0.039354","1.262503"
"280","310","298.192525","0.973903","0.038118","1.253602"
"290","310","292.897444","0.980717","0.037005","1.244834"
"300","310","287.787133","0.987534","0.036003","1.236262"
"310","310","282.852088","0.99431","0.035103","1.227936"
"320","310","278.083445","1.001007","0.034297","1.219893"
"-40","320","730.210909","1.200581","0.254014","1.452281"
"-30","320","700.179615","1.168469","0.230324","1.448574"
"-20","320","672.52093","1.139468","0.209956","1.444313"
"-10","320","646.964368","1.113264","0.1923","1.4396"
"0","320","623.279054","1.089592","0.176881","1.434537"
"10","320","601.266726","1.068227","0.163326","1.429217"
"20","320","580.756178","1.048976","0.151335","1.423722"
"30","320","561.598791","1.031676","0.140666","1.418115"
"40","320","543.664932","1.016185","0.13112","1.412447"
"50","320","526.841013","1.002382","0.122535","1.406751"
"60","320","511.027085","0.990161","0.114773","1.401053"
"70","320","496.134849","0.979431","0.107723","1.395366"
"80","320","482.086007","0.970112","0.10129","1.389698"
"90","320","468.810887","0.962131","0.095395","1.384052"
"100","320","456.247283","0.955427","0.089972","1.378422"
"110","320","444.339484","0.949941","0.084967","1.372796"
"120","320","433.03745","0.94562","0.080334","1.367155"
"130","320","422.296102","0.942414","0.076036","1.361474"
"140","320","412.074727","0.940274","0.072042","1.355719"
"150","320","402.336461","0.93915","0.068326","1.349848"
"160","320","393.047844","0.938991","0.064867","1.343814"
"170","320","384.178435","0.939743","0.061649","1.337569"
"180","320","375.700482","0.941348","0.058656","1.331065"
"190","320","367.588629","0.943744","0.055878","1.324264"
"200","320","359.819663","0.946862","0.053304","1.317137"
"210","320","352.372293","0.950631","0.050924","1.309676"
"220","320","345.226956","0.954975","0.04873","1.301891"
"230","320","338.365643","0.959816","0.046712","1.293815"
"240","320","331.77175","0.965074","0.044862","1.285498"
"250","320","325.429941","0.970674","0.043171","1.277004"
"260","320","319.326031","0.976541","0.04163","1.268409"
"270","320","313.446881","0.982606","0.040229","1.259788"
"280","320","307.780301","0.988805","0.038958","1.251218"
"290","320","302.314967","0.995081","0.037808","1.242765"
"300","320","297.040345","1.001385","0.03677","1.234488"
"310","320","291.946623","1.007673","0.035835","1.226435"
"320","320","287.024654","1.013908","0.034994","1.218642"
"-40","330","752.957974","1.236449","0.255906","1.450186"
"-30","330","721.991164","1.203246","0.232085","1.446382"
"-20","330","693.470873","1.173241","0.21161","1.442017"
"-10","330","667.118189","1.146109","0.193864","1.437195"
"0","330","642.695045","1.121576","0.178369","1.432017"
"10","330","619.997004","1.099408","0.16475","1.426575"
"20","330","598.847524","1.079405","0.152705","1.420951"
"30","330","579.093358","1.061397","0.14199","1.41521"
"40","330","560.600835","1.045236","0.132406","1.4094"
"50","330","543.252829","1.030796","0.123788","1.403557"
"60","330","526.946275","1.017964","0.115999","1.397706"
"70","330","511.590125","1.006646","0.108926","1.391865"
"80","330","497.103643","0.996755","0.102474","1.386041"
"90","330","483.414984","0.988216","0.096563","1.380238"
"100","330","470.460007","0.980961","0.091128","1.374454"
"110","330","458.181265","0.974929","0.086113","1.36868"
"120","330","446.527156","0.970063","0.081471","1.362899"
"130","330","435.451201","0.96631","0.077165","1.35709"
"140","330","424.911416","0.963616","0.073163","1.351225"
"150","330","414.86979","0.961931","0.069439","1.345267"
"160","330","405.291819","0.961201","0.065972","1.339176"
"170","330","396.146117","0.961372","0.062744","1.33291"
"180","330","387.404064","0.962387","0.05974","1.326428"
"190","330","379.039515","0.964182","0.056948","1.319695"
"200","330","371.028535","0.966692","0.054357","1.312685"
"210","330","363.34917","0.969849","0.051958","1.30539"
"220","330","355.981246","0.973579","0.049741","1.297815"
"230","330","348.906194","0.977809","0.047699","1.289986"
"240","330","342.106892","0.982464","0.045821","1.281946"
"250","330","335.567527","0.98747","0.044101","1.27375"
"260","330","329.273472","0.992757","0.042528","1.265462"
"270","330","323.211178","0.998259","0.041093","1.25715"
"280","330","317.368077","1.003915","0.039789","1.248881"
"290","330","311.73249","1.009669","0.038604","1.240717"
"300","330","306.293556","1.015473","0.037532","1.232714"
"310","330","301.041158","1.021284","0.036562","1.224914"
"320","330","295.965863","1.027066","0.035687","1.217355"
"-40","340","775.705038","1.272244","0.257798","1.44813"
"-30","340","743.802713","1.237947","0.233845","1.444233"
"-20","340","714.420816","1.206936","0.213261","1.439771"
"-10","340","687.272011","1.178873","0.195424","1.434846"
"0","340","662.111037","1.153476","0.179853","1.429559"
"10","340","638.727281","1.130502","0.16617","1.424004"
"20","340","616.93887","1.109744","0.15407","1.418261"
"30","340","596.587926","1.091026","0.143308","1.412394"
"40","340","577.536738","1.074193","0.133684","1.406454"
"50","340","559.664644","1.059112","0.125033","1.400477"
"60","340","542.865465","1.045668","0.117216","1.394488"
"70","340","527.045402","1.03376","0.110119","1.388507"
"80","340","512.121279","1.023296","0.103647","1.382543"
"90","340","498.019082","1.014199","0.09772","1.376601"
"100","340","484.672731","1.006396","0.092271","1.37068"
"110","340","472.023045","0.999821","0.087243","1.364774"
"120","340","460.016863","0.994415","0.082592","1.358871"
"130","340","448.606299","0.990119","0.078277","1.352952"
"140","340","437.748105","0.986881","0.074267","1.346991"
"150","340","427.403119","0.984645","0.070534","1.340959"
"160","340","417.535795","0.983358","0.067058","1.334821"
"170","340","408.113798","0.982963","0.063819","1.328539"
"180","340","399.107646","0.983403","0.060804","1.322078"
"190","340","390.490402","0.984616","0.057998","1.315406"
"200","340","382.237408","0.98654","0.055391","1.3085"
"210","340","374.326047","0.989106","0.052973","1.301351"
"220","340","366.735536","0.992245","0.050735","1.293962"
"230","340","359.446745","0.995886","0.048669","1.286354"
"240","340","352.442034","0.999959","0.046766","1.278562"
"250","340","345.705113","1.004392","0.045017","1.270632"
"260","340","339.220913","1.00912","0.043414","1.262622"
"270","340","332.975476","1.014077","0.041948","1.25459"
"280","340","326.955852","1.019205","0.040611","1.246597"
"290","340","321.150013","1.024452","0.039393","1.2387"
"300","340","315.546767","1.029769","0.038287","1.230949"
"310","340","310.135693","1.035114","0.037284","1.223386"
"320","340","304.907072","1.040452","0.036376","1.216045"
"-40","350","798.452103","1.307967","0.25969","1.446112"
"-30","350","765.614262","1.272575","0.235605","1.442127"
"-20","350","735.370759","1.240554","0.214911","1.437572"
"-10","350","707.425832","1.211558","0.196983","1.43255"
"0","350","681.527028","1.185294","0.181334","1.427162"
"10","350","657.457559","1.161511","0.167585","1.421501"
"20","350","635.030216","1.139996","0.155429","1.415647"
"30","350","614.082493","1.120564","0.14462","1.409664"
"40","350","594.472642","1.103056","0.134956","1.403604"
"50","350","576.076459","1.087333","0.126269","1.397504"
"60","350","558.784655","1.073275","0.118423","1.39139"
"70","350","542.500678","1.060776","0.111302","1.385282"
"80","350","527.138915","1.04974","0.104809","1.379191"
"90","350","512.62318","1.040085","0.098864","1.373125"
"100","350","498.885456","1.031734","0.0934","1.367083"
"110","350","485.864825","1.024619","0.08836","1.361062"
"120","350","473.506569","1.018676","0.083698","1.355051"
"130","350","461.761398","1.013845","0.079373","1.349035"
"140","350","450.584794","1.010069","0.075353","1.342993"
"150","350","439.936447","1.007292","0.071612","1.336898"
"160","350","429.779771","1.005458","0.068126","1.330719"
"170","350","420.08148","1.00451","0.064877","1.324426"
"180","350","410.811227","1.004391","0.061849","1.317985"
"190","350","401.941288","1.00504","0.059029","1.311369"
"200","350","393.446281","1.006395","0.056407","1.304557"
"210","350","385.302924","1.00839","0.053971","1.297539"
"220","350","377.489826","1.010958","0.051713","1.290316"
"230","350","369.987295","1.014031","0.049624","1.282905"
"240","350","362.777176","1.017541","0.047695","1.275336"
"250","350","355.842699","1.021421","0.04592","1.267647"
"260","350","349.168354","1.025606","0.044288","1.259888"
"270","350","342.739773","1.030036","0.042792","1.252111"
"280","350","336.543628","1.034653","0.041424","1.244371"
"290","350","330.567536","1.039405","0.040175","1.236719"
"300","350","324.799979","1.044247","0.039037","1.229202"
"310","350","319.230228","1.049137","0.038002","1.221859"
"320","350","313.848281","1.054039","0.037063","1.214723"
"-40","360","821.199167","1.34362","0.261582","1.44413"
"-30","360","787.42581","1.307129","0.237364","1.440061"
"-20","360","756.320702","1.274096","0.21656","1.435418"
"-10","360","727.579653","1.244165","0.198539","1.430305"
"0","360","700.94302","1.217031","0.182812","1.424822"
"10","360","676.187836","1.192437","0.168996","1.419062"
"20","360","653.121562","1.170162","0.156784","1.413104"
"30","360","631.57706","1.150014","0.145926","1.407015"
"40","360","611.408545","1.131829","0.13622","1.400845"
"50","360","592.488274","1.115463","0.127499","1.394631"
"60","360","574.703845","1.100789","0.119623","1.388403"
"70","360","557.955955","1.087697","0.112475","1.382181"
"80","360","542.15655","1.076088","0.105961","1.375977"
"90","360","527.227277","1.065875","0.099998","1.369799"
"100","360","513.09818","1.056978","0.094518","1.36365"
"110","360","499.706605","1.049325","0.089464","1.357527"
"120","360","486.996276","1.042849","0.08479","1.351422"
"130","360","474.916497","1.037488","0.080454","1.345322"
"140","360","463.421483","1.033181","0.076425","1.339209"
"150","360","452.469776","1.029871","0.072673","1.33306"
"160","360","442.023747","1.0275","0.069177","1.326849"
"170","360","432.049161","1.026012","0.065917","1.320547"
"180","360","422.514809","1.025348","0.062877","1.314127"
"190","360","413.392175","1.025448","0.060044","1.307562"
"200","360","404.655153","1.02625","0.057406","1.300835"
"210","360","396.279801","1.02769","0.054952","1.293934"
"220","360","388.244116","1.029705","0.052675","1.286861"
"230","360","380.527846","1.032228","0.050564","1.279628"
"240","360","373.112318","1.035194","0.048612","1.272258"
"250","360","365.980284","1.038538","0.04681","1.264787"
"260","360","359.115794","1.042198","0.045151","1.257257"
"270","360","352.50407","1.046115","0.043627","1.249713"
"280","360","346.131403","1.050235","0.042229","1.242206"
"290","360","339.985059","1.054507","0.04095","1.23478"
"300","360","334.05319","1.058885","0.039781","1.22748"
"310","360","328.324763","1.06333","0.038716","1.220342"
"320","360","322.78949","1.067806","0.037745","1.213397"
"-40","370","843.946232","1.379204","0.263476","1.442183"
"-30","370","809.237359","1.341612","0.239123","1.438034"
"-20","370","777.270645","1.307565","0.218207","1.433309"
"-10","370","747.733475","1.276695","0.200092","1.42811"
"0","370","720.359011","1.248689","0.184287","1.422537"
"10","370","694.918114","1.223282","0.170403","1.416684"
"20","370","671.212908","1.200244","0.158133","1.410631"
"30","370","649.071628","1.179379","0.147227","1.404442"
"40","370","628.344448","1.160515","0.137479","1.39817"
"50","370","608.900089","1.143502","0.128721","1.391854"
"60","370","590.623034","1.128211","0.120814","1.385522"
"70","370","573.411231","1.114526","0.11364","1.379196"
"80","370","557.174186","1.102344","0.107103","1.372889"
"90","370","541.831375","1.091573","0.101121","1.366612"
"100","370","527.310904","1.082131","0.095624","1.360367"
"110","370","513.548385","1.073942","0.090556","1.354154"
"120","370","500.485982","1.066937","0.085869","1.347966"
"130","370","488.071596","1.061049","0.081522","1.341794"
"140","370","476.258172","1.056218","0.077481","1.33562"
"150","370","465.003105","1.052382","0.073719","1.329426"
"160","370","454.267722","1.049485","0.070212","1.323188"
"170","370","444.016843","1.047467","0.066941","1.316882"
"180","370","434.218391","1.046269","0.063889","1.310482"
"190","370","424.843061","1.045833","0.061042","1.303965"
"200","370","415.864026","1.046098","0.058389","1.297315"
"210","370","407.256678","1.047","0.055918","1.290521"
"220","370","398.998406","1.048478","0.053622","1.283582"
"230","370","391.068397","1.050467","0.05149","1.276509"
"240","370","383.44746","1.052905","0.049515","1.269321"
"250","370","376.11787","1.055729","0.047689","1.262048"
"260","370","369.063235","1.058879","0.046004","1.254725"
"270","370","362.268368","1.062299","0.044453","1.247396"
"280","370","355.719179","1.065934","0.043026","1.240102"
"290","370","349.402582","1.069737","0.041718","1.232886"
"300","370","343.306401","1.073663","0.04052","1.225787"
"310","370","337.419298","1.077672","0.039424","1.218841"
"320","370","331.730699","1.08173","0.038424","1.212075"
"-40","380","866.693296","1.414719","0.26537","1.440271"
"-30","380","831.048908","1.376025","0.240881","1.436046"
"-20","380","798.220588","1.340961","0.219853","1.431242"
"-10","380","767.887296","1.309151","0.201644","1.425961"
"0","380","739.775003","1.280271","0.185758","1.420305"
"10","380","713.648391","1.254048","0.171807","1.414365"
"20","380","689.304254","1.230245","0.159479","1.408222"
"30","380","666.566195","1.20866","0.148522","1.401942"
"40","380","645.280351","1.189114","0.138732","1.395577"
"50","380","625.311905","1.171454","0.129937","1.389166"
"60","380","606.542224","1.155545","0.121998","1.382739"
"70","380","588.866507","1.141265","0.114797","1.376318"
"80","380","572.191822","1.128509","0.108236","1.36992"
"90","380","556.435473","1.117182","0.102233","1.363554"
"100","380","541.523628","1.107196","0.09672","1.357224"
"110","380","527.390166","1.098473","0.091636","1.350931"
"120","380","513.975689","1.090941","0.086936","1.344672"
"130","380","501.226695","1.084532","0.082576","1.338435"
"140","380","489.094861","1.079181","0.078524","1.33221"
"150","380","477.536434","1.074827","0.074751","1.325978"
"160","380","466.511698","1.071411","0.071233","1.319719"
"170","380","455.984524","1.068872","0.06795","1.31341"
"180","380","445.921973","1.067153","0.064886","1.307031"
"190","380","436.293948","1.066193","0.062025","1.300559"
"200","380","427.072899","1.065933","0.059357","1.29398"
"210","380","418.233555","1.066311","0.05687","1.287283"
"220","380","409.752696","1.067267","0.054555","1.280467"
"230","380","401.608948","1.068737","0.052403","1.273539"
"240","380","393.782602","1.070662","0.050406","1.266515"
"250","380","386.255456","1.07298","0.048557","1.259422"
"260","380","379.010676","1.075635","0.046847","1.25229"
"270","380","372.032665","1.07857","0.045269","1.245157"
"280","380","365.306955","1.081734","0.043816","1.23806"
"290","380","358.820105","1.08508","0.042479","1.231038"
"300","380","352.559613","1.088564","0.041252","1.224127"
"310","380","346.513833","1.092147","0.040128","1.217359"
"320","380","340.671908","1.095795","0.039099","1.210762"
"-40","390","889.44036","1.450167","0.267264","1.438391"
"-30","390","852.860457","1.410368","0.24264","1.434094"
"-20","390","819.170531","1.374286","0.221498","1.429215"
"-10","390","788.041117","1.341533","0.203193","1.423858"
"0","390","759.190994","1.311777","0.187227","1.418123"
"10","390","732.378669","1.284735","0.173207","1.412102"
"20","390","707.3956","1.260166","0.16082","1.405876"
"30","390","684.060762","1.237859","0.149813","1.399511"
"40","390","662.216254","1.21763","0.139978","1.393059"
"50","390","641.72372","1.199321","0.131146","1.386562"
"60","390","622.461414","1.182792","0.123175","1.380048"
"70","390","604.321784","1.167917","0.115946","1.373543"
"80","390","587.209458","1.154587","0.109361","1.367062"
"90","390","571.039571","1.142702","0.103337","1.360615"
"100","390","555.736353","1.132174","0.097805","1.35421"
"110","390","541.231946","1.122919","0.092706","1.347848"
"120","390","527.465395","1.114863","0.087991","1.341525"
"130","390","514.381793","1.107936","0.083618","1.335234"
"140","390","501.93155","1.102071","0.079554","1.328964"
"150","390","490.069763","1.097205","0.07577","1.3227"
"160","390","478.755674","1.093278","0.07224","1.316424"
"170","390","467.952206","1.090228","0.068945","1.310117"
"180","390","457.625555","1.087996","0.065868","1.303757"
"190","390","447.744834","1.086524","0.062994","1.297328"
"200","390","438.281771","1.085752","0.060311","1.290815"
"210","390","429.210432","1.085619","0.057808","1.284206"
"220","390","420.506986","1.086065","0.055475","1.277502"
"230","390","412.149498","1.08703","0.053303","1.270706"
"240","390","404.117743","1.088455","0.051286","1.263833"
"250","390","396.393042","1.090281","0.049414","1.256905"
"260","390","388.958117","1.092453","0.04768","1.249947"
"270","390","381.796962","1.094916","0.046077","1.242994"
"280","390","374.89473","1.097621","0.044597","1.236079"
"290","390","368.237628","1.10052","0.043234","1.229237"
"300","390","361.812824","1.103572","0.04198","1.222501"
"310","390","355.608368","1.106737","0.040828","1.215901"
"320","390","349.613116","1.109983","0.039771","1.209462"
"-40","400","912.187425","1.485549","0.26916","1.436543"
"-30","400","874.672005","1.444643","0.244398","1.432177"
"-20","400","840.120475","1.407541","0.223142","1.427228"
"-10","400","808.194939","1.373843","0.204741","1.421799"
"0","400","778.606986","1.343208","0.188694","1.415989"
"10","400","751.108946","1.315347","0.174604","1.409893"
"20","400","725.486946","1.290009","0.162157","1.40359"
"30","400","701.555329","1.266977","0.151099","1.397146"
"40","400","679.152158","1.246064","0.14122","1.390615"
"50","400","658.135535","1.227105","0.132349","1.384037"
"60","400","638.380604","1.209954","0.124345","1.377445"
"70","400","619.77706","1.194484","0.117087","1.370863"
"80","400","602.227094","1.180579","0.110477","1.364307"
"90","400","585.643668","1.168138","0.104432","1.357789"
"100","400","569.949077","1.157068","0.09888","1.351317"
"110","400","555.073726","1.147283","0.093765","1.344893"
"120","400","540.955101","1.138706","0.089035","1.338514"
"130","400","527.536892","1.131264","0.084649","1.332176"
"140","400","514.768239","1.12489","0.080572","1.325869"
"150","400","502.603091","1.119518","0.076775","1.319579"
"160","400","490.999649","1.115085","0.073234","1.31329"
"170","400","479.919887","1.111532","0.069927","1.306986"
"180","400","469.329136","1.108798","0.066837","1.300648"
"190","400","459.195721","1.106823","0.063949","1.294259"
"200","400","449.490644","1.105549","0.061251","1.287806"
"210","400","440.187309","1.104917","0.058732","1.28128"
"220","400","431.261276","1.104866","0.056382","1.274677"
"230","400","422.690049","1.105338","0.054192","1.268003"
"240","400","414.452885","1.106276","0.052154","1.261267"
"250","400","406.530628","1.107623","0.05026","1.25449"
"260","400","398.905558","1.109324","0.048503","1.247693"
"270","400","391.56126","1.111326","0.046876","1.240906"
"280","400","384.482506","1.113582","0.045371","1.234159"
"290","400","377.655151","1.116045","0.043982","1.227484"
"300","400","371.066035","1.118673","0.042701","1.220911"
"310","400","364.702903","1.12143","0.041522","1.214468"
"320","400","358.554325","1.124282","0.040439","1.208178"
"-40","410","934.934489","1.520866","0.271057","1.434725"
"-30","410","896.483554","1.478852","0.246156","1.430295"
"-20","410","861.070418","1.440727","0.224785","1.425279"
"-10","410","828.34876","1.406082","0.206287","1.419781"
"0","410","798.022977","1.374567","0.190158","1.413902"
"10","410","769.839224","1.345884","0.175998","1.407735"
"20","410","743.578292","1.319775","0.163491","1.401359"
"30","410","719.049897","1.296018","0.15238","1.394843"
"40","410","696.088061","1.274419","0.142456","1.388238"
"50","410","674.54735","1.254807","0.133547","1.381588"
"60","410","654.299793","1.237035","0.125508","1.374925"
"70","410","635.232336","1.220968","0.118221","1.368272"
"80","410","617.244729","1.206489","0.111586","1.361649"
"90","410","600.247766","1.193491","0.105518","1.355067"
"100","410","584.161801","1.18188","0.099947","1.348536"
"110","410","568.915506","1.171566","0.094814","1.342057"
"120","410","554.444808","1.162471","0.090068","1.335631"
"130","410","540.691991","1.154518","0.085668","1.329252"
"140","410","527.604928","1.147638","0.081579","1.322913"
"150","410","515.13642","1.141765","0.077769","1.316601"
"160","410","503.243625","1.136835","0.074215","1.310304"
"170","410","491.887569","1.132785","0.070896","1.304005"
"180","410","481.032718","1.129556","0.067793","1.297688"
"190","410","470.646607","1.127088","0.064892","1.291337"
"200","410","460.699516","1.125323","0.06218","1.284941"
"210","410","451.164185","1.124201","0.059645","1.278491"
"220","410","442.015566","1.123664","0.057278","1.271983"
"230","410","433.2306","1.123655","0.055069","1.26542"
"240","410","424.788027","1.124118","0.053012","1.258811"
"250","410","416.668214","1.124996","0.051097","1.252171"
"260","410","408.852999","1.126237","0.049318","1.245523"
"270","410","401.325557","1.127789","0.047667","1.23889"
"280","410","394.070281","1.129606","0.046138","1.232299"
"290","410","387.072674","1.131642","0.044724","1.22578"
"300","410","380.319247","1.133857","0.043417","1.219359"
"310","410","373.797438","1.136213","0.042213","1.213063"
"320","410","367.495534","1.138678","0.041103","1.206913"
"-40","420","957.681554","1.556119","0.272955","1.432938"
"-30","420","918.295103","1.512994","0.247914","1.428445"
"-20","420","882.020361","1.473845","0.226427","1.423366"
"-10","420","848.502581","1.438251","0.207832","1.417804"
"0","420","817.438969","1.405854","0.191619","1.41186"
"10","420","788.569501","1.376347","0.177389","1.405626"
"20","420","761.669638","1.349466","0.164821","1.399184"
"30","420","736.544464","1.324982","0.153657","1.392599"
"40","420","713.023964","1.302695","0.143688","1.385928"
"50","420","690.959165","1.282431","0.134739","1.379211"
"60","420","670.218983","1.264035","0.126665","1.372482"
"70","420","650.687613","1.247371","0.119348","1.365766"
"80","420","632.262365","1.232317","0.112687","1.359082"
"90","420","614.851864","1.218764","0.106596","1.352444"
"100","420","598.374526","1.206612","0.101005","1.345859"
"110","420","582.757286","1.195771","0.095854","1.339333"
"120","420","567.934514","1.186159","0.091092","1.332865"
"130","420","553.84709","1.177699","0.086678","1.326451"
"140","420","540.441618","1.170318","0.082574","1.320086"
"150","420","527.669749","1.163948","0.078752","1.313757"
"160","420","515.487601","1.158525","0.075185","1.307454"
"170","420","503.855251","1.153986","0.071853","1.301162"
"180","420","492.7363","1.15027","0.068737","1.294866"
"190","420","482.097494","1.147317","0.065823","1.288553"
"200","420","471.908389","1.14507","0.063096","1.28221"
"210","420","462.141062","1.143468","0.060546","1.27583"
"220","420","452.769856","1.142456","0.058162","1.269409"
"230","420","443.77115","1.141976","0.055936","1.262949"
"240","420","435.123169","1.141973","0.053859","1.256456"
"250","420","426.8058","1.142393","0.051924","1.249945"
"260","420","418.800439","1.143185","0.050123","1.243433"
"270","420","411.089854","1.144297","0.04845","1.236942"
"280","420","403.658057","1.145684","0.046897","1.230497"
"290","420","396.490197","1.147303","0.045459","1.224123"
"300","420","389.572458","1.149111","0.044128","1.217845"
"310","420","382.891973","1.151075","0.042898","1.211686"
"320","420","376.436743","1.153159","0.041763","1.205669"
"-40","430","980.428618","1.591308","0.274854","1.43118"
"-30","430","940.106652","1.547071","0.249673","1.426628"
"-20","430","902.970304","1.506896","0.228069","1.421488"
"-10","430","868.656403","1.470352","0.209375","1.415865"
"0","430","836.85496","1.437072","0.193079","1.40986"
"10","430","807.299779","1.406739","0.178777","1.403564"
"20","430","779.760984","1.379084","0.166147","1.397059"
"30","430","754.039031","1.353871","0.154931","1.390413"
"40","430","729.959867","1.330895","0.144915","1.383679"
"50","430","707.370981","1.309976","0.135925","1.376901"
"60","430","686.138173","1.290957","0.127817","1.370112"
"70","430","666.142889","1.273695","0.120469","1.363339"
"80","430","647.280001","1.258066","0.113781","1.356601"
"90","430","629.455961","1.243957","0.107666","1.349912"
"100","430","612.58725","1.231266","0.102054","1.343281"
"110","430","596.599067","1.2199","0.096885","1.336713"
"120","430","581.424221","1.209773","0.092107","1.330209"
"130","430","567.002189","1.200808","0.087677","1.323766"
"140","430","553.278307","1.192929","0.083559","1.317378"
"150","430","540.203078","1.186067","0.079724","1.311037"
"160","430","527.731577","1.180157","0.076144","1.30473"
"170","430","515.822932","1.175135","0.072799","1.298447"
"180","430","504.439882","1.170939","0.06967","1.292173"
"190","430","493.54838","1.167509","0.066742","1.285895"
"200","430","483.117262","1.164787","0.064001","1.279603"
"210","430","473.117939","1.162715","0.061435","1.273289"
"220","430","463.524146","1.161237","0.059035","1.266949"
"230","430","454.311701","1.160295","0.056792","1.260583"
"240","430","445.458311","1.159837","0.054696","1.254198"
"250","430","436.943386","1.159809","0.052742","1.247805"
"260","430","428.74788","1.16016","0.05092","1.24142"
"270","430","420.854151","1.160842","0.049225","1.235061"
"280","430","413.245833","1.161808","0.04765","1.228751"
"290","430","405.90772","1.163017","0.046188","1.222512"
"300","430","398.825669","1.164428","0.044834","1.216368"
"310","430","391.986508","1.166005","0.043579","1.210339"
"320","430","385.377952","1.167717","0.04242","1.204446"
"-40","440","1003.175683","1.626435","0.276755","1.42945"
"-30","440","961.9182","1.581084","0.251432","1.424841"
"-20","440","923.920247","1.539882","0.22971","1.419645"
"-10","440","888.810224","1.502386","0.210917","1.413965"
"0","440","856.270952","1.46822","0.194537","1.407901"
"10","440","826.030056","1.437061","0.180162","1.401548"
"20","440","797.85233","1.40863","0.167471","1.394985"
"30","440","771.533599","1.382687","0.1562","1.388281"
"40","440","746.89577","1.359021","0.146137","1.381489"
"50","440","723.782796","1.337446","0.137107","1.374655"
"60","440","702.057363","1.317802","0.128963","1.367813"
"70","440","681.598165","1.299942","0.121584","1.360988"
"80","440","662.297637","1.283738","0.114868","1.354201"
"90","440","644.060059","1.269073","0.108729","1.347467"
"100","440","626.799974","1.255844","0.103096","1.340794"
"110","440","610.440847","1.243954","0.097907","1.33419"
"120","440","594.913927","1.233315","0.093112","1.327655"
"130","440","580.157287","1.223847","0.088667","1.321187"
"140","440","566.114996","1.215473","0.084535","1.314781"
"150","440","552.736407","1.208124","0.080685","1.30843"
"160","440","539.975552","1.201732","0.077093","1.302124"
"170","440","527.790614","1.196232","0.073735","1.29585"
"180","440","516.143463","1.191562","0.070592","1.289598"
"190","440","504.999267","1.187662","0.06765","1.283355"
"200","440","494.326134","1.184474","0.064895","1.277111"
"210","440","484.094816","1.181939","0.062315","1.270858"
"220","440","474.278435","1.180003","0.059899","1.264593"
"230","440","464.852252","1.178609","0.057638","1.258316"
"240","440","455.793453","1.177705","0.055525","1.252031"
"250","440","447.080972","1.177237","0.053551","1.245748"
"260","440","438.695321","1.177157","0.051709","1.23948"
"270","440","430.618449","1.177417","0.049993","1.233244"
"280","440","422.833608","1.177971","0.048396","1.22706"
"290","440","415.325243","1.178777","0.046912","1.220948"
"300","440","408.078881","1.179798","0.045534","1.214929"
"310","440","401.081043","1.180996","0.044256","1.209022"
"320","440","394.319161","1.18234","0.043073","1.203247"
"-40","450","1025.922747","1.6615","0.278656","1.427747"
"-30","450","983.729749","1.615035","0.253191","1.423085"
"-20","450","944.87019","1.572804","0.23135","1.417834"
"-10","450","908.964045","1.534354","0.212458","1.4121"
"0","450","875.686943","1.499301","0.195993","1.405983"
"10","450","844.760334","1.467313","0.181545","1.399575"
"20","450","815.943676","1.438105","0.168791","1.392958"
"30","450","789.028166","1.411431","0.157466","1.3862"
"40","450","763.831673","1.387073","0.147356","1.379356"
"50","450","740.194611","1.364842","0.138284","1.372471"
"60","450","717.976553","1.344572","0.130104","1.365579"
"70","450","697.053442","1.326114","0.122693","1.358708"
"80","450","677.315273","1.309334","0.115949","1.351877"
"90","450","658.664157","1.294115","0.109785","1.345102"
"100","450","641.012699","1.280347","0.10413","1.338394"
"110","450","624.282627","1.267934","0.098922","1.331758"
"120","450","608.403634","1.256785","0.094109","1.325196"
"130","450","593.312386","1.246817","0.089648","1.318707"
"140","450","578.951685","1.237952","0.085501","1.312288"
"150","450","565.269735","1.230119","0.081637","1.30593"
"160","450","552.219528","1.223249","0.078031","1.299625"
"170","450","539.758295","1.217276","0.07466","1.293363"
"180","450","527.847045","1.212139","0.071504","1.287133"
"190","450","516.450153","1.207775","0.068549","1.280923"
"200","450","505.535007","1.204128","0.065779","1.274725"
"210","450","495.071693","1.201139","0.063184","1.268531"
"220","450","485.032725","1.198752","0.060752","1.262336"
"230","450","475.392802","1.196914","0.058475","1.256141"
"240","450","466.128595","1.195572","0.056344","1.249949"
"250","450","457.218558","1.194673","0.054352","1.243768"
"260","450","448.642762","1.19417","0.052491","1.237609"
"270","450","440.382746","1.194015","0.050754","1.231488"
"280","450","432.421384","1.194165","0.049136","1.225422"
"290","450","424.742766","1.194577","0.04763","1.219428"
"300","450","417.332092","1.195213","0.046229","1.213527"
"310","450","410.175578","1.196039","0.044929","1.207735"
"320","450","403.26037","1.197022","0.043722","1.202071"
"-40","460","1048.669812","1.696505","0.28056","1.426071"
"-30","460","1005.541298","1.648923","0.254951","1.421357"
"-20","460","965.820133","1.605661","0.232991","1.416056"
"-10","460","929.117867","1.566257","0.213998","1.41027"
"0","460","895.102935","1.530315","0.197447","1.404102"
"10","460","863.490611","1.497497","0.182926","1.397644"
"20","460","834.035022","1.467512","0.170108","1.390977"
"30","460","806.522733","1.440104","0.158728","1.384169"
"40","460","780.767577","1.415054","0.14857","1.377277"
"50","460","756.606426","1.392166","0.139456","1.370345"
"60","460","733.895742","1.371269","0.131239","1.363408"
"70","460","712.508718","1.352212","0.123796","1.356495"
"80","460","692.332908","1.334857","0.117023","1.349625"
"90","460","673.268254","1.319083","0.110835","1.342815"
"100","460","655.225423","1.304778","0.105157","1.336075"
"110","460","638.124407","1.291843","0.099929","1.329411"
"120","460","621.89334","1.280185","0.095098","1.322827"
"130","460","606.467485","1.269719","0.09062","1.316321"
"140","460","591.788374","1.260367","0.086458","1.309891"
"150","460","577.803064","1.252053","0.08258","1.303529"
"160","460","564.463504","1.244709","0.07896","1.297228"
"170","460","551.725977","1.238269","0.075575","1.290979"
"180","460","539.550627","1.232669","0.072406","1.284771"
"190","460","527.90104","1.227848","0.069437","1.278594"
"200","460","516.74388","1.223748","0.066653","1.272439"
"210","460","506.04857","1.220311","0.064043","1.266299"
"220","460","495.787015","1.217482","0.061596","1.260171"
"230","460","485.933353","1.215207","0.059303","1.254053"
"240","460","476.463737","1.213434","0.057155","1.247947"
"250","460","467.356144","1.212113","0.055144","1.241861"
"260","460","458.590203","1.211194","0.053264","1.235805"
"270","460","450.147043","1.210632","0.051508","1.229791"
"280","460","442.00916","1.210384","0.049869","1.223834"
"290","460","434.160289","1.210409","0.048342","1.217952"
"300","460","426.585303","1.210668","0.04692","1.212161"
"310","460","419.270113","1.211128","0.045597","1.206478"
"320","460","412.201579","1.211756","0.044368","1.200919"
"-40","470","1071.416876","1.73145","0.282465","1.42442"
"-30","470","1027.352847","1.68275","0.256711","1.419658"
"-20","470","986.770076","1.638457","0.234631","1.414308"
"-10","470","949.271688","1.598096","0.215537","1.408474"
"0","470","914.518926","1.561264","0.198899","1.402258"
"10","470","882.220889","1.527615","0.184305","1.395753"
"20","470","852.126368","1.49685","0.171422","1.389039"
"30","470","824.017301","1.468708","0.159987","1.382186"
"40","470","797.70348","1.442964","0.14978","1.375249"
"50","470","773.018241","1.419418","0.140624","1.368274"
"60","470","749.814932","1.397895","0.13237","1.361297"
"70","470","727.963994","1.378238","0.124894","1.354346"
"80","470","707.350544","1.360308","0.118092","1.347441"
"90","470","687.872352","1.343979","0.111878","1.3406"
"100","470","669.438147","1.329138","0.106178","1.333832"
"110","470","651.966187","1.315683","0.100929","1.327145"
"120","470","635.383046","1.303517","0.096079","1.320542"
"130","470","619.622584","1.292556","0.091585","1.314022"
"140","470","604.625063","1.282718","0.087407","1.307584"
"150","470","590.336393","1.273927","0.083514","1.30122"
"160","470","576.707479","1.266114","0.07988","1.294925"
"170","470","563.693658","1.25921","0.076482","1.288689"
"180","470","551.254209","1.253153","0.073299","1.282504"
"190","470","539.351926","1.24788","0.070316","1.276358"
"200","470","527.952752","1.243333","0.067518","1.270245"
"210","470","517.025447","1.239455","0.064894","1.264158"
"220","470","506.541305","1.236191","0.062431","1.258092"
"230","470","496.473904","1.233486","0.060122","1.252045"
"240","470","486.798879","1.23129","0.057957","1.246021"
"250","470","477.49373","1.229552","0.055929","1.240024"
"260","470","468.537644","1.228225","0.054031","1.234063"
"270","470","459.911341","1.227264","0.052255","1.228149"
"280","470","451.596935","1.226625","0.050596","1.222296"
"290","470","443.577812","1.226268","0.049048","1.216518"
"300","470","435.838515","1.226156","0.047605","1.210831"
"310","470","428.364648","1.226255","0.046261","1.205251"
"320","470","421.142788","1.226534","0.04501","1.199791"
"-40","480","1094.163941","1.766336","0.284371","1.422795"
"-30","480","1049.164395","1.716517","0.258473","1.417986"
"-20","480","1007.720019","1.671191","0.236271","1.41259"
"-10","480","969.425509","1.629872","0.217075","1.406711"
"0","480","933.934918","1.592149","0.20035","1.40045"
"10","480","900.951166","1.557668","0.185681","1.3939"
"20","480","870.217714","1.526121","0.172734","1.387143"
"30","480","841.511868","1.497245","0.161242","1.380248"
"40","480","814.639383","1.470806","0.150987","1.37327"
"50","480","789.430057","1.446602","0.141788","1.366257"
"60","480","765.734122","1.424451","0.133496","1.359243"
"70","480","743.419271","1.404194","0.125986","1.352257"
"80","480","722.36818","1.385688","0.119155","1.345322"
"90","480","702.47645","1.368805","0.112915","1.338453"
"100","480","683.650872","1.353429","0.107192","1.331661"
"110","480","665.807968","1.339453","0.101922","1.324954"
"120","480","648.872753","1.326783","0.097053","1.318335"
"130","480","632.777683","1.315328","0.092541","1.311805"
"140","480","617.461752","1.305007","0.088348","1.305361"
"150","480","602.869722","1.295742","0.08444","1.298998"
"160","480","588.951455","1.287463","0.080792","1.29271"
"170","480","575.66134","1.2801","0.077379","1.286489"
"180","480","562.95779","1.27359","0.074183","1.280326"
"190","480","550.802813","1.267871","0.071186","1.274211"
"200","480","539.161625","1.262883","0.068374","1.268139"
"210","480","528.002324","1.25857","0.065735","1.262101"
"220","480","517.295595","1.254875","0.063258","1.256093"
"230","480","507.014454","1.251748","0.060933","1.250115"
"240","480","497.134021","1.249135","0.058752","1.244166"
"250","480","487.631316","1.246988","0.056706","1.238253"
"260","480","478.485084","1.245259","0.05479","1.232381"
"270","480","469.675638","1.243904","0.052996","1.226561"
"280","480","461.184711","1.242881","0.051318","1.220805"
"290","480","452.995335","1.242149","0.04975","1.215125"
"300","480","445.091726","1.241673","0.048286","1.209537"
"310","480","437.459183","1.241417","0.046921","1.204053"
"320","480","430.083997","1.24135","0.045649","1.198687"
"-40","490","1116.911005","1.801165","0.286279","1.421194"
"-30","490","1070.975944","1.750225","0.260235","1.416341"
"-20","490","1028.669962","1.703864","0.237911","1.410901"
"-10","490","989.579331","1.661586","0.218612","1.404979"
"0","490","953.350909","1.622971","0.2018","1.398676"
"10","490","919.681444","1.587656","0.187055","1.392085"
"20","490","888.30906","1.555327","0.174044","1.385288"
"30","490","859.006435","1.525715","0.162495","1.378353"
"40","490","831.575286","1.498581","0.15219","1.371339"
"50","490","805.841872","1.473717","0.142948","1.364289"
"60","490","781.653312","1.450938","0.134617","1.357242"
"70","490","758.874547","1.430081","0.127074","1.350226"
"80","490","737.385816","1.411","0.120213","1.343264"
"90","490","717.080548","1.393563","0.113947","1.33637"
"100","490","697.863596","1.377651","0.108199","1.329558"
"110","490","679.649748","1.363157","0.102908","1.322834"
"120","490","662.362459","1.349983","0.09802","1.316203"
"130","490","645.932781","1.338036","0.093491","1.309665"
"140","490","630.298441","1.327234","0.089281","1.303218"
"150","490","615.403051","1.317499","0.085358","1.296858"
"160","490","601.195431","1.308757","0.081695","1.290578"
"170","490","587.629021","1.300939","0.078269","1.284372"
"180","490","574.661372","1.293981","0.075059","1.278231"
"190","490","562.253699","1.28782","0.072048","1.272147"
"200","490","550.370497","1.282396","0.069222","1.266113"
"210","490","538.979201","1.277653","0.066569","1.260122"
"220","490","528.049885","1.273535","0.064076","1.254171"
"230","490","517.555005","1.26999","0.061736","1.248256"
"240","490","507.469163","1.266967","0.059539","1.242379"
"250","490","497.768902","1.264417","0.057476","1.236544"
"260","490","488.432525","1.262293","0.055543","1.230756"
"270","490","479.439935","1.260551","0.05373","1.225024"
"280","490","470.772486","1.259149","0.052033","1.219359"
"290","490","462.412858","1.258049","0.050446","1.213772"
"300","490","454.344937","1.257212","0.048962","1.208276"
"310","490","446.553718","1.256607","0.047576","1.202884"
"320","490","439.025206","1.256201","0.046284","1.197608"
"-40","500","1139.65807","1.835935","0.288189","1.419617"
"-30","500","1092.787493","1.783874","0.261997","1.414722"
"-20","500","1049.619905","1.736477","0.239551","1.40924"
"-10","500","1009.733152","1.69324","0.220149","1.403278"
"0","500","972.766901","1.653731","0.203249","1.396935"
"10","500","938.411721","1.61758","0.188428","1.390306"
"20","500","906.400406","1.584469","0.175351","1.383471"
"30","500","876.501003","1.55412","0.163745","1.376501"
"40","500","848.511189","1.526289","0.15339","1.369452"
"50","500","822.253687","1.500765","0.144104","1.36237"
"60","500","797.572502","1.477358","0.135735","1.355294"
"70","500","774.329823","1.4559","0.128157","1.348251"
"80","500","752.403452","1.436244","0.121266","1.341263"
"90","500","731.684645","1.418253","0.114972","1.334349"
"100","500","712.07632","1.401807","0.109201","1.327519"
"110","500","693.491528","1.386796","0.103888","1.320782"
"120","500","675.852166","1.373118","0.098981","1.31414"
"130","500","659.08788","1.360682","0.094433","1.307597"
"140","500","643.13513","1.349402","0.090207","1.301149"
"150","500","627.936379","1.339198","0.086269","1.294793"
"160","500","613.439406","1.329997","0.082591","1.288523"
"170","500","599.596703","1.321728","0.07915","1.282333"
"180","500","586.364954","1.314325","0.075926","1.276215"
"190","500","573.704586","1.307727","0.072902","1.270161"
"200","500","561.57937","1.301872","0.070062","1.264164"
"210","500","549.956078","1.296705","0.067394","1.258218"
"220","500","538.804175","1.292169","0.064887","1.252319"
"230","500","528.095556","1.288213","0.062531","1.246465"
"240","500","517.804305","1.284785","0.060318","1.240656"
"250","500","507.906487","1.281837","0.05824","1.234894"
"260","500","498.379966","1.279324","0.056289","1.229185"
"270","500","489.204233","1.277201","0.054459","1.223536"
"280","500","480.360262","1.275426","0.052743","1.217957"
"290","500","471.830381","1.273962","0.051137","1.212457"
"300","500","463.598149","1.272771","0.049634","1.207049"
"310","500","455.648253","1.27182","0.048228","1.201744"
"320","500","447.966415","1.271079","0.046916","1.196552"
"-40","0","2.304846","0.963796","0.006368","1.181231"
"-30","0","2.210055","0.968543","0.006645","1.172119"
"-20","0","2.122753","0.972472","0.006922","1.164078"
"-10","0","2.042086","0.975756","0.007196","1.156879"
"0","0","1.967325","0.978527","0.007469","1.150364"
"10","0","1.897845","0.980883","0.007741","1.144419"
"20","0","1.833106","0.982903","0.008012","1.138963"
"30","0","1.772637","0.984645","0.008281","1.133933"
"40","0","1.71603","0.986157","0.008549","1.12928"
"50","0","1.662927","0.987477","0.008815","1.124965"
"60","0","1.613012","0.988636","0.009081","1.120954"
"70","0","1.566006","0.989657","0.009345","1.117218"
"80","0","1.521662","0.990562","0.009608","1.113732"
"90","0","1.47976","0.991366","0.009869","1.110474"
"100","0","1.440104","0.992085","0.010129","1.107427"
"110","0","1.402518","0.99273","0.010387","1.104571"
"120","0","1.366845","0.993309","0.010644","1.101891"
"130","0","1.33294","0.993833","0.0109","1.099374"
"140","0","1.300678","0.994307","0.011154","1.097007"
"150","0","1.26994","0.994738","0.011406","1.094778"
"160","0","1.240621","0.99513","0.011657","1.092677"
"170","0","1.212625","0.995489","0.011906","1.090694"
"180","0","1.185865","0.995817","0.012153","1.088821"
"190","0","1.160261","0.996118","0.012399","1.087049"
"200","0","1.135739","0.996395","0.012643","1.08537"
"210","0","1.112232","0.99665","0.012885","1.08378"
"220","0","1.089678","0.996886","0.013126","1.08227"
"230","0","1.068021","0.997104","0.013365","1.080836"
"240","0","1.047208","0.997306","0.013602","1.079472"
"250","0","1.027191","0.997493","0.013837","1.078173"
"260","0","1.007924","0.997667","0.014071","1.076935"
"270","0","0.989367","0.997829","0.014303","1.075755"
"280","0","0.971481","0.997979","0.014533","1.074628"
"290","0","0.954231","0.99812","0.014761","1.07355"
"300","0","0.937582","0.998251","0.014987","1.072519"
"310","0","0.921504","0.998374","0.015211","1.071532"
"320","0","0.905968","0.998489","0.015434","1.070586"
"-40","1","4.579553","0.007916","0.192731","1.553649"
"-30","1","4.39121","0.007749","0.172388","1.559685"
"-20","1","4.217747","0.943649","0.006895","1.184583"
"-10","1","4.057468","0.950598","0.007176","1.173771"
"0","1","3.908924","0.956406","0.007455","1.164458"
"10","1","3.770873","0.96131","0.007731","1.156308"
"20","1","3.64224","0.965485","0.008005","1.149087"
"30","1","3.522094","0.969069","0.008278","1.142627"
"40","1","3.409621","0.972166","0.008549","1.136803"
"50","1","3.304109","0.97486","0.008818","1.13152"
"60","1","3.204931","0.977216","0.009086","1.126701"
"70","1","3.111534","0.979287","0.009352","1.122288"
"80","1","3.023426","0.981118","0.009616","1.11823"
"90","1","2.94017","0.982743","0.009879","1.114486"
"100","1","2.861377","0.984192","0.01014","1.111022"
"110","1","2.786696","0.985489","0.010399","1.107808"
"120","1","2.715815","0.986655","0.010657","1.104819"
"130","1","2.64845","0.987706","0.010914","1.102032"
"140","1","2.584346","0.988656","0.011168","1.09943"
"150","1","2.523272","0.989519","0.011421","1.096994"
"160","1","2.465018","0.990305","0.011672","1.09471"
"170","1","2.409393","0.991022","0.011922","1.092565"
"180","1","2.356224","0.991678","0.01217","1.090547"
"190","1","2.30535","0.992279","0.012416","1.088647"
"200","1","2.256626","0.992832","0.01266","1.086853"
"210","1","2.20992","0.993341","0.012903","1.085158"
"220","1","2.165107","0.993811","0.013144","1.083555"
"230","1","2.122076","0.994245","0.013383","1.082035"
"240","1","2.080722","0.994647","0.01362","1.080594"
"250","1","2.040949","0.99502","0.013855","1.079225"
"260","1","2.002669","0.995367","0.014089","1.077923"
"270","1","1.965797","0.995689","0.01432","1.076684"
"280","1","1.930259","0.995989","0.01455","1.075503"
"290","1","1.895983","0.996269","0.014778","1.074375"
"300","1","1.862903","0.99653","0.015005","1.073299"
"310","1","1.830957","0.996774","0.015229","1.072269"
"320","1","1.800089","0.997002","0.015451","1.071284"
"-40","2","6.854259","0.011845","0.192931","1.553151"
"-30","2","6.572365","0.011595","0.172581","1.559109"
"-20","2","6.312742","0.011384","0.154835","1.566422"
"-10","2","6.07285","0.923996","0.007163","1.194181"
"0","2","5.850524","0.933224","0.007446","1.181029"
"10","2","5.643901","0.940943","0.007726","1.169979"
"20","2","5.451375","0.947468","0.008003","1.160519"
"30","2","5.27155","0.953034","0.008279","1.152297"
"40","2","5.103211","0.957821","0.008552","1.145065"
"50","2","4.94529","0.961966","0.008824","1.138642"
"60","2","4.79685","0.96558","0.009093","1.132891"
"70","2","4.657061","0.968747","0.009361","1.127706"
"80","2","4.525189","0.97154","0.009626","1.123004"
"90","2","4.40058","0.974013","0.00989","1.118718"
"100","2","4.282649","0.976214","0.010153","1.114795"
"110","2","4.170874","0.978182","0.010413","1.11119"
"120","2","4.064786","0.979947","0.010672","1.107865"
"130","2","3.96396","0.981536","0.010929","1.104788"
"140","2","3.868015","0.982973","0.011184","1.101933"
"150","2","3.776605","0.984275","0.011438","1.099276"
"160","2","3.689416","0.985459","0.011689","1.096799"
"170","2","3.606162","0.986539","0.011939","1.094483"
"180","2","3.526582","0.987527","0.012187","1.092314"
"190","2","3.450438","0.988432","0.012434","1.090279"
"200","2","3.377514","0.989263","0.012678","1.088365"
"210","2","3.307607","0.990028","0.012921","1.086562"
"220","2","3.240536","0.990734","0.013162","1.084861"
"230","2","3.176131","0.991386","0.013401","1.083254"
"240","2","3.114237","0.991989","0.013638","1.081733"
"250","2","3.054708","0.992549","0.013874","1.080291"
"260","2","2.997413","0.993069","0.014107","1.078923"
"270","2","2.942227","0.993552","0.014339","1.077623"
"280","2","2.889036","0.994002","0.014569","1.076387"
"290","2","2.837735","0.994421","0.014797","1.075209"
"300","2","2.788224","0.994812","0.015023","1.074085"
"310","2","2.740411","0.995178","0.015247","1.073013"
"320","2","2.69421","0.99552","0.015469","1.071988"
"-40","3","9.128966","0.015773","0.193131","1.552655"
"-30","3","8.75352","0.01544","0.172775","1.558535"
"-20","3","8.407736","0.015158","0.155024","1.565746"
"-10","3","8.088232","0.014926","0.139383","1.574889"
"0","3","7.792123","0.908799","0.007444","1.200857"
"10","3","7.516929","0.919671","0.007726","1.185896"
"20","3","7.260509","0.928779","0.008006","1.173542"
"30","3","7.021007","0.936493","0.008284","1.163122"
"40","3","6.796801","0.94309","0.008559","1.154183"
"50","3","6.586472","0.948776","0.008832","1.146409"
"60","3","6.388769","0.953713","0.009103","1.139573"
"70","3","6.202589","0.958028","0.009372","1.133506"
"80","3","6.026953","0.961821","0.009639","1.128078"
"90","3","5.86099","0.965172","0.009904","1.123189"
"100","3","5.703922","0.968149","0.010167","1.118759"
"110","3","5.555052","0.970805","0.010429","1.114726"
"120","3","5.413756","0.973184","0.010688","1.111035"
"130","3","5.27947","0.975324","0.010946","1.107646"
"140","3","5.151684","0.977255","0.011201","1.10452"
"150","3","5.029938","0.979004","0.011455","1.101629"
"160","3","4.913814","0.980594","0.011707","1.098947"
"170","3","4.80293","0.982042","0.011958","1.096451"
"180","3","4.69694","0.983365","0.012206","1.094123"
"190","3","4.595527","0.984576","0.012453","1.091946"
"200","3","4.498401","0.985688","0.012697","1.089906"
"210","3","4.405295","0.986712","0.01294","1.087991"
"220","3","4.315965","0.987655","0.013181","1.086189"
"230","3","4.230187","0.988526","0.01342","1.084491"
"240","3","4.147751","0.989333","0.013658","1.082888"
"250","3","4.068467","0.99008","0.013893","1.081371"
"260","3","3.992157","0.990773","0.014126","1.079936"
"270","3","3.918657","0.991418","0.014358","1.078574"
"280","3","3.847814","0.992018","0.014588","1.07728"
"290","3","3.779487","0.992577","0.014816","1.07605"
"300","3","3.713545","0.993099","0.015042","1.074879"
"310","3","3.649864","0.993587","0.015266","1.073762"
"320","3","3.588331","0.994043","0.015488","1.072696"
"-40","4","11.403672","0.019699","0.193331","1.552162"
"-30","4","10.934675","0.019282","0.172968","1.557964"
"-20","4","10.50273","0.018929","0.155213","1.565073"
"-10","4","10.103614","0.018639","0.13957","1.574081"
"0","4","9.733722","0.018412","0.12564","1.585888"
"10","4","9.389956","0.897348","0.007733","1.204722"
"20","4","9.069644","0.90933","0.008014","1.18854"
"30","4","8.770464","0.919391","0.008293","1.175333"
"40","4","8.490392","0.927937","0.00857","1.1643"
"50","4","8.227653","0.935265","0.008844","1.154914"
"60","4","7.980688","0.9416","0.009116","1.146811"
"70","4","7.748116","0.947117","0.009386","1.13973"
"80","4","7.528716","0.951953","0.009654","1.13348"
"90","4","7.321399","0.956215","0.00992","1.127917"
"100","4","7.125194","0.959992","0.010184","1.122928"
"110","4","6.93923","0.963356","0.010446","1.118425"
"120","4","6.762727","0.966365","0.010706","1.114339"
"130","4","6.59498","0.969067","0.010964","1.110612"
"140","4","6.435353","0.971503","0.01122","1.107197"
"150","4","6.283271","0.973707","0.011474","1.104056"
"160","4","6.138211","0.975707","0.011727","1.101156"
"170","4","5.999698","0.977528","0.011977","1.09847"
"180","4","5.867298","0.979191","0.012226","1.095974"
"190","4","5.740616","0.980712","0.012472","1.09365"
"200","4","5.619288","0.982108","0.012717","1.091479"
"210","4","5.502983","0.983392","0.01296","1.089446"
"220","4","5.391394","0.984575","0.013201","1.08754"
"230","4","5.284242","0.985667","0.01344","1.085747"
"240","4","5.181265","0.986677","0.013678","1.084059"
"250","4","5.082225","0.987612","0.013913","1.082466"
"260","4","4.986901","0.98848","0.014146","1.08096"
"270","4","4.895086","0.989287","0.014378","1.079535"
"280","4","4.806592","0.990038","0.014608","1.078183"
"290","4","4.72124","0.990737","0.014835","1.0769"
"300","4","4.638866","0.99139","0.015061","1.07568"
"310","4","4.559318","0.992","0.015285","1.074518"
"320","4","4.482452","0.99257","0.015507","1.073411"
"-40","5","13.678379","0.023624","0.193531","1.55167"
"-30","5","13.11583","0.023123","0.173161","1.557395"
"-20","5","12.597724","0.022699","0.155402","1.564404"
"-10","5","12.118997","0.02235","0.139758","1.573278"
"0","5","11.675321","0.022077","0.125828","1.5849"
"10","5","11.262984","0.873781","0.007747","1.227444"
"20","5","10.878779","0.889009","0.008028","1.206046"
"30","5","10.519921","0.901661","0.008308","1.189233"
"40","5","10.183982","0.912321","0.008584","1.175598"
"50","5","9.868835","0.921407","0.008859","1.164269"
"60","5","9.572607","0.929224","0.009132","1.154675"
"70","5","9.293644","0.936004","0.009403","1.146426"
"80","5","9.03048","0.941928","0.009671","1.139244"
"90","5","8.781809","0.947136","0.009938","1.132925"
"100","5","8.546466","0.951741","0.010202","1.127316"
"110","5","8.323408","0.955833","0.010464","1.1223"
"120","5","8.111698","0.959487","0.010725","1.117783"
"130","5","7.91049","0.962765","0.010983","1.113691"
"140","5","7.719022","0.965715","0.01124","1.109966"
"150","5","7.536604","0.968382","0.011494","1.106558"
"160","5","7.362609","0.9708","0.011747","1.103427"
"170","5","7.196466","0.972999","0.011998","1.100541"
"180","5","7.037656","0.975005","0.012246","1.09787"
"190","5","6.885704","0.97684","0.012493","1.09539"
"200","5","6.740175","0.978523","0.012738","1.093082"
"210","5","6.600671","0.980069","0.012981","1.090928"
"220","5","6.466823","0.981493","0.013222","1.088913"
"230","5","6.338297","0.982807","0.013461","1.087023"
"240","5","6.214779","0.984022","0.013698","1.085247"
"250","5","6.095984","0.985147","0.013934","1.083575"
"260","5","5.981645","0.98619","0.014167","1.081997"
"270","5","5.871516","0.98716","0.014399","1.080507"
"280","5","5.765369","0.988062","0.014628","1.079095"
"290","5","5.662992","0.988902","0.014856","1.077758"
"300","5","5.564187","0.989685","0.015082","1.076488"
"310","5","5.468771","0.990417","0.015305","1.07528"
"320","5","5.376572","0.991101","0.015527","1.074131"
"-40","6","15.953085","0.027547","0.19373","1.55118"
"-30","6","15.296984","0.026962","0.173353","1.556829"
"-20","6","14.692719","0.026467","0.15559","1.563738"
"-10","6","14.134379","0.026058","0.139945","1.57248"
"0","6","13.61692","0.025738","0.126017","1.58392"
"10","6","13.136012","0.025513","0.113472","1.599427"
"20","6","12.687913","0.867672","0.008049","1.226821"
"30","6","12.269377","0.883219","0.008327","1.205228"
"40","6","11.877572","0.896192","0.008604","1.188307"
"50","6","11.510016","0.90717","0.008878","1.174611"
"60","6","11.164526","0.916563","0.009151","1.163252"
"70","6","10.839172","0.924676","0.009422","1.153649"
"80","6","10.532243","0.931738","0.009691","1.145404"
"90","6","10.242219","0.937929","0.009958","1.138238"
"100","6","9.967739","0.94339","0.010222","1.131942"
"110","6","9.707586","0.948233","0.010485","1.126361"
"120","6","9.460668","0.95255","0.010746","1.121375"
"130","6","9.226","0.956415","0.011004","1.11689"
"140","6","9.002691","0.959892","0.011261","1.112832"
"150","6","8.789937","0.963029","0.011516","1.10914"
"160","6","8.587006","0.965871","0.011768","1.105765"
"170","6","8.393234","0.968454","0.012019","1.102666"
"180","6","8.208014","0.970808","0.012268","1.09981"
"190","6","8.030793","0.97296","0.012515","1.097169"
"200","6","7.861063","0.974931","0.01276","1.094718"
"210","6","7.698358","0.976742","0.013003","1.092438"
"220","6","7.542252","0.978409","0.013244","1.09031"
"230","6","7.392352","0.979947","0.013483","1.088319"
"240","6","7.248293","0.981368","0.01372","1.086452"
"250","6","7.109742","0.982683","0.013955","1.084698"
"260","6","6.976389","0.983903","0.014188","1.083047"
"270","6","6.847946","0.985035","0.01442","1.081489"
"280","6","6.724147","0.986089","0.014649","1.080017"
"290","6","6.604744","0.98707","0.014877","1.078624"
"300","6","6.489508","0.987985","0.015102","1.077303"
"310","6","6.378225","0.988839","0.015326","1.076048"
"320","6","6.270693","0.989638","0.015548","1.074856"
"-40","7","18.227791","0.031468","0.19393","1.550692"
"-30","7","17.478139","0.0308","0.173546","1.556265"
"-20","7","16.787713","0.030232","0.155779","1.563076"
"-10","7","16.149761","0.029764","0.140132","1.571687"
"0","7","15.558519","0.029397","0.126205","1.582948"
"10","7","15.00904","0.029137","0.113664","1.598196"
"20","7","14.497048","0.84513","0.008077","1.252004"
"30","7","14.018834","0.863962","0.008353","1.223879"
"40","7","13.571163","0.87949","0.008628","1.202726"
"50","7","13.151198","0.892518","0.008902","1.186112"
"60","7","12.756445","0.903595","0.009174","1.172645"
"70","7","12.384699","0.913116","0.009445","1.161463"
"80","7","12.034007","0.921373","0.009713","1.152004"
"90","7","11.702629","0.928588","0.00998","1.143883"
"100","7","11.389011","0.934935","0.010245","1.136824"
"110","7","11.091765","0.940552","0.010508","1.130623"
"120","7","10.809639","0.94555","0.010768","1.125126"
"130","7","10.54151","0.950018","0.011027","1.120216"
"140","7","10.28636","0.95403","0.011284","1.1158"
"150","7","10.04327","0.957648","0.011538","1.111805"
"160","7","9.811404","0.960921","0.011791","1.10817"
"170","7","9.590002","0.963893","0.012042","1.104848"
"180","7","9.378373","0.966599","0.012291","1.101798"
"190","7","9.175882","0.969071","0.012538","1.098987"
"200","7","8.98195","0.971335","0.012782","1.096387"
"210","7","8.796046","0.973412","0.013025","1.093975"
"220","7","8.617681","0.975324","0.013266","1.09173"
"230","7","8.446407","0.977087","0.013505","1.089635"
"240","7","8.281808","0.978715","0.013742","1.087675"
"250","7","8.123501","0.980221","0.013977","1.085837"
"260","7","7.971133","0.981618","0.01421","1.08411"
"270","7","7.824376","0.982915","0.014442","1.082483"
"280","7","7.682924","0.98412","0.014671","1.080948"
"290","7","7.546497","0.985243","0.014898","1.079498"
"300","7","7.41483","0.986289","0.015124","1.078125"
"310","7","7.287678","0.987266","0.015347","1.076823"
"320","7","7.164814","0.988179","0.015569","1.075587"
"-40","8","20.502498","0.035388","0.194129","1.550206"
"-30","8","19.659294","0.034635","0.173738","1.555704"
"-20","8","18.882707","0.033996","0.155967","1.562417"
"-10","8","18.165143","0.033468","0.140318","1.570899"
"0","8","17.500119","0.033053","0.126393","1.581983"
"10","8","16.882067","0.032758","0.113856","1.596977"
"20","8","16.306182","0.032597","0.102419","1.618012"
"30","8","15.768291","0.843758","0.008385","1.245985"
"40","8","15.264753","0.862142","0.008657","1.219254"
"50","8","14.792379","0.877409","0.008929","1.198986"
"60","8","14.348364","0.890295","0.0092","1.182977"
"70","8","13.930227","0.90131","0.00947","1.169944"
"80","8","13.535771","0.910822","0.009738","1.159091"
"90","8","13.163038","0.919105","0.010005","1.149893"
"100","8","12.810284","0.926372","0.010269","1.141983"
"110","8","12.475943","0.932789","0.010532","1.135098"
"120","8","12.15861","0.938486","0.010793","1.129045"
"130","8","11.857019","0.943572","0.011051","1.123675"
"140","8","11.570029","0.948131","0.011308","1.118876"
"150","8","11.296603","0.952237","0.011563","1.114557"
"160","8","11.035801","0.955948","0.011815","1.110647"
"170","8","10.786771","0.959315","0.012066","1.107088"
"180","8","10.548731","0.962378","0.012315","1.103834"
"190","8","10.32097","0.965174","0.012561","1.100845"
"200","8","10.102837","0.967732","0.012806","1.09809"
"210","8","9.893734","0.970079","0.013049","1.09554"
"220","8","9.69311","0.972238","0.01329","1.093174"
"230","8","9.500462","0.974227","0.013529","1.090971"
"240","8","9.315322","0.976063","0.013765","1.088915"
"250","8","9.13726","0.977762","0.014","1.08699"
"260","8","8.965877","0.979336","0.014233","1.085185"
"270","8","8.800805","0.980797","0.014464","1.083488"
"280","8","8.641702","0.982156","0.014693","1.081889"
"290","8","8.488249","0.98342","0.014921","1.080381"
"300","8","8.340151","0.984598","0.015146","1.078955"
"310","8","8.197132","0.985698","0.015369","1.077604"
"320","8","8.058935","0.986725","0.01559","1.076323"
"-40","9","22.777204","0.039307","0.194329","1.549722"
"-30","9","21.840449","0.038469","0.173931","1.555146"
"-20","9","20.977702","0.037758","0.156155","1.561762"
"-10","9","20.180525","0.03717","0.140505","1.570116"
"0","9","19.441718","0.036707","0.12658","1.581025"
"10","9","18.755095","0.036376","0.114048","1.595769"
"20","9","18.115317","0.036193","0.102619","1.61642"
"30","9","17.517748","0.822432","0.008425","1.272726"
"40","9","16.958343","0.844058","0.008693","1.238432"
"50","9","16.433561","0.861792","0.008962","1.213511"
"60","9","15.940283","0.876633","0.009231","1.194402"
"70","9","15.475755","0.889239","0.009499","1.179182"
"80","9","15.037534","0.900074","0.009766","1.166721"
"90","9","14.623448","0.909474","0.010032","1.156301"
"100","9","14.231556","0.917697","0.010296","1.147442"
"110","9","13.860121","0.924939","0.010558","1.139804"
"120","9","13.50758","0.931356","0.010819","1.133143"
"130","9","13.172529","0.937074","0.011077","1.127275"
"140","9","12.853698","0.942193","0.011334","1.122063"
"150","9","12.549935","0.946797","0.011588","1.117399"
"160","9","12.260199","0.950954","0.011841","1.113196"
"170","9","11.983539","0.95472","0.012091","1.109388"
"180","9","11.719089","0.958145","0.01234","1.105919"
"190","9","11.466059","0.961268","0.012586","1.102745"
"200","9","11.223724","0.964124","0.012831","1.099827"
"210","9","10.991421","0.966743","0.013073","1.097135"
"220","9","10.768539","0.96915","0.013314","1.094643"
"230","9","10.554517","0.971367","0.013553","1.092328"
"240","9","10.348836","0.973413","0.013789","1.090172"
"250","9","10.151018","0.975305","0.014024","1.088159"
"260","9","9.960621","0.977058","0.014257","1.086273"
"270","9","9.777235","0.978684","0.014488","1.084504"
"280","9","9.600479","0.980195","0.014717","1.08284"
"290","9","9.430001","0.981601","0.014943","1.081272"
"300","9","9.265472","0.982912","0.015168","1.079791"
"310","9","9.106585","0.984134","0.015391","1.078391"
"320","9","8.953056","0.985276","0.015613","1.077065"
"-40","10","25.051911","0.043223","0.194528","1.54924"
"-30","10","24.021604","0.042301","0.174123","1.55459"
"-20","10","23.072696","0.041517","0.156343","1.561111"
"-10","10","22.195907","0.040869","0.140691","1.569338"
"0","10","21.383317","0.040358","0.126767","1.580075"
"10","10","20.628123","0.039991","0.114239","1.594572"
"20","10","19.924452","0.039785","0.102818","1.614848"
"30","10","19.267204","0.03977","0.092236","1.644417"
"40","10","18.651934","0.825124","0.008735","1.261018"
"50","10","18.074742","0.845608","0.009","1.230046"
"60","10","17.532202","0.862574","0.009266","1.207109"
"70","10","17.021282","0.876883","0.009532","1.189284"
"80","10","16.539298","0.889116","0.009798","1.174956"
"90","10","16.083858","0.899687","0.010062","1.163149"
"100","10","15.652829","0.908903","0.010325","1.153227"
"110","10","15.244299","0.916999","0.010587","1.144757"
"120","10","14.856551","0.924157","0.010847","1.137431"
"130","10","14.488039","0.930524","0.011105","1.131024"
"140","10","14.137367","0.936215","0.011361","1.125369"
"150","10","13.803268","0.941327","0.011615","1.120335"
"160","10","13.484597","0.945936","0.011867","1.115822"
"170","10","13.180307","0.950109","0.012117","1.111751"
"180","10","12.889447","0.9539","0.012366","1.108056"
"190","10","12.611148","0.957354","0.012612","1.104687"
"200","10","12.344612","0.960511","0.012856","1.101599"
"210","10","12.089109","0.963404","0.013099","1.098759"
"220","10","11.843968","0.966061","0.013339","1.096137"
"230","10","11.608572","0.968507","0.013578","1.093707"
"240","10","11.38235","0.970764","0.013814","1.091448"
"250","10","11.164777","0.97285","0.014049","1.089343"
"260","10","10.955365","0.974782","0.014281","1.087375"
"270","10","10.753665","0.976574","0.014512","1.085531"
"280","10","10.559257","0.978238","0.01474","1.0838"
"290","10","10.371754","0.979787","0.014967","1.082171"
"300","10","10.190793","0.98123","0.015192","1.080635"
"310","10","10.016039","0.982575","0.015415","1.079185"
"320","10","9.847177","0.983832","0.015635","1.077812"
