"1.01","Neon","Ne","15/05/2015"
"-100","0","1.420209","1.000458","0.021674","1.667765"
"-90","0","1.342665","1.000482","0.022522","1.667609"
"-80","0","1.273151","1.000497","0.023348","1.667479"
"-70","0","1.210481","1.000506","0.024155","1.66737"
"-60","0","1.153691","1.00051","0.024944","1.667277"
"-50","0","1.10199","1.000511","0.025717","1.667198"
"-40","0","1.054725","1.000509","0.026476","1.66713"
"-30","0","1.011348","1.000505","0.02722","1.667071"
"-20","0","0.971397","1.000499","0.027952","1.66702"
"-10","0","0.934483","1.000493","0.028673","1.666976"
"0","0","0.900271","1.000485","0.029382","1.666937"
"10","0","0.868477","1.000477","0.030081","1.666903"
"20","0","0.838851","1.000469","0.030771","1.666873"
"30","0","0.81118","1.00046","0.031452","1.666847"
"40","0","0.785276","1.000452","0.032124","1.666823"
"50","0","0.760975","1.000443","0.032788","1.666802"
"60","0","0.738133","1.000434","0.033445","1.666783"
"70","0","0.716623","1.000425","0.034095","1.666767"
"80","0","0.696331","1.000417","0.034737","1.666752"
"90","0","0.677156","1.000408","0.035373","1.666738"
"100","0","0.659009","1.0004","0.036003","1.666726"
"110","0","0.641809","1.000391","0.036626","1.666715"
"120","0","0.625484","1.000383","0.037244","1.666705"
"130","0","0.609969","1.000376","0.037856","1.666697"
"140","0","0.595205","1.000368","0.038463","1.666688"
"150","0","0.581139","1.00036","0.039065","1.666681"
"160","0","0.567723","1.000353","0.039661","1.666675"
"170","0","0.554912","1.000346","0.040253","1.666669"
"180","0","0.542666","1.000339","0.04084","1.666663"
"190","0","0.530949","1.000332","0.041423","1.666658"
"200","0","0.519728","1.000326","0.042001","1.666654"
"210","0","0.508971","1.000319","0.042575","1.666649"
"220","0","0.49865","1.000313","0.043144","1.666646"
"230","0","0.488739","1.000307","0.04371","1.666642"
"240","0","0.479215","1.000301","0.044271","1.666639"
"250","0","0.470055","1.000296","0.044829","1.666636"
"260","0","0.461238","1.00029","0.045383","1.666634"
"270","0","0.452746","1.000285","0.045933","1.666631"
"280","0","0.444561","1.000279","0.04648","1.666629"
"290","0","0.436667","1.000274","0.047024","1.666627"
"300","0","0.429048","1.000269","0.047564","1.666625"
"310","0","0.421691","1.000265","0.0481","1.666624"
"320","0","0.414582","1.00026","0.048634","1.666622"
"330","0","0.407708","1.000255","0.049164","1.666621"
"340","0","0.401059","1.000251","0.049691","1.66662"
"350","0","0.394623","1.000247","0.050215","1.666619"
"360","0","0.38839","1.000242","0.050737","1.666618"
"370","0","0.382351","1.000238","0.051255","1.666617"
"380","0","0.376497","1.000234","0.051771","1.666616"
"390","0","0.37082","1.00023","0.052283","1.666615"
"400","0","0.365311","1.000227","0.052794","1.666614"
"410","0","0.359964","1.000223","0.053301","1.666614"
"420","0","0.35477","1.000219","0.053806","1.666613"
"-100","10","15.436579","1.005213","0.021755","1.678426"
"-90","10","14.593741","1.005455","0.022596","1.676756"
"-80","10","13.838176","1.005608","0.023417","1.675364"
"-70","10","13.156996","1.005695","0.02422","1.674193"
"-60","10","12.539731","1.005733","0.025005","1.673202"
"-50","10","11.97779","1.005735","0.025775","1.672356"
"-40","10","11.464052","1.005708","0.02653","1.671629"
"-30","10","10.992571","1.005661","0.027271","1.671003"
"-20","10","10.55834","1.005598","0.028001","1.670459"
"-10","10","10.157111","1.005524","0.028719","1.669985"
"0","10","9.78526","1.005442","0.029426","1.66957"
"10","10","9.439674","1.005354","0.030123","1.669205"
"20","10","9.117666","1.005261","0.030811","1.668884"
"30","10","8.816902","1.005167","0.03149","1.668599"
"40","10","8.535346","1.005071","0.032161","1.668347"
"50","10","8.271217","1.004974","0.032823","1.668122"
"60","10","8.022944","1.004878","0.033479","1.667921"
"70","10","7.789141","1.004782","0.034127","1.667742"
"80","10","7.568579","1.004688","0.034768","1.667581"
"90","10","7.360164","1.004594","0.035403","1.667437"
"100","10","7.16292","1.004503","0.036032","1.667307"
"110","10","6.975972","1.004413","0.036654","1.66719"
"120","10","6.798534","1.004326","0.037271","1.667084"
"130","10","6.629899","1.00424","0.037882","1.666988"
"140","10","6.469427","1.004156","0.038488","1.666902"
"150","10","6.31654","1.004075","0.039089","1.666823"
"160","10","6.170712","1.003995","0.039685","1.666752"
"170","10","6.031465","1.003918","0.040276","1.666687"
"180","10","5.898364","1.003842","0.040862","1.666628"
"190","10","5.771011","1.003769","0.041444","1.666575"
"200","10","5.649041","1.003698","0.042022","1.666526"
"210","10","5.53212","1.003629","0.042595","1.666481"
"220","10","5.419941","1.003561","0.043164","1.666441"
"230","10","5.31222","1.003496","0.043729","1.666404"
"240","10","5.208699","1.003432","0.04429","1.66637"
"250","10","5.109135","1.00337","0.044847","1.666339"
"260","10","5.013305","1.00331","0.045401","1.666311"
"270","10","4.921005","1.003251","0.045951","1.666286"
"280","10","4.832041","1.003194","0.046497","1.666262"
"290","10","4.746238","1.003139","0.04704","1.666241"
"300","10","4.663428","1.003085","0.04758","1.666221"
"310","10","4.583458","1.003033","0.048116","1.666204"
"320","10","4.506185","1.002982","0.048649","1.666187"
"330","10","4.431474","1.002932","0.049179","1.666173"
"340","10","4.3592","1.002884","0.049706","1.666159"
"350","10","4.289246","1.002837","0.05023","1.666147"
"360","10","4.221502","1.002791","0.050751","1.666136"
"370","10","4.155864","1.002747","0.051269","1.666126"
"380","10","4.092236","1.002703","0.051784","1.666117"
"390","10","4.030527","1.002661","0.052297","1.666109"
"400","10","3.970651","1.00262","0.052807","1.666102"
"410","10","3.912528","1.002579","0.053314","1.666095"
"420","10","3.856083","1.00254","0.053819","1.66609"
"-100","20","29.45295","1.010118","0.021844","1.688751"
"-90","20","27.844817","1.010549","0.022679","1.685611"
"-80","20","26.403201","1.010817","0.023494","1.682996"
"-70","20","25.103511","1.010965","0.024291","1.6808"
"-60","20","23.925772","1.011023","0.025072","1.67894"
"-50","20","22.853589","1.011013","0.025837","1.677353"
"-40","20","21.873379","1.010953","0.026589","1.675992"
"-30","20","20.973795","1.010855","0.027327","1.674816"
"-20","20","20.145283","1.010729","0.028053","1.673797"
"-10","20","19.379739","1.010582","0.028768","1.672907"
"0","20","18.670248","1.010421","0.029473","1.672129"
"10","20","18.010872","1.010249","0.030168","1.671444"
"20","20","17.396481","1.01007","0.030854","1.67084"
"30","20","16.822623","1.009887","0.031531","1.670306"
"40","20","16.285417","1.009701","0.0322","1.669831"
"50","20","15.781458","1.009515","0.032861","1.669409"
"60","20","15.307754","1.00933","0.033515","1.669032"
"70","20","14.861659","1.009146","0.034161","1.668694"
"80","20","14.440828","1.008965","0.034801","1.668391"
"90","20","14.043173","1.008786","0.035435","1.668119"
"100","20","13.666832","1.008611","0.036062","1.667874"
"110","20","13.310135","1.008439","0.036684","1.667654"
"120","20","12.971584","1.008271","0.0373","1.667454"
"130","20","12.649828","1.008107","0.03791","1.667274"
"140","20","12.343648","1.007947","0.038515","1.66711"
"150","20","12.05194","1.007791","0.039115","1.666962"
"160","20","11.7737","1.007639","0.03971","1.666827"
"170","20","11.508018","1.007492","0.0403","1.666705"
"180","20","11.254062","1.007348","0.040886","1.666593"
"190","20","11.011073","1.007208","0.041467","1.666492"
"200","20","10.778354","1.007072","0.042044","1.6664"
"210","20","10.555269","1.006939","0.042617","1.666315"
"220","20","10.341231","1.006811","0.043185","1.666239"
"230","20","10.135702","1.006686","0.043749","1.666169"
"240","20","9.938182","1.006564","0.04431","1.666105"
"250","20","9.748214","1.006446","0.044867","1.666046"
"260","20","9.565372","1.006331","0.04542","1.665993"
"270","20","9.389263","1.006219","0.045969","1.665944"
"280","20","9.219521","1.006111","0.046515","1.6659"
"290","20","9.055808","1.006005","0.047058","1.665859"
"300","20","8.897807","1.005902","0.047597","1.665822"
"310","20","8.745226","1.005802","0.048133","1.665789"
"320","20","8.597789","1.005705","0.048666","1.665758"
"330","20","8.455241","1.00561","0.049195","1.66573"
"340","20","8.317342","1.005518","0.049722","1.665704"
"350","20","8.18387","1.005428","0.050245","1.665681"
"360","20","8.054613","1.005341","0.050766","1.66566"
"370","20","7.929376","1.005256","0.051284","1.665641"
"380","20","7.807974","1.005173","0.051799","1.665624"
"390","20","7.690233","1.005092","0.052311","1.665609"
"400","20","7.575991","1.005014","0.052821","1.665595"
"410","20","7.465093","1.004937","0.053327","1.665582"
"420","20","7.357395","1.004862","0.053832","1.665571"
"-100","30","43.469321","1.015177","0.021924","1.698713"
"-90","30","41.095894","1.015768","0.02275","1.694154"
"-80","30","38.968226","1.016128","0.023557","1.690362"
"-70","30","37.050027","1.016318","0.024347","1.687179"
"-60","30","35.311813","1.016381","0.025122","1.684483"
"-50","30","33.729388","1.016348","0.025882","1.682185"
"-40","30","32.282706","1.016245","0.026629","1.680212"
"-30","30","30.955019","1.016088","0.027364","1.678508"
"-20","30","29.732226","1.015892","0.028087","1.67703"
"-10","30","28.602367","1.015667","0.028799","1.67574"
"0","30","27.555237","1.015422","0.029502","1.674611"
"10","30","26.582069","1.015163","0.030195","1.673618"
"20","30","25.675296","1.014895","0.030879","1.672741"
"30","30","24.828345","1.014621","0.031554","1.671965"
"40","30","24.035487","1.014344","0.032222","1.671275"
"50","30","23.2917","1.014067","0.032882","1.670661"
"60","30","22.592565","1.013791","0.033535","1.670112"
"70","30","21.934177","1.013518","0.034181","1.669621"
"80","30","21.313076","1.013248","0.034821","1.669181"
"90","30","20.726182","1.012984","0.035454","1.668785"
"100","30","20.170743","1.012724","0.036081","1.668428"
"110","30","19.644298","1.012469","0.036703","1.668106"
"120","30","19.144634","1.012221","0.037319","1.667815"
"130","30","18.669758","1.011978","0.037929","1.667552"
"140","30","18.21787","1.011741","0.038534","1.667313"
"150","30","17.78734","1.011511","0.039134","1.667097"
"160","30","17.376689","1.011286","0.039729","1.6669"
"170","30","16.984572","1.011068","0.04032","1.666721"
"180","30","16.60976","1.010855","0.040906","1.666558"
"190","30","16.251134","1.010648","0.041487","1.66641"
"200","30","15.907668","1.010447","0.042064","1.666275"
"210","30","15.578418","1.010252","0.042637","1.666151"
"220","30","15.262522","1.010062","0.043206","1.666039"
"230","30","14.959183","1.009877","0.043771","1.665936"
"240","30","14.667666","1.009698","0.044332","1.665843"
"250","30","14.387294","1.009523","0.044889","1.665757"
"260","30","14.11744","1.009353","0.045442","1.665679"
"270","30","13.857522","1.009188","0.045992","1.665607"
"280","30","13.607002","1.009028","0.046538","1.665542"
"290","30","13.365378","1.008872","0.047081","1.665482"
"300","30","13.132187","1.00872","0.047621","1.665428"
"310","30","12.906993","1.008573","0.048157","1.665378"
"320","30","12.689392","1.008429","0.04869","1.665333"
"330","30","12.479007","1.008289","0.04922","1.665292"
"340","30","12.275484","1.008153","0.049747","1.665254"
"350","30","12.078493","1.008021","0.050271","1.66522"
"360","30","11.887725","1.007892","0.050792","1.665189"
"370","30","11.702889","1.007767","0.05131","1.665161"
"380","30","11.523713","1.007644","0.051825","1.665136"
"390","30","11.34994","1.007525","0.052338","1.665113"
"400","30","11.181331","1.007409","0.052848","1.665093"
"410","30","11.017658","1.007296","0.053355","1.665074"
"420","30","10.858707","1.007186","0.05386","1.665058"
"-100","40","57.485691","1.020395","0.022025","1.708292"
"-90","40","54.34697","1.021115","0.022842","1.702373"
"-80","40","51.533251","1.021543","0.023641","1.697452"
"-70","40","48.996542","1.021757","0.024425","1.693322"
"-60","40","46.697854","1.021809","0.025194","1.689826"
"-50","40","44.605187","1.021741","0.025949","1.686844"
"-40","40","42.692033","1.021584","0.026691","1.684285"
"-30","40","40.936243","1.021361","0.027422","1.682074"
"-20","40","39.319168","1.021089","0.028141","1.680155"
"-10","40","37.824995","1.020781","0.02885","1.678481"
"0","40","36.440225","1.020448","0.02955","1.677014"
"10","40","35.153267","1.020098","0.03024","1.675723"
"20","40","33.95411","1.019737","0.030922","1.674584"
"30","40","32.834067","1.019369","0.031595","1.673574"
"40","40","31.785558","1.018999","0.032261","1.672677"
"50","40","30.801942","1.018629","0.03292","1.671877"
"60","40","29.877375","1.018261","0.033571","1.671163"
"70","40","29.006695","1.017897","0.034216","1.670523"
"80","40","28.185325","1.017539","0.034854","1.669949"
"90","40","27.40919","1.017187","0.035486","1.669432"
"100","40","26.674655","1.016842","0.036112","1.668966"
"110","40","25.978461","1.016504","0.036733","1.668546"
"120","40","25.317684","1.016174","0.037348","1.668166"
"130","40","24.689687","1.015853","0.037957","1.667822"
"140","40","24.092091","1.015539","0.038562","1.66751"
"150","40","23.52274","1.015233","0.039161","1.667227"
"160","40","22.979678","1.014936","0.039756","1.666969"
"170","40","22.461125","1.014646","0.040346","1.666735"
"180","40","21.965458","1.014365","0.040931","1.666522"
"190","40","21.491196","1.014091","0.041512","1.666328"
"200","40","21.036981","1.013825","0.042088","1.66615"
"210","40","20.601568","1.013566","0.042661","1.665989"
"220","40","20.183813","1.013314","0.043229","1.665841"
"230","40","19.782664","1.01307","0.043794","1.665706"
"240","40","19.39715","1.012832","0.044354","1.665583"
"250","40","19.026374","1.012602","0.044911","1.665471"
"260","40","18.669507","1.012377","0.045464","1.665368"
"270","40","18.32578","1.012159","0.046014","1.665274"
"280","40","17.994482","1.011947","0.04656","1.665188"
"290","40","17.674949","1.01174","0.047102","1.66511"
"300","40","17.366566","1.01154","0.047642","1.665038"
"310","40","17.06876","1.011344","0.048178","1.664973"
"320","40","16.780995","1.011154","0.048711","1.664913"
"330","40","16.502773","1.01097","0.049241","1.664859"
"340","40","16.233626","1.01079","0.049767","1.664809"
"350","40","15.973116","1.010615","0.050291","1.664764"
"360","40","15.720836","1.010444","0.050812","1.664723"
"370","40","15.476401","1.010278","0.05133","1.664686"
"380","40","15.239451","1.010117","0.051845","1.664653"
"390","40","15.009647","1.009959","0.052357","1.664623"
"400","40","14.786671","1.009805","0.052867","1.664595"
"410","40","14.570222","1.009656","0.053374","1.664571"
"420","40","14.360019","1.00951","0.053879","1.664549"
"-100","50","71.502062","1.025773","0.022136","1.717474"
"-90","50","67.598046","1.026591","0.022942","1.710256"
"-80","50","64.098276","1.027064","0.023733","1.704258"
"-70","50","60.943057","1.027281","0.024509","1.699224"
"-60","50","58.083894","1.027308","0.025271","1.694963"
"-50","50","55.480986","1.027193","0.02602","1.691329"
"-40","50","53.10136","1.026973","0.026758","1.688208"
"-30","50","50.917467","1.026675","0.027484","1.685513"
"-20","50","48.906111","1.02632","0.028199","1.683171"
"-10","50","47.047623","1.025923","0.028905","1.681128"
"0","50","45.325213","1.025498","0.029601","1.679337"
"10","50","43.724464","1.025053","0.030289","1.67776"
"20","50","42.232925","1.024596","0.030968","1.676367"
"30","50","40.839789","1.024133","0.031639","1.675133"
"40","50","39.535628","1.023667","0.032303","1.674035"
"50","50","38.312183","1.023202","0.03296","1.673056"
"60","50","37.162185","1.022741","0.033609","1.672181"
"70","50","36.079213","1.022285","0.034252","1.671397"
"80","50","35.057573","1.021837","0.034889","1.670693"
"90","50","34.092199","1.021397","0.03552","1.67006"
"100","50","33.178566","1.020966","0.036145","1.669489"
"110","50","32.312624","1.020544","0.036765","1.668973"
"120","50","31.490734","1.020132","0.037379","1.668506"
"130","50","30.709617","1.019731","0.037987","1.668083"
"140","50","29.966313","1.019339","0.038591","1.6677"
"150","50","29.25814","1.018958","0.039189","1.667351"
"160","50","28.582667","1.018588","0.039783","1.667035"
"170","50","27.937678","1.018227","0.040373","1.666746"
"180","50","27.321156","1.017876","0.040957","1.666484"
"190","50","26.731258","1.017535","0.041538","1.666244"
"200","50","26.166294","1.017204","0.042114","1.666026"
"210","50","25.624717","1.016882","0.042686","1.665827"
"220","50","25.105104","1.016569","0.043254","1.665645"
"230","50","24.606145","1.016264","0.043818","1.665478"
"240","50","24.126634","1.015969","0.044378","1.665326"
"250","50","23.665454","1.015681","0.044935","1.665187"
"260","50","23.221574","1.015402","0.045487","1.66506"
"270","50","22.794039","1.01513","0.046037","1.664944"
"280","50","22.381962","1.014866","0.046582","1.664838"
"290","50","21.984519","1.01461","0.047125","1.664741"
"300","50","21.600946","1.01436","0.047664","1.664652"
"310","50","21.230527","1.014117","0.0482","1.664571"
"320","50","20.872599","1.013881","0.048732","1.664497"
"330","50","20.526539","1.013651","0.049262","1.66443"
"340","50","20.191767","1.013427","0.049789","1.664369"
"350","50","19.86774","1.01321","0.050312","1.664313"
"360","50","19.553948","1.012997","0.050833","1.664262"
"370","50","19.249914","1.012791","0.051351","1.664216"
"380","50","18.95519","1.01259","0.051866","1.664174"
"390","50","18.669354","1.012394","0.052378","1.664137"
"400","50","18.392011","1.012203","0.052888","1.664103"
"410","50","18.122787","1.012017","0.053395","1.664072"
"420","50","17.861332","1.011835","0.053899","1.664045"
"-100","60","85.518433","1.031312","0.022254","1.72625"
"-90","60","80.849122","1.032198","0.02305","1.717797"
"-80","60","76.663301","1.032691","0.023831","1.710775"
"-70","60","72.889572","1.032893","0.024599","1.704881"
"-60","60","69.469935","1.032879","0.025354","1.699892"
"-50","60","66.356785","1.032705","0.026097","1.695636"
"-40","60","63.510687","1.032412","0.026829","1.691981"
"-30","60","60.898691","1.032031","0.027551","1.688821"
"-20","60","58.493054","1.031586","0.028262","1.686077"
"-10","60","56.270251","1.031095","0.028964","1.68368"
"0","60","54.210202","1.030573","0.029656","1.681578"
"10","60","52.295662","1.03003","0.030341","1.679727"
"20","60","50.51174","1.029474","0.031017","1.67809"
"30","60","48.845511","1.028912","0.031686","1.67664"
"40","60","47.285699","1.028348","0.032348","1.675349"
"50","60","45.822425","1.027786","0.033002","1.674197"
"60","60","44.446996","1.02723","0.03365","1.673168"
"70","60","43.151731","1.026682","0.034292","1.672244"
"80","60","41.929822","1.026142","0.034927","1.671415"
"90","60","40.775208","1.025613","0.035556","1.670668"
"100","60","39.682478","1.025095","0.03618","1.669994"
"110","60","38.646788","1.024588","0.036798","1.669385"
"120","60","37.663784","1.024094","0.037411","1.668834"
"130","60","36.729546","1.023613","0.038019","1.668335"
"140","60","35.840534","1.023143","0.038622","1.667882"
"150","60","34.99354","1.022687","0.03922","1.66747"
"160","60","34.185655","1.022242","0.039813","1.667095"
"170","60","33.414231","1.02181","0.040401","1.666754"
"180","60","32.676855","1.02139","0.040985","1.666443"
"190","60","31.97132","1.020982","0.041565","1.66616"
"200","60","31.295607","1.020585","0.042141","1.665901"
"210","60","30.647866","1.020199","0.042712","1.665665"
"220","60","30.026395","1.019824","0.04328","1.665449"
"230","60","29.429627","1.01946","0.043843","1.665252"
"240","60","28.856117","1.019106","0.044403","1.665071"
"250","60","28.304533","1.018763","0.044959","1.664906"
"260","60","27.773641","1.018428","0.045512","1.664755"
"270","60","27.262297","1.018103","0.046061","1.664617"
"280","60","26.769442","1.017787","0.046606","1.664491"
"290","60","26.29409","1.01748","0.047148","1.664376"
"300","60","25.835325","1.017182","0.047687","1.66427"
"310","60","25.392295","1.016891","0.048223","1.664174"
"320","60","24.964202","1.016609","0.048755","1.664086"
"330","60","24.550305","1.016334","0.049284","1.664005"
"340","60","24.149909","1.016066","0.049811","1.663932"
"350","60","23.762363","1.015805","0.050334","1.663866"
"360","60","23.387059","1.015552","0.050855","1.663805"
"370","60","23.023426","1.015305","0.051372","1.66375"
"380","60","22.670928","1.015064","0.051887","1.6637"
"390","60","22.329061","1.01483","0.052399","1.663655"
"400","60","21.997351","1.014601","0.052909","1.663615"
"410","60","21.675352","1.014379","0.053416","1.663578"
"420","60","21.362644","1.014162","0.05392","1.663545"
"-100","70","99.534804","1.037012","0.02238","1.734613"
"-90","70","94.100198","1.037935","0.023164","1.724993"
"-80","70","89.228326","1.038424","0.023936","1.717001"
"-70","70","84.836088","1.038592","0.024695","1.710293"
"-60","70","80.855976","1.038522","0.025443","1.704613"
"-50","70","77.232584","1.038276","0.026179","1.699766"
"-40","70","73.920014","1.0379","0.026905","1.695601"
"-30","70","70.879915","1.037428","0.027622","1.692001"
"-20","70","68.079997","1.036887","0.028328","1.68887"
"-10","70","65.492879","1.036297","0.029026","1.686136"
"0","70","63.09519","1.035673","0.029715","1.683736"
"10","70","60.866859","1.035028","0.030396","1.681622"
"20","70","58.790555","1.03437","0.03107","1.679753"
"30","70","56.851233","1.033706","0.031736","1.678094"
"40","70","55.03577","1.033042","0.032395","1.676618"
"50","70","53.332667","1.032382","0.033047","1.6753"
"60","70","51.731806","1.03173","0.033693","1.674121"
"70","70","50.22425","1.031087","0.034333","1.673063"
"80","70","48.802071","1.030455","0.034967","1.672112"
"90","70","47.458216","1.029835","0.035595","1.671255"
"100","70","46.186389","1.02923","0.036217","1.670482"
"110","70","44.980951","1.028638","0.036834","1.669783"
"120","70","43.836834","1.028061","0.037446","1.669151"
"130","70","42.749476","1.027499","0.038053","1.668577"
"140","70","41.714755","1.026951","0.038654","1.668056"
"150","70","40.728941","1.026418","0.039251","1.667582"
"160","70","39.788644","1.0259","0.039844","1.667151"
"170","70","38.890785","1.025396","0.040432","1.666759"
"180","70","38.032553","1.024906","0.041015","1.666401"
"190","70","37.211381","1.02443","0.041594","1.666074"
"200","70","36.424921","1.023968","0.042169","1.665776"
"210","70","35.671016","1.023519","0.04274","1.665503"
"220","70","34.947686","1.023082","0.043307","1.665254"
"230","70","34.253108","1.022658","0.04387","1.665026"
"240","70","33.585601","1.022246","0.044429","1.664818"
"250","70","32.943613","1.021845","0.044985","1.664627"
"260","70","32.325708","1.021456","0.045537","1.664453"
"270","70","31.730556","1.021078","0.046086","1.664293"
"280","70","31.156922","1.02071","0.046631","1.664147"
"290","70","30.60366","1.020352","0.047173","1.664014"
"300","70","30.069705","1.020004","0.047711","1.663892"
"310","70","29.554062","1.019666","0.048246","1.66378"
"320","70","29.055806","1.019337","0.048779","1.663678"
"330","70","28.574072","1.019017","0.049308","1.663585"
"340","70","28.108051","1.018706","0.049834","1.6635"
"350","70","27.656987","1.018402","0.050357","1.663423"
"360","70","27.220171","1.018107","0.050877","1.663352"
"370","70","26.796939","1.01782","0.051395","1.663288"
"380","70","26.386667","1.01754","0.051909","1.663231"
"390","70","25.988768","1.017267","0.052421","1.663178"
"400","70","25.602691","1.017001","0.052931","1.663131"
"410","70","25.227917","1.016742","0.053437","1.663088"
"420","70","24.863956","1.016489","0.053941","1.66305"
"-100","80","113.551174","1.04287","0.022514","1.742563"
"-90","80","107.351274","1.0438","0.023286","1.731844"
"-80","80","101.793351","1.044261","0.024047","1.722937"
"-70","80","96.782603","1.044377","0.024797","1.71546"
"-60","80","92.242016","1.044236","0.025537","1.709126"
"-50","80","88.108384","1.043906","0.026266","1.703719"
"-40","80","84.329341","1.043437","0.026986","1.699071"
"-30","80","80.861138","1.042867","0.027697","1.69505"
"-20","80","77.66694","1.042223","0.028398","1.691553"
"-10","80","74.715508","1.041528","0.029092","1.688497"
"0","80","71.980179","1.040798","0.029777","1.685813"
"10","80","69.438057","1.040047","0.030455","1.683447"
"20","80","67.06937","1.039284","0.031125","1.681354"
"30","80","64.856955","1.038516","0.031789","1.679496"
"40","80","62.78584","1.03775","0.032445","1.677841"
"50","80","60.842908","1.03699","0.033095","1.676363"
"60","80","59.016617","1.036239","0.033739","1.67504"
"70","80","57.296768","1.0355","0.034377","1.673853"
"80","80","55.674319","1.034775","0.035009","1.672785"
"90","80","54.141225","1.034065","0.035635","1.671822"
"100","80","52.690301","1.03337","0.036256","1.670953"
"110","80","51.315114","1.032693","0.036872","1.670167"
"120","80","50.009884","1.032032","0.037482","1.669454"
"130","80","48.769405","1.031389","0.038088","1.668808"
"140","80","47.588977","1.030762","0.038689","1.668221"
"150","80","46.464341","1.030153","0.039285","1.667688"
"160","80","45.391633","1.02956","0.039876","1.667202"
"170","80","44.367338","1.028985","0.040463","1.666759"
"180","80","43.388251","1.028425","0.041046","1.666355"
"190","80","42.451443","1.027881","0.041624","1.665986"
"200","80","41.554234","1.027353","0.042199","1.665649"
"210","80","40.694165","1.02684","0.042769","1.665341"
"220","80","39.868977","1.026341","0.043335","1.665059"
"230","80","39.076589","1.025857","0.043898","1.664802"
"240","80","38.315085","1.025386","0.044457","1.664566"
"250","80","37.582693","1.024929","0.045012","1.66435"
"260","80","36.877775","1.024485","0.045564","1.664153"
"270","80","36.198814","1.024053","0.046112","1.663972"
"280","80","35.544402","1.023633","0.046657","1.663806"
"290","80","34.913231","1.023225","0.047198","1.663655"
"300","80","34.304084","1.022828","0.047736","1.663516"
"310","80","33.715829","1.022442","0.048271","1.66339"
"320","80","33.147409","1.022067","0.048803","1.663274"
"330","80","32.597838","1.021702","0.049332","1.663168"
"340","80","32.066192","1.021346","0.049858","1.663072"
"350","80","31.55161","1.021","0.050381","1.662984"
"360","80","31.053282","1.020663","0.050901","1.662904"
"370","80","30.570451","1.020335","0.051418","1.662831"
"380","80","30.102405","1.020016","0.051932","1.662765"
"390","80","29.648474","1.019705","0.052444","1.662705"
"400","80","29.208031","1.019402","0.052953","1.662651"
"410","80","28.780481","1.019106","0.05346","1.662603"
"420","80","28.365268","1.018818","0.053964","1.662559"
"-100","90","127.567545","1.048883","0.022654","1.750103"
"-90","90","120.60235","1.049791","0.023413","1.738351"
"-80","90","114.358376","1.050202","0.024163","1.728585"
"-70","90","108.729118","1.050247","0.024904","1.720383"
"-60","90","103.628057","1.050021","0.025635","1.713433"
"-50","90","98.984183","1.049595","0.026357","1.707496"
"-40","90","94.738668","1.049024","0.027071","1.70239"
"-30","90","90.842362","1.048347","0.027776","1.697971"
"-20","90","87.253883","1.047594","0.028472","1.694125"
"-10","90","83.938136","1.046789","0.029161","1.690762"
"0","90","80.865167","1.045949","0.029843","1.687808"
"10","90","78.009254","1.045088","0.030517","1.685202"
"20","90","75.348185","1.044216","0.031184","1.682894"
"30","90","72.862677","1.043342","0.031844","1.680845"
"40","90","70.535911","1.042472","0.032498","1.679019"
"50","90","68.35315","1.041609","0.033146","1.677387"
"60","90","66.301427","1.040759","0.033787","1.675926"
"70","90","64.369286","1.039923","0.034423","1.674613"
"80","90","62.546568","1.039103","0.035053","1.673432"
"90","90","60.824234","1.038301","0.035678","1.672367"
"100","90","59.194213","1.037517","0.036297","1.671405"
"110","90","57.649277","1.036753","0.036911","1.670534"
"120","90","56.182934","1.036008","0.037521","1.669745"
"130","90","54.789335","1.035283","0.038125","1.669029"
"140","90","53.463198","1.034577","0.038725","1.668378"
"150","90","52.199741","1.033891","0.03932","1.667786"
"160","90","50.994622","1.033224","0.03991","1.667246"
"170","90","49.843891","1.032576","0.040496","1.666754"
"180","90","48.743949","1.031946","0.041078","1.666305"
"190","90","47.691505","1.031334","0.041656","1.665896"
"200","90","46.683547","1.03074","0.04223","1.665521"
"210","90","45.717314","1.030163","0.042799","1.665178"
"220","90","44.790267","1.029602","0.043365","1.664865"
"230","90","43.90007","1.029058","0.043927","1.664578"
"240","90","43.044569","1.028528","0.044485","1.664315"
"250","90","42.221773","1.028015","0.04504","1.664075"
"260","90","41.429842","1.027515","0.045591","1.663855"
"270","90","40.667072","1.02703","0.046139","1.663653"
"280","90","39.931882","1.026558","0.046683","1.663468"
"290","90","39.222801","1.026099","0.047224","1.663299"
"300","90","38.538464","1.025653","0.047762","1.663144"
"310","90","37.877596","1.02522","0.048297","1.663003"
"320","90","37.239013","1.024798","0.048828","1.662873"
"330","90","36.621604","1.024387","0.049357","1.662755"
"340","90","36.024334","1.023988","0.049883","1.662647"
"350","90","35.446233","1.023599","0.050405","1.662549"
"360","90","34.886394","1.023221","0.050925","1.662459"
"370","90","34.343964","1.022852","0.051442","1.662377"
"380","90","33.818143","1.022493","0.051956","1.662303"
"390","90","33.308181","1.022144","0.052468","1.662236"
"400","90","32.813371","1.021803","0.052977","1.662176"
"410","90","32.333046","1.021471","0.053483","1.662121"
"420","90","31.866581","1.021147","0.053987","1.662072"
"-100","100","141.583916","1.055048","0.022801","1.757236"
"-90","100","133.853426","1.055906","0.023547","1.74452"
"-80","100","126.923401","1.056244","0.024285","1.733948"
"-70","100","120.675634","1.0562","0.025016","1.725066"
"-60","100","115.014098","1.055875","0.025738","1.717535"
"-50","100","109.859982","1.055342","0.026453","1.711099"
"-40","100","105.147995","1.054659","0.02716","1.705561"
"-30","100","100.823586","1.053868","0.027859","1.700764"
"-20","100","96.840826","1.052999","0.02855","1.696588"
"-10","100","93.160764","1.052079","0.029234","1.692933"
"0","100","89.750156","1.051124","0.029911","1.689721"
"10","100","86.580452","1.05015","0.030581","1.686886"
"20","100","83.627","1.049167","0.031245","1.684374"
"30","100","80.868398","1.048184","0.031902","1.682142"
"40","100","78.285981","1.047207","0.032553","1.680152"
"50","100","75.863392","1.04624","0.033198","1.678373"
"60","100","73.586237","1.045289","0.033837","1.676778"
"70","100","71.441804","1.044354","0.034471","1.675345"
"80","100","69.418816","1.043438","0.035099","1.674055"
"90","100","67.507242","1.042543","0.035722","1.672891"
"100","100","65.698124","1.041669","0.03634","1.671839"
"110","100","63.98344","1.040818","0.036953","1.670887"
"120","100","62.355984","1.039988","0.037561","1.670023"
"130","100","60.809264","1.039181","0.038164","1.669239"
"140","100","59.33742","1.038395","0.038762","1.668526"
"150","100","57.935141","1.037632","0.039356","1.667876"
"160","100","56.59761","1.03689","0.039946","1.667285"
"170","100","55.320445","1.036169","0.040531","1.666745"
"180","100","54.099647","1.035469","0.041112","1.666253"
"190","100","52.931566","1.034789","0.041689","1.665802"
"200","100","51.812861","1.034129","0.042262","1.665391"
"210","100","50.740464","1.033488","0.042831","1.665014"
"220","100","49.711558","1.032865","0.043396","1.66467"
"230","100","48.723552","1.03226","0.043957","1.664354"
"240","100","47.774052","1.031672","0.044515","1.664065"
"250","100","46.860852","1.031101","0.045069","1.663801"
"260","100","45.981909","1.030547","0.04562","1.663558"
"270","100","45.135331","1.030008","0.046167","1.663336"
"280","100","44.319362","1.029484","0.046711","1.663132"
"290","100","43.532371","1.028975","0.047252","1.662946"
"300","100","42.772843","1.02848","0.047789","1.662775"
"310","100","42.039364","1.027998","0.048323","1.662619"
"320","100","41.330616","1.02753","0.048855","1.662476"
"330","100","40.64537","1.027074","0.049383","1.662345"
"340","100","39.982476","1.026631","0.049908","1.662226"
"350","100","39.340857","1.026199","0.05043","1.662117"
"360","100","38.719506","1.025779","0.05095","1.662018"
"370","100","38.117476","1.02537","0.051467","1.661928"
"380","100","37.533882","1.024972","0.051981","1.661846"
"390","100","36.967888","1.024584","0.052492","1.661771"
"400","100","36.418711","1.024206","0.053001","1.661704"
"410","100","35.885611","1.023837","0.053507","1.661644"
"420","100","35.367893","1.023478","0.05401","1.661589"
"-100","110","155.600286","1.061361","0.022954","1.763972"
"-90","110","147.104502","1.062142","0.023686","1.750358"
"-80","110","139.488426","1.062386","0.024412","1.739034"
"-70","110","132.622149","1.062236","0.025132","1.729514"
"-60","110","126.400139","1.061797","0.025846","1.721438"
"-50","110","120.735781","1.061146","0.026553","1.714532"
"-40","110","115.557322","1.060342","0.027252","1.708586"
"-30","110","110.80481","1.059429","0.027945","1.703433"
"-20","110","106.427768","1.058439","0.028631","1.698943"
"-10","110","102.383392","1.057397","0.02931","1.695012"
"0","110","98.635144","1.056324","0.029982","1.691554"
"10","110","95.15165","1.055233","0.030649","1.6885"
"20","110","91.905815","1.054136","0.031309","1.685794"
"30","110","88.87412","1.053041","0.031963","1.683386"
"40","110","86.036052","1.051955","0.032611","1.681239"
"50","110","83.373633","1.050883","0.033253","1.679319"
"60","110","80.871048","1.049828","0.03389","1.677596"
"70","110","78.514322","1.048794","0.034521","1.676048"
"80","110","76.291065","1.047782","0.035148","1.674653"
"90","110","74.190251","1.046793","0.035769","1.673393"
"100","110","72.202036","1.045828","0.036385","1.672255"
"110","110","70.317603","1.044888","0.036996","1.671223"
"120","110","68.529034","1.043973","0.037602","1.670287"
"130","110","66.829194","1.043083","0.038204","1.669437"
"140","110","65.211641","1.042217","0.038801","1.668664"
"150","110","63.670541","1.041376","0.039394","1.667959"
"160","110","62.200599","1.040559","0.039982","1.667317"
"170","110","60.796998","1.039766","0.040567","1.666731"
"180","110","59.455345","1.038995","0.041147","1.666196"
"190","110","58.171628","1.038246","0.041723","1.665707"
"200","110","56.942174","1.03752","0.042295","1.665259"
"210","110","55.763613","1.036814","0.042863","1.664849"
"220","110","54.632849","1.036129","0.043428","1.664474"
"230","110","53.547033","1.035464","0.043989","1.664131"
"240","110","52.503536","1.034817","0.044546","1.663816"
"250","110","51.499932","1.034189","0.045099","1.663528"
"260","110","50.533976","1.03358","0.04565","1.663263"
"270","110","49.603589","1.032987","0.046196","1.663021"
"280","110","48.706842","1.032411","0.04674","1.662799"
"290","110","47.841942","1.031851","0.04728","1.662595"
"300","110","47.007222","1.031307","0.047817","1.662409"
"310","110","46.201131","1.030778","0.048351","1.662238"
"320","110","45.42222","1.030263","0.048882","1.662082"
"330","110","44.669136","1.029762","0.04941","1.661939"
"340","110","43.940617","1.029275","0.049935","1.661808"
"350","110","43.23548","1.0288","0.050457","1.661689"
"360","110","42.552617","1.028339","0.050976","1.661581"
"370","110","41.890989","1.027889","0.051492","1.661482"
"380","110","41.24962","1.027451","0.052006","1.661392"
"390","110","40.627595","1.027025","0.052517","1.66131"
"400","110","40.02405","1.026609","0.053025","1.661236"
"410","110","39.438175","1.026204","0.053531","1.66117"
"420","110","38.869205","1.025809","0.054035","1.66111"
"-100","120","169.616657","1.067816","0.023112","1.770319"
"-90","120","160.355578","1.068494","0.02383","1.755872"
"-80","120","152.053451","1.068623","0.024544","1.743847"
"-70","120","144.568664","1.068351","0.025253","1.733732"
"-60","120","137.786179","1.067785","0.025958","1.725146"
"-50","120","131.61158","1.067006","0.026656","1.717799"
"-40","120","125.966649","1.066072","0.027348","1.711468"
"-30","120","120.786034","1.06503","0.028035","1.705978"
"-20","120","116.014711","1.063912","0.028715","1.701192"
"-10","120","111.60602","1.062745","0.029389","1.696998"
"0","120","107.520132","1.061548","0.030057","1.693308"
"10","120","103.722847","1.060337","0.030719","1.690046"
"20","120","100.18463","1.059123","0.031375","1.687154"
"30","120","96.879842","1.057914","0.032026","1.68458"
"40","120","93.786122","1.056717","0.032671","1.682282"
"50","120","90.883875","1.055537","0.03331","1.680226"
"60","120","88.155858","1.054378","0.033945","1.678381"
"70","120","85.58684","1.053243","0.034574","1.676721"
"80","120","83.163313","1.052132","0.035198","1.675225"
"90","120","80.873259","1.051049","0.035817","1.673874"
"100","120","78.705947","1.049992","0.036431","1.672652"
"110","120","76.651766","1.048963","0.037041","1.671544"
"120","120","74.702084","1.047962","0.037645","1.670538"
"130","120","72.849124","1.046989","0.038246","1.669624"
"140","120","71.085863","1.046043","0.038842","1.668792"
"150","120","69.405942","1.045124","0.039433","1.668035"
"160","120","67.803588","1.044231","0.040021","1.667343"
"170","120","66.273551","1.043364","0.040604","1.666712"
"180","120","64.811043","1.042523","0.041183","1.666135"
"190","120","63.41169","1.041706","0.041758","1.665608"
"200","120","62.071487","1.040913","0.04233","1.665125"
"210","120","60.786762","1.040143","0.042897","1.664683"
"220","120","59.55414","1.039395","0.043461","1.664278"
"230","120","58.370514","1.038669","0.044021","1.663907"
"240","120","57.23302","1.037964","0.044578","1.663567"
"250","120","56.139012","1.037279","0.045131","1.663255"
"260","120","55.086044","1.036614","0.04568","1.66297"
"270","120","54.071848","1.035967","0.046226","1.662707"
"280","120","53.094322","1.035339","0.046769","1.662467"
"290","120","52.151512","1.034729","0.047309","1.662247"
"300","120","51.241602","1.034135","0.047846","1.662045"
"310","120","50.362898","1.033558","0.048379","1.66186"
"320","120","49.513823","1.032997","0.04891","1.66169"
"330","120","48.692903","1.032451","0.049437","1.661536"
"340","120","47.898759","1.031919","0.049962","1.661394"
"350","120","47.130104","1.031402","0.050484","1.661265"
"360","120","46.385729","1.030899","0.051002","1.661147"
"370","120","45.664502","1.030409","0.051519","1.661039"
"380","120","44.965359","1.029932","0.052032","1.660941"
"390","120","44.287302","1.029467","0.052543","1.660853"
"400","120","43.62939","1.029014","0.053051","1.660772"
"410","120","42.99074","1.028572","0.053557","1.6607"
"420","120","42.370517","1.028142","0.05406","1.660635"
"-100","130","183.633028","1.07441","0.023275","1.776288"
"-90","130","173.606654","1.074959","0.023978","1.76107"
"-80","130","164.618476","1.074954","0.02468","1.748395"
"-70","130","156.51518","1.074544","0.025378","1.737726"
"-60","130","149.17222","1.073838","0.026073","1.728663"
"-50","130","142.487379","1.07292","0.026763","1.720902"
"-40","130","136.375976","1.071848","0.027448","1.71421"
"-30","130","130.767258","1.070669","0.028128","1.708403"
"-20","130","125.601654","1.069418","0.028802","1.703337"
"-10","130","120.828648","1.06812","0.029471","1.698896"
"0","130","116.405121","1.066796","0.030134","1.694984"
"10","130","112.294045","1.065461","0.030791","1.691525"
"20","130","108.463444","1.064127","0.031444","1.688455"
"30","130","104.885564","1.062801","0.032091","1.685722"
"40","130","101.536193","1.061492","0.032733","1.683281"
"50","130","98.394116","1.060203","0.033369","1.681095"
"60","130","95.440669","1.058938","0.034001","1.679132"
"70","130","92.659358","1.0577","0.034628","1.677366"
"80","130","90.035562","1.056491","0.03525","1.675773"
"90","130","87.556268","1.055311","0.035867","1.674333"
"100","130","85.209859","1.054162","0.036479","1.67303"
"110","130","82.985929","1.053044","0.037087","1.671849"
"120","130","80.875133","1.051956","0.03769","1.670776"
"130","130","78.869053","1.050899","0.038289","1.6698"
"140","130","76.960084","1.049872","0.038884","1.668912"
"150","130","75.141342","1.048874","0.039474","1.668102"
"160","130","73.406577","1.047906","0.04006","1.667363"
"170","130","71.750104","1.046966","0.040642","1.666687"
"180","130","70.166741","1.046053","0.041221","1.66607"
"190","130","68.651752","1.045167","0.041795","1.665506"
"200","130","67.2008","1.044308","0.042365","1.664989"
"210","130","65.809911","1.043473","0.042932","1.664515"
"220","130","64.475431","1.042663","0.043495","1.664081"
"230","130","63.193995","1.041876","0.044054","1.663684"
"240","130","61.962504","1.041112","0.04461","1.663319"
"250","130","60.778092","1.04037","0.045163","1.662984"
"260","130","59.638111","1.039649","0.045712","1.662677"
"270","130","58.540106","1.038949","0.046258","1.662396"
"280","130","57.481802","1.038269","0.0468","1.662137"
"290","130","56.461083","1.037607","0.047339","1.6619"
"300","130","55.475981","1.036965","0.047875","1.661683"
"310","130","54.524666","1.03634","0.048409","1.661484"
"320","130","53.605427","1.035732","0.048939","1.661302"
"330","130","52.716669","1.035141","0.049466","1.661135"
"340","130","51.856901","1.034565","0.04999","1.660983"
"350","130","51.024727","1.034005","0.050511","1.660843"
"360","130","50.21884","1.03346","0.05103","1.660716"
"370","130","49.438014","1.03293","0.051546","1.6606"
"380","130","48.681097","1.032413","0.052059","1.660495"
"390","130","47.947009","1.031909","0.052569","1.660399"
"400","130","47.23473","1.031419","0.053077","1.660312"
"410","130","46.543305","1.030941","0.053583","1.660234"
"420","130","45.87183","1.030475","0.054085","1.660163"
"-100","140","197.649398","1.081137","0.023442","1.781891"
"-90","140","186.85773","1.081534","0.02413","1.765963"
"-80","140","177.183501","1.081375","0.024819","1.752687"
"-70","140","168.461695","1.080811","0.025507","1.741503"
"-60","140","160.558261","1.079954","0.026192","1.731995"
"-50","140","153.363179","1.078886","0.026873","1.723847"
"-40","140","146.785303","1.077668","0.027551","1.716816"
"-30","140","140.748482","1.076346","0.028224","1.710711"
"-20","140","135.188597","1.074956","0.028892","1.705381"
"-10","140","130.051276","1.073523","0.029555","1.700705"
"0","140","125.290109","1.072068","0.030213","1.696584"
"10","140","120.865242","1.070606","0.030867","1.692937"
"20","140","116.742259","1.069149","0.031515","1.689699"
"30","140","112.891286","1.067704","0.032158","1.686814"
"40","140","109.286263","1.06628","0.032797","1.684236"
"50","140","105.904358","1.06488","0.033431","1.681926"
"60","140","102.725479","1.063508","0.03406","1.679851"
"70","140","99.731876","1.062166","0.034684","1.677982"
"80","140","96.907811","1.060857","0.035303","1.676296"
"90","140","94.239277","1.05958","0.035918","1.674771"
"100","140","91.71377","1.058338","0.036529","1.67339"
"110","140","89.320092","1.057129","0.037135","1.672138"
"120","140","87.048183","1.055954","0.037737","1.671"
"130","140","84.888983","1.054813","0.038334","1.669964"
"140","140","82.834305","1.053705","0.038927","1.669021"
"150","140","80.876742","1.052628","0.039516","1.668161"
"160","140","79.009566","1.051584","0.040101","1.667375"
"170","140","77.226658","1.05057","0.040682","1.666657"
"180","140","75.522439","1.049586","0.041259","1.666001"
"190","140","73.891813","1.048631","0.041833","1.6654"
"200","140","72.330114","1.047704","0.042402","1.66485"
"210","140","70.833061","1.046805","0.042968","1.664346"
"220","140","69.396722","1.045932","0.04353","1.663883"
"230","140","68.017477","1.045084","0.044089","1.663459"
"240","140","66.691987","1.044261","0.044644","1.66307"
"250","140","65.417172","1.043462","0.045196","1.662713"
"260","140","64.190178","1.042686","0.045744","1.662386"
"270","140","63.008365","1.041932","0.04629","1.662085"
"280","140","61.869282","1.041199","0.046832","1.661809"
"290","140","60.770653","1.040487","0.04737","1.661556"
"300","140","59.710361","1.039795","0.047906","1.661324"
"310","140","58.686433","1.039122","0.048439","1.661111"
"320","140","57.69703","1.038468","0.048968","1.660916"
"330","140","56.740435","1.037831","0.049495","1.660738"
"340","140","55.815043","1.037212","0.050019","1.660574"
"350","140","54.919351","1.036609","0.05054","1.660425"
"360","140","54.051952","1.036022","0.051058","1.660289"
"370","140","53.211527","1.035451","0.051573","1.660164"
"380","140","52.396836","1.034895","0.052086","1.660051"
"390","140","51.606715","1.034353","0.052596","1.659948"
"400","140","50.84007","1.033825","0.053104","1.659855"
"410","140","50.09587","1.033311","0.053609","1.659771"
"420","140","49.373142","1.032809","0.054112","1.659695"
"-100","150","211.665769","1.087991","0.023614","1.78714"
"-90","150","200.108806","1.088213","0.024287","1.770561"
"-80","150","189.748527","1.087883","0.024963","1.75673"
"-70","150","180.40821","1.087151","0.025639","1.745068"
"-60","150","171.944302","1.086131","0.026314","1.735147"
"-50","150","164.238978","1.084904","0.026987","1.726638"
"-40","150","157.19463","1.083531","0.027656","1.71929"
"-30","150","150.729706","1.08206","0.028322","1.712905"
"-20","150","144.77554","1.080525","0.028984","1.707327"
"-10","150","139.273904","1.078952","0.029642","1.702429"
"0","150","134.175098","1.077363","0.030295","1.69811"
"10","150","129.43644","1.07577","0.030944","1.694286"
"20","150","125.021074","1.074187","0.031588","1.690887"
"30","150","120.897008","1.072622","0.032228","1.687858"
"40","150","117.036334","1.07108","0.032863","1.685149"
"50","150","113.4146","1.069567","0.033494","1.68272"
"60","150","110.010289","1.068087","0.03412","1.680537"
"70","150","106.804394","1.06664","0.034742","1.67857"
"80","150","103.780059","1.06523","0.035359","1.676794"
"90","150","100.922285","1.063856","0.035972","1.675188"
"100","150","98.217682","1.062519","0.03658","1.673732"
"110","150","95.654255","1.06122","0.037184","1.672411"
"120","150","93.221233","1.059957","0.037784","1.67121"
"130","150","90.908912","1.058731","0.03838","1.670117"
"140","150","88.708527","1.057541","0.038972","1.669121"
"150","150","86.612142","1.056385","0.03956","1.668211"
"160","150","84.612554","1.055264","0.040143","1.667381"
"170","150","82.703211","1.054176","0.040723","1.666622"
"180","150","80.878137","1.053121","0.041299","1.665927"
"190","150","79.131875","1.052097","0.041872","1.665291"
"200","150","77.459427","1.051103","0.04244","1.664708"
"210","150","75.85621","1.050139","0.043005","1.664174"
"220","150","74.318013","1.049203","0.043567","1.663684"
"230","150","72.840958","1.048294","0.044125","1.663235"
"240","150","71.421471","1.047412","0.044679","1.662822"
"250","150","70.056251","1.046556","0.04523","1.662443"
"260","150","68.742245","1.045724","0.045778","1.662095"
"270","150","67.476623","1.044916","0.046323","1.661776"
"280","150","66.256762","1.044131","0.046864","1.661483"
"290","150","65.080224","1.043368","0.047402","1.661214"
"300","150","63.94474","1.042627","0.047937","1.660967"
"310","150","62.8482","1.041906","0.048469","1.660741"
"320","150","61.788633","1.041205","0.048999","1.660533"
"330","150","60.764201","1.040523","0.049525","1.660343"
"340","150","59.773184","1.03986","0.050048","1.660169"
"350","150","58.813974","1.039214","0.050569","1.66001"
"360","150","57.885063","1.038586","0.051087","1.659864"
"370","150","56.985039","1.037974","0.051602","1.659732"
"380","150","56.112574","1.037378","0.052114","1.659611"
"390","150","55.266422","1.036798","0.052624","1.659501"
"400","150","54.44541","1.036232","0.053132","1.659402"
"410","150","53.648434","1.035681","0.053636","1.659311"
"420","150","52.874454","1.035144","0.054139","1.65923"
"-100","160","225.68214","1.094967","0.023788","1.792048"
"-90","160","213.359883","1.094993","0.024446","1.774874"
"-80","160","202.313552","1.094474","0.025109","1.760533"
"-70","160","192.354725","1.093562","0.025774","1.748431"
"-60","160","183.330342","1.092366","0.026439","1.738125"
"-50","160","175.114777","1.090971","0.027103","1.72928"
"-40","160","167.603957","1.089436","0.027765","1.721636"
"-30","160","160.710929","1.087809","0.028423","1.714988"
"-20","160","154.362483","1.086124","0.029079","1.709176"
"-10","160","148.496532","1.084408","0.029731","1.70407"
"0","160","143.060086","1.082679","0.030379","1.699563"
"10","160","138.007637","1.080954","0.031024","1.69557"
"20","160","133.299889","1.079242","0.031664","1.69202"
"30","160","128.90273","1.077553","0.0323","1.688853"
"40","160","124.786404","1.075893","0.032931","1.68602"
"50","160","120.924841","1.074266","0.033559","1.683478"
"60","160","117.2951","1.072675","0.034182","1.681191"
"70","160","113.876912","1.071123","0.034801","1.679131"
"80","160","110.652308","1.06961","0.035416","1.677269"
"90","160","107.605294","1.068138","0.036027","1.675584"
"100","160","104.721593","1.066706","0.036633","1.674056"
"110","160","101.988418","1.065315","0.037235","1.672669"
"120","160","99.394283","1.063964","0.037834","1.671407"
"130","160","96.928842","1.062653","0.038428","1.670258"
"140","160","94.582748","1.06138","0.039018","1.669211"
"150","160","92.347542","1.060145","0.039604","1.668254"
"160","160","90.215543","1.058947","0.040187","1.66738"
"170","160","88.179764","1.057785","0.040765","1.666581"
"180","160","86.233835","1.056658","0.04134","1.665849"
"190","160","84.371937","1.055564","0.041912","1.665179"
"200","160","82.58874","1.054503","0.042479","1.664564"
"210","160","80.879359","1.053474","0.043043","1.664001"
"220","160","79.239303","1.052475","0.043604","1.663484"
"230","160","77.664439","1.051505","0.044161","1.663009"
"240","160","76.150955","1.050564","0.044715","1.662573"
"250","160","74.695331","1.04965","0.045265","1.662173"
"260","160","73.294312","1.048763","0.045812","1.661806"
"270","160","71.944882","1.047901","0.046356","1.661468"
"280","160","70.644242","1.047064","0.046897","1.661158"
"290","160","69.389794","1.04625","0.047435","1.660873"
"300","160","68.17912","1.045459","0.047969","1.660612"
"310","160","67.009967","1.04469","0.048501","1.660372"
"320","160","65.880237","1.043943","0.04903","1.660152"
"330","160","64.787967","1.043215","0.049556","1.659951"
"340","160","63.731326","1.042508","0.050079","1.659766"
"350","160","62.708597","1.04182","0.050599","1.659598"
"360","160","61.718175","1.041149","0.051116","1.659443"
"370","160","60.758552","1.040497","0.051631","1.659303"
"380","160","59.828313","1.039862","0.052143","1.659174"
"390","160","58.926129","1.039243","0.052653","1.659057"
"400","160","58.05075","1.03864","0.05316","1.658951"
"410","160","57.200999","1.038052","0.053664","1.658855"
"420","160","56.375766","1.03748","0.054166","1.658769"
"-100","170","239.69851","1.102061","0.023966","1.796626"
"-90","170","226.610959","1.10187","0.024609","1.778912"
"-80","170","214.878577","1.101146","0.025259","1.764104"
"-70","170","204.301241","1.100039","0.025912","1.751596"
"-60","170","194.716383","1.098658","0.026567","1.740936"
"-50","170","185.990576","1.097085","0.027222","1.731778"
"-40","170","178.013284","1.095382","0.027875","1.723857"
"-30","170","170.692153","1.093593","0.028527","1.716964"
"-20","170","163.949425","1.091753","0.029176","1.710932"
"-10","170","157.71916","1.089888","0.029823","1.705629"
"0","170","151.945074","1.088018","0.030466","1.700946"
"10","170","146.578835","1.086156","0.031105","1.696794"
"20","170","141.578704","1.084313","0.031741","1.6931"
"30","170","136.908451","1.082499","0.032373","1.689802"
"40","170","132.536475","1.080718","0.033001","1.68685"
"50","170","128.435083","1.078975","0.033626","1.6842"
"60","170","124.57991","1.077273","0.034246","1.681815"
"70","170","120.94943","1.075613","0.034862","1.679664"
"80","170","117.524556","1.073997","0.035475","1.67772"
"90","170","114.288303","1.072426","0.036083","1.675959"
"100","170","111.225505","1.070899","0.036687","1.674362"
"110","170","108.322581","1.069415","0.037288","1.672911"
"120","170","105.567333","1.067976","0.037884","1.671591"
"130","170","102.948771","1.066578","0.038477","1.670388"
"140","170","100.45697","1.065223","0.039065","1.669291"
"150","170","98.082942","1.063908","0.03965","1.668289"
"160","170","95.818532","1.062633","0.040231","1.667372"
"170","170","93.656317","1.061397","0.040809","1.666534"
"180","170","91.589533","1.060197","0.041383","1.665766"
"190","170","89.611998","1.059034","0.041953","1.665063"
"200","170","87.718054","1.057906","0.042519","1.664418"
"210","170","85.902509","1.056811","0.043083","1.663826"
"220","170","84.160594","1.055749","0.043642","1.663282"
"230","170","82.48792","1.054718","0.044199","1.662783"
"240","170","80.880439","1.053718","0.044752","1.662325"
"250","170","79.334411","1.052746","0.045301","1.661904"
"260","170","77.846379","1.051803","0.045848","1.661517"
"270","170","76.41314","1.050887","0.046391","1.661161"
"280","170","75.031722","1.049998","0.046931","1.660835"
"290","170","73.699364","1.049133","0.047468","1.660535"
"300","170","72.413499","1.048293","0.048002","1.660259"
"310","170","71.171735","1.047476","0.048534","1.660006"
"320","170","69.97184","1.046681","0.049062","1.659774"
"330","170","68.811734","1.045909","0.049587","1.659561"
"340","170","67.689468","1.045157","0.05011","1.659367"
"350","170","66.603221","1.044426","0.05063","1.659188"
"360","170","65.551287","1.043714","0.051147","1.659025"
"370","170","64.532064","1.043021","0.051661","1.658876"
"380","170","63.544051","1.042346","0.052173","1.65874"
"390","170","62.585836","1.041689","0.052682","1.658617"
"400","170","61.65609","1.041049","0.053189","1.658505"
"410","170","60.753564","1.040425","0.053693","1.658403"
"420","170","59.877079","1.039816","0.054195","1.658311"
"-100","180","253.714881","1.109266","0.024146","1.800888"
"-90","180","239.862035","1.10884","0.024774","1.782685"
"-80","180","227.443602","1.107895","0.025411","1.767452"
"-70","180","216.247756","1.106581","0.026052","1.754572"
"-60","180","206.102424","1.105004","0.026697","1.743584"
"-50","180","196.866375","1.103246","0.027343","1.734137"
"-40","180","188.422611","1.101367","0.027989","1.725959"
"-30","180","180.673377","1.09941","0.028633","1.718836"
"-20","180","173.536368","1.097411","0.029276","1.712598"
"-10","180","166.941789","1.095393","0.029916","1.70711"
"0","180","160.830063","1.093377","0.030554","1.70226"
"10","180","155.150032","1.091376","0.031189","1.697957"
"20","180","149.857519","1.0894","0.031821","1.694127"
"30","180","144.914173","1.087458","0.032449","1.690705"
"40","180","140.286545","1.085555","0.033073","1.68764"
"50","180","135.945325","1.083694","0.033694","1.684887"
"60","180","131.864721","1.081879","0.034312","1.682407"
"70","180","128.021949","1.080111","0.034925","1.68017"
"80","180","124.396805","1.078392","0.035535","1.678147"
"90","180","120.971311","1.07672","0.036141","1.676314"
"100","180","117.729416","1.075096","0.036743","1.674651"
"110","180","114.656744","1.07352","0.037341","1.673138"
"120","180","111.740383","1.071991","0.037936","1.671762"
"130","180","108.968701","1.070508","0.038527","1.670507"
"140","180","106.331191","1.069069","0.039114","1.669362"
"150","180","103.818343","1.067674","0.039697","1.668315"
"160","180","101.421521","1.066322","0.040277","1.667358"
"170","180","99.132871","1.06501","0.040853","1.666482"
"180","180","96.945231","1.063739","0.041426","1.665679"
"190","180","94.85206","1.062506","0.041995","1.664943"
"200","180","92.847367","1.06131","0.042561","1.664268"
"210","180","90.925658","1.06015","0.043123","1.663648"
"220","180","89.081885","1.059024","0.043682","1.663079"
"230","180","87.311401","1.057932","0.044237","1.662556"
"240","180","85.609922","1.056872","0.044789","1.662076"
"250","180","83.973491","1.055844","0.045338","1.661634"
"260","180","82.398446","1.054845","0.045884","1.661228"
"270","180","80.881399","1.053875","0.046427","1.660855"
"280","180","79.419202","1.052932","0.046966","1.660513"
"290","180","78.008935","1.052017","0.047503","1.660197"
"300","180","76.647879","1.051127","0.048036","1.659908"
"310","180","75.333502","1.050262","0.048567","1.659642"
"320","180","74.063444","1.049421","0.049094","1.659398"
"330","180","72.8355","1.048603","0.049619","1.659174"
"340","180","71.647609","1.047808","0.050141","1.658969"
"350","180","70.497844","1.047033","0.050661","1.658782"
"360","180","69.384398","1.04628","0.051178","1.65861"
"370","180","68.305577","1.045546","0.051692","1.658453"
"380","180","67.25979","1.044832","0.052203","1.65831"
"390","180","66.245543","1.044136","0.052712","1.658179"
"400","180","65.26143","1.043458","0.053218","1.658061"
"410","180","64.306128","1.042798","0.053722","1.657953"
"420","180","63.378391","1.042154","0.054223","1.657856"
"-100","190","267.731252","1.116578","0.024329","1.804844"
"-90","190","253.113111","1.115898","0.024942","1.786204"
"-80","190","240.008627","1.114718","0.025565","1.770585"
"-70","190","228.194271","1.113185","0.026195","1.757365"
"-60","190","217.488465","1.111403","0.02683","1.746076"
"-50","190","207.742174","1.109451","0.027466","1.736361"
"-40","190","198.831938","1.107389","0.028104","1.727944"
"-30","190","190.654601","1.105259","0.028741","1.720607"
"-20","190","183.123311","1.103095","0.029377","1.714177"
"-10","190","176.164417","1.100922","0.030012","1.708515"
"0","190","169.715051","1.098756","0.030645","1.703508"
"10","190","163.72123","1.096613","0.031274","1.699063"
"20","190","158.136334","1.094502","0.031902","1.695103"
"30","190","152.919895","1.09243","0.032526","1.691563"
"40","190","148.036616","1.090403","0.033147","1.688391"
"50","190","143.455566","1.088423","0.033764","1.685539"
"60","190","139.149531","1.086495","0.034379","1.68297"
"70","190","135.094467","1.084617","0.034989","1.680651"
"80","190","131.269053","1.082792","0.035596","1.678552"
"90","190","127.65432","1.08102","0.0362","1.676649"
"100","190","124.233328","1.079299","0.0368","1.674922"
"110","190","120.990908","1.07763","0.037396","1.673351"
"120","190","117.913433","1.07601","0.037989","1.67192"
"130","190","114.98863","1.074441","0.038578","1.670615"
"140","190","112.205413","1.072919","0.039164","1.669423"
"150","190","109.553743","1.071443","0.039746","1.668334"
"160","190","107.024509","1.070013","0.040324","1.667337"
"170","190","104.609424","1.068626","0.040899","1.666424"
"180","190","102.30093","1.067282","0.04147","1.665587"
"190","190","100.092122","1.065979","0.042038","1.66482"
"200","190","97.97668","1.064715","0.042603","1.664116"
"210","190","95.948807","1.06349","0.043164","1.663469"
"220","190","94.003176","1.062301","0.043722","1.662875"
"230","190","92.134883","1.061148","0.044276","1.662329"
"240","190","90.339406","1.060028","0.044828","1.661827"
"250","190","88.61257","1.058942","0.045376","1.661365"
"260","190","86.950513","1.057887","0.045921","1.660941"
"270","190","85.349657","1.056863","0.046463","1.66055"
"280","190","83.806682","1.055868","0.047002","1.660192"
"290","190","82.318505","1.054902","0.047538","1.659862"
"300","190","80.882258","1.053962","0.048071","1.659559"
"310","190","79.495269","1.053049","0.048601","1.65928"
"320","190","78.155047","1.052162","0.049128","1.659024"
"330","190","76.859266","1.051298","0.049652","1.65879"
"340","190","75.605751","1.050459","0.050174","1.658575"
"350","190","74.392468","1.049641","0.050693","1.658378"
"360","190","73.21751","1.048846","0.051209","1.658197"
"370","190","72.079089","1.048072","0.051723","1.658032"
"380","190","70.975528","1.047318","0.052234","1.657882"
"390","190","69.90525","1.046584","0.052742","1.657745"
"400","190","68.86677","1.045868","0.053248","1.65762"
"410","190","67.858693","1.045171","0.053752","1.657507"
"420","190","66.879703","1.044492","0.054253","1.657405"
"-100","200","281.747622","1.123992","0.024514","1.808506"
"-90","200","266.364187","1.12304","0.025112","1.789477"
"-80","200","252.573652","1.121612","0.025722","1.773512"
"-70","200","240.140787","1.119848","0.02634","1.759983"
"-60","200","228.874505","1.117851","0.026964","1.748418"
"-50","200","218.617974","1.115699","0.027592","1.738456"
"-40","200","209.241264","1.113447","0.028221","1.729817"
"-30","200","200.635825","1.111139","0.028851","1.72228"
"-20","200","192.710254","1.108807","0.029481","1.71567"
"-10","200","185.387045","1.106473","0.03011","1.709846"
"0","200","178.60004","1.104156","0.030737","1.704691"
"10","200","172.292427","1.101868","0.031362","1.700112"
"20","200","166.415149","1.099619","0.031984","1.696029"
"30","200","160.925617","1.097415","0.032604","1.692378"
"40","200","155.786686","1.095262","0.033222","1.689104"
"50","200","150.965808","1.093162","0.033836","1.686159"
"60","200","146.434341","1.091118","0.034447","1.683504"
"70","200","142.166985","1.08913","0.035055","1.681106"
"80","200","138.141302","1.087199","0.035659","1.678934"
"90","200","134.337328","1.085325","0.036261","1.676965"
"100","200","130.737239","1.083507","0.036858","1.675176"
"110","200","127.325071","1.081743","0.037453","1.673548"
"120","200","124.086483","1.080034","0.038043","1.672065"
"130","200","121.00856","1.078377","0.038631","1.670711"
"140","200","118.079634","1.076771","0.039215","1.669475"
"150","200","115.289143","1.075215","0.039795","1.668344"
"160","200","112.627498","1.073706","0.040372","1.667309"
"170","200","110.085977","1.072245","0.040945","1.666361"
"180","200","107.656628","1.070828","0.041516","1.665491"
"190","200","105.332184","1.069454","0.042082","1.664693"
"200","200","103.105993","1.068123","0.042646","1.66396"
"210","200","100.971957","1.066832","0.043206","1.663287"
"220","200","98.924467","1.065579","0.043763","1.662669"
"230","200","96.958364","1.064364","0.044317","1.6621"
"240","200","95.06889","1.063185","0.044867","1.661577"
"250","200","93.25165","1.062041","0.045414","1.661096"
"260","200","91.502581","1.060931","0.045959","1.660653"
"270","200","89.817916","1.059852","0.0465","1.660246"
"280","200","88.194162","1.058805","0.047038","1.659872"
"290","200","86.628076","1.057787","0.047573","1.659528"
"300","200","85.116638","1.056798","0.048106","1.659211"
"310","200","83.657036","1.055837","0.048635","1.65892"
"320","200","82.246651","1.054903","0.049162","1.658653"
"330","200","80.883032","1.053994","0.049686","1.658407"
"340","200","79.563893","1.05311","0.050207","1.658182"
"350","200","78.287091","1.05225","0.050726","1.657976"
"360","200","77.050621","1.051413","0.051241","1.657787"
"370","200","75.852602","1.050598","0.051755","1.657615"
"380","200","74.691267","1.049805","0.052265","1.657457"
"390","200","73.564956","1.049032","0.052773","1.657313"
"400","200","72.47211","1.048279","0.053279","1.657183"
"410","200","71.411258","1.047546","0.053782","1.657064"
"420","200","70.381015","1.046831","0.054283","1.656956"
"-100","210","295.763993","1.131503","0.024701","1.811886"
"-90","210","279.615263","1.130264","0.025283","1.792514"
"-80","210","265.138677","1.128573","0.02588","1.776239"
"-70","210","252.087302","1.126568","0.026487","1.762431"
"-60","210","240.260546","1.124348","0.027101","1.750614"
"-50","210","229.493773","1.121987","0.027719","1.740425"
"-40","210","219.650591","1.11954","0.02834","1.731582"
"-30","210","210.617049","1.117049","0.028963","1.72386"
"-20","210","202.297197","1.114544","0.029586","1.717082"
"-10","210","194.609673","1.112046","0.030209","1.711105"
"0","210","187.485028","1.109574","0.03083","1.705812"
"10","210","180.863625","1.107139","0.03145","1.701106"
"20","210","174.693963","1.104749","0.032069","1.696908"
"30","210","168.931339","1.102412","0.032685","1.693151"
"40","210","163.536757","1.100132","0.033298","1.68978"
"50","210","158.47605","1.097911","0.033909","1.686746"
"60","210","153.719152","1.09575","0.034517","1.684009"
"70","210","149.239503","1.093651","0.035122","1.681536"
"80","210","145.013551","1.091613","0.035724","1.679295"
"90","210","141.020337","1.089636","0.036322","1.677262"
"100","210","137.241151","1.087719","0.036918","1.675414"
"110","210","133.659234","1.085861","0.03751","1.673731"
"120","210","130.259533","1.084061","0.038099","1.672197"
"130","210","127.028489","1.082316","0.038684","1.670797"
"140","210","123.953855","1.080626","0.039267","1.669517"
"150","210","121.024543","1.078989","0.039845","1.668347"
"160","210","118.230487","1.077402","0.040421","1.667274"
"170","210","115.562531","1.075865","0.040993","1.666292"
"180","210","113.012326","1.074375","0.041562","1.66539"
"190","210","110.572245","1.072931","0.042128","1.664562"
"200","210","108.235307","1.071532","0.04269","1.663802"
"210","210","105.995106","1.070175","0.043249","1.663104"
"220","210","103.845758","1.068859","0.043805","1.662461"
"230","210","101.781845","1.067582","0.044358","1.66187"
"240","210","99.798374","1.066344","0.044907","1.661327"
"250","210","97.89073","1.065142","0.045454","1.660827"
"260","210","96.054648","1.063975","0.045997","1.660366"
"270","210","94.286174","1.062842","0.046538","1.659943"
"280","210","92.581642","1.061742","0.047075","1.659553"
"290","210","90.937646","1.060674","0.04761","1.659195"
"300","210","89.351017","1.059635","0.048142","1.658865"
"310","210","87.818804","1.058626","0.048671","1.658562"
"320","210","86.338254","1.057645","0.049197","1.658283"
"330","210","84.906798","1.056691","0.04972","1.658027"
"340","210","83.522034","1.055763","0.050241","1.657793"
"350","210","82.181715","1.05486","0.050759","1.657577"
"360","210","80.883733","1.053981","0.051274","1.65738"
"370","210","79.626114","1.053125","0.051787","1.6572"
"380","210","78.407005","1.052292","0.052297","1.657035"
"390","210","77.224663","1.051481","0.052805","1.656885"
"400","210","76.07745","1.050691","0.05331","1.656748"
"410","210","74.963823","1.049921","0.053813","1.656624"
"420","210","73.882328","1.04917","0.054314","1.656511"
"-100","220","309.780364","1.139107","0.024889","1.814993"
"-90","220","292.866339","1.137564","0.025456","1.795325"
"-80","220","277.703702","1.135599","0.02604","1.778775"
"-70","220","264.033817","1.133343","0.026635","1.764716"
"-60","220","251.646587","1.130891","0.027239","1.752671"
"-50","220","240.369572","1.128314","0.027848","1.742274"
"-40","220","230.059918","1.125667","0.028461","1.733242"
"-30","220","220.598273","1.122988","0.029076","1.725349"
"-20","220","211.88414","1.120305","0.029693","1.718415"
"-10","220","203.832301","1.117641","0.030309","1.712296"
"0","220","196.370016","1.11501","0.030926","1.706872"
"10","220","189.434822","1.112425","0.031541","1.702047"
"20","220","182.972778","1.109894","0.032154","1.69774"
"30","220","176.937061","1.107422","0.032766","1.693883"
"40","220","171.286827","1.105012","0.033376","1.69042"
"50","220","165.986291","1.102668","0.033983","1.687301"
"60","220","161.003962","1.10039","0.034588","1.684487"
"70","220","156.312021","1.098178","0.03519","1.681941"
"80","220","151.885799","1.096032","0.035789","1.679634"
"90","220","147.703346","1.093952","0.036385","1.67754"
"100","220","143.745062","1.091937","0.036979","1.675635"
"110","220","139.993397","1.089983","0.037569","1.6739"
"120","220","136.432583","1.088092","0.038155","1.672318"
"130","220","133.048419","1.086259","0.038739","1.670873"
"140","220","129.828077","1.084484","0.03932","1.669551"
"150","220","126.759943","1.082765","0.039897","1.668342"
"160","220","123.833476","1.0811","0.040471","1.667233"
"170","220","121.039084","1.079487","0.041042","1.666217"
"180","220","118.368024","1.077924","0.041609","1.665285"
"190","220","115.812307","1.07641","0.042174","1.664428"
"200","220","113.36462","1.074942","0.042735","1.663641"
"210","220","111.018255","1.073519","0.043293","1.662918"
"220","220","108.767049","1.072139","0.043848","1.662252"
"230","220","106.605326","1.070801","0.0444","1.66164"
"240","220","104.527857","1.069503","0.044948","1.661076"
"250","220","102.52981","1.068243","0.045494","1.660558"
"260","220","100.606715","1.06702","0.046037","1.66008"
"270","220","98.754432","1.065833","0.046577","1.65964"
"280","220","96.969122","1.064681","0.047113","1.659236"
"290","220","95.247217","1.063561","0.047647","1.658863"
"300","220","93.585396","1.062473","0.048178","1.658521"
"310","220","91.980571","1.061416","0.048707","1.658205"
"320","220","90.429858","1.060388","0.049232","1.657916"
"330","220","88.930565","1.059388","0.049755","1.657649"
"340","220","87.480176","1.058416","0.050275","1.657405"
"350","220","86.076338","1.05747","0.050793","1.657181"
"360","220","84.716844","1.056549","0.051308","1.656975"
"370","220","83.399627","1.055653","0.05182","1.656787"
"380","220","82.122744","1.054781","0.05233","1.656616"
"390","220","80.88437","1.053931","0.052837","1.656459"
"400","220","79.68279","1.053103","0.053342","1.656316"
"410","220","78.516387","1.052296","0.053845","1.656186"
"420","220","77.38364","1.05151","0.054345","1.656069"
"-100","230","323.796734","1.146799","0.025079","1.817839"
"-90","230","306.117415","1.144939","0.025631","1.797916"
"-80","230","290.268727","1.142687","0.026201","1.781126"
"-70","230","275.980333","1.140169","0.026785","1.766843"
"-60","230","263.032628","1.137477","0.027378","1.754592"
"-50","230","251.245371","1.13468","0.027979","1.744007"
"-40","230","240.469245","1.131826","0.028583","1.734802"
"-30","230","230.579496","1.128953","0.029191","1.72675"
"-20","230","221.471083","1.12609","0.029801","1.719672"
"-10","230","213.054929","1.123255","0.030412","1.713419"
"0","230","205.255005","1.120464","0.031022","1.707874"
"10","230","198.00602","1.117727","0.031633","1.702937"
"20","230","191.251593","1.115051","0.032242","1.698527"
"30","230","184.942783","1.112442","0.032849","1.694576"
"40","230","179.036898","1.109902","0.033455","1.691025"
"50","230","173.496533","1.107434","0.034059","1.687826"
"60","230","168.288773","1.105037","0.034661","1.684937"
"70","230","163.384539","1.102712","0.03526","1.682323"
"80","230","158.758048","1.100458","0.035856","1.679953"
"90","230","154.386354","1.098274","0.03645","1.6778"
"100","230","150.248974","1.096158","0.03704","1.675841"
"110","230","146.32756","1.09411","0.037628","1.674055"
"120","230","142.605633","1.092126","0.038213","1.672426"
"130","230","139.068348","1.090205","0.038795","1.670938"
"140","230","135.702298","1.088345","0.039374","1.669576"
"150","230","132.495343","1.086544","0.039949","1.668329"
"160","230","129.436464","1.084801","0.040522","1.667186"
"170","230","126.515637","1.083112","0.041091","1.666138"
"180","230","123.723722","1.081475","0.041657","1.665175"
"190","230","121.052369","1.07989","0.042221","1.66429"
"200","230","118.493933","1.078354","0.042781","1.663477"
"210","230","116.041404","1.076865","0.043338","1.66273"
"220","230","113.688339","1.075421","0.043891","1.662042"
"230","230","111.428808","1.074021","0.044442","1.661408"
"240","230","109.257341","1.072663","0.04499","1.660825"
"250","230","107.16889","1.071346","0.045535","1.660288"
"260","230","105.158782","1.070067","0.046077","1.659794"
"270","230","103.222691","1.068825","0.046616","1.659338"
"280","230","101.356602","1.06762","0.047152","1.658919"
"290","230","99.556787","1.066449","0.047685","1.658533"
"300","230","97.819776","1.065311","0.048216","1.658178"
"310","230","96.142338","1.064206","0.048744","1.657851"
"320","230","94.521461","1.063131","0.049269","1.65755"
"330","230","92.954331","1.062086","0.049791","1.657274"
"340","230","91.438318","1.06107","0.05031","1.65702"
"350","230","89.970961","1.060081","0.050827","1.656787"
"360","230","88.549956","1.059118","0.051342","1.656573"
"370","230","87.173139","1.058182","0.051854","1.656378"
"380","230","85.838482","1.05727","0.052363","1.656199"
"390","230","84.544077","1.056381","0.05287","1.656036"
"400","230","83.28813","1.055516","0.053375","1.655887"
"410","230","82.068952","1.054673","0.053877","1.655752"
"420","230","80.884952","1.053851","0.054376","1.655629"
"-100","240","337.813105","1.154576","0.02527","1.820431"
"-90","240","319.368491","1.152384","0.025807","1.800297"
"-80","240","302.833752","1.149834","0.026364","1.7833"
"-70","240","287.926848","1.147046","0.026936","1.76882"
"-60","240","274.418668","1.144107","0.027519","1.756384"
"-50","240","262.12117","1.141081","0.02811","1.745628"
"-40","240","250.878572","1.138015","0.028707","1.736265"
"-30","240","240.56072","1.134946","0.029308","1.728067"
"-20","240","231.058025","1.131897","0.029911","1.720854"
"-10","240","222.277557","1.128889","0.030515","1.714478"
"0","240","214.139993","1.125935","0.03112","1.708819"
"10","240","206.577218","1.123043","0.031726","1.703777"
"20","240","199.530408","1.120222","0.03233","1.69927"
"30","240","192.948505","1.117474","0.032934","1.695229"
"40","240","186.786968","1.114802","0.033536","1.691596"
"50","240","181.006774","1.112208","0.034136","1.688321"
"60","240","175.573583","1.109691","0.034734","1.685361"
"70","240","170.457057","1.107252","0.03533","1.682682"
"80","240","165.630296","1.104889","0.035924","1.680251"
"90","240","161.069363","1.1026","0.036515","1.678042"
"100","240","156.752885","1.100384","0.037103","1.676031"
"110","240","152.661723","1.098239","0.037689","1.674197"
"120","240","148.778683","1.096163","0.038272","1.672523"
"130","240","145.088278","1.094154","0.038852","1.670993"
"140","240","141.57652","1.092209","0.039429","1.669592"
"150","240","138.230744","1.090326","0.040003","1.668309"
"160","240","135.039453","1.088503","0.040574","1.667132"
"170","240","131.99219","1.086738","0.041142","1.666053"
"180","240","129.07942","1.085028","0.041706","1.665061"
"190","240","126.29243","1.083372","0.042268","1.664149"
"200","240","123.623247","1.081767","0.042827","1.663311"
"210","240","121.064554","1.080212","0.043383","1.66254"
"220","240","118.60963","1.078704","0.043936","1.66183"
"230","240","116.252289","1.077242","0.044486","1.661176"
"240","240","113.986825","1.075824","0.045033","1.660574"
"250","240","111.807969","1.074449","0.045577","1.660019"
"260","240","109.710849","1.073114","0.046118","1.659508"
"270","240","107.690949","1.071818","0.046656","1.659037"
"280","240","105.744082","1.07056","0.047191","1.658603"
"290","240","103.866357","1.069338","0.047724","1.658204"
"300","240","102.054155","1.06815","0.048254","1.657836"
"310","240","100.304106","1.066997","0.048781","1.657498"
"320","240","98.613064","1.065875","0.049305","1.657186"
"330","240","96.978097","1.064785","0.049827","1.6569"
"340","240","95.39646","1.063724","0.050346","1.656637"
"350","240","93.865585","1.062692","0.050863","1.656395"
"360","240","92.383067","1.061688","0.051377","1.656174"
"370","240","90.946652","1.060711","0.051888","1.655971"
"380","240","89.554221","1.059759","0.052397","1.655785"
"390","240","88.203784","1.058832","0.052903","1.655616"
"400","240","86.89347","1.057929","0.053407","1.655461"
"410","240","85.621517","1.05705","0.053909","1.655321"
"420","240","84.386264","1.056192","0.054409","1.655193"
"-100","250","351.829476","1.162434","0.025462","1.82278"
"-90","250","332.619567","1.159896","0.025984","1.802475"
"-80","250","315.398777","1.157037","0.026528","1.785302"
"-70","250","299.873363","1.15397","0.027089","1.77065"
"-60","250","285.804709","1.150776","0.027662","1.758051"
"-50","250","272.996969","1.147516","0.028243","1.747141"
"-40","250","261.287899","1.144234","0.028832","1.737634"
"-30","250","250.541944","1.140963","0.029425","1.729303"
"-20","250","240.644968","1.137727","0.030021","1.721965"
"-10","250","231.500185","1.134542","0.03062","1.715475"
"0","250","223.024982","1.131422","0.03122","1.709709"
"10","250","215.148415","1.128374","0.03182","1.704569"
"20","250","207.809223","1.125404","0.03242","1.699971"
"30","250","200.954226","1.122516","0.033019","1.695846"
"40","250","194.537039","1.119711","0.033617","1.692134"
"50","250","188.517016","1.11699","0.034214","1.688787"
"60","250","182.858393","1.114353","0.034809","1.68576"
"70","250","177.529575","1.111798","0.035402","1.683018"
"80","250","172.502545","1.109325","0.035993","1.68053"
"90","250","167.752372","1.106931","0.036581","1.678267"
"100","250","163.256797","1.104614","0.037167","1.676205"
"110","250","158.995886","1.102373","0.037751","1.674325"
"120","250","154.951733","1.100204","0.038331","1.672608"
"130","250","151.108207","1.098106","0.038909","1.671037"
"140","250","147.450741","1.096075","0.039485","1.6696"
"150","250","143.966144","1.09411","0.040057","1.668282"
"160","250","140.642442","1.092207","0.040626","1.667073"
"170","250","137.468744","1.090366","0.041193","1.665962"
"180","250","134.435118","1.088582","0.041756","1.664942"
"190","250","131.532492","1.086855","0.042317","1.664004"
"200","250","128.75256","1.085182","0.042875","1.663142"
"210","250","126.087703","1.08356","0.043429","1.662347"
"220","250","123.530921","1.081988","0.043981","1.661616"
"230","250","121.07577","1.080465","0.04453","1.660942"
"240","250","118.716309","1.078987","0.045076","1.660322"
"250","250","116.447049","1.077553","0.045619","1.65975"
"260","250","114.262916","1.076162","0.046159","1.659222"
"270","250","112.159208","1.074811","0.046697","1.658737"
"280","250","110.131562","1.0735","0.047231","1.658289"
"290","250","108.175928","1.072227","0.047763","1.657876"
"300","250","106.288535","1.07099","0.048292","1.657496"
"310","250","104.465873","1.069788","0.048819","1.657146"
"320","250","102.704668","1.06862","0.049343","1.656824"
"330","250","101.001863","1.067484","0.049864","1.656528"
"340","250","99.354601","1.066379","0.050382","1.656256"
"350","250","97.760208","1.065304","0.050898","1.656006"
"360","250","96.216179","1.064258","0.051412","1.655776"
"370","250","94.720164","1.06324","0.051923","1.655566"
"380","250","93.269959","1.062249","0.052431","1.655374"
"390","250","91.863491","1.061284","0.052937","1.655198"
"400","250","90.49881","1.060343","0.053441","1.655038"
"410","250","89.174081","1.059427","0.053942","1.654892"
"420","250","87.887577","1.058534","0.054441","1.65476"
"-100","260","365.845846","1.170368","0.025654","1.824895"
"-90","260","345.870643","1.167472","0.026161","1.804457"
"-80","260","327.963802","1.164294","0.026693","1.787139"
"-70","260","311.819878","1.16094","0.027242","1.77234"
"-60","260","297.19075","1.157484","0.027805","1.759598"
"-50","260","283.872769","1.153984","0.028378","1.74855"
"-40","260","271.697226","1.150481","0.028958","1.738912"
"-30","260","260.523168","1.147005","0.029544","1.730459"
"-20","260","250.231911","1.143577","0.030133","1.723008"
"-10","260","240.722813","1.140213","0.030726","1.716411"
"0","260","231.90997","1.136924","0.03132","1.710546"
"10","260","223.719613","1.133718","0.031915","1.705314"
"20","260","216.088038","1.130598","0.032511","1.700631"
"30","260","208.959948","1.127568","0.033106","1.696426"
"40","260","202.287109","1.124628","0.0337","1.692641"
"50","260","196.027258","1.12178","0.034293","1.689224"
"60","260","190.143204","1.119021","0.034885","1.686134"
"70","260","184.602093","1.11635","0.035475","1.683333"
"80","260","179.374793","1.113766","0.036063","1.680789"
"90","260","174.43538","1.111266","0.036649","1.678475"
"100","260","169.760708","1.108849","0.037232","1.676366"
"110","260","165.330049","1.10651","0.037813","1.674441"
"120","260","161.124783","1.104248","0.038392","1.672682"
"130","260","157.128137","1.10206","0.038968","1.671073"
"140","260","153.324963","1.099943","0.039541","1.669599"
"150","260","149.701544","1.097895","0.040112","1.668247"
"160","260","146.245431","1.095914","0.04068","1.667007"
"170","260","142.945297","1.093995","0.041245","1.665867"
"180","260","139.790816","1.092138","0.041807","1.66482"
"190","260","136.772554","1.09034","0.042366","1.663856"
"200","260","133.881873","1.088597","0.042923","1.66297"
"210","260","131.110852","1.086909","0.043476","1.662153"
"220","260","128.452212","1.085274","0.044027","1.661401"
"230","260","125.899251","1.083688","0.044575","1.660708"
"240","260","123.445792","1.08215","0.04512","1.660069"
"250","260","121.086129","1.080658","0.045662","1.65948"
"260","260","118.814983","1.07921","0.046202","1.658937"
"270","260","116.627466","1.077806","0.046738","1.658437"
"280","260","114.519042","1.076442","0.047272","1.657975"
"290","260","112.485498","1.075117","0.047803","1.65755"
"300","260","110.522914","1.073831","0.048332","1.657158"
"310","260","108.62764","1.07258","0.048858","1.656797"
"320","260","106.796271","1.071365","0.049381","1.656464"
"330","260","105.025629","1.070183","0.049901","1.656158"
"340","260","103.312743","1.069034","0.050419","1.655877"
"350","260","101.654832","1.067917","0.050935","1.655619"
"360","260","100.049291","1.066829","0.051448","1.655382"
"370","260","98.493677","1.06577","0.051958","1.655164"
"380","260","96.985697","1.064739","0.052466","1.654965"
"390","260","95.523197","1.063736","0.052972","1.654783"
"400","260","94.10415","1.062758","0.053475","1.654617"
"410","260","92.726646","1.061805","0.053976","1.654466"
"420","260","91.388889","1.060877","0.054474","1.654329"
"-100","270","379.862217","1.178376","0.025848","1.826784"
"-90","270","359.121719","1.175109","0.02634","1.80625"
"-80","270","340.528827","1.171603","0.026858","1.788817"
"-70","270","323.766394","1.167953","0.027396","1.773895"
"-60","270","308.576791","1.164229","0.027949","1.761027"
"-50","270","294.748568","1.160484","0.028513","1.749858"
"-40","270","282.106553","1.156755","0.029085","1.740104"
"-30","270","270.504392","1.153069","0.029663","1.731539"
"-20","270","259.818854","1.149447","0.030247","1.723984"
"-10","270","249.945441","1.145901","0.030833","1.717288"
"0","270","240.794958","1.142441","0.031422","1.711332"
"10","270","232.29081","1.139074","0.032012","1.706014"
"20","270","224.366853","1.135803","0.032602","1.70125"
"30","270","216.96567","1.13263","0.033193","1.696971"
"40","270","210.03718","1.129555","0.033784","1.693116"
"50","270","203.537499","1.126577","0.034373","1.689635"
"60","270","197.428014","1.123695","0.034962","1.686484"
"70","270","191.674611","1.120908","0.035548","1.683626"
"80","270","186.247042","1.118213","0.036134","1.68103"
"90","270","181.118389","1.115606","0.036717","1.678666"
"100","270","176.26462","1.113086","0.037298","1.676511"
"110","270","171.664212","1.11065","0.037877","1.674544"
"120","270","167.297833","1.108295","0.038454","1.672745"
"130","270","163.148066","1.106017","0.039028","1.671099"
"140","270","159.199184","1.103814","0.039599","1.66959"
"150","270","155.436944","1.101683","0.040168","1.668206"
"160","270","151.848419","1.099622","0.040734","1.666935"
"170","270","148.42185","1.097626","0.041298","1.665767"
"180","270","145.146514","1.095695","0.041859","1.664693"
"190","270","142.012616","1.093825","0.042417","1.663705"
"200","270","139.011187","1.092014","0.042972","1.662795"
"210","270","136.134002","1.09026","0.043524","1.661957"
"220","270","133.373503","1.08856","0.044074","1.661184"
"230","270","130.722733","1.086912","0.044621","1.660472"
"240","270","128.175276","1.085314","0.045165","1.659816"
"250","270","125.725209","1.083764","0.045706","1.65921"
"260","270","123.36705","1.08226","0.046245","1.658652"
"270","270","121.095725","1.0808","0.04678","1.658137"
"280","270","118.906522","1.079384","0.047313","1.657662"
"290","270","116.795069","1.078008","0.047844","1.657224"
"300","270","114.757294","1.076671","0.048372","1.656821"
"310","270","112.789407","1.075373","0.048897","1.656449"
"320","270","110.887875","1.074111","0.049419","1.656106"
"330","270","109.049396","1.072884","0.049939","1.655791"
"340","270","107.270885","1.07169","0.050457","1.655501"
"350","270","105.549455","1.07053","0.050972","1.655234"
"360","270","103.882402","1.0694","0.051484","1.654989"
"370","270","102.267189","1.068301","0.051994","1.654765"
"380","270","100.701436","1.06723","0.052502","1.654559"
"390","270","99.182904","1.066188","0.053007","1.654371"
"400","270","97.70949","1.065173","0.05351","1.654199"
"410","270","96.279211","1.064184","0.05401","1.654043"
"420","270","94.890201","1.06322","0.054508","1.653901"
"-100","280","393.878588","1.186454","0.026042","1.828456"
"-90","280","372.372795","1.182805","0.026519","1.807862"
"-80","280","353.093852","1.178961","0.027025","1.790341"
"-70","280","335.712909","1.175008","0.027551","1.775318"
"-60","280","319.962831","1.17101","0.028094","1.762345"
"-50","280","305.624367","1.167014","0.028649","1.751069"
"-40","280","292.51588","1.163055","0.029213","1.74121"
"-30","280","280.485616","1.159156","0.029784","1.732546"
"-20","280","269.405797","1.155336","0.030361","1.724895"
"-10","280","259.168069","1.151605","0.030941","1.71811"
"0","280","249.679947","1.147973","0.031524","1.712068"
"10","280","240.862008","1.144443","0.032109","1.70667"
"20","280","232.645668","1.141019","0.032695","1.701832"
"30","280","224.971392","1.137701","0.033282","1.697482"
"40","280","217.78725","1.134489","0.033868","1.693561"
"50","280","211.047741","1.131381","0.034454","1.690019"
"60","280","204.712824","1.128376","0.035039","1.686811"
"70","280","198.747129","1.125471","0.035623","1.683899"
"80","280","193.119291","1.122664","0.036206","1.681252"
"90","280","187.801397","1.11995","0.036786","1.678842"
"100","280","182.768531","1.117328","0.037365","1.676643"
"110","280","177.998375","1.114794","0.037941","1.674635"
"120","280","173.470883","1.112344","0.038516","1.672798"
"130","280","169.167996","1.109976","0.039088","1.671115"
"140","280","165.073405","1.107687","0.039658","1.669573"
"150","280","161.172344","1.105473","0.040225","1.668157"
"160","280","157.451408","1.103331","0.040789","1.666857"
"170","280","153.898403","1.101259","0.041351","1.665662"
"180","280","150.502212","1.099254","0.041911","1.664562"
"190","280","147.252677","1.097312","0.042467","1.66355"
"200","280","144.1405","1.095432","0.043021","1.662618"
"210","280","141.157151","1.093611","0.043573","1.661759"
"220","280","138.294794","1.091847","0.044121","1.660966"
"230","280","135.546214","1.090136","0.044667","1.660236"
"240","280","132.90476","1.088478","0.04521","1.659562"
"250","280","130.364288","1.08687","0.04575","1.658941"
"260","280","127.919117","1.08531","0.046288","1.658367"
"270","280","125.563983","1.083796","0.046823","1.657838"
"280","280","123.294002","1.082326","0.047355","1.65735"
"290","280","121.104639","1.080899","0.047885","1.6569"
"300","280","118.991673","1.079513","0.048412","1.656485"
"310","280","116.951175","1.078166","0.048937","1.656102"
"320","280","114.979478","1.076857","0.049459","1.655749"
"330","280","113.073162","1.075584","0.049978","1.655425"
"340","280","111.229026","1.074347","0.050495","1.655126"
"350","280","109.444078","1.073143","0.051009","1.654851"
"360","280","107.715514","1.071972","0.051521","1.654599"
"370","280","106.040702","1.070832","0.05203","1.654368"
"380","280","104.417174","1.069722","0.052537","1.654155"
"390","280","102.842611","1.068641","0.053042","1.653961"
"400","280","101.31483","1.067588","0.053545","1.653784"
"410","280","99.831776","1.066563","0.054045","1.653623"
"420","280","98.391513","1.065563","0.054542","1.653476"
"-100","290","407.894959","1.194599","0.026236","1.829918"
"-90","290","385.623872","1.190557","0.026699","1.809298"
"-80","290","365.658877","1.186366","0.027192","1.791717"
"-70","290","347.659424","1.182103","0.027707","1.776615"
"-60","290","331.348872","1.177824","0.02824","1.763554"
"-50","290","316.500166","1.173573","0.028786","1.752186"
"-40","290","302.925207","1.169379","0.029342","1.742236"
"-30","290","290.46684","1.165264","0.029906","1.733482"
"-20","290","278.99274","1.161243","0.030475","1.725744"
"-10","290","268.390698","1.157325","0.03105","1.718876"
"0","290","258.564935","1.153518","0.031627","1.712756"
"10","290","249.433205","1.149824","0.032207","1.707284"
"20","290","240.924483","1.146245","0.032789","1.702376"
"30","290","232.977114","1.142781","0.033371","1.69796"
"40","290","225.537321","1.139431","0.033954","1.693978"
"50","290","218.557983","1.136192","0.034536","1.690377"
"60","290","211.997635","1.133063","0.035118","1.687114"
"70","290","205.819648","1.130039","0.035699","1.684152"
"80","290","199.991539","1.127119","0.036278","1.681457"
"90","290","194.484406","1.124298","0.036856","1.679002"
"100","290","189.272443","1.121573","0.037432","1.676762"
"110","290","184.332538","1.11894","0.038007","1.674714"
"120","290","179.643933","1.116397","0.038579","1.67284"
"130","290","175.187925","1.113938","0.039149","1.671123"
"140","290","170.947627","1.111562","0.039717","1.669548"
"150","290","166.907744","1.109265","0.040282","1.668102"
"160","290","163.054397","1.107043","0.040845","1.666774"
"170","290","159.374957","1.104893","0.041406","1.665552"
"180","290","155.85791","1.102814","0.041964","1.664428"
"190","290","152.492739","1.1008","0.042519","1.663392"
"200","290","149.269813","1.098851","0.043072","1.662438"
"210","290","146.1803","1.096963","0.043622","1.661558"
"220","290","143.216084","1.095134","0.044169","1.660747"
"230","290","140.369695","1.093362","0.044714","1.659999"
"240","290","137.634244","1.091643","0.045256","1.659308"
"250","290","135.003368","1.089977","0.045796","1.658671"
"260","290","132.471185","1.08836","0.046332","1.658083"
"270","290","130.032242","1.086792","0.046866","1.65754"
"280","290","127.681483","1.085269","0.047398","1.657039"
"290","290","125.414209","1.083791","0.047927","1.656577"
"300","290","123.226053","1.082355","0.048453","1.65615"
"310","290","121.112942","1.08096","0.048977","1.655757"
"320","290","119.071082","1.079604","0.049498","1.655395"
"330","290","117.096928","1.078286","0.050017","1.655061"
"340","290","115.187168","1.077004","0.050533","1.654754"
"350","290","113.338702","1.075757","0.051047","1.654471"
"360","290","111.548625","1.074544","0.051558","1.654211"
"370","290","109.814215","1.073363","0.052067","1.653973"
"380","290","108.132913","1.072214","0.052574","1.653754"
"390","290","106.502318","1.071095","0.053078","1.653554"
"400","290","104.920169","1.070004","0.05358","1.653371"
"410","290","103.38434","1.068942","0.05408","1.653205"
"420","290","101.892826","1.067907","0.054577","1.653053"
"-100","300","421.911329","1.202809","0.026431","1.831178"
"-90","300","398.874948","1.198363","0.02688","1.810566"
"-80","300","378.223902","1.193816","0.02736","1.79295"
"-70","300","359.60594","1.189235","0.027864","1.77779"
"-60","300","342.734913","1.184671","0.028386","1.764658"
"-50","300","327.375965","1.18016","0.028923","1.753212"
"-40","300","313.334534","1.175727","0.029471","1.743183"
"-30","300","300.448064","1.171392","0.030028","1.734349"
"-20","300","288.579683","1.167167","0.030591","1.726534"
"-10","300","277.613326","1.16306","0.031159","1.71959"
"0","300","267.449924","1.159076","0.031732","1.713398"
"10","300","258.004403","1.155216","0.032307","1.707857"
"20","300","249.203297","1.151481","0.032884","1.702884"
"30","300","240.982836","1.14787","0.033462","1.698406"
"40","300","233.287392","1.14438","0.03404","1.694366"
"50","300","226.068224","1.14101","0.034619","1.69071"
"60","300","219.282445","1.137755","0.035197","1.687396"
"70","300","212.892166","1.134613","0.035775","1.684385"
"80","300","206.863788","1.131579","0.036352","1.681645"
"90","300","201.167415","1.128649","0.036927","1.679147"
"100","300","195.776354","1.125821","0.037501","1.676867"
"110","300","190.666701","1.12309","0.038073","1.674781"
"120","300","185.816982","1.120451","0.038643","1.672872"
"130","300","181.207855","1.117902","0.039211","1.671122"
"140","300","176.821848","1.115439","0.039777","1.669516"
"150","300","172.643145","1.113058","0.040341","1.668041"
"160","300","168.657386","1.110756","0.040902","1.666685"
"170","300","164.85151","1.108529","0.041461","1.665438"
"180","300","161.213608","1.106374","0.042017","1.664289"
"190","300","157.732801","1.10429","0.042571","1.663231"
"200","300","154.399126","1.102271","0.043123","1.662256"
"210","300","151.20345","1.100316","0.043672","1.661356"
"220","300","148.137375","1.098423","0.044218","1.660526"
"230","300","145.193176","1.096588","0.044762","1.659761"
"240","300","142.363727","1.094809","0.045303","1.659054"
"250","300","139.642448","1.093084","0.045841","1.658401"
"260","300","137.023252","1.091411","0.046377","1.657798"
"270","300","134.5005","1.089788","0.04691","1.657242"
"280","300","132.068963","1.088212","0.047441","1.656729"
"290","300","129.72378","1.086683","0.047969","1.656255"
"300","300","127.460432","1.085197","0.048495","1.655817"
"310","300","125.274709","1.083753","0.049018","1.655414"
"320","300","123.162685","1.082351","0.049539","1.655042"
"330","300","121.120694","1.080987","0.050057","1.654699"
"340","300","119.14531","1.079661","0.050572","1.654383"
"350","300","117.233325","1.078371","0.051086","1.654093"
"360","300","115.381737","1.077116","0.051596","1.653826"
"370","300","113.587727","1.075895","0.052105","1.65358"
"380","300","111.848651","1.074706","0.052611","1.653356"
"390","300","110.162025","1.073548","0.053115","1.65315"
"400","300","108.525509","1.072421","0.053616","1.652961"
"410","300","106.936905","1.071322","0.054115","1.65279"
"420","300","105.394138","1.070251","0.054612","1.652633"
"-100","310","435.9277","1.211079","0.026627","1.832246"
"-90","310","412.126024","1.20622","0.02706","1.81167"
"-80","310","390.788927","1.201309","0.027528","1.794045"
"-70","310","371.552455","1.196405","0.028021","1.778847"
"-60","310","354.120953","1.191549","0.028533","1.76566"
"-50","310","338.251764","1.186772","0.029061","1.754151"
"-40","310","323.743861","1.182098","0.029601","1.744053"
"-30","310","310.429287","1.17754","0.030151","1.73515"
"-20","310","298.166625","1.173109","0.030707","1.727265"
"-10","310","286.835954","1.16881","0.03127","1.720253"
"0","310","276.334912","1.164646","0.031837","1.713995"
"10","310","266.5756","1.160619","0.032407","1.70839"
"20","310","257.482112","1.156726","0.032979","1.703356"
"30","310","248.988558","1.152966","0.033553","1.698822"
"40","310","241.037462","1.149336","0.034127","1.694726"
"50","310","233.578466","1.145833","0.034703","1.691019"
"60","310","226.567256","1.142452","0.035278","1.687657"
"70","310","219.964684","1.13919","0.035852","1.6846"
"80","310","213.736036","1.136042","0.036426","1.681817"
"90","310","207.850423","1.133004","0.036999","1.679278"
"100","310","202.280266","1.130072","0.03757","1.676959"
"110","310","197.000864","1.127242","0.03814","1.674837"
"120","310","191.990032","1.124508","0.038708","1.672894"
"130","310","187.227784","1.121868","0.039274","1.671112"
"140","310","182.69607","1.119318","0.039838","1.669476"
"150","310","178.378545","1.116853","0.0404","1.667973"
"160","310","174.260375","1.11447","0.040959","1.666591"
"170","310","170.328063","1.112165","0.041517","1.665319"
"180","310","166.569306","1.109937","0.042072","1.664147"
"190","310","162.972862","1.10778","0.042624","1.663067"
"200","310","159.52844","1.105692","0.043175","1.662071"
"210","310","156.226599","1.10367","0.043722","1.661152"
"220","310","153.058666","1.101712","0.044267","1.660304"
"230","310","150.016658","1.099815","0.04481","1.659521"
"240","310","147.093211","1.097976","0.04535","1.658799"
"250","310","144.281528","1.096193","0.045887","1.658131"
"260","310","141.575319","1.094463","0.046422","1.657514"
"270","310","138.968759","1.092785","0.046955","1.656945"
"280","310","136.456443","1.091156","0.047485","1.656419"
"290","310","134.03335","1.089575","0.048012","1.655934"
"300","310","131.694812","1.08804","0.048537","1.655485"
"310","310","129.436476","1.086548","0.049059","1.655072"
"320","310","127.254289","1.085098","0.049579","1.65469"
"330","310","125.14446","1.083689","0.050097","1.654338"
"340","310","123.103451","1.082319","0.050612","1.654015"
"350","310","121.127949","1.080986","0.051125","1.653716"
"360","310","119.214848","1.079689","0.051635","1.653442"
"370","310","117.36124","1.078427","0.052143","1.65319"
"380","310","115.56439","1.077199","0.052648","1.652959"
"390","310","113.821731","1.076002","0.053152","1.652747"
"400","310","112.130849","1.074837","0.053652","1.652554"
"410","310","110.48947","1.073702","0.054151","1.652377"
"420","310","108.89545","1.072596","0.054648","1.652216"
"-100","320","449.944071","1.219408","0.026823","1.833127"
"-90","320","425.3771","1.214126","0.027242","1.812618"
"-80","320","403.353952","1.208844","0.027696","1.795007"
"-70","320","383.49897","1.203609","0.028178","1.779791"
"-60","320","365.506994","1.198456","0.028681","1.766565"
"-50","320","349.127564","1.19341","0.0292","1.755006"
"-40","320","334.153188","1.18849","0.029732","1.74485"
"-30","320","320.410511","1.183706","0.030274","1.735886"
"-20","320","307.753568","1.179066","0.030824","1.727939"
"-10","320","296.058582","1.174573","0.031381","1.720866"
"0","320","285.2199","1.170229","0.031942","1.714548"
"10","320","275.146798","1.166032","0.032507","1.708885"
"20","320","265.760927","1.16198","0.033075","1.703795"
"30","320","256.994279","1.15807","0.033645","1.699207"
"40","320","248.787533","1.154299","0.034215","1.695061"
"50","320","241.088707","1.150662","0.034787","1.691305"
"60","320","233.852066","1.147155","0.035359","1.687896"
"70","320","227.037202","1.143772","0.03593","1.684796"
"80","320","220.608285","1.14051","0.036501","1.681972"
"90","320","214.533432","1.137363","0.037071","1.679394"
"100","320","208.784177","1.134326","0.03764","1.677038"
"110","320","203.335028","1.131396","0.038207","1.674882"
"120","320","198.163082","1.128567","0.038773","1.672907"
"130","320","193.247714","1.125836","0.039337","1.671094"
"140","320","188.570291","1.123198","0.039899","1.66943"
"150","320","184.113945","1.120649","0.040459","1.6679"
"160","320","179.863363","1.118185","0.041017","1.666492"
"170","320","175.804617","1.115803","0.041573","1.665195"
"180","320","171.925005","1.1135","0.042127","1.664001"
"190","320","168.212924","1.111271","0.042678","1.6629"
"200","320","164.657753","1.109113","0.043227","1.661884"
"210","320","161.249748","1.107025","0.043773","1.660946"
"220","320","157.979957","1.105002","0.044317","1.660081"
"230","320","154.840139","1.103042","0.044859","1.659281"
"240","320","151.822695","1.101143","0.045398","1.658543"
"250","320","148.920608","1.099301","0.045934","1.657861"
"260","320","146.127386","1.097515","0.046468","1.657231"
"270","320","143.437017","1.095782","0.047","1.656648"
"280","320","140.843923","1.094101","0.047529","1.65611"
"290","320","138.342921","1.092468","0.048056","1.655614"
"300","320","135.929191","1.090883","0.04858","1.655155"
"310","320","133.598244","1.089342","0.049101","1.654731"
"320","320","131.345892","1.087846","0.049621","1.65434"
"330","320","129.168227","1.086391","0.050137","1.65398"
"340","320","127.061593","1.084977","0.050652","1.653648"
"350","320","125.022572","1.083601","0.051164","1.653342"
"360","320","123.04796","1.082262","0.051674","1.653061"
"370","320","121.134752","1.08096","0.052181","1.652802"
"380","320","119.280128","1.079692","0.052686","1.652565"
"390","320","117.481438","1.078457","0.053189","1.652348"
"400","320","115.736189","1.077254","0.053689","1.652149"
"410","320","114.042034","1.076082","0.054188","1.651967"
"420","320","112.396762","1.074941","0.054684","1.651802"
"-100","330","463.960441","1.227793","0.02702","1.83383"
"-90","330","438.628176","1.222079","0.027423","1.813415"
"-80","330","415.918977","1.216418","0.027865","1.79584"
"-70","330","395.445486","1.210846","0.028336","1.780624"
"-60","330","376.893035","1.205391","0.028829","1.767375"
"-50","330","360.003363","1.200073","0.029339","1.755778"
"-40","330","344.562515","1.194903","0.029863","1.745576"
"-30","330","330.391735","1.18989","0.030398","1.73656"
"-20","330","317.340511","1.185038","0.030942","1.728559"
"-10","330","305.28121","1.180349","0.031493","1.721431"
"0","330","294.104889","1.175822","0.032048","1.715058"
"10","330","283.717995","1.171454","0.032608","1.709343"
"20","330","274.039742","1.167242","0.033172","1.704201"
"30","330","265.000001","1.163182","0.033737","1.699563"
"40","330","256.537603","1.159269","0.034304","1.695369"
"50","330","248.598949","1.155497","0.034872","1.691568"
"60","330","241.136876","1.151862","0.03544","1.688116"
"70","330","234.10972","1.148359","0.036009","1.684975"
"80","330","227.480533","1.144981","0.036577","1.682111"
"90","330","221.216441","1.141724","0.037144","1.679497"
"100","330","215.288089","1.138583","0.03771","1.677106"
"110","330","209.669191","1.135553","0.038275","1.674917"
"120","330","204.336132","1.132629","0.038839","1.67291"
"130","330","199.267643","1.129806","0.039401","1.671068"
"140","330","194.444513","1.12708","0.039961","1.669376"
"150","330","189.849345","1.124446","0.04052","1.66782"
"160","330","185.466352","1.121902","0.041076","1.666387"
"170","330","181.28117","1.119442","0.04163","1.665068"
"180","330","177.280703","1.117063","0.042182","1.663852"
"190","330","173.452986","1.114762","0.042732","1.66273"
"200","330","169.787066","1.112536","0.04328","1.661695"
"210","330","166.272897","1.11038","0.043825","1.660739"
"220","330","162.901248","1.108292","0.044368","1.659856"
"230","330","159.66362","1.10627","0.044908","1.659041"
"240","330","156.552179","1.10431","0.045446","1.658287"
"250","330","153.559687","1.10241","0.045982","1.657591"
"260","330","150.679453","1.100567","0.046515","1.656947"
"270","330","147.905276","1.09878","0.047046","1.656352"
"280","330","145.231403","1.097045","0.047574","1.655803"
"290","330","142.652491","1.095361","0.0481","1.655295"
"300","330","140.16357","1.093726","0.048623","1.654825"
"310","330","137.760011","1.092137","0.049144","1.654392"
"320","330","135.437495","1.090594","0.049662","1.653992"
"330","330","133.191993","1.089093","0.050179","1.653623"
"340","330","131.019735","1.087635","0.050692","1.653283"
"350","330","128.917196","1.086216","0.051204","1.65297"
"360","330","126.881071","1.084836","0.051713","1.652682"
"370","330","124.908265","1.083492","0.05222","1.652417"
"380","330","122.995867","1.082185","0.052724","1.652173"
"390","330","121.141145","1.080912","0.053227","1.65195"
"400","330","119.341529","1.079671","0.053727","1.651746"
"410","330","117.594599","1.078463","0.054225","1.65156"
"420","330","115.898075","1.077286","0.05472","1.65139"
"-100","340","477.976812","1.236231","0.027216","1.834362"
"-90","340","451.879252","1.230076","0.027605","1.814067"
"-80","340","428.484002","1.224029","0.028034","1.79655"
"-70","340","407.392001","1.218116","0.028494","1.781351"
"-60","340","388.279076","1.212354","0.028977","1.768094"
"-50","340","370.879162","1.206758","0.029479","1.756471"
"-40","340","354.971842","1.201335","0.029995","1.746232"
"-30","340","340.372959","1.196091","0.030523","1.737174"
"-20","340","326.927454","1.191025","0.03106","1.729126"
"-10","340","314.503838","1.186138","0.031605","1.72195"
"0","340","302.989877","1.181427","0.032155","1.715528"
"10","340","292.289193","1.176886","0.03271","1.709764"
"20","340","282.318557","1.172513","0.033269","1.704575"
"30","340","273.005723","1.168301","0.03383","1.699891"
"40","340","264.287674","1.164244","0.034393","1.695652"
"50","340","256.109191","1.160337","0.034958","1.691809"
"60","340","248.421687","1.156574","0.035523","1.688316"
"70","340","241.182238","1.152949","0.036088","1.685136"
"80","340","234.352782","1.149456","0.036653","1.682235"
"90","340","227.899449","1.146089","0.037218","1.679586"
"100","340","221.792","1.142843","0.037781","1.677162"
"110","340","216.003354","1.139712","0.038344","1.674941"
"120","340","210.509182","1.136692","0.038906","1.672905"
"130","340","205.287573","1.133777","0.039466","1.671035"
"140","340","200.318734","1.130963","0.040024","1.669316"
"150","340","195.584745","1.128245","0.040581","1.667734"
"160","340","191.069341","1.12562","0.041135","1.666278"
"170","340","186.757723","1.123082","0.041688","1.664936"
"180","340","182.636401","1.120628","0.042238","1.663699"
"190","340","178.693048","1.118255","0.042787","1.662557"
"200","340","174.91638","1.115958","0.043333","1.661503"
"210","340","171.296047","1.113736","0.043877","1.66053"
"220","340","167.822539","1.111583","0.044419","1.65963"
"230","340","164.487101","1.109498","0.044958","1.658799"
"240","340","161.281662","1.107478","0.045495","1.658031"
"250","340","158.198767","1.105519","0.04603","1.657321"
"260","340","155.23152","1.10362","0.046562","1.656664"
"270","340","152.373534","1.101778","0.047092","1.656057"
"280","340","149.618883","1.09999","0.047619","1.655496"
"290","340","146.962062","1.098254","0.048144","1.654977"
"300","340","144.39795","1.096569","0.048667","1.654497"
"310","340","141.921778","1.094933","0.049187","1.654055"
"320","340","139.529099","1.093342","0.049705","1.653646"
"330","340","137.215759","1.091796","0.05022","1.653268"
"340","340","134.977877","1.090293","0.050733","1.652921"
"350","340","132.811819","1.088831","0.051244","1.6526"
"360","340","130.714183","1.087409","0.051753","1.652305"
"370","340","128.681777","1.086025","0.052259","1.652033"
"380","340","126.711605","1.084678","0.052763","1.651784"
"390","340","124.800852","1.083367","0.053265","1.651555"
"400","340","122.946869","1.082089","0.053764","1.651346"
"410","340","121.147164","1.080844","0.054262","1.651155"
"420","340","119.399387","1.079631","0.054757","1.65098"
"-100","350","491.993183","1.244721","0.027414","1.834731"
"-90","350","465.130328","1.238117","0.027788","1.814579"
"-80","350","441.049027","1.231677","0.028204","1.79714"
"-70","350","419.338516","1.225416","0.028652","1.781976"
"-60","350","399.665116","1.219343","0.029126","1.768723"
"-50","350","381.754961","1.213465","0.029619","1.757087"
"-40","350","365.381169","1.207787","0.030127","1.746822"
"-30","350","350.354183","1.202308","0.030648","1.737729"
"-20","350","336.514397","1.197026","0.031179","1.729642"
"-10","350","323.726466","1.191939","0.031718","1.722423"
"0","350","311.874866","1.187041","0.032263","1.715958"
"10","350","300.86039","1.182327","0.032813","1.71015"
"20","350","290.597372","1.177791","0.033367","1.704918"
"30","350","281.011445","1.173426","0.033924","1.700191"
"40","350","272.037744","1.169225","0.034483","1.695911"
"50","350","263.619432","1.165182","0.035044","1.692028"
"60","350","255.706497","1.16129","0.035605","1.688497"
"70","350","248.254756","1.157543","0.036168","1.68528"
"80","350","241.225031","1.153933","0.03673","1.682345"
"90","350","234.582458","1.150456","0.037292","1.679662"
"100","350","228.295912","1.147104","0.037853","1.677206"
"110","350","222.337517","1.143873","0.038414","1.674956"
"120","350","216.682232","1.140757","0.038973","1.67289"
"130","350","211.307502","1.13775","0.039531","1.670993"
"140","350","206.192956","1.134848","0.040087","1.669249"
"150","350","201.320145","1.132045","0.040642","1.667643"
"160","350","196.67233","1.129338","0.041195","1.666164"
"170","350","192.234276","1.126722","0.041746","1.6648"
"180","350","187.992099","1.124194","0.042295","1.663543"
"190","350","183.933109","1.121748","0.042842","1.662382"
"200","350","180.045693","1.119382","0.043387","1.661309"
"210","350","176.319196","1.117092","0.04393","1.660319"
"220","350","172.74383","1.114874","0.04447","1.659403"
"230","350","169.310582","1.112727","0.045009","1.658557"
"240","350","166.011146","1.110646","0.045544","1.657774"
"250","350","162.837847","1.108629","0.046078","1.65705"
"260","350","159.783587","1.106673","0.046609","1.656381"
"270","350","156.841792","1.104776","0.047138","1.655762"
"280","350","154.006363","1.102935","0.047665","1.655189"
"290","350","151.271632","1.101148","0.048189","1.65466"
"300","350","148.632329","1.099413","0.048711","1.654171"
"310","350","146.083546","1.097728","0.04923","1.653719"
"320","350","143.620702","1.09609","0.049747","1.653301"
"330","350","141.239525","1.094499","0.050262","1.652915"
"340","350","138.936018","1.092952","0.050775","1.65256"
"350","350","136.706442","1.091447","0.051285","1.652232"
"360","350","134.547295","1.089983","0.051793","1.65193"
"370","350","132.45529","1.088559","0.052299","1.651652"
"380","350","130.427344","1.087172","0.052802","1.651397"
"390","350","128.460559","1.085822","0.053304","1.651163"
"400","350","126.552209","1.084507","0.053803","1.650948"
"410","350","124.699729","1.083226","0.0543","1.650752"
"420","350","122.900699","1.081977","0.054794","1.650573"
"-100","360","506.009553","1.253259","0.027611","1.834944"
"-90","360","478.381404","1.246199","0.02797","1.814957"
"-80","360","453.614052","1.23936","0.028374","1.797615"
"-70","360","431.285032","1.232745","0.028811","1.782501"
"-60","360","411.051157","1.226356","0.029275","1.769267"
"-50","360","392.63076","1.220194","0.029759","1.757628"
"-40","360","375.790496","1.214256","0.03026","1.747347"
"-30","360","360.335407","1.20854","0.030773","1.738227"
"-20","360","346.10134","1.20304","0.031298","1.730108"
"-10","360","332.949094","1.197751","0.031831","1.722853"
"0","360","320.759854","1.192666","0.03237","1.71635"
"10","360","309.431588","1.187776","0.032916","1.710502"
"20","360","298.876187","1.183076","0.033465","1.70523"
"30","360","289.017167","1.178557","0.034018","1.700465"
"40","360","279.787815","1.174211","0.034573","1.696147"
"50","360","271.129674","1.170032","0.035131","1.692226"
"60","360","262.991308","1.16601","0.035689","1.688659"
"70","360","255.327274","1.16214","0.036248","1.685408"
"80","360","248.097279","1.158414","0.036807","1.682439"
"90","360","241.265466","1.154826","0.037367","1.679725"
"100","360","234.799824","1.151368","0.037925","1.677239"
"110","360","228.67168","1.148036","0.038483","1.67496"
"120","360","222.855282","1.144823","0.039041","1.672867"
"130","360","217.327432","1.141724","0.039597","1.670944"
"140","360","212.067177","1.138734","0.040151","1.669175"
"150","360","207.055546","1.135846","0.040704","1.667546"
"160","360","202.275318","1.133058","0.041255","1.666045"
"170","360","197.71083","1.130364","0.041805","1.664661"
"180","360","193.347797","1.12776","0.042352","1.663383"
"190","360","189.173171","1.125242","0.042898","1.662203"
"200","360","185.175006","1.122806","0.043442","1.661114"
"210","360","181.342345","1.120448","0.043983","1.660106"
"220","360","177.66512","1.118166","0.044522","1.659175"
"230","360","174.134064","1.115956","0.04506","1.658314"
"240","360","170.74063","1.113814","0.045594","1.657517"
"250","360","167.476927","1.111739","0.046127","1.65678"
"260","360","164.335654","1.109726","0.046657","1.656098"
"270","360","161.310051","1.107774","0.047185","1.655468"
"280","360","158.393843","1.10588","0.047711","1.654884"
"290","360","155.581202","1.104042","0.048234","1.654344"
"300","360","152.866709","1.102257","0.048755","1.653845"
"310","360","150.245313","1.100523","0.049274","1.653384"
"320","360","147.712306","1.098839","0.049791","1.652958"
"330","360","145.263291","1.097202","0.050305","1.652564"
"340","360","142.89416","1.09561","0.050817","1.652201"
"350","360","140.601066","1.094063","0.051326","1.651866"
"360","360","138.380406","1.092557","0.051834","1.651557"
"370","360","136.228802","1.091092","0.052339","1.651273"
"380","360","134.143082","1.089666","0.052842","1.651012"
"390","360","132.120266","1.088277","0.053343","1.650773"
"400","360","130.157549","1.086925","0.053841","1.650553"
"410","360","128.252293","1.085607","0.054338","1.650352"
"420","360","126.402011","1.084323","0.054832","1.650169"
"-100","370","520.025924","1.261843","0.027809","1.835009"
"-90","370","491.63248","1.254319","0.028153","1.815207"
"-80","370","466.179077","1.247075","0.028544","1.79798"
"-70","370","443.231547","1.240102","0.02897","1.782931"
"-60","370","422.437198","1.233393","0.029424","1.769729"
"-50","370","403.506559","1.226943","0.029899","1.758098"
"-40","370","386.199823","1.220743","0.030392","1.747809"
"-30","370","370.316631","1.214787","0.030899","1.738671"
"-20","370","355.688283","1.209067","0.031417","1.730526"
"-10","370","342.171722","1.203574","0.031944","1.72324"
"0","370","329.644843","1.198299","0.032479","1.716704"
"10","370","318.002786","1.193234","0.033019","1.710822"
"20","370","307.155002","1.188368","0.033564","1.705514"
"30","370","297.022889","1.183694","0.034113","1.700713"
"40","370","287.537885","1.179203","0.034664","1.69636"
"50","370","278.639916","1.174886","0.035218","1.692404"
"60","370","270.276118","1.170734","0.035773","1.688804"
"70","370","262.399792","1.16674","0.036329","1.68552"
"80","370","254.969528","1.162897","0.036885","1.68252"
"90","370","247.948475","1.159198","0.037442","1.679776"
"100","370","241.303735","1.155634","0.037998","1.677262"
"110","370","235.005843","1.152201","0.038554","1.674955"
"120","370","229.028332","1.148891","0.039109","1.672836"
"130","370","223.347361","1.1457","0.039663","1.670888"
"140","370","217.941398","1.142621","0.040215","1.669096"
"150","370","212.790946","1.139648","0.040767","1.667444"
"160","370","207.878307","1.136778","0.041316","1.665922"
"170","370","203.187383","1.134006","0.041864","1.664517"
"180","370","198.703495","1.131326","0.04241","1.663221"
"190","370","194.413233","1.128736","0.042954","1.662023"
"200","370","190.304319","1.12623","0.043497","1.660916"
"210","370","186.365495","1.123805","0.044037","1.659892"
"220","370","182.586411","1.121458","0.044575","1.658946"
"230","370","178.957545","1.119185","0.045111","1.65807"
"240","370","175.470113","1.116983","0.045645","1.65726"
"250","370","172.116006","1.114848","0.046176","1.65651"
"260","370","168.887722","1.112779","0.046706","1.655816"
"270","370","165.778309","1.110772","0.047233","1.655174"
"280","370","162.781323","1.108825","0.047758","1.654579"
"290","370","159.890773","1.106936","0.04828","1.65403"
"300","370","157.101088","1.105101","0.0488","1.653521"
"310","370","154.40708","1.103319","0.049318","1.653051"
"320","370","151.803909","1.101588","0.049834","1.652616"
"330","370","149.287058","1.099905","0.050348","1.652214"
"340","370","146.852302","1.098269","0.050859","1.651844"
"350","370","144.495689","1.096679","0.051368","1.651502"
"360","370","142.213518","1.095131","0.051875","1.651187"
"370","370","140.002315","1.093625","0.052379","1.650897"
"380","370","137.858821","1.09216","0.052882","1.65063"
"390","370","135.779972","1.090733","0.053382","1.650385"
"400","370","133.762889","1.089343","0.05388","1.65016"
"410","370","131.804858","1.087989","0.054376","1.649955"
"420","370","129.903324","1.086669","0.05487","1.649767"
"-100","380","534.042295","1.270473","0.028008","1.834932"
"-90","380","504.883556","1.262478","0.028337","1.815334"
"-80","380","478.744102","1.254823","0.028714","1.798237"
"-70","380","455.178062","1.247486","0.029129","1.783268"
"-60","380","433.823239","1.240453","0.029573","1.77011"
"-50","380","414.382359","1.233711","0.03004","1.758497"
"-40","380","396.60915","1.227246","0.030525","1.748209"
"-30","380","380.297854","1.221048","0.031025","1.739061"
"-20","380","365.275225","1.215106","0.031537","1.730896"
"-10","380","351.39435","1.209407","0.032058","1.723586"
"0","380","338.529831","1.203942","0.032587","1.717021"
"10","380","326.573983","1.198699","0.033123","1.711108"
"20","380","315.433817","1.193667","0.033663","1.705769"
"30","380","305.028611","1.188837","0.034208","1.700935"
"40","380","295.287956","1.184199","0.034755","1.69655"
"50","380","286.150157","1.179744","0.035305","1.692563"
"60","380","277.560928","1.175461","0.035857","1.688931"
"70","380","269.47231","1.171344","0.03641","1.685617"
"80","380","261.841776","1.167384","0.036964","1.682588"
"90","380","254.631484","1.163572","0.037518","1.679815"
"100","380","247.807647","1.159902","0.038072","1.677273"
"110","380","241.340006","1.156367","0.038625","1.674941"
"120","380","235.201382","1.152961","0.039178","1.672797"
"130","380","229.367291","1.149677","0.03973","1.670825"
"140","380","223.81562","1.146508","0.04028","1.66901"
"150","380","218.526346","1.143451","0.04083","1.667337"
"160","380","213.481296","1.140499","0.041378","1.665794"
"170","380","208.663936","1.137648","0.041924","1.66437"
"180","380","204.059193","1.134894","0.042468","1.663055"
"190","380","199.653294","1.13223","0.043011","1.66184"
"200","380","195.433633","1.129654","0.043552","1.660716"
"210","380","191.388644","1.127162","0.044091","1.659677"
"220","380","187.507702","1.12475","0.044628","1.658716"
"230","380","183.781026","1.122414","0.045163","1.657826"
"240","380","180.199597","1.120151","0.045696","1.657002"
"250","380","176.755086","1.117959","0.046226","1.65624"
"260","380","173.439789","1.115833","0.046755","1.655534"
"270","380","170.246568","1.113771","0.047281","1.654881"
"280","380","167.168803","1.111771","0.047805","1.654276"
"290","380","164.200343","1.10983","0.048326","1.653716"
"300","380","161.335468","1.107945","0.048846","1.653198"
"310","380","158.568847","1.106115","0.049363","1.652719"
"320","380","155.895513","1.104336","0.049878","1.652276"
"330","380","153.310824","1.102608","0.050391","1.651866"
"340","380","150.810443","1.100928","0.050902","1.651488"
"350","380","148.390313","1.099295","0.05141","1.65114"
"360","380","146.046629","1.097705","0.051916","1.650818"
"370","380","143.775827","1.096159","0.05242","1.650522"
"380","380","141.574559","1.094654","0.052922","1.650249"
"390","380","139.439679","1.093188","0.053422","1.649999"
"400","380","137.368229","1.091761","0.05392","1.64977"
"410","380","135.357423","1.090371","0.054415","1.649559"
"420","380","133.404636","1.089016","0.054908","1.649367"
"-100","390","548.058665","1.279144","0.028207","1.83472"
"-90","390","518.134632","1.270672","0.02852","1.815344"
"-80","390","491.309127","1.2626","0.028885","1.798393"
"-70","390","467.124577","1.254896","0.029289","1.783516"
"-60","390","445.209279","1.247535","0.029723","1.770413"
"-50","390","425.258158","1.240497","0.030181","1.75883"
"-40","390","407.018477","1.233765","0.030659","1.748551"
"-30","390","390.279078","1.227323","0.031152","1.739399"
"-20","390","374.862168","1.221156","0.031657","1.731222"
"-10","390","360.616979","1.21525","0.032172","1.723892"
"0","390","347.414819","1.209593","0.032696","1.717304"
"10","390","335.145181","1.204171","0.033227","1.711364"
"20","390","323.712631","1.198972","0.033763","1.705996"
"30","390","313.034333","1.193986","0.034303","1.701134"
"40","390","303.038026","1.1892","0.034847","1.696719"
"50","390","293.660399","1.184606","0.035394","1.692702"
"60","390","284.845739","1.180192","0.035942","1.689041"
"70","390","276.544828","1.175951","0.036492","1.685699"
"80","390","268.714025","1.171872","0.037043","1.682642"
"90","390","261.314492","1.167948","0.037594","1.679842"
"100","390","254.311558","1.164172","0.038145","1.677275"
"110","390","247.674169","1.160535","0.038696","1.674917"
"120","390","241.374432","1.157032","0.039247","1.67275"
"130","390","235.38722","1.153654","0.039797","1.670756"
"140","390","229.689841","1.150397","0.040346","1.668918"
"150","390","224.261746","1.147255","0.040893","1.667225"
"160","390","219.084285","1.144221","0.041439","1.665662"
"170","390","214.140489","1.141292","0.041984","1.664219"
"180","390","209.414891","1.138461","0.042527","1.662886"
"190","390","204.893356","1.135725","0.043069","1.661654"
"200","390","200.562946","1.133079","0.043608","1.660514"
"210","390","196.411793","1.13052","0.044146","1.65946"
"220","390","192.428993","1.128042","0.044682","1.658484"
"230","390","188.604507","1.125644","0.045215","1.657581"
"240","390","184.929081","1.12332","0.045747","1.656744"
"250","390","181.394166","1.121069","0.046276","1.65597"
"260","390","177.991856","1.118886","0.046804","1.655252"
"270","390","174.714826","1.11677","0.047329","1.654588"
"280","390","171.556283","1.114716","0.047852","1.653973"
"290","390","168.509914","1.112724","0.048373","1.653403"
"300","390","165.569847","1.110789","0.048892","1.652876"
"310","390","162.730615","1.10891","0.049408","1.652388"
"320","390","159.987116","1.107085","0.049923","1.651937"
"330","390","157.33459","1.105311","0.050435","1.65152"
"340","390","154.768585","1.103587","0.050945","1.651135"
"350","390","152.284936","1.101911","0.051453","1.650779"
"360","390","149.879741","1.10028","0.051958","1.650452"
"370","390","147.54934","1.098693","0.052462","1.650149"
"380","390","145.290298","1.097148","0.052963","1.649871"
"390","390","143.099386","1.095644","0.053462","1.649616"
"400","390","140.973569","1.094179","0.053959","1.649381"
"410","390","138.909987","1.092753","0.054454","1.649167"
"420","390","136.905948","1.091362","0.054947","1.64897"
"-100","400","562.075036","1.287856","0.028406","1.834381"
"-90","400","531.385708","1.2789","0.028704","1.815241"
"-80","400","503.874152","1.270407","0.029056","1.79845"
"-70","400","479.071093","1.262331","0.029449","1.783679"
"-60","400","456.59532","1.254638","0.029873","1.770642"
"-50","400","436.133957","1.247302","0.030323","1.759096"
"-40","400","417.427804","1.240299","0.030792","1.748836"
"-30","400","400.260302","1.233611","0.031278","1.739687"
"-20","400","384.449111","1.227217","0.031777","1.731503"
"-10","400","369.839607","1.221103","0.032287","1.724159"
"0","400","356.299808","1.215252","0.032806","1.717551"
"10","400","343.716378","1.20965","0.033331","1.711589"
"20","400","331.991446","1.204283","0.033863","1.706197"
"30","400","321.040054","1.199139","0.034399","1.701308"
"40","400","310.788097","1.194205","0.034939","1.696866"
"50","400","301.170641","1.189471","0.035482","1.692823"
"60","400","292.130549","1.184926","0.036027","1.689135"
"70","400","283.617347","1.18056","0.036574","1.685766"
"80","400","275.586273","1.176363","0.037122","1.682683"
"90","400","267.997501","1.172327","0.037671","1.679858"
"100","400","260.81547","1.168443","0.03822","1.677266"
"110","400","254.008332","1.164705","0.038768","1.674885"
"120","400","247.547482","1.161103","0.039317","1.672695"
"130","400","241.40715","1.157633","0.039864","1.670679"
"140","400","235.564063","1.154287","0.040411","1.668821"
"150","400","229.997146","1.151059","0.040957","1.667108"
"160","400","224.687273","1.147943","0.041502","1.665526"
"170","400","219.617043","1.144935","0.042045","1.664065"
"180","400","214.770589","1.142029","0.042586","1.662715"
"190","400","210.133418","1.13922","0.043126","1.661466"
"200","400","205.692259","1.136504","0.043665","1.660311"
"210","400","201.434943","1.133877","0.044201","1.659242"
"220","400","197.350284","1.131335","0.044735","1.658252"
"230","400","193.427989","1.128873","0.045268","1.657335"
"240","400","189.658565","1.126489","0.045799","1.656486"
"250","400","186.033246","1.124179","0.046327","1.6557"
"260","400","182.543923","1.12194","0.046854","1.654971"
"270","400","179.183085","1.119768","0.047378","1.654296"
"280","400","175.943763","1.117662","0.0479","1.653671"
"290","400","172.819484","1.115617","0.04842","1.653092"
"300","400","169.804227","1.113633","0.048938","1.652556"
"310","400","166.892382","1.111706","0.049454","1.652059"
"320","400","164.07872","1.109834","0.049968","1.6516"
"330","400","161.358356","1.108015","0.050479","1.651176"
"340","400","158.726727","1.106246","0.050988","1.650783"
"350","400","156.179559","1.104527","0.051495","1.650421"
"360","400","153.712852","1.102854","0.052","1.650087"
"370","400","151.322852","1.101226","0.052503","1.649779"
"380","400","149.006036","1.099642","0.053004","1.649495"
"390","400","146.759093","1.0981","0.053503","1.649235"
"400","400","144.578909","1.096598","0.053999","1.648996"
"410","400","142.462552","1.095135","0.054494","1.648776"
"420","400","140.40726","1.093709","0.054986","1.648576"
"-100","410","576.091407","1.296607","0.028606","1.833921"
"-90","410","544.636784","1.287162","0.028889","1.815031"
"-80","410","516.439177","1.278241","0.029227","1.798413"
"-70","410","491.017608","1.269789","0.029609","1.783759"
"-60","410","467.981361","1.261761","0.030023","1.770798"
"-50","410","447.009756","1.254123","0.030464","1.7593"
"-40","410","427.837131","1.246848","0.030926","1.749065"
"-30","410","410.241526","1.239911","0.031405","1.739926"
"-20","410","394.036054","1.233289","0.031898","1.731741"
"-10","410","379.062235","1.226965","0.032402","1.724388"
"0","410","365.184796","1.220919","0.032915","1.717766"
"10","410","352.287576","1.215135","0.033436","1.711785"
"20","410","340.270261","1.2096","0.033963","1.706371"
"30","410","329.045776","1.204297","0.034495","1.701459"
"40","410","318.538167","1.199215","0.035032","1.696993"
"50","410","308.680882","1.19434","0.035571","1.692925"
"60","410","299.41536","1.189663","0.036113","1.689212"
"70","410","290.689865","1.185171","0.036657","1.685818"
"80","410","282.458522","1.180856","0.037202","1.682711"
"90","410","274.68051","1.176707","0.037748","1.679863"
"100","410","267.319381","1.172716","0.038294","1.677248"
"110","410","260.342495","1.168875","0.038841","1.674844"
"120","410","253.720532","1.165176","0.039387","1.672633"
"130","410","247.427079","1.161613","0.039933","1.670596"
"140","410","241.438284","1.158177","0.040477","1.668718"
"150","410","235.732547","1.154863","0.041021","1.666986"
"160","410","230.290262","1.151666","0.041564","1.665386"
"170","410","225.093596","1.148579","0.042106","1.663907"
"180","410","220.126287","1.145597","0.042646","1.662541"
"190","410","215.37348","1.142715","0.043184","1.661276"
"200","410","210.821573","1.139929","0.043721","1.660106"
"210","410","206.458092","1.137235","0.044256","1.659022"
"220","410","202.271575","1.134627","0.04479","1.658019"
"230","410","198.25147","1.132103","0.045321","1.657089"
"240","410","194.388048","1.129658","0.045851","1.656228"
"250","410","190.672325","1.127289","0.046378","1.65543"
"260","410","187.09599","1.124993","0.046904","1.65469"
"270","410","183.651343","1.122767","0.047427","1.654005"
"280","410","180.331243","1.120607","0.047948","1.65337"
"290","410","177.129055","1.118511","0.048468","1.652781"
"300","410","174.038606","1.116477","0.048985","1.652236"
"310","410","171.054149","1.114502","0.0495","1.651732"
"320","410","168.170323","1.112583","0.050013","1.651265"
"330","410","165.382122","1.110718","0.050524","1.650833"
"340","410","162.684868","1.108905","0.051032","1.650434"
"350","410","160.074183","1.107143","0.051539","1.650065"
"360","410","157.545964","1.105428","0.052043","1.649725"
"370","410","155.096365","1.10376","0.052545","1.649411"
"380","410","152.721775","1.102136","0.053046","1.649122"
"390","410","150.4188","1.100556","0.053544","1.648856"
"400","410","148.184249","1.099016","0.05404","1.648612"
"410","410","146.015117","1.097517","0.054534","1.648388"
"420","410","143.908573","1.096056","0.055026","1.648183"
"-100","420","590.107777","1.305394","0.028806","1.833347"
"-90","420","557.88786","1.295454","0.029073","1.814718"
"-80","420","529.004202","1.286102","0.029399","1.798286"
"-70","420","502.964123","1.277269","0.029769","1.783759"
"-60","420","479.367402","1.268903","0.030174","1.770885"
"-50","420","457.885555","1.260961","0.030606","1.759442"
"-40","420","438.246458","1.253411","0.03106","1.74924"
"-30","420","420.22275","1.246222","0.031532","1.740118"
"-20","420","403.622997","1.239371","0.032019","1.731937"
"-10","420","388.284863","1.232835","0.032517","1.724581"
"0","420","374.069785","1.226593","0.033025","1.717948"
"10","420","360.858773","1.220627","0.033541","1.711952"
"20","420","348.549076","1.214921","0.034064","1.70652"
"30","420","337.051498","1.20946","0.034592","1.701588"
"40","420","326.288238","1.204228","0.035125","1.6971"
"50","420","316.191124","1.199213","0.03566","1.693009"
"60","420","306.70017","1.194402","0.036199","1.689274"
"70","420","297.762383","1.189785","0.03674","1.685857"
"80","420","289.330771","1.185351","0.037282","1.682728"
"90","420","281.363518","1.181089","0.037825","1.679857"
"100","420","273.823293","1.17699","0.038369","1.67722"
"110","420","266.676658","1.173047","0.038913","1.674796"
"120","420","259.893582","1.16925","0.039457","1.672564"
"130","420","253.447009","1.165593","0.040001","1.670507"
"140","420","247.312506","1.162068","0.040544","1.66861"
"150","420","241.467947","1.158669","0.041086","1.666859"
"160","420","235.893251","1.155389","0.041627","1.665242"
"170","420","230.570149","1.152223","0.042167","1.663746"
"180","420","225.481985","1.149165","0.042706","1.662364"
"190","420","220.613541","1.146211","0.043243","1.661084"
"200","420","215.950886","1.143355","0.043779","1.659899"
"210","420","211.481241","1.140592","0.044312","1.658802"
"220","420","207.192866","1.137919","0.044845","1.657785"
"230","420","203.074951","1.135332","0.045375","1.656843"
"240","420","199.117532","1.132826","0.045903","1.65597"
"250","420","195.311405","1.130399","0.04643","1.65516"
"260","420","191.648057","1.128046","0.046954","1.65441"
"270","420","188.119602","1.125765","0.047477","1.653714"
"280","420","184.718723","1.123552","0.047997","1.653069"
"290","420","181.438625","1.121405","0.048516","1.652472"
"300","420","178.272986","1.119321","0.049032","1.651918"
"310","420","175.215916","1.117297","0.049546","1.651406"
"320","420","172.261926","1.115331","0.050058","1.650931"
"330","420","169.405889","1.113421","0.050568","1.650492"
"340","420","166.64301","1.111564","0.051076","1.650086"
"350","420","163.968806","1.109759","0.051582","1.64971"
"360","420","161.379075","1.108002","0.052086","1.649364"
"370","420","158.869877","1.106294","0.052588","1.649045"
"380","420","156.437513","1.104631","0.053087","1.64875"
"390","420","154.078507","1.103012","0.053585","1.648479"
"400","420","151.789589","1.101435","0.05408","1.648231"
"410","420","149.567682","1.099899","0.054574","1.648002"
"420","420","147.409885","1.098402","0.055065","1.647794"
"-100","430","604.124148","1.314216","0.029007","1.832666"
"-90","430","571.138937","1.303776","0.029258","1.814309"
"-80","430","541.569226999999","1.293989","0.029571","1.798072"
"-70","430","514.910639","1.284772","0.02993","1.783683"
"-60","430","490.753442","1.276063","0.030324","1.770904"
"-50","430","468.761354","1.267814","0.030748","1.759524"
"-40","430","448.655785","1.259986","0.031194","1.749363"
"-30","430","430.203974","1.252545","0.031659","1.740263"
"-20","430","413.20994","1.245462","0.03214","1.732093"
"-10","430","397.507491","1.238713","0.032632","1.724737"
"0","430","382.954773","1.232274","0.033135","1.718098"
"10","430","369.429971","1.226125","0.033647","1.712091"
"20","430","356.827891","1.220248","0.034165","1.706644"
"30","430","345.05722","1.214626","0.034689","1.701694"
"40","430","334.038308","1.209244","0.035218","1.697188"
"50","430","323.701365","1.204088","0.03575","1.693077"
"60","430","313.98498","1.199144","0.036285","1.689321"
"70","430","304.834901","1.194401","0.036823","1.685883"
"80","430","296.203019","1.189847","0.037363","1.682732"
"90","430","288.046527","1.185472","0.037903","1.67984"
"100","430","280.327204","1.181265","0.038445","1.677183"
"110","430","273.010821","1.177219","0.038986","1.674739"
"120","430","266.066632","1.173325","0.039528","1.672487"
"130","430","259.466938","1.169574","0.04007","1.670412"
"140","430","253.186727","1.165959","0.040611","1.668496"
"150","430","247.203347","1.162474","0.041151","1.666728"
"160","430","241.49624","1.159112","0.041691","1.665094"
"170","430","236.046703","1.155867","0.042229","1.663582"
"180","430","230.837683","1.152734","0.042766","1.662184"
"190","430","225.853603","1.149706","0.043302","1.66089"
"200","430","221.080199","1.14678","0.043836","1.659691"
"210","430","216.50439","1.14395","0.044369","1.65858"
"220","430","212.114156","1.141212","0.0449","1.65755"
"230","430","207.898432","1.138561","0.045429","1.656596"
"240","430","203.847016","1.135995","0.045956","1.655711"
"250","430","199.950485","1.133509","0.046482","1.654891"
"260","430","196.200124","1.131099","0.047005","1.65413"
"270","430","192.58786","1.128763","0.047527","1.653424"
"280","430","189.106203","1.126497","0.048046","1.65277"
"290","430","185.748195","1.124299","0.048564","1.652163"
"300","430","182.507365","1.122165","0.049079","1.651601"
"310","430","179.377684","1.120092","0.049593","1.651081"
"320","430","176.35353","1.11808","0.050104","1.650599"
"330","430","173.429655","1.116124","0.050614","1.650152"
"340","430","170.601152","1.114223","0.051121","1.649739"
"350","430","167.86343","1.112374","0.051626","1.649358"
"360","430","165.212187","1.110576","0.052129","1.649005"
"370","430","162.64339","1.108827","0.05263","1.64868"
"380","430","160.153252","1.107125","0.05313","1.648381"
"390","430","157.738213","1.105467","0.053627","1.648105"
"400","430","155.394929","1.103853","0.054122","1.647852"
"410","430","153.120246","1.102281","0.054615","1.647619"
"420","430","150.911197","1.100749","0.055106","1.647406"
"-100","440","618.140519","1.323071","0.029208","1.831883"
"-90","440","584.390013","1.312127","0.029444","1.813808"
"-80","440","554.134252","1.3019","0.029743","1.797775"
"-70","440","526.857154","1.292294","0.03009","1.783534"
"-60","440","502.139483","1.283241","0.030475","1.770858"
"-50","440","479.637154","1.274683","0.03089","1.75955"
"-40","440","459.065112","1.266575","0.031329","1.749435"
"-30","440","440.185198","1.258879","0.031787","1.740364"
"-20","440","422.796883","1.251563","0.032261","1.732209"
"-10","440","406.730119","1.244599","0.032748","1.724859"
"0","440","391.839761","1.237961","0.033246","1.718217"
"10","440","378.001168","1.231628","0.033752","1.712203"
"20","440","365.106706","1.225579","0.034266","1.706744"
"30","440","353.062942","1.219797","0.034786","1.70178"
"40","440","341.788379","1.214264","0.035311","1.697256"
"50","440","331.211607","1.208966","0.03584","1.693127"
"60","440","321.269791","1.203889","0.036372","1.689352"
"70","440","311.907419","1.199019","0.036907","1.685895"
"80","440","303.075268","1.194345","0.037443","1.682725"
"90","440","294.729535","1.189856","0.037981","1.679814"
"100","440","286.831116","1.185542","0.03852","1.677137"
"110","440","279.344985","1.181393","0.03906","1.674674"
"120","440","272.239682","1.1774","0.039599","1.672404"
"130","440","265.486868","1.173555","0.040139","1.67031"
"140","440","259.060948","1.169851","0.040678","1.668378"
"150","440","252.938747","1.16628","0.041217","1.666592"
"160","440","247.099228","1.162835","0.041755","1.664942"
"170","440","241.523256","1.159511","0.042291","1.663415"
"180","440","236.193381","1.156302","0.042827","1.662002"
"190","440","231.093665","1.153201","0.043361","1.660693"
"200","440","226.209512","1.150205","0.043894","1.659481"
"210","440","221.52754","1.147307","0.044425","1.658357"
"220","440","217.035447","1.144504","0.044955","1.657315"
"230","440","212.721914","1.141791","0.045483","1.656348"
"240","440","208.5765","1.139163","0.046009","1.655452"
"250","440","204.589565","1.136618","0.046534","1.654621"
"260","440","200.752191","1.134152","0.047056","1.65385"
"270","440","197.056119","1.131761","0.047577","1.653135"
"280","440","193.493683","1.129442","0.048096","1.652471"
"290","440","190.057766","1.127192","0.048612","1.651856"
"300","440","186.741744","1.125008","0.049127","1.651286"
"310","440","183.539451","1.122888","0.04964","1.650757"
"320","440","180.445133","1.120828","0.05015","1.650268"
"330","440","177.453421","1.118827","0.050659","1.649814"
"340","440","174.559294","1.116881","0.051166","1.649395"
"350","440","171.758053","1.11499","0.05167","1.649007"
"360","440","169.045299","1.11315","0.052173","1.648649"
"370","440","166.416902","1.111361","0.052673","1.648318"
"380","440","163.86899","1.109619","0.053172","1.648013"
"390","440","161.39792","1.107923","0.053668","1.647733"
"400","440","159.000269","1.106272","0.054163","1.647475"
"410","440","156.672811","1.104663","0.054655","1.647238"
"420","440","154.412509","1.103096","0.055146","1.647021"
"-100","450","632.156889","1.331958","0.02941","1.831006"
"-90","450","597.641089","1.320505","0.02963","1.81322"
"-80","450","566.699277","1.309834","0.029915","1.7974"
"-70","450","538.803669","1.299837","0.030251","1.783314"
"-60","450","513.525524","1.290435","0.030626","1.77075"
"-50","450","490.512953","1.281565","0.031032","1.75952"
"-40","450","469.474439","1.273175","0.031463","1.749458"
"-30","450","450.166422","1.265223","0.031915","1.740422"
"-20","450","432.383825","1.257672","0.032382","1.732287"
"-10","450","415.952747","1.250492","0.032864","1.724946"
"0","450","400.72475","1.243655","0.033356","1.718306"
"10","450","386.572366","1.237137","0.033858","1.712288"
"20","450","373.385521","1.230915","0.034367","1.70682"
"30","450","361.068664","1.224972","0.034883","1.701844"
"40","450","349.538449","1.219288","0.035405","1.697306"
"50","450","338.721849","1.213847","0.03593","1.693161"
"60","450","328.554601","1.208635","0.036459","1.689369"
"70","450","318.979937","1.203639","0.036991","1.685895"
"80","450","309.947516","1.198845","0.037524","1.682706"
"90","450","301.412544","1.194242","0.03806","1.679777"
"100","450","293.335027","1.189819","0.038596","1.677083"
"110","450","285.679148","1.185567","0.039134","1.674601"
"120","450","278.412732","1.181475","0.039671","1.672314"
"130","450","271.506797","1.177537","0.040209","1.670203"
"140","450","264.93517","1.173743","0.040746","1.668254"
"150","450","258.674147","1.170086","0.041283","1.666453"
"160","450","252.702217","1.166559","0.041819","1.664787"
"170","450","246.999809","1.163156","0.042354","1.663245"
"180","450","241.54908","1.15987","0.042888","1.661817"
"190","450","236.333726","1.156697","0.043421","1.660495"
"200","450","231.338826","1.15363","0.043952","1.659269"
"210","450","226.550689","1.150664","0.044482","1.658132"
"220","450","221.956738","1.147796","0.045011","1.657078"
"230","450","217.545395","1.145019","0.045538","1.656101"
"240","450","213.305983","1.142332","0.046063","1.655194"
"250","450","209.228645","1.139728","0.046586","1.654352"
"260","450","205.304258","1.137205","0.047108","1.653571"
"270","450","201.524377","1.134759","0.047628","1.652846"
"280","450","197.881163","1.132387","0.048145","1.652174"
"290","450","194.367336","1.130085","0.048661","1.65155"
"300","450","190.976124","1.127851","0.049175","1.650972"
"310","450","187.701218","1.125683","0.049687","1.650435"
"320","450","184.536737","1.123576","0.050197","1.649938"
"330","450","181.477187","1.121529","0.050705","1.649478"
"340","450","178.517435","1.11954","0.051211","1.649052"
"350","450","175.652677","1.117606","0.051715","1.648658"
"360","450","172.87841","1.115724","0.052217","1.648294"
"370","450","170.190415","1.113894","0.052717","1.647958"
"380","450","167.584728","1.112113","0.053215","1.647648"
"390","450","165.057627","1.110379","0.053711","1.647363"
"400","450","162.605609","1.10869","0.054205","1.6471"
"410","450","160.225376","1.107045","0.054697","1.646859"
"420","450","157.913822","1.105442","0.055187","1.646638"
"-100","460","646.17326","1.340874","0.029612","1.830039"
"-90","460","610.892165","1.328909","0.029816","1.812549"
"-80","460","579.264302","1.31779","0.030088","1.79695"
"-70","460","550.750185","1.307399","0.030412","1.783027"
"-60","460","524.911565","1.297646","0.030777","1.770581"
"-50","460","501.388752","1.288461","0.031175","1.759436"
"-40","460","479.883766","1.279787","0.031598","1.749434"
"-30","460","460.147645","1.271577","0.032042","1.740438"
"-20","460","441.970768","1.26379","0.032504","1.732328"
"-10","460","425.175375","1.256392","0.032979","1.725001"
"0","460","409.609738","1.249355","0.033467","1.718366"
"10","460","395.143563","1.24265","0.033964","1.712347"
"20","460","381.664336","1.236255","0.034469","1.706873"
"30","460","369.074386","1.230149","0.034981","1.701888"
"40","460","357.28852","1.224314","0.035498","1.697338"
"50","460","346.23209","1.21873","0.03602","1.693179"
"60","460","335.839412","1.213384","0.036546","1.689372"
"70","460","326.052455","1.20826","0.037075","1.685881"
"80","460","316.819765","1.203346","0.037606","1.682677"
"90","460","308.095553","1.198628","0.038139","1.679731"
"100","460","299.838939","1.194097","0.038673","1.677019"
"110","460","292.013311","1.189741","0.039208","1.674521"
"120","460","284.585781","1.185551","0.039743","1.672217"
"130","460","277.526727","1.181519","0.040278","1.67009"
"140","460","270.809391","1.177635","0.040814","1.668126"
"150","460","264.409547","1.173892","0.041349","1.666309"
"160","460","258.305206","1.170282","0.041883","1.664628"
"170","460","252.476362","1.1668","0.042417","1.663072"
"180","460","246.904778","1.163438","0.042949","1.66163"
"190","460","241.573788","1.160192","0.043481","1.660294"
"200","460","236.468139","1.157054","0.044011","1.659056"
"210","460","231.573838","1.154021","0.04454","1.657907"
"220","460","226.878029","1.151087","0.045067","1.656841"
"230","460","222.368876","1.148248","0.045593","1.655852"
"240","460","218.035467","1.145499","0.046117","1.654935"
"250","460","213.867724","1.142837","0.046639","1.654083"
"260","460","209.856326","1.140257","0.04716","1.653292"
"270","460","205.992636","1.137756","0.047678","1.652558"
"280","460","202.268643","1.135331","0.048195","1.651877"
"290","460","198.676907","1.132978","0.04871","1.651245"
"300","460","195.210503","1.130694","0.049224","1.650658"
"310","460","191.862985","1.128477","0.049735","1.650115"
"320","460","188.62834","1.126324","0.050244","1.649611"
"330","460","185.500953","1.124232","0.050751","1.649144"
"340","460","182.475577","1.122198","0.051256","1.648711"
"350","460","179.5473","1.120221","0.05176","1.648311"
"360","460","176.711522","1.118298","0.052261","1.647942"
"370","460","173.963928","1.116427","0.05276","1.6476"
"380","460","171.300467","1.114607","0.053258","1.647285"
"390","460","168.717334","1.112834","0.053753","1.646995"
"400","460","166.210949","1.111108","0.054247","1.646728"
"410","460","163.77794","1.109427","0.054738","1.646483"
"420","460","161.415134","1.107789","0.055228","1.646258"
"-100","470","660.189631","1.349819","0.029815","1.82899"
"-90","470","624.143241","1.337337","0.030003","1.8118"
"-80","470","591.829327","1.325767","0.030261","1.796428"
"-70","470","562.6967","1.314978","0.030574","1.782675"
"-60","470","536.297605","1.304872","0.030929","1.770355"
"-50","470","512.264551","1.295371","0.031317","1.759301"
"-40","470","490.293093","1.286411","0.031733","1.749364"
"-30","470","470.128869","1.27794","0.03217","1.740413"
"-20","470","451.557711","1.269915","0.032625","1.732333"
"-10","470","434.398003","1.262299","0.033095","1.725023"
"0","470","418.494727","1.25506","0.033578","1.718398"
"10","470","403.714761","1.248168","0.03407","1.71238"
"20","470","389.94315","1.241599","0.034571","1.706904"
"30","470","377.080107","1.235331","0.035079","1.701912"
"40","470","365.03859","1.229342","0.035592","1.697352"
"50","470","353.742332","1.223616","0.036111","1.693182"
"60","470","343.124222","1.218134","0.036634","1.689361"
"70","470","333.124973","1.212883","0.037159","1.685856"
"80","470","323.692013","1.207848","0.037687","1.682636"
"90","470","314.778561","1.203016","0.038218","1.679675"
"100","470","306.34285","1.198376","0.038749","1.676948"
"110","470","298.347474","1.193916","0.039282","1.674434"
"120","470","290.758831","1.189628","0.039815","1.672114"
"130","470","283.546656","1.185501","0.040349","1.669972"
"140","470","276.683613","1.181527","0.040882","1.667992"
"150","470","270.144948","1.177698","0.041415","1.666161"
"160","470","263.908195","1.174006","0.041948","1.664466"
"170","470","257.952916","1.170444","0.04248","1.662896"
"180","470","252.260476","1.167006","0.043011","1.661441"
"190","470","246.81385","1.163687","0.043541","1.660092"
"200","470","241.597452","1.160479","0.04407","1.658841"
"210","470","236.596988","1.157378","0.044597","1.657681"
"220","470","231.79932","1.154379","0.045123","1.656604"
"230","470","227.192357","1.151476","0.045648","1.655604"
"240","470","222.764951","1.148667","0.046171","1.654676"
"250","470","218.506804","1.145946","0.046692","1.653814"
"260","470","214.408393","1.143309","0.047212","1.653014"
"270","470","210.460894","1.140753","0.04773","1.652271"
"280","470","206.656123","1.138275","0.048246","1.651581"
"290","470","202.986477","1.135871","0.04876","1.650941"
"300","470","199.444883","1.133537","0.049272","1.650347"
"310","470","196.024753","1.131272","0.049783","1.649795"
"320","470","192.719944","1.129071","0.050291","1.649284"
"330","470","189.52472","1.126934","0.050798","1.648811"
"340","470","186.433719","1.124856","0.051302","1.648372"
"350","470","183.441923","1.122836","0.051805","1.647966"
"360","470","180.544633","1.120871","0.052306","1.647591"
"370","470","177.73744","1.11896","0.052804","1.647244"
"380","470","175.016205","1.1171","0.053301","1.646924"
"390","470","172.377041","1.11529","0.053796","1.646629"
"400","470","169.816288","1.113526","0.054289","1.646358"
"410","470","167.330505","1.111809","0.05478","1.646108"
"420","470","164.916446","1.110135","0.055269","1.645879"
"-100","480","674.206001","1.35879","0.030018","1.827863"
"-90","480","637.394317","1.345788","0.03019","1.810977"
"-80","480","604.394352","1.333764","0.030435","1.795838"
"-70","480","574.643215","1.322575","0.030736","1.782261"
"-60","480","547.683646","1.312113","0.03108","1.770073"
"-50","480","523.14035","1.302292","0.03146","1.759116"
"-40","480","500.70242","1.293044","0.031868","1.749249"
"-30","480","480.110093","1.284312","0.032298","1.740348"
"-20","480","461.144654","1.276048","0.032747","1.732302"
"-10","480","443.620631","1.268213","0.033212","1.725015"
"0","480","427.379715","1.26077","0.033689","1.718402"
"10","480","412.285959","1.253691","0.034176","1.712389"
"20","480","398.221965","1.246947","0.034673","1.706913"
"30","480","385.085829","1.240515","0.035177","1.701916"
"40","480","372.788661","1.234374","0.035687","1.697349"
"50","480","361.252574","1.228503","0.036202","1.693169"
"60","480","350.409032","1.222886","0.036721","1.689337"
"70","480","340.197491","1.217507","0.037244","1.685819"
"80","480","330.564262","1.212351","0.037769","1.682585"
"90","480","321.46157","1.207404","0.038297","1.679609"
"100","480","312.846762","1.202655","0.038826","1.676868"
"110","480","304.681637","1.198092","0.039356","1.674339"
"120","480","296.931881","1.193705","0.039888","1.672005"
"130","480","289.566586","1.189483","0.040419","1.669848"
"140","480","282.557834","1.185419","0.040951","1.667854"
"150","480","275.880348","1.181503","0.041482","1.666009"
"160","480","269.511184","1.177729","0.042013","1.6643"
"170","480","263.429469","1.174088","0.042543","1.662717"
"180","480","257.616174","1.170574","0.043073","1.66125"
"190","480","252.053912","1.167181","0.043602","1.659888"
"200","480","246.726766","1.163903","0.044129","1.658626"
"210","480","241.620137","1.160734","0.044655","1.657454"
"220","480","236.720611","1.15767","0.04518","1.656365"
"230","480","232.015839","1.154704","0.045704","1.655355"
"240","480","227.494435","1.151834","0.046225","1.654417"
"250","480","223.145884","1.149054","0.046746","1.653545"
"260","480","218.96046","1.146361","0.047264","1.652736"
"270","480","214.929152","1.14375","0.047781","1.651984"
"280","480","211.043603","1.141219","0.048296","1.651286"
"290","480","207.296048","1.138763","0.04881","1.650638"
"300","480","203.679262","1.136379","0.049321","1.650036"
"310","480","200.18652","1.134066","0.049831","1.649478"
"320","480","196.811547","1.131819","0.050339","1.64896"
"330","480","193.548486","1.129635","0.050844","1.64848"
"340","480","190.39186","1.127514","0.051348","1.648035"
"350","480","187.336547","1.125451","0.05185","1.647623"
"360","480","184.377745","1.123445","0.05235","1.647242"
"370","480","181.510953","1.121493","0.052849","1.64689"
"380","480","178.731944","1.119594","0.053345","1.646565"
"390","480","176.036748","1.117745","0.053839","1.646266"
"400","480","173.421628","1.115944","0.054332","1.64599"
"410","480","170.88307","1.114191","0.054822","1.645736"
"420","480","168.417758","1.112482","0.055311","1.645503"
"-100","490","688.222372","1.367787","0.030222","1.826665"
"-90","490","650.645393","1.354262","0.030377","1.810086"
"-80","490","616.959377","1.34178","0.030608","1.795184"
"-70","490","586.58973","1.330188","0.030898","1.781788"
"-60","490","559.069687","1.319368","0.031232","1.769737"
"-50","490","534.016149","1.309226","0.031603","1.758882"
"-40","490","511.111747","1.299688","0.032003","1.749091"
"-30","490","490.091317","1.290693","0.032426","1.740245"
"-20","490","470.731597","1.282189","0.032869","1.732237"
"-10","490","452.843259","1.274132","0.033328","1.724976"
"0","490","436.264703","1.266486","0.0338","1.718379"
"10","490","420.857156","1.259218","0.034283","1.712375"
"20","490","406.50078","1.252298","0.034775","1.706901"
"30","490","393.091551","1.245702","0.035275","1.701902"
"40","490","380.538731","1.239407","0.035781","1.69733"
"50","490","368.762815","1.233393","0.036293","1.693141"
"60","490","357.693843","1.22764","0.036809","1.689299"
"70","490","347.270009","1.222132","0.037329","1.68577"
"80","490","337.436511","1.216855","0.037851","1.682524"
"90","490","328.144579","1.211793","0.038376","1.679535"
"100","490","319.350673","1.206935","0.038903","1.67678"
"110","490","311.0158","1.202268","0.039431","1.674238"
"120","490","303.104931","1.197782","0.03996","1.67189"
"130","490","295.586516","1.193466","0.04049","1.669719"
"140","490","288.432056","1.189311","0.041019","1.667712"
"150","490","281.615748","1.185309","0.041549","1.665853"
"160","490","275.114172","1.181452","0.042078","1.664131"
"170","490","268.906022","1.177731","0.042607","1.662536"
"180","490","262.971872","1.174141","0.043135","1.661056"
"190","490","257.293973","1.170675","0.043662","1.659683"
"200","490","251.856079","1.167327","0.044189","1.658408"
"210","490","246.643286","1.16409","0.044713","1.657225"
"220","490","241.641902","1.16096","0.045237","1.656127"
"230","490","236.83932","1.157932","0.045759","1.655106"
"240","490","232.223918","1.155001","0.04628","1.654158"
"250","490","227.784964","1.152162","0.0468","1.653277"
"260","490","223.512527","1.149412","0.047317","1.652458"
"270","490","219.397411","1.146746","0.047833","1.651698"
"280","490","215.431083","1.144162","0.048347","1.650992"
"290","490","211.605618","1.141655","0.04886","1.650336"
"300","490","207.913642","1.139221","0.04937","1.649726"
"310","490","204.348287","1.136859","0.049879","1.649161"
"320","490","200.903151","1.134565","0.050386","1.648636"
"330","490","197.572252","1.132337","0.050891","1.64815"
"340","490","194.350002","1.130171","0.051395","1.647699"
"350","490","191.23117","1.128065","0.051896","1.647282"
"360","490","188.210856","1.126018","0.052396","1.646895"
"370","490","185.284465","1.124025","0.052893","1.646538"
"380","490","182.447682","1.122087","0.053389","1.646208"
"390","490","179.696454","1.1202","0.053883","1.645904"
"400","490","177.026968","1.118362","0.054374","1.645624"
"410","490","174.435635","1.116572","0.054864","1.645366"
"420","490","171.919071","1.114828","0.055352","1.64513"
"-100","500","702.238743","1.376808","0.030427","1.825399"
"-90","500","663.896469","1.362757","0.030566","1.809129"
"-80","500","629.524402","1.349815","0.030782","1.794468"
"-70","500","598.536246","1.337817","0.03106","1.781259"
"-60","500","570.455728","1.326636","0.031384","1.76935"
"-50","500","544.891949","1.316171","0.031746","1.758603"
"-40","500","521.521074","1.306342","0.032138","1.748892"
"-30","500","500.072541","1.297082","0.032555","1.740104"
"-20","500","480.31854","1.288336","0.032991","1.732139"
"-10","500","462.065888","1.280057","0.033444","1.724907"
"0","500","445.149692","1.272207","0.033911","1.718329"
"10","500","429.428354","1.264748","0.034389","1.712336"
"20","500","414.779595","1.257653","0.034877","1.706868"
"30","500","401.097273","1.250892","0.035373","1.701869"
"40","500","388.288802","1.244443","0.035876","1.697294"
"50","500","376.273057","1.238284","0.036384","1.693099"
"60","500","364.978653","1.232395","0.036897","1.689248"
"70","500","354.342528","1.226759","0.037414","1.685709"
"80","500","344.308759","1.22136","0.037934","1.682452"
"90","500","334.827587","1.216183","0.038456","1.679452"
"100","500","325.854585","1.211215","0.038981","1.676684"
"110","500","317.349963","1.206444","0.039506","1.674129"
"120","500","309.277981","1.201859","0.040033","1.671768"
"130","500","301.606445","1.197448","0.040561","1.669585"
"140","500","294.306277","1.193203","0.041088","1.667565"
"150","500","287.351148","1.189115","0.041616","1.665694"
"160","500","280.717161","1.185174","0.042144","1.663959"
"170","500","274.382575","1.181375","0.042671","1.662352"
"180","500","268.32757","1.177708","0.043198","1.66086"
"190","500","262.534035","1.174169","0.043723","1.659475"
"200","500","256.985392","1.17075","0.044248","1.65819"
"210","500","251.666436","1.167445","0.044772","1.656996"
"220","500","246.563192","1.16425","0.045294","1.655887"
"230","500","241.662801","1.161159","0.045816","1.654856"
"240","500","236.953402","1.158167","0.046335","1.653899"
"250","500","232.424043","1.15527","0.046854","1.653009"
"260","500","228.064594","1.152463","0.04737","1.652181"
"270","500","223.865669","1.149742","0.047885","1.651413"
"280","500","219.818563","1.147105","0.048399","1.650698"
"290","500","215.915188","1.144546","0.04891","1.650035"
"300","500","212.148021","1.142063","0.04942","1.649418"
"310","500","208.510055","1.139653","0.049928","1.648846"
"320","500","204.994754","1.137312","0.050434","1.648315"
"330","500","201.596018","1.135038","0.050939","1.647822"
"340","500","198.308144","1.132828","0.051441","1.647365"
"350","500","195.125794","1.13068","0.051942","1.646942"
"360","500","192.043968","1.12859","0.052441","1.64655"
"370","500","189.057978","1.126558","0.052938","1.646188"
"380","500","186.163421","1.12458","0.053433","1.645854"
"390","500","183.356161","1.122654","0.053926","1.645545"
"400","500","180.632308","1.120779","0.054417","1.64526"
"410","500","177.988199","1.118953","0.054907","1.644999"
"420","500","175.420383","1.117174","0.055394","1.644758"
