"1.01","Oxygen","O2","15/05/2015"
"-100","0","2.252093","0.995218","0.012959","1.406706"
"-90","0","2.129128","0.995978","0.013623","1.405751"
"-80","0","2.018896","0.996597","0.014277","1.404929"
"-70","0","1.919517","0.997107","0.014919","1.404191"
"-60","0","1.829462","0.997531","0.015551","1.403502"
"-50","0","1.747479","0.997887","0.016173","1.402833"
"-40","0","1.672528","0.998188","0.016785","1.402159"
"-30","0","1.603742","0.998444","0.017388","1.401462"
"-20","0","1.54039","0.998663","0.017982","1.400725"
"-10","0","1.481854","0.998852","0.018567","1.399936"
"0","0","1.427603","0.999015","0.019143","1.399086"
"10","0","1.377185","0.999157","0.019712","1.398168"
"20","0","1.330206","0.999281","0.020273","1.397178"
"30","0","1.286326","0.99939","0.020826","1.396113"
"40","0","1.245249","0.999485","0.021372","1.394973"
"50","0","1.206715","0.999569","0.021911","1.393759"
"60","0","1.170493","0.999643","0.022443","1.392476"
"70","0","1.136383","0.999709","0.022968","1.391125"
"80","0","1.104205","0.999767","0.023487","1.389712"
"90","0","1.073798","0.999819","0.024","1.388243"
"100","0","1.045022","0.999866","0.024507","1.386723"
"110","0","1.017747","0.999907","0.025008","1.385159"
"120","0","0.99186","0.999944","0.025503","1.383556"
"130","0","0.967257","0.999977","0.025993","1.381921"
"140","0","0.943846","1.000007","0.026478","1.380259"
"150","0","0.92154","1.000034","0.026958","1.378578"
"160","0","0.900265","1.000058","0.027432","1.376882"
"170","0","0.87995","1.00008","0.027902","1.375176"
"180","0","0.860531","1.000099","0.028367","1.373466"
"190","0","0.841951","1.000117","0.028827","1.371756"
"200","0","0.824157","1.000133","0.029283","1.370051"
"210","0","0.807099","1.000147","0.029735","1.368353"
"220","0","0.790733","1.00016","0.030182","1.366667"
"230","0","0.775017","1.000172","0.030625","1.364996"
"240","0","0.759914","1.000182","0.031065","1.363341"
"250","0","0.745388","1.000192","0.0315","1.361707"
"260","0","0.731407","1.0002","0.031932","1.360093"
"270","0","0.717941","1.000208","0.03236","1.358504"
"280","0","0.704962","1.000215","0.032784","1.356939"
"290","0","0.692444","1.000221","0.033205","1.3554"
"300","0","0.680363","1.000227","0.033622","1.353888"
"310","0","0.668696","1.000232","0.034036","1.352404"
"320","0","0.657422","1.000236","0.034447","1.350949"
"330","0","0.646522","1.00024","0.034855","1.349523"
"340","0","0.635978","1.000244","0.035259","1.348126"
"350","0","0.625772","1.000247","0.035661","1.346758"
"360","0","0.615889","1.00025","0.03606","1.34542"
"370","0","0.606312","1.000252","0.036455","1.344112"
"380","0","0.59703","1.000254","0.036848","1.342832"
"390","0","0.588027","1.000256","0.037238","1.341582"
"400","0","0.579291","1.000257","0.037626","1.340361"
"410","0","0.570811","1.000259","0.038011","1.339168"
"420","0","0.562576","1.00026","0.038393","1.338003"
"430","0","0.554576","1.000261","0.038773","1.336866"
"440","0","0.546799","1.000261","0.03915","1.335756"
"450","0","0.539238","1.000262","0.039525","1.334673"
"460","0","0.531883","1.000262","0.039897","1.333616"
"470","0","0.524726","1.000263","0.040268","1.332585"
"480","0","0.517759","1.000263","0.040635","1.331578"
"490","0","0.510974","1.000263","0.041001","1.330596"
"500","0","0.504365","1.000263","0.041365","1.329638"
"-100","10","24.478518","0.946633","0.013213","1.486722"
"-90","10","23.14199","0.955502","0.013877","1.47362"
"-80","10","21.943854","0.962618","0.014528","1.46335"
"-70","10","20.863674","0.968411","0.015168","1.455074"
"-60","10","19.884848","0.973185","0.015797","1.448248"
"-50","10","18.99375","0.977159","0.016416","1.442498"
"-40","10","18.179093","0.980498","0.017025","1.43756"
"-30","10","17.431443","0.983324","0.017624","1.433243"
"-20","10","16.742862","0.985734","0.018214","1.429403"
"-10","10","16.106614","0.987802","0.018796","1.425931"
"0","10","15.516952","0.989584","0.019369","1.422743"
"10","10","14.96894","0.99113","0.019934","1.419774"
"20","10","14.458316","0.992475","0.020491","1.416975"
"30","10","13.98138","0.99365","0.021041","1.414306"
"40","10","13.534905","0.994682","0.021583","1.411738"
"50","10","13.116062","0.995589","0.022119","1.409246"
"60","10","12.722364","0.99639","0.022648","1.406814"
"70","10","12.351611","0.997099","0.02317","1.404429"
"80","10","12.001856","0.997728","0.023686","1.402081"
"90","10","11.671363","0.998288","0.024195","1.399763"
"100","10","11.358583","0.998786","0.024699","1.397472"
"110","10","11.062131","0.999231","0.025197","1.395205"
"120","10","10.780759","0.999629","0.02569","1.392959"
"130","10","10.513346","0.999985","0.026177","1.390736"
"140","10","10.258878","1.000305","0.026659","1.388535"
"150","10","10.016437","1.000592","0.027136","1.386358"
"160","10","9.785191","1.00085","0.027608","1.384205"
"170","10","9.564381","1.001082","0.028075","1.382078"
"180","10","9.353317","1.001291","0.028537","1.379979"
"190","10","9.151367","1.001479","0.028995","1.377909"
"200","10","8.957953","1.001649","0.029449","1.37587"
"210","10","8.772546","1.001801","0.029898","1.373862"
"220","10","8.594658","1.001939","0.030343","1.371888"
"230","10","8.423841","1.002063","0.030784","1.369949"
"240","10","8.259681","1.002175","0.031221","1.368045"
"250","10","8.101798","1.002276","0.031655","1.366178"
"260","10","7.949837","1.002367","0.032084","1.364347"
"270","10","7.803471","1.002449","0.03251","1.362554"
"280","10","7.662398","1.002522","0.032933","1.360799"
"290","10","7.526335","1.002588","0.033352","1.359082"
"300","10","7.395019","1.002647","0.033767","1.357403"
"310","10","7.268208","1.0027","0.03418","1.355762"
"320","10","7.145672","1.002747","0.034589","1.354159"
"330","10","7.0272","1.002789","0.034995","1.352594"
"340","10","6.912591","1.002826","0.035398","1.351066"
"350","10","6.801662","1.002859","0.035798","1.349576"
"360","10","6.694236","1.002888","0.036195","1.348121"
"370","10","6.590151","1.002913","0.036589","1.346703"
"380","10","6.489253","1.002935","0.03698","1.34532"
"390","10","6.391398","1.002954","0.037369","1.343972"
"400","10","6.29645","1.002971","0.037755","1.342658"
"410","10","6.204282","1.002984","0.038138","1.341378"
"420","10","6.114774","1.002995","0.038519","1.34013"
"430","10","6.027811","1.003005","0.038897","1.338914"
"440","10","5.943287","1.003012","0.039273","1.337729"
"450","10","5.861101","1.003017","0.039647","1.336574"
"460","10","5.781157","1.003021","0.040018","1.33545"
"470","10","5.703365","1.003023","0.040387","1.334354"
"480","10","5.627638","1.003023","0.040754","1.333286"
"490","10","5.553896","1.003023","0.041118","1.332246"
"500","10","5.482061","1.003021","0.041481","1.331232"
"-100","20","46.704944","0.894874","0.013514","1.593315"
"-90","20","44.154851","0.91321","0.014166","1.558928"
"-80","20","41.868812","0.927633","0.014808","1.53367"
"-70","20","39.807832","0.939206","0.015441","1.514315"
"-60","20","37.940235","0.948637","0.016063","1.498995"
"-50","20","36.240022","0.956423","0.016675","1.486546"
"-40","20","34.685657","0.96292","0.017278","1.476205"
"-30","20","33.259145","0.968391","0.017872","1.467449"
"-20","20","31.945333","0.973035","0.018456","1.459907"
"-10","20","30.731374","0.977003","0.019033","1.453307"
"0","20","29.606301","0.980415","0.019601","1.447447"
"10","20","28.560696","0.983365","0.020162","1.442176"
"20","20","27.586427","0.985926","0.020714","1.437375"
"30","20","26.676434","0.988161","0.02126","1.432954"
"40","20","25.82456","0.990118","0.021798","1.428842"
"50","20","25.025409","0.991837","0.02233","1.424983"
"60","20","24.274234","0.993353","0.022855","1.421333"
"70","20","23.56684","0.994693","0.023373","1.417859"
"80","20","22.899507","0.995881","0.023886","1.414533"
"90","20","22.268927","0.996936","0.024392","1.411335"
"100","20","21.672145","0.997875","0.024892","1.408246"
"110","20","21.106514","0.998713","0.025387","1.405256"
"120","20","20.569658","0.999462","0.025877","1.402353"
"130","20","20.059434","1.000132","0.026361","1.39953"
"140","20","19.57391","1.000733","0.02684","1.396781"
"150","20","19.111334","1.001272","0.027314","1.3941"
"160","20","18.670117","1.001756","0.027783","1.391486"
"170","20","18.248812","1.002191","0.028248","1.388935"
"180","20","17.846102","1.002583","0.028708","1.386444"
"190","20","17.460782","1.002935","0.029163","1.384012"
"200","20","17.091749","1.003253","0.029614","1.381638"
"210","20","16.737992","1.003539","0.030061","1.379321"
"220","20","16.398583","1.003796","0.030504","1.37706"
"230","20","16.072664","1.004028","0.030943","1.374853"
"240","20","15.759449","1.004237","0.031378","1.372701"
"250","20","15.458207","1.004425","0.031809","1.370602"
"260","20","15.168266","1.004595","0.032237","1.368555"
"270","20","14.889001","1.004747","0.032661","1.36656"
"280","20","14.619834","1.004884","0.033081","1.364616"
"290","20","14.360226","1.005006","0.033498","1.362722"
"300","20","14.109676","1.005116","0.033912","1.360878"
"310","20","13.86772","1.005214","0.034322","1.359081"
"320","20","13.633922","1.005301","0.03473","1.357332"
"330","20","13.407877","1.005379","0.035134","1.35563"
"340","20","13.189205","1.005448","0.035535","1.353973"
"350","20","12.977551","1.005509","0.035934","1.352361"
"360","20","12.772583","1.005562","0.036329","1.350792"
"370","20","12.573989","1.005608","0.036722","1.349265"
"380","20","12.381476","1.005649","0.037111","1.34778"
"390","20","12.194769","1.005683","0.037499","1.346335"
"400","20","12.013609","1.005712","0.037883","1.344929"
"410","20","11.837753","1.005737","0.038265","1.343562"
"420","20","11.666971","1.005757","0.038645","1.342232"
"430","20","11.501047","1.005773","0.039022","1.340938"
"440","20","11.339776","1.005786","0.039396","1.339679"
"450","20","11.182965","1.005795","0.039768","1.338455"
"460","20","11.030432","1.0058","0.040138","1.337263"
"470","20","10.882004","1.005803","0.040506","1.336104"
"480","20","10.737517","1.005804","0.040872","1.334976"
"490","20","10.596817","1.005802","0.041235","1.333878"
"500","20","10.459757","1.005798","0.041596","1.33281"
"-100","30","68.931369","0.839306","0.013896","1.740889"
"-90","30","65.167713","0.868942","0.014515","1.668178"
"-80","30","61.79377","0.89166","0.015134","1.619017"
"-70","30","58.751989","0.90957","0.015748","1.583466"
"-60","30","55.995621","0.923984","0.016356","1.556513"
"-50","30","53.486294","0.935772","0.016957","1.535344"
"-40","30","51.192222","0.945538","0.017549","1.518248"
"-30","30","49.086846","0.953715","0.018134","1.504122"
"-20","30","47.147804","0.960624","0.018711","1.492219"
"-10","30","45.356134","0.966507","0.019281","1.482018"
"0","30","43.695649","0.971549","0.019843","1.473142"
"10","30","42.152451","0.975896","0.020397","1.465311"
"20","30","40.714537","0.979664","0.020944","1.458317"
"30","30","39.371488","0.982944","0.021484","1.452"
"40","30","38.114216","0.985812","0.022018","1.446234"
"50","30","36.934757","0.988329","0.022545","1.440924"
"60","30","35.826104","0.990545","0.023065","1.435993"
"70","30","34.782068","0.992502","0.02358","1.43138"
"80","30","33.797159","0.994234","0.024088","1.427039"
"90","30","32.866492","0.995772","0.024591","1.42293"
"100","30","31.985707","0.99714","0.025087","1.419022"
"110","30","31.150898","0.998359","0.025579","1.415292"
"120","30","30.358557","0.999448","0.026065","1.411719"
"130","30","29.605523","1.000422","0.026546","1.408286"
"140","30","28.888943","1.001294","0.027022","1.404981"
"150","30","28.206231","1.002076","0.027493","1.401794"
"160","30","27.555042","1.002779","0.027959","1.398714"
"170","30","26.933243","1.003409","0.028421","1.395736"
"180","30","26.338887","1.003977","0.028878","1.392853"
"190","30","25.770197","1.004487","0.029331","1.390059"
"200","30","25.225545","1.004946","0.02978","1.387351"
"210","30","24.703439","1.00536","0.030224","1.384725"
"220","30","24.202508","1.005732","0.030665","1.382177"
"230","30","23.721488","1.006067","0.031101","1.379704"
"240","30","23.259216","1.006369","0.031534","1.377305"
"250","30","22.814616","1.00664","0.031963","1.374975"
"260","30","22.386695","1.006884","0.032389","1.372714"
"270","30","21.974531","1.007104","0.032811","1.370519"
"280","30","21.577269","1.0073","0.033229","1.368388"
"290","30","21.194116","1.007476","0.033644","1.366319"
"300","30","20.824333","1.007634","0.034056","1.364311"
"310","30","20.467232","1.007774","0.034465","1.362361"
"320","30","20.122172","1.0079","0.03487","1.360468"
"330","30","19.788554","1.008011","0.035273","1.358629"
"340","30","19.465818","1.008109","0.035672","1.356845"
"350","30","19.153441","1.008195","0.036069","1.355112"
"360","30","18.85093","1.008271","0.036463","1.35343"
"370","30","18.557827","1.008337","0.036854","1.351796"
"380","30","18.273699","1.008393","0.037242","1.35021"
"390","30","17.99814","1.008442","0.037628","1.34867"
"400","30","17.730768","1.008483","0.038011","1.347174"
"410","30","17.471224","1.008517","0.038391","1.345721"
"420","30","17.219168","1.008545","0.03877","1.34431"
"430","30","16.974282","1.008567","0.039145","1.34294"
"440","30","16.736264","1.008583","0.039518","1.341608"
"450","30","16.504828","1.008595","0.039889","1.340314"
"460","30","16.279706","1.008602","0.040258","1.339057"
"470","30","16.060643","1.008605","0.040624","1.337835"
"480","30","15.847396","1.008604","0.040989","1.336647"
"490","30","15.639739","1.0086","0.041351","1.335493"
"500","30","15.437453","1.008592","0.041711","1.33437"
"-100","40","91.157795","0.779074","0.014424","1.955443"
"-90","40","86.180574","0.822556","0.014961","1.810919"
"-80","40","81.718727","0.854766","0.015528","1.723338"
"-70","40","77.696147","0.879626","0.016107","1.664248"
"-60","40","74.051007","0.89935","0.016689","1.621554"
"-50","40","70.732566","0.915317","0.017269","1.589195"
"-40","40","67.698787","0.928445","0.017846","1.563778"
"-30","40","64.914547","0.939374","0.018417","1.543247"
"-20","40","62.350275","0.948566","0.018983","1.526281"
"-10","40","59.980894","0.956364","0.019542","1.511989"
"0","40","57.784998","0.963028","0.020095","1.499746"
"10","40","55.744207","0.968759","0.020642","1.489103"
"20","40","53.842648","0.973716","0.021182","1.479731"
"30","40","52.066542","0.978024","0.021716","1.471379"
"40","40","50.403871","0.981785","0.022243","1.463858"
"50","40","48.844104","0.985081","0.022765","1.45702"
"60","40","47.377974","0.987979","0.02328","1.450749"
"70","40","45.997296","0.990536","0.02379","1.444955"
"80","40","44.69481","0.992797","0.024294","1.439565"
"90","40","43.464057","0.994803","0.024792","1.434521"
"100","40","42.299269","0.996586","0.025285","1.429776"
"110","40","41.195282","0.998174","0.025772","1.425292"
"120","40","40.147456","0.999592","0.026255","1.421038"
"130","40","39.151612","1.000858","0.026732","1.416989"
"140","40","38.203975","1.001992","0.027205","1.413124"
"150","40","37.301128","1.003008","0.027673","1.409426"
"160","40","36.439968","1.00392","0.028136","1.40588"
"170","40","35.617674","1.004739","0.028595","1.402474"
"180","40","34.831672","1.005474","0.029049","1.399198"
"190","40","34.079612","1.006136","0.029499","1.396043"
"200","40","33.359341","1.006731","0.029945","1.393002"
"210","40","32.668886","1.007266","0.030387","1.390068"
"220","40","32.006433","1.007748","0.030826","1.387235"
"230","40","31.370311","1.008181","0.03126","1.384498"
"240","40","30.758983","1.008571","0.03169","1.381854"
"250","40","30.171026","1.008922","0.032117","1.379296"
"260","40","29.605125","1.009236","0.03254","1.376823"
"270","40","29.060061","1.009519","0.03296","1.374429"
"280","40","28.534705","1.009772","0.033377","1.372113"
"290","40","28.028007","1.009999","0.03379","1.369871"
"300","40","27.53899","1.010201","0.0342","1.367701"
"310","40","27.066745","1.010381","0.034607","1.365599"
"320","40","26.610423","1.010542","0.035011","1.363563"
"330","40","26.169232","1.010684","0.035411","1.361591"
"340","40","25.742432","1.010809","0.035809","1.359681"
"350","40","25.32933","1.010919","0.036204","1.357829"
"360","40","24.929278","1.011015","0.036596","1.356035"
"370","40","24.541666","1.011098","0.036986","1.354296"
"380","40","24.165922","1.01117","0.037372","1.352611"
"390","40","23.801511","1.011231","0.037757","1.350976"
"400","40","23.447927","1.011282","0.038138","1.349392"
"410","40","23.104695","1.011324","0.038517","1.347855"
"420","40","22.771366","1.011358","0.038894","1.346364"
"430","40","22.447518","1.011385","0.039268","1.344917"
"440","40","22.132752","1.011404","0.03964","1.343514"
"450","40","21.826692","1.011418","0.04001","1.342152"
"460","40","21.528981","1.011425","0.040377","1.34083"
"470","40","21.239282","1.011427","0.040742","1.339546"
"480","40","20.957276","1.011424","0.041105","1.3383"
"490","40","20.68266","1.011416","0.041466","1.33709"
"500","40","20.415149","1.011405","0.041825","1.335914"
"-100","50","113.384221","0.713075","0.01522","2.286721"
"-90","50","107.193436","0.773989","0.015559","2.000979"
"-80","50","101.643685","0.817104","0.016021","1.85136"
"-70","50","96.640304","0.849555","0.016536","1.758415"
"-60","50","92.106394","0.874897","0.017073","1.694751"
"-50","50","87.978838","0.895192","0.017621","1.648275"
"-40","50","84.205352","0.91175","0.018173","1.612782"
"-30","50","80.742249","0.925455","0.018725","1.584739"
"-20","50","77.552747","0.93693","0.019275","1.561982"
"-10","50","74.605654","0.94663","0.019821","1.543104"
"0","50","71.874347","0.954896","0.020362","1.527152"
"10","50","69.335963","0.961989","0.020899","1.513456"
"20","50","66.970758","0.968111","0.02143","1.501532"
"30","50","64.761596","0.973423","0.021956","1.49102"
"40","50","62.693526","0.978054","0.022476","1.481651"
"50","50","60.753451","0.982107","0.022991","1.473217"
"60","50","58.929845","0.985667","0.0235","1.465557"
"70","50","57.212525","0.988805","0.024004","1.458544"
"80","50","55.592462","0.991579","0.024503","1.452078"
"90","50","54.061621","0.994037","0.024997","1.446079"
"100","50","52.612831","0.99622","0.025485","1.440482"
"110","50","51.239665","0.998163","0.025968","1.435234"
"120","50","49.936355","0.999896","0.026447","1.430293"
"130","50","48.6977","1.001444","0.026921","1.425624"
"140","50","47.519007","1.002829","0.02739","1.421196"
"150","50","46.396025","1.00407","0.027854","1.416986"
"160","50","45.324894","1.005182","0.028314","1.412973"
"170","50","44.302105","1.00618","0.02877","1.40914"
"180","50","43.324457","1.007077","0.029221","1.405472"
"190","50","42.389027","1.007883","0.029669","1.401958"
"200","50","41.493137","1.008607","0.030112","1.398585"
"210","50","40.634333","1.009258","0.030551","1.395345"
"220","50","39.810357","1.009844","0.030987","1.39223"
"230","50","39.019135","1.010371","0.031419","1.389232"
"240","50","38.25875","1.010844","0.031847","1.386344"
"250","50","37.527435","1.011269","0.032271","1.383561"
"260","50","36.823554","1.011651","0.032692","1.380877"
"270","50","36.145591","1.011993","0.03311","1.378288"
"280","50","35.492141","1.012299","0.033524","1.375789"
"290","50","34.861898","1.012573","0.033936","1.373376"
"300","50","34.253647","1.012818","0.034344","1.371046"
"310","50","33.666257","1.013035","0.034749","1.368794"
"320","50","33.098673","1.013228","0.035151","1.366618"
"330","50","32.549909","1.013399","0.035549","1.364514"
"340","50","32.019046","1.013549","0.035946","1.362479"
"350","50","31.50522","1.01368","0.036339","1.360511"
"360","50","31.007625","1.013795","0.036729","1.358607"
"370","50","30.525504","1.013894","0.037117","1.356764"
"380","50","30.058146","1.013979","0.037502","1.354981"
"390","50","29.604882","1.014051","0.037885","1.353254"
"400","50","29.165086","1.014111","0.038265","1.351582"
"410","50","28.738166","1.01416","0.038643","1.349962"
"420","50","28.323563","1.014198","0.039018","1.348392"
"430","50","27.920753","1.014228","0.039391","1.346871"
"440","50","27.52924","1.01425","0.039762","1.345397"
"450","50","27.148555","1.014263","0.04013","1.343968"
"460","50","26.778255","1.01427","0.040496","1.342582"
"470","50","26.417921","1.01427","0.04086","1.341238"
"480","50","26.067155","1.014264","0.041222","1.339934"
"490","50","25.725582","1.014252","0.041581","1.338669"
"500","50","25.392845","1.014236","0.041939","1.337441"
"-100","60","135.610646","0.640214","0.016525","2.830926"
"-90","60","128.206297","0.723421","0.016397","2.256903"
"-80","60","121.568643","0.778977","0.016657","2.008067"
"-70","60","115.584462","0.81962","0.017059","1.867425"
"-60","60","110.16178","0.850832","0.017525","1.776453"
"-50","60","105.22511","0.875557","0.018024","1.712559"
"-40","60","100.711917","0.895574","0.01854","1.665112"
"-30","60","96.56995","0.91205","0.019064","1.628419"
"-20","60","92.755218","0.925787","0.019591","1.599147"
"-10","60","89.230414","0.93736","0.020119","1.575209"
"0","60","85.963695","0.947197","0.020645","1.555227"
"10","60","82.927718","0.955619","0.021169","1.538255"
"20","60","80.098869","0.962876","0.021689","1.523623"
"30","60","77.45665","0.969163","0.022205","1.510841"
"40","60","74.983182","0.974636","0.022717","1.499545"
"50","60","72.662799","0.979422","0.023224","1.489458"
"60","60","70.481715","0.983622","0.023727","1.480367"
"70","60","68.427753","0.98732","0.024224","1.472106"
"80","60","66.490113","0.990586","0.024717","1.464544"
"90","60","64.659186","0.993478","0.025205","1.457575"
"100","60","62.926393","0.996046","0.025689","1.451117"
"110","60","61.284049","0.99833","0.026167","1.445099"
"120","60","59.725253","1.000366","0.026642","1.439467"
"130","60","58.243789","1.002183","0.027111","1.434174"
"140","60","56.834039","1.003808","0.027576","1.429183"
"150","60","55.490921","1.005263","0.028037","1.424461"
"160","60","54.20982","1.006567","0.028494","1.419983"
"170","60","52.986536","1.007736","0.028946","1.415725"
"180","60","51.817242","1.008786","0.029394","1.411668"
"190","60","50.698442","1.009729","0.029839","1.407796"
"200","60","49.626933","1.010576","0.030279","1.404095"
"210","60","48.599779","1.011338","0.030716","1.400553"
"220","60","47.614282","1.012022","0.031148","1.397157"
"230","60","46.667959","1.012637","0.031578","1.3939"
"240","60","45.758518","1.013189","0.032003","1.390772"
"250","60","44.883845","1.013684","0.032426","1.387766"
"260","60","44.041983","1.014129","0.032844","1.384875"
"270","60","43.231121","1.014527","0.03326","1.382093"
"280","60","42.449577","1.014883","0.033672","1.379414"
"290","60","41.695789","1.015201","0.034081","1.376833"
"300","60","40.968304","1.015484","0.034487","1.374345"
"310","60","40.265769","1.015735","0.03489","1.371945"
"320","60","39.586923","1.015958","0.03529","1.369631"
"330","60","38.930587","1.016155","0.035688","1.367397"
"340","60","38.295659","1.016328","0.036082","1.36524"
"350","60","37.681109","1.016479","0.036473","1.363157"
"360","60","37.085972","1.01661","0.036862","1.361145"
"370","60","36.509342","1.016723","0.037249","1.3592"
"380","60","35.950369","1.01682","0.037632","1.35732"
"390","60","35.408254","1.016901","0.038013","1.355502"
"400","60","34.882245","1.016968","0.038392","1.353743"
"410","60","34.371636","1.017022","0.038768","1.352042"
"420","60","33.87576","1.017065","0.039142","1.350395"
"430","60","33.393989","1.017096","0.039513","1.348801"
"440","60","32.925729","1.017118","0.039883","1.347257"
"450","60","32.470419","1.017131","0.04025","1.345762"
"460","60","32.02753","1.017136","0.040614","1.344314"
"470","60","31.59656","1.017133","0.040977","1.34291"
"480","60","31.177034","1.017123","0.041338","1.341549"
"490","60","30.768503","1.017107","0.041696","1.34023"
"500","60","30.37054","1.017085","0.042053","1.33895"
"-100","70","157.837072","0.56123","0.01882","3.726724"
"-90","70","149.219159","0.671647","0.017604","2.597148"
"-80","70","141.493601","0.740938","0.01749","2.196998"
"-70","70","134.528619","0.790197","0.017706","1.991823"
"-60","70","128.217166","0.827416","0.018062","1.866487"
"-50","70","122.471382","0.856595","0.018488","1.781719"
"-40","70","117.218482","0.880051","0.018952","1.720439"
"-30","70","112.397652","0.899259","0.019438","1.673999"
"-20","70","107.957689","0.915211","0.019936","1.637538"
"-10","70","103.855174","0.928612","0.020441","1.608106"
"0","70","100.053044","0.939974","0.020948","1.583809"
"10","70","96.519474","0.949684","0.021456","1.563369"
"20","70","93.226979","0.958037","0.021962","1.545898"
"30","70","90.151704","0.965264","0.022466","1.530754"
"40","70","87.272837","0.971549","0.022968","1.517467"
"50","70","84.572146","0.977039","0.023466","1.505683"
"60","70","82.033585","0.981852","0.02396","1.495131"
"70","70","79.642981","0.986088","0.02445","1.485601"
"80","70","77.387764","0.989826","0.024937","1.476928"
"90","70","75.256751","0.993134","0.025419","1.468981"
"100","70","73.239954","0.996069","0.025896","1.461655"
"110","70","71.328433","0.998679","0.02637","1.454864"
"120","70","69.514152","1.001003","0.026839","1.44854"
"130","70","67.789877","1.003078","0.027304","1.442625"
"140","70","66.149072","1.004931","0.027765","1.437072"
"150","70","64.585818","1.00659","0.028222","1.431842"
"160","70","63.094745","1.008076","0.028675","1.426901"
"170","70","61.670967","1.009408","0.029124","1.422221"
"180","70","60.310028","1.010603","0.029568","1.417779"
"190","70","59.007857","1.011675","0.03001","1.413553"
"200","70","57.760729","1.012639","0.030447","1.409527"
"210","70","56.565226","1.013504","0.030881","1.405685"
"220","70","55.418207","1.014281","0.031311","1.402014"
"230","70","54.316782","1.014979","0.031737","1.398501"
"240","70","53.258285","1.015605","0.03216","1.395136"
"250","70","52.240254","1.016166","0.03258","1.39191"
"260","70","51.260413","1.016669","0.032997","1.388815"
"270","70","50.316651","1.01712","0.03341","1.385843"
"280","70","49.407013","1.017522","0.03382","1.382986"
"290","70","48.529679","1.01788","0.034227","1.380239"
"300","70","47.682961","1.0182","0.034631","1.377596"
"310","70","46.865282","1.018483","0.035032","1.375052"
"320","70","46.075173","1.018733","0.03543","1.372601"
"330","70","45.311264","1.018954","0.035825","1.370239"
"340","70","44.572273","1.019147","0.036218","1.367962"
"350","70","43.856999","1.019316","0.036608","1.365766"
"360","70","43.16432","1.019461","0.036995","1.363647"
"370","70","42.49318","1.019587","0.03738","1.361602"
"380","70","41.842592","1.019693","0.037762","1.359627"
"390","70","41.211625","1.019781","0.038141","1.35772"
"400","70","40.599404","1.019854","0.038518","1.355876"
"410","70","40.005107","1.019912","0.038893","1.354095"
"420","70","39.427958","1.019957","0.039265","1.352372"
"430","70","38.867225","1.01999","0.039635","1.350706"
"440","70","38.322217","1.020011","0.040003","1.349094"
"450","70","37.792282","1.020022","0.040369","1.347534"
"460","70","37.276804","1.020024","0.040733","1.346024"
"470","70","36.775199","1.020017","0.041094","1.344562"
"480","70","36.286914","1.020002","0.041453","1.343145"
"490","70","35.811425","1.01998","0.041811","1.341772"
"500","70","35.348236","1.019952","0.042166","1.340442"
"-100","80","180.063497","0.485918","0.022751","4.788501"
"-90","80","170.232021","0.620784","0.019342","3.017983"
"-80","80","161.418558","0.703916","0.01858","2.416379"
"-70","80","153.472777","0.761801","0.018505","2.130235"
"-60","80","146.272553","0.804968","0.018699","1.96384"
"-50","80","139.717654","0.838517","0.019024","1.855013"
"-40","80","133.725046","0.865327","0.019419","1.778217"
"-30","80","128.225353","0.887184","0.019854","1.72107"
"-20","80","123.16016","0.905278","0.020314","1.676843"
"-10","80","118.479934","0.92044","0.020789","1.641558"
"0","80","114.142393","0.933269","0.021272","1.612712"
"10","80","110.111229","0.944215","0.02176","1.588652"
"20","80","106.35509","0.953619","0.02225","1.568238"
"30","80","102.846758","0.961747","0.02274","1.550664"
"40","80","99.562493","0.968808","0.023229","1.535341"
"50","80","96.481493","0.97497","0.023717","1.521829"
"60","80","93.585456","0.98037","0.024201","1.509796"
"70","80","90.858209","0.985117","0.024683","1.498985"
"80","80","88.285416","0.989305","0.025162","1.489195"
"90","80","85.854315","0.993009","0.025637","1.480266"
"100","80","83.553516","0.996294","0.026108","1.472072"
"110","80","81.372816","0.999212","0.026576","1.46451"
"120","80","79.303051","1.001811","0.02704","1.457497"
"130","80","77.335966","1.004129","0.0275","1.450963"
"140","80","75.464104","1.0062","0.027957","1.444852"
"150","80","73.680715","1.008051","0.028409","1.439117"
"160","80","71.979671","1.009709","0.028858","1.433718"
"170","80","70.355398","1.011195","0.029303","1.428621"
"180","80","68.802813","1.012527","0.029744","1.423797"
"190","80","67.317272","1.013723","0.030182","1.419223"
"200","80","65.894525","1.014795","0.030616","1.414876"
"210","80","64.530673","1.015758","0.031047","1.410739"
"220","80","63.222132","1.016622","0.031474","1.406795"
"230","80","61.965606","1.017398","0.031898","1.40303"
"240","80","60.758052","1.018093","0.032318","1.399433"
"250","80","59.596664","1.018716","0.032735","1.395991"
"260","80","58.478842","1.019274","0.033149","1.392694"
"270","80","57.402181","1.019772","0.03356","1.389535"
"280","80","56.364448","1.020217","0.033968","1.386504"
"290","80","55.36357","1.020613","0.034373","1.383594"
"300","80","54.397618","1.020965","0.034775","1.380798"
"310","80","53.464794","1.021277","0.035174","1.378111"
"320","80","52.563423","1.021552","0.03557","1.375527"
"330","80","51.691942","1.021794","0.035963","1.373039"
"340","80","50.848886","1.022006","0.036354","1.370645"
"350","80","50.032889","1.02219","0.036742","1.368337"
"360","80","49.242667","1.022348","0.037128","1.366114"
"370","80","48.477019","1.022483","0.037511","1.36397"
"380","80","47.734815","1.022597","0.037891","1.361902"
"390","80","47.014996","1.022692","0.038269","1.359907"
"400","80","46.316563","1.022769","0.038644","1.357981"
"410","80","45.638578","1.02283","0.039018","1.35612"
"420","80","44.980155","1.022876","0.039389","1.354323"
"430","80","44.34046","1.022908","0.039757","1.352586"
"440","80","43.718705","1.022928","0.040124","1.350907"
"450","80","43.114146","1.022936","0.040488","1.349284"
"460","80","42.526079","1.022934","0.04085","1.347713"
"470","80","41.953838","1.022922","0.04121","1.346193"
"480","80","41.396793","1.022902","0.041569","1.344721"
"490","80","40.854347","1.022873","0.041925","1.343296"
"500","80","40.325932","1.022837","0.042279","1.341916"
"-100","90","202.289923","0.437776","0.027829","4.932058"
"-90","90","191.244882","0.575019","0.021729","3.445555"
"-80","90","181.343516","0.669327","0.019984","2.652981"
"-70","90","172.416934","0.735102","0.019486","2.278102"
"-60","90","164.327939","0.783861","0.019455","2.066322"
"-50","90","156.963926","0.821556","0.019642","1.931187"
"-40","90","150.231611","0.851553","0.019945","1.837649"
"-30","90","144.053054","0.875931","0.020316","1.769093"
"-20","90","138.362631","0.896063","0.020728","1.71668"
"-10","90","133.104694","0.912899","0.021165","1.675282"
"0","90","128.231741","0.927124","0.021619","1.641726"
"10","90","123.702985","0.939244","0.022083","1.613941"
"20","90","119.4832","0.949647","0.022554","1.590521"
"30","90","115.541812","0.958629","0.023027","1.570475"
"40","90","111.852148","0.966426","0.023502","1.553089"
"50","90","108.390841","0.973226","0.023977","1.537835"
"60","90","105.137326","0.979181","0.024451","1.524313"
"70","90","102.073438","0.984415","0.024923","1.512218"
"80","90","99.183067","0.989028","0.025393","1.50131"
"90","90","96.45188","0.993107","0.025861","1.491403"
"100","90","93.867078","0.996723","0.026325","1.482345"
"110","90","91.4172","0.999934","0.026787","1.474017"
"120","90","89.09195","1.002792","0.027245","1.46632"
"130","90","86.882054","1.00534","0.0277","1.459173"
"140","90","84.779136","1.007615","0.028151","1.452511"
"150","90","82.775612","1.009649","0.028599","1.446277"
"160","90","80.864597","1.011469","0.029043","1.440426"
"170","90","79.039829","1.0131","0.029484","1.434917"
"180","90","77.295598","1.014561","0.029922","1.429718"
"190","90","75.626687","1.015871","0.030356","1.424799"
"200","90","74.028321","1.017046","0.030787","1.420137"
"210","90","72.49612","1.0181","0.031214","1.415709"
"220","90","71.026057","1.019046","0.031638","1.411498"
"230","90","69.614429","1.019893","0.032059","1.407486"
"240","90","68.25782","1.020653","0.032477","1.403659"
"250","90","66.953073","1.021333","0.032891","1.400005"
"260","90","65.697271","1.021941","0.033303","1.396511"
"270","90","64.487711","1.022484","0.033711","1.393168"
"280","90","63.321884","1.022968","0.034117","1.389965"
"290","90","62.197461","1.023399","0.034519","1.386896"
"300","90","61.112275","1.023781","0.034919","1.383951"
"310","90","60.064306","1.024118","0.035316","1.381124"
"320","90","59.051674","1.024416","0.03571","1.378408"
"330","90","58.072619","1.024677","0.036102","1.375797"
"340","90","57.1255","1.024904","0.03649","1.373287"
"350","90","56.208778","1.025101","0.036877","1.370871"
"360","90","55.321014","1.02527","0.03726","1.368545"
"370","90","54.460857","1.025414","0.037641","1.366304"
"380","90","53.627038","1.025534","0.03802","1.364145"
"390","90","52.818367","1.025633","0.038397","1.362063"
"400","90","52.033722","1.025713","0.038771","1.360055"
"410","90","51.272049","1.025775","0.039142","1.358118"
"420","90","50.532353","1.02582","0.039512","1.356248"
"430","90","49.813696","1.025851","0.039879","1.354441"
"440","90","49.115193","1.025868","0.040244","1.352697"
"450","90","48.436009","1.025872","0.040607","1.35101"
"460","90","47.775353","1.025865","0.040968","1.34938"
"470","90","47.132477","1.025848","0.041327","1.347803"
"480","90","46.506672","1.02582","0.041684","1.346278"
"490","90","45.897268","1.025784","0.042038","1.344802"
"500","90","45.303628","1.02574","0.042391","1.343373"
"-100","100","224.516349","0.422522","0.032365","4.354727"
"-90","100","212.257744","0.539855","0.024674","3.723271"
"-80","100","201.268474","0.638997","0.021722","2.877704"
"-70","100","191.361092","0.710895","0.020664","2.426764"
"-60","100","182.383325","0.764515","0.020338","2.170356"
"-50","100","174.210198","0.805957","0.020349","2.008424"
"-40","100","166.738176","0.838886","0.020537","1.897683"
"-30","100","159.880756","0.865605","0.020828","1.817402"
"-20","100","153.565103","0.887638","0.021181","1.756601"
"-10","100","147.729454","0.906042","0.021573","1.708966"
"0","100","142.32109","0.921575","0.021992","1.670623"
"10","100","137.29474","0.934799","0.022428","1.639068"
"20","100","132.611311","0.946139","0.022875","1.612614"
"30","100","128.236865","0.955926","0.023329","1.590084"
"40","100","124.141803","0.964416","0.023788","1.570632"
"50","100","120.300188","0.971817","0.024248","1.553637"
"60","100","116.689196","0.978295","0.02471","1.538631"
"70","100","113.288666","0.983986","0.025172","1.525258"
"80","100","110.080719","0.989001","0.025632","1.513242"
"90","100","107.049444","0.993433","0.026091","1.502364"
"100","100","104.18064","0.997359","0.026548","1.492452"
"110","100","101.461584","1.000846","0.027002","1.483366"
"120","100","98.880849","1.003948","0.027454","1.474994"
"130","100","96.428143","1.006712","0.027903","1.467243"
"140","100","94.094169","1.009179","0.028349","1.460037"
"150","100","91.870509","1.011384","0.028791","1.453313"
"160","100","89.749523","1.013356","0.029231","1.447016"
"170","100","87.72426","1.015121","0.029668","1.441103"
"180","100","85.788383","1.016703","0.030101","1.435534"
"190","100","83.936102","1.018121","0.030532","1.430278"
"200","100","82.162117","1.019391","0.030959","1.425306"
"210","100","80.461566","1.02053","0.031383","1.420594"
"220","100","78.829982","1.021551","0.031804","1.416119"
"230","100","77.263253","1.022466","0.032221","1.411865"
"240","100","75.757587","1.023285","0.032636","1.407814"
"250","100","74.309482","1.024018","0.033048","1.403951"
"260","100","72.915701","1.024672","0.033457","1.400264"
"270","100","71.573241","1.025256","0.033863","1.39674"
"280","100","70.27932","1.025775","0.034266","1.39337"
"290","100","69.031352","1.026237","0.034666","1.390144"
"300","100","67.826931","1.026646","0.035063","1.387052"
"310","100","66.663818","1.027007","0.035458","1.384088"
"320","100","65.539924","1.027324","0.03585","1.381244"
"330","100","64.453296","1.027601","0.03624","1.378512"
"340","100","63.402113","1.027842","0.036627","1.375888"
"350","100","62.384668","1.02805","0.037011","1.373366"
"360","100","61.399362","1.028228","0.037393","1.370939"
"370","100","60.444695","1.028378","0.037772","1.368604"
"380","100","59.519262","1.028503","0.038149","1.366355"
"390","100","58.621738","1.028605","0.038524","1.364189"
"400","100","57.750881","1.028686","0.038897","1.362101"
"410","100","56.90552","1.028747","0.039267","1.360088"
"420","100","56.08455","1.028791","0.039635","1.358145"
"430","100","55.286931","1.028819","0.040001","1.356271"
"440","100","54.511682","1.028832","0.040364","1.354462"
"450","100","53.757873","1.028831","0.040726","1.352714"
"460","100","53.024628","1.028818","0.041085","1.351026"
"470","100","52.311116","1.028794","0.041443","1.349393"
"480","100","51.616551","1.028759","0.041798","1.347815"
"490","100","50.94019","1.028714","0.042152","1.346289"
"500","100","50.281324","1.028661","0.042504","1.344812"
"-100","110","246.742774","0.425226","0.035983","3.845976"
"-90","110","233.270605","0.518728","0.027823","3.75105"
"-80","110","221.193432","0.614757","0.023748","3.05168"
"-70","110","210.305249","0.690014","0.022039","2.563997"
"-60","110","200.438711","0.747358","0.021354","2.271087"
"-50","110","191.45647","0.791965","0.02115","2.084397"
"-40","110","183.244741","0.827478","0.021198","1.957041"
"-30","110","175.708457","0.856304","0.021392","1.865225"
"-20","110","168.767574","0.88007","0.021674","1.796106"
"-10","110","162.354214","0.899914","0.022014","1.742267"
"0","110","156.410439","0.916656","0.022391","1.699158"
"10","110","150.886496","0.930903","0.022794","1.663853"
"20","110","145.739421","0.943116","0.023214","1.634386"
"30","110","140.931919","0.953651","0.023646","1.60939"
"40","110","136.431459","0.962789","0.024086","1.587891"
"50","110","132.209535","0.970751","0.024531","1.569173"
"60","110","128.241067","0.977718","0.024979","1.5527"
"70","110","124.503894","0.983836","0.025428","1.538067"
"80","110","120.97837","0.989226","0.025878","1.524957"
"90","110","117.647009","0.993988","0.026327","1.513123"
"100","110","114.494202","0.998205","0.026775","1.50237"
"110","110","111.505967","1.001949","0.027222","1.492539"
"120","110","108.669748","1.005279","0.027667","1.483504"
"130","110","105.974231","1.008245","0.028109","1.47516"
"140","110","103.409201","1.010892","0.028549","1.467421"
"150","110","100.965406","1.013256","0.028987","1.460215"
"160","110","98.634448","1.015369","0.029422","1.453482"
"170","110","96.408691","1.017261","0.029854","1.447172"
"180","110","94.281168","1.018955","0.030283","1.441242"
"190","110","92.245517","1.020472","0.030709","1.435655"
"200","110","90.295913","1.021831","0.031132","1.430379"
"210","110","88.427013","1.023049","0.031553","1.425388"
"220","110","86.633907","1.024139","0.03197","1.420657"
"230","110","84.912077","1.025116","0.032385","1.416165"
"240","110","83.257354","1.025989","0.032797","1.411894"
"250","110","81.665892","1.02677","0.033206","1.407827"
"260","110","80.13413","1.027466","0.033612","1.40395"
"270","110","78.658771","1.028087","0.034015","1.400251"
"280","110","77.236756","1.028638","0.034415","1.396716"
"290","110","75.865243","1.029128","0.034813","1.393337"
"300","110","74.541588","1.02956","0.035208","1.390102"
"310","110","73.263331","1.029941","0.035601","1.387003"
"320","110","72.028174","1.030275","0.035991","1.384033"
"330","110","70.833974","1.030567","0.036378","1.381184"
"340","110","69.678727","1.030819","0.036763","1.378449"
"350","110","68.560557","1.031036","0.037146","1.375821"
"360","110","67.477709","1.031221","0.037526","1.373296"
"370","110","66.428534","1.031376","0.037903","1.370868"
"380","110","65.411485","1.031504","0.038279","1.368532"
"390","110","64.425109","1.031607","0.038652","1.366283"
"400","110","63.46804","1.031687","0.039023","1.364116"
"410","110","62.53899","1.031747","0.039391","1.362029"
"420","110","61.636747","1.031788","0.039758","1.360017"
"430","110","60.760167","1.031812","0.040122","1.358076"
"440","110","59.90817","1.031819","0.040484","1.356203"
"450","110","59.079736","1.031813","0.040844","1.354395"
"460","110","58.273902","1.031793","0.041203","1.352649"
"470","110","57.489755","1.03176","0.041559","1.350963"
"480","110","56.726431","1.031717","0.041913","1.349333"
"490","110","55.983111","1.031663","0.042265","1.347757"
"500","110","55.25902","1.031601","0.042616","1.346233"
"-100","120","268.9692","0.436223","0.03895","3.48772"
"-90","120","254.283467","0.510534","0.030825","3.607096"
"-80","120","241.11839","0.597792","0.025952","3.145774"
"-70","120","229.249407","0.673178","0.023584","2.676801"
"-60","120","218.494098","0.732784","0.022496","2.362985"
"-50","120","208.702742","0.779809","0.022043","2.15645"
"-40","120","199.751306","0.817468","0.021928","2.014291"
"-30","120","191.536158","0.848119","0.022009","1.911715"
"-20","120","183.970045","0.873421","0.02221","1.834659"
"-10","120","176.978974","0.89456","0.022488","1.774826"
"0","120","170.499787","0.912398","0.022818","1.727084"
"10","120","164.478252","0.927579","0.023183","1.688119"
"20","120","158.867532","0.940593","0.023573","1.655703"
"30","120","153.626973","0.951818","0.02398","1.628294"
"40","120","148.721114","0.961552","0.024398","1.604788"
"50","120","144.118883","0.970033","0.024825","1.584382"
"60","120","139.792937","0.977453","0.025258","1.566473"
"70","120","135.719123","0.983968","0.025693","1.550605"
"80","120","131.876021","0.989706","0.026131","1.536424"
"90","120","128.244574","0.994774","0.02657","1.523655"
"100","120","124.807763","0.999262","0.027009","1.512079"
"110","120","121.550351","1.003245","0.027447","1.50152"
"120","120","118.458647","1.006787","0.027885","1.491837"
"130","120","115.52032","1.009941","0.02832","1.482912"
"140","120","112.724233","1.012754","0.028754","1.474652"
"150","120","110.060302","1.015265","0.029186","1.466975"
"160","120","107.519374","1.01751","0.029615","1.459816"
"170","120","105.093122","1.019518","0.030042","1.453119"
"180","120","102.773953","1.021315","0.030467","1.446835"
"190","120","100.554932","1.022924","0.030889","1.440925"
"200","120","98.429709","1.024365","0.031308","1.435353"
"210","120","96.39246","1.025655","0.031724","1.430089"
"220","120","94.437832","1.026809","0.032138","1.425107"
"230","120","92.5609","1.027842","0.03255","1.420383"
"240","120","90.757122","1.028765","0.032958","1.415897"
"250","120","89.022301","1.029589","0.033364","1.411632"
"260","120","87.352559","1.030323","0.033767","1.40757"
"270","120","85.744301","1.030977","0.034168","1.403698"
"280","120","84.194191","1.031557","0.034566","1.400003"
"290","120","82.699133","1.032071","0.034961","1.396474"
"300","120","81.256245","1.032524","0.035354","1.393099"
"310","120","79.862843","1.032922","0.035744","1.389869"
"320","120","78.516424","1.033271","0.036132","1.386776"
"330","120","77.214651","1.033574","0.036517","1.383811"
"340","120","75.95534","1.033836","0.0369","1.380967"
"350","120","74.736447","1.034059","0.037281","1.378238"
"360","120","73.556056","1.034249","0.037659","1.375616"
"370","120","72.412372","1.034407","0.038035","1.373097"
"380","120","71.303708","1.034536","0.038408","1.370675"
"390","120","70.228481","1.034638","0.03878","1.368345"
"400","120","69.185199","1.034717","0.039149","1.366102"
"410","120","68.172461","1.034774","0.039516","1.363942"
"420","120","67.188945","1.034811","0.039881","1.361861"
"430","120","66.233402","1.034829","0.040243","1.359854"
"440","120","65.304658","1.03483","0.040604","1.35792"
"450","120","64.4016","1.034816","0.040963","1.356053"
"460","120","63.523177","1.034788","0.04132","1.354251"
"470","120","62.668394","1.034747","0.041675","1.352511"
"480","120","61.83631","1.034695","0.042028","1.35083"
"490","120","61.026033","1.034631","0.042379","1.349206"
"500","120","60.236716","1.034558","0.042728","1.347636"
"-100","130","291.195625","0.451379","0.041485","3.232183"
"-90","130","275.296328","0.511672","0.033535","3.414549"
"-80","130","261.043347","0.588206","0.028202","3.15836"
"-70","130","248.193564","0.660829","0.025249","2.755558"
"-60","130","236.549484","0.721098","0.023747","2.44087"
"-50","130","225.949014","0.769677","0.023021","2.22191"
"-40","130","216.257871","0.808977","0.022724","2.067966"
"-30","130","207.36386","0.841127","0.022678","1.956008"
"-20","130","199.172516","0.867742","0.022787","1.871717"
"-10","130","191.603734","0.890013","0.022996","1.806285"
"0","130","184.589136","0.908825","0.023273","1.754152"
"10","130","178.070007","0.924845","0.023596","1.711687"
"20","130","171.995642","0.938583","0.023951","1.676436"
"30","130","166.322027","0.950435","0.024329","1.646697"
"40","130","161.01077","0.960714","0.024725","1.621251"
"50","130","156.02823","0.96967","0.025131","1.599208"
"60","130","151.344807","0.977505","0.025547","1.579905"
"70","130","146.934351","0.984384","0.025968","1.562837"
"80","130","142.773673","0.990443","0.026393","1.547616"
"90","130","138.842138","0.995794","0.02682","1.533938"
"100","130","135.121325","1.000532","0.027249","1.521561"
"110","130","131.594735","1.004735","0.027678","1.510293"
"120","130","128.247546","1.008472","0.028107","1.499979"
"130","130","125.066408","1.011798","0.028535","1.49049"
"140","130","122.039265","1.014764","0.028962","1.481721"
"150","130","119.155199","1.017412","0.029388","1.473587"
"160","130","116.4043","1.019778","0.029811","1.466013"
"170","130","113.777553","1.021893","0.030233","1.458938"
"180","130","111.266738","1.023785","0.030653","1.45231"
"190","130","108.864347","1.025478","0.03107","1.446085"
"200","130","106.563505","1.026993","0.031485","1.440225"
"210","130","104.357907","1.028348","0.031898","1.434695"
"220","130","102.241757","1.029561","0.032308","1.429468"
"230","130","100.209724","1.030644","0.032716","1.424518"
"240","130","98.256889","1.031612","0.033121","1.419823"
"250","130","96.378711","1.032475","0.033524","1.415363"
"260","130","94.570989","1.033243","0.033924","1.411121"
"270","130","92.829831","1.033926","0.034322","1.407081"
"280","130","91.151627","1.034531","0.034717","1.40323"
"290","130","89.533024","1.035066","0.03511","1.399554"
"300","130","87.970902","1.035537","0.0355","1.396042"
"310","130","86.462355","1.03595","0.035888","1.392684"
"320","130","85.004674","1.03631","0.036273","1.389471"
"330","130","83.595329","1.036623","0.036656","1.386393"
"340","130","82.231954","1.036891","0.037037","1.383443"
"350","130","80.912337","1.03712","0.037416","1.380614"
"360","130","79.634403","1.037312","0.037792","1.377899"
"370","130","78.39621","1.037471","0.038166","1.375291"
"380","130","77.195931","1.037599","0.038538","1.372785"
"390","130","76.031852","1.0377","0.038907","1.370375"
"400","130","74.902358","1.037776","0.039275","1.368057"
"410","130","73.805932","1.037828","0.03964","1.365826"
"420","130","72.741142","1.037859","0.040004","1.363678"
"430","130","71.706638","1.037871","0.040365","1.361607"
"440","130","70.701146","1.037865","0.040724","1.359612"
"450","130","69.723463","1.037842","0.041081","1.357687"
"460","130","68.772451","1.037805","0.041437","1.355831"
"470","130","67.847033","1.037755","0.04179","1.354039"
"480","130","66.946189","1.037692","0.042142","1.352308"
"490","130","66.068954","1.037617","0.042492","1.350636"
"500","130","65.214412","1.037532","0.04284","1.34902"
"-100","140","313.422051","0.468826","0.043722","3.042519"
"-90","140","296.30919","0.51887","0.035956","3.232494"
"-80","140","280.968305","0.585147","0.03039","3.112155"
"-70","140","267.137721","0.653044","0.026978","2.797187"
"-60","140","254.60487","0.712472","0.025081","2.501011"
"-50","140","243.195286","0.761703","0.024074","2.278464"
"-40","140","232.764435","0.802093","0.023582","2.116704"
"-30","140","223.191561","0.835388","0.023397","1.997276"
"-20","140","214.374988","0.863073","0.023404","1.906754"
"-10","140","206.228494","0.886302","0.023537","1.836297"
"0","140","198.678485","0.905957","0.023755","1.780124"
"10","140","191.661763","0.922714","0.024031","1.734388"
"20","140","185.123753","0.937095","0.024348","1.696462"
"30","140","179.017081","0.949508","0.024696","1.664508"
"40","140","173.300425","0.960278","0.025065","1.637208"
"50","140","167.937577","0.969664","0.02545","1.613597"
"60","140","162.896678","0.977877","0.025846","1.592953"
"70","140","158.149579","0.985088","0.026251","1.57473"
"80","140","153.671324","0.991439","0.026662","1.558505"
"90","140","149.439703","0.997048","0.027077","1.543948"
"100","140","145.434887","1.002013","0.027495","1.530798"
"110","140","141.639118","1.006418","0.027914","1.518844"
"120","140","138.036444","1.010333","0.028334","1.507918"
"130","140","134.612497","1.013818","0.028755","1.497882"
"140","140","131.354298","1.016924","0.029174","1.488622"
"150","140","128.250096","1.019696","0.029593","1.480043"
"160","140","125.289226","1.022172","0.030011","1.472066"
"170","140","122.461984","1.024384","0.030427","1.464625"
"180","140","119.759524","1.026363","0.030841","1.457663"
"190","140","117.173763","1.028132","0.031254","1.451132"
"200","140","114.697301","1.029714","0.031665","1.444991"
"210","140","112.323353","1.031129","0.032073","1.439203"
"220","140","110.045682","1.032394","0.032479","1.433738"
"230","140","107.858547","1.033523","0.032883","1.428568"
"240","140","105.756656","1.03453","0.033285","1.423669"
"250","140","103.73512","1.035427","0.033684","1.41902"
"260","140","101.789418","1.036225","0.034081","1.414603"
"270","140","99.915361","1.036933","0.034476","1.410399"
"280","140","98.109063","1.03756","0.034869","1.406395"
"290","140","96.366915","1.038113","0.035259","1.402577"
"300","140","94.685559","1.038598","0.035647","1.398932"
"310","140","93.061868","1.039023","0.036032","1.395449"
"320","140","91.492924","1.039393","0.036415","1.392118"
"330","140","89.976006","1.039712","0.036796","1.38893"
"340","140","88.508567","1.039985","0.037175","1.385877"
"350","140","87.088226","1.040216","0.037551","1.38295"
"360","140","85.712751","1.040409","0.037925","1.380143"
"370","140","84.380048","1.040568","0.038298","1.377448"
"380","140","83.088155","1.040694","0.038667","1.374861"
"390","140","81.835223","1.040791","0.039035","1.372374"
"400","140","80.619517","1.040862","0.039401","1.369982"
"410","140","79.439403","1.040909","0.039765","1.367682"
"420","140","78.293339","1.040933","0.040127","1.365467"
"430","140","77.179874","1.040937","0.040486","1.363335"
"440","140","76.097635","1.040922","0.040844","1.36128"
"450","140","75.045327","1.040891","0.0412","1.359299"
"460","140","74.021726","1.040843","0.041554","1.357388"
"470","140","73.025672","1.040782","0.041906","1.355545"
"480","140","72.056069","1.040708","0.042256","1.353766"
"490","140","71.111876","1.040622","0.042605","1.352047"
"500","140","70.192108","1.040525","0.042952","1.350387"
"-100","150","335.648477","0.487619","0.045743","2.896246"
"-90","150","317.322051","0.529944","0.038133","3.075476"
"-80","150","300.893263","0.587322","0.032462","3.035331"
"-70","150","286.081879","0.649561","0.028716","2.80536"
"-60","150","272.660257","0.706924","0.026468","2.54184"
"-50","150","260.441558","0.755948","0.025186","2.324493"
"-40","150","249.271","0.796871","0.024493","2.159389"
"-30","150","239.019263","0.830942","0.024161","2.034797"
"-20","150","229.577459","0.859442","0.02406","1.939298"
"-10","150","220.853254","0.883446","0.02411","1.864543"
"0","150","212.767833","0.903807","0.024263","1.80478"
"10","150","205.253518","0.921195","0.024488","1.756067"
"20","150","198.251863","0.936135","0.024765","1.715667"
"30","150","191.712135","0.949043","0.025078","1.681643"
"40","150","185.590081","0.960248","0.025419","1.652596"
"50","150","179.846925","0.970018","0.025781","1.627499"
"60","150","174.448548","0.978569","0.026157","1.60558"
"70","150","169.364808","0.986078","0.026544","1.586254"
"80","150","164.568976","0.992693","0.02694","1.569068"
"90","150","160.037268","0.998535","0.027342","1.553669"
"100","150","155.748449","1.003707","0.027747","1.539774"
"110","150","151.683502","1.008294","0.028156","1.52716"
"120","150","147.825343","1.012371","0.028567","1.515646"
"130","150","144.158585","1.015999","0.028979","1.505082"
"140","150","140.66933","1.019232","0.029391","1.495346"
"150","150","137.344993","1.022117","0.029802","1.486338"
"160","150","134.174151","1.024692","0.030214","1.477971"
"170","150","131.146415","1.026993","0.030624","1.470176"
"180","150","128.252309","1.029049","0.031033","1.46289"
"190","150","125.483178","1.030886","0.03144","1.456063"
"200","150","122.831097","1.032529","0.031846","1.44965"
"210","150","120.2888","1.033996","0.03225","1.443611"
"220","150","117.849607","1.035307","0.032652","1.437915"
"230","150","115.507371","1.036476","0.033052","1.432532"
"240","150","113.256423","1.037518","0.03345","1.427435"
"250","150","111.09153","1.038446","0.033846","1.422602"
"260","150","109.007847","1.039269","0.03424","1.418014"
"270","150","107.000891","1.039999","0.034632","1.413651"
"280","150","105.066499","1.040643","0.035021","1.409499"
"290","150","103.200806","1.041211","0.035409","1.405542"
"300","150","101.400216","1.041708","0.035794","1.401767"
"310","150","99.66138","1.042142","0.036177","1.398162"
"320","150","97.981175","1.042519","0.036558","1.394718"
"330","150","96.356684","1.042842","0.036936","1.391423"
"340","150","94.785181","1.043118","0.037313","1.388268"
"350","150","93.264116","1.04335","0.037687","1.385247"
"360","150","91.791098","1.043542","0.038059","1.38235"
"370","150","90.363887","1.043697","0.038429","1.37957"
"380","150","88.980378","1.04382","0.038797","1.376903"
"390","150","87.638594","1.043912","0.039163","1.37434"
"400","150","86.336676","1.043977","0.039528","1.371877"
"410","150","85.072874","1.044016","0.03989","1.369509"
"420","150","83.845537","1.044032","0.04025","1.36723"
"430","150","82.653109","1.044027","0.040608","1.365036"
"440","150","81.494123","1.044003","0.040964","1.362923"
"450","150","80.36719","1.043961","0.041319","1.360887"
"460","150","79.271","1.043902","0.041671","1.358924"
"470","150","78.204311","1.04383","0.042022","1.357031"
"480","150","77.165948","1.043743","0.042371","1.355204"
"490","150","76.154798","1.043645","0.042718","1.35344"
"500","150","75.169804","1.043535","0.043063","1.351736"
"-100","160","357.874902","0.507242","0.047602","2.779677"
"-90","160","338.334913","0.543547","0.040116","2.943056"
"-80","160","320.818221","0.593462","0.0344","2.948189"
"-70","160","305.026036","0.649882","0.030421","2.787974"
"-60","160","290.715643","0.704332","0.027879","2.564012"
"-50","160","277.68783","0.752401","0.02634","2.359251"
"-40","160","265.777565","0.793327","0.025447","2.195264"
"-30","160","254.846964","0.827808","0.024965","2.068004"
"-20","160","244.77993","0.856865","0.024749","1.968953"
"-10","160","235.478014","0.881456","0.024712","1.890748"
"0","160","226.857182","0.902383","0.024796","1.827925"
"10","160","218.845274","0.920294","0.024967","1.776584"
"20","160","211.379974","0.935708","0.025199","1.733949"
"30","160","204.407189","0.94904","0.025477","1.698026"
"40","160","197.879736","0.960624","0.025788","1.667358"
"50","160","191.756272","0.970731","0.026123","1.64087"
"60","160","186.000418","0.979581","0.026478","1.617751"
"70","160","180.580036","0.987355","0.026846","1.597382"
"80","160","175.466627","0.994205","0.027226","1.579283"
"90","160","170.634832","1.000255","0.027613","1.563081"
"100","160","166.062011","1.005611","0.028006","1.548476"
"110","160","161.727885","1.010363","0.028404","1.535231"
"120","160","157.614242","1.014584","0.028804","1.523151"
"130","160","153.704674","1.018341","0.029207","1.51208"
"140","160","149.984362","1.021688","0.029611","1.501888"
"150","160","146.43989","1.024673","0.030015","1.492466"
"160","160","143.059077","1.027337","0.030419","1.483724"
"170","160","139.830846","1.029716","0.030823","1.475586"
"180","160","136.745094","1.031841","0.031227","1.467988"
"190","160","133.792593","1.03374","0.031629","1.460875"
"200","160","130.964893","1.035436","0.03203","1.454198"
"210","160","128.254247","1.03695","0.032429","1.447918"
"220","160","125.653532","1.038301","0.032827","1.441998"
"230","160","123.156195","1.039505","0.033223","1.436407"
"240","160","120.756191","1.040577","0.033617","1.431119"
"250","160","118.447939","1.041529","0.03401","1.426108"
"260","160","116.226276","1.042374","0.0344","1.421354"
"270","160","114.086421","1.043122","0.034789","1.416837"
"280","160","112.023934","1.043781","0.035175","1.41254"
"290","160","110.034696","1.04436","0.03556","1.408448"
"300","160","108.114873","1.044866","0.035942","1.404547"
"310","160","106.260892","1.045307","0.036322","1.400825"
"320","160","104.469425","1.045687","0.036701","1.397269"
"330","160","102.737361","1.046013","0.037077","1.393869"
"340","160","101.061795","1.046288","0.037451","1.390617"
"350","160","99.440005","1.046519","0.037823","1.387502"
"360","160","97.869445","1.046708","0.038193","1.384518"
"370","160","96.347725","1.04686","0.038562","1.381656"
"380","160","94.872601","1.046977","0.038928","1.378911"
"390","160","93.441965","1.047062","0.039292","1.376274"
"400","160","92.053835","1.047119","0.039654","1.373741"
"410","160","90.706345","1.04715","0.040014","1.371307"
"420","160","89.397734","1.047156","0.040373","1.368965"
"430","160","88.126345","1.047141","0.040729","1.366712"
"440","160","86.890611","1.047106","0.041084","1.364542"
"450","160","85.689054","1.047053","0.041437","1.362452"
"460","160","84.520275","1.046982","0.041788","1.360437"
"470","160","83.38295","1.046897","0.042138","1.358495"
"480","160","82.275827","1.046798","0.042485","1.356621"
"490","160","81.197719","1.046686","0.042831","1.354813"
"500","160","80.1475","1.046562","0.043175","1.353067"
"-100","170","380.101328","0.527387","0.049334","2.684218"
"-90","170","359.347774","0.558843","0.041942","2.831412"
"-80","170","340.743178","0.602533","0.036209","2.861594"
"-70","170","323.970194","0.653414","0.032069","2.753809"
"-60","170","308.771029","0.704466","0.029288","2.569891"
"-50","170","294.934102","0.750987","0.027518","2.382871"
"-40","170","282.28413","0.791438","0.026433","2.223974"
"-30","170","270.674665","0.82598","0.025801","2.096527"
"-20","170","259.982401","0.855342","0.025469","1.995422"
"-10","170","250.102774","0.880333","0.02534","1.914692"
"0","170","240.946531","0.901685","0.025353","1.849399"
"10","170","232.437029","0.92001","0.025466","1.795821"
"20","170","224.508084","0.935812","0.025652","1.751221"
"30","170","217.102243","0.9495","0.025891","1.71359"
"40","170","210.169391","0.961406","0.026169","1.681443"
"50","170","203.665619","0.971803","0.026478","1.653672"
"60","170","197.552288","0.980912","0.026809","1.629436"
"70","170","191.795264","0.988917","0.027158","1.608089"
"80","170","186.364278","0.995973","0.02752","1.589132"
"90","170","181.232397","1.002207","0.027892","1.57217"
"100","170","176.375573","1.007726","0.028272","1.556892"
"110","170","171.772269","1.012622","0.028657","1.543045"
"120","170","167.403141","1.016972","0.029047","1.530427"
"130","170","163.250762","1.020842","0.02944","1.518872"
"140","170","159.299395","1.02429","0.029835","1.508242"
"150","170","155.534786","1.027364","0.030232","1.498423"
"160","170","151.944003","1.030106","0.030629","1.489321"
"170","170","148.515277","1.032554","0.031026","1.480854"
"180","170","145.237879","1.03474","0.031423","1.472955"
"190","170","142.102008","1.036692","0.03182","1.465566"
"200","170","139.098689","1.038434","0.032215","1.458635"
"210","170","136.219693","1.039988","0.03261","1.452121"
"220","170","133.457457","1.041374","0.033003","1.445985"
"230","170","130.805018","1.042607","0.033395","1.440195"
"240","170","128.255958","1.043705","0.033786","1.43472"
"250","170","125.804348","1.044678","0.034174","1.429537"
"260","170","123.444706","1.045541","0.034561","1.424623"
"270","170","121.17195","1.046302","0.034947","1.419956"
"280","170","118.98137","1.046972","0.03533","1.415519"
"290","170","116.868587","1.04756","0.035711","1.411296"
"300","170","114.82953","1.048072","0.036091","1.407273"
"310","170","112.860405","1.048516","0.036469","1.403435"
"320","170","110.957675","1.048898","0.036844","1.399771"
"330","170","109.118038","1.049223","0.037218","1.39627"
"340","170","107.338408","1.049497","0.03759","1.392922"
"350","170","105.615895","1.049724","0.03796","1.389718"
"360","170","103.947793","1.049908","0.038328","1.386648"
"370","170","102.331563","1.050054","0.038694","1.383706"
"380","170","100.764824","1.050164","0.039058","1.380885"
"390","170","99.245336","1.050241","0.039421","1.378176"
"400","170","97.770994","1.050289","0.039781","1.375575"
"410","170","96.339815","1.05031","0.04014","1.373076"
"420","170","94.949931","1.050306","0.040496","1.370673"
"430","170","93.59958","1.050279","0.040851","1.368361"
"440","170","92.287099","1.050232","0.041204","1.366136"
"450","170","91.010917","1.050166","0.041556","1.363994"
"460","170","89.769549","1.050083","0.041905","1.361929"
"470","170","88.561589","1.049984","0.042253","1.359939"
"480","170","87.385707","1.049871","0.042599","1.358019"
"490","170","86.240641","1.049745","0.042944","1.356168"
"500","170","85.125195","1.049607","0.043287","1.35438"
"-100","180","402.327753","0.547867","0.050966","2.604276"
"-90","180","380.360636","0.575301","0.043643","2.736599"
"-80","180","360.668136","0.613761","0.037903","2.780248"
"-70","180","342.914351","0.659571","0.033648","2.710243"
"-60","180","326.826416","0.70703","0.030678","2.562755"
"-50","180","312.180374","0.751574","0.028705","2.396205"
"-40","180","298.790695","0.791149","0.027441","2.24556"
"-30","180","286.502367","0.825434","0.026662","2.120196"
"-20","180","275.184873","0.85486","0.026213","2.01852"
"-10","180","264.727534","0.880071","0.025992","1.936216"
"0","180","255.03588","0.901708","0.025931","1.869078"
"10","180","246.028785","0.92034","0.025984","1.813683"
"20","180","237.636195","0.936444","0.026121","1.76741"
"30","180","229.797297","0.950419","0.026319","1.728281"
"40","180","222.459047","0.962591","0.026564","1.69481"
"50","180","215.574967","0.97323","0.026844","1.665873"
"60","180","209.104159","0.982559","0.02715","1.640609"
"70","180","203.010492","0.990762","0.027478","1.618357"
"80","180","197.26193","0.997995","0.027822","1.598598"
"90","180","191.829961","1.004387","0.028178","1.580924"
"100","180","186.689134","1.010048","0.028543","1.56501"
"110","180","181.816653","1.01507","0.028916","1.550595"
"120","180","177.19204","1.019531","0.029295","1.537466"
"130","180","172.796851","1.023501","0.029678","1.52545"
"140","180","168.614427","1.027036","0.030064","1.514403"
"150","180","164.629683","1.030187","0.030452","1.504206"
"160","180","160.828929","1.032998","0.030841","1.494758"
"170","180","157.199708","1.035506","0.031232","1.485977"
"180","180","153.730664","1.037744","0.031623","1.477789"
"190","180","150.411423","1.039741","0.032013","1.470134"
"200","180","147.232485","1.041523","0.032403","1.46296"
"210","180","144.18514","1.043111","0.032793","1.45622"
"220","180","141.261382","1.044525","0.033182","1.449876"
"230","180","138.453842","1.045783","0.033569","1.443892"
"240","180","135.755725","1.046901","0.033955","1.438239"
"250","180","133.160758","1.047891","0.03434","1.432889"
"260","180","130.663135","1.048767","0.034724","1.427819"
"270","180","128.25748","1.049539","0.035106","1.423007"
"280","180","125.938806","1.050217","0.035486","1.418435"
"290","180","123.702478","1.050809","0.035864","1.414086"
"300","180","121.544186","1.051324","0.036241","1.409943"
"310","180","119.459917","1.051769","0.036616","1.405994"
"320","180","117.445925","1.05215","0.036989","1.402225"
"330","180","115.498716","1.052473","0.03736","1.398626"
"340","180","113.615022","1.052743","0.03773","1.395185"
"350","180","111.791784","1.052965","0.038097","1.391892"
"360","180","110.02614","1.053142","0.038463","1.38874"
"370","180","108.315402","1.05328","0.038827","1.38572"
"380","180","106.657047","1.053381","0.039189","1.382825"
"390","180","105.048708","1.053449","0.03955","1.380046"
"400","180","103.488153","1.053486","0.039908","1.377379"
"410","180","101.973286","1.053496","0.040265","1.374817"
"420","180","100.502129","1.05348","0.04062","1.372354"
"430","180","99.072816","1.053441","0.040973","1.369985"
"440","180","97.683588","1.053381","0.041325","1.367706"
"450","180","96.332781","1.053301","0.041675","1.365512"
"460","180","95.018824","1.053204","0.042023","1.363398"
"470","180","93.740228","1.053091","0.042369","1.361362"
"480","180","92.495586","1.052963","0.042714","1.359398"
"490","180","91.283562","1.052822","0.043057","1.357503"
"500","180","90.102891","1.052669","0.043399","1.355675"
"-100","190","424.554179","0.568557","0.052516","2.536076"
"-90","190","401.373498","0.592571","0.045242","2.655291"
"-80","190","380.593094","0.626585","0.039496","2.705709"
"-70","190","361.858509","0.667834","0.035156","2.662493"
"-60","190","344.881802","0.711706","0.032036","2.546032"
"-50","190","329.426646","0.753999","0.029888","2.400587"
"-40","190","315.29726","0.792375","0.02846","2.260396"
"-30","190","302.330068","0.826125","0.027541","2.139043"
"-20","190","290.387344","0.855394","0.026978","2.03817"
"-10","190","279.352294","0.880653","0.026664","1.955229"
"0","190","269.125228","0.902443","0.026527","1.886877"
"10","190","259.620541","0.921276","0.026519","1.830102"
"20","190","250.764305","0.937599","0.026605","1.782462"
"30","190","242.492351","0.951792","0.026761","1.742056"
"40","190","234.748702","0.964174","0.02697","1.707424"
"50","190","227.484314","0.975009","0.02722","1.677445"
"60","190","220.656029","0.984519","0.027501","1.651251"
"70","190","214.225721","0.992887","0.027807","1.628168"
"80","190","208.159581","1.000269","0.028131","1.607668"
"90","190","202.427526","1.006795","0.02847","1.589332"
"100","190","197.002696","1.012576","0.028821","1.572824"
"110","190","191.861036","1.017705","0.029181","1.557875"
"120","190","186.980939","1.022262","0.029548","1.544264"
"130","190","182.34294","1.026316","0.02992","1.531812"
"140","190","177.929459","1.029926","0.030296","1.520369"
"150","190","173.72458","1.033143","0.030676","1.509811"
"160","190","169.713855","1.036011","0.031057","1.500035"
"170","190","165.884139","1.03857","0.031441","1.490952"
"180","190","162.223449","1.040852","0.031825","1.482488"
"190","190","158.720838","1.042887","0.032209","1.474579"
"200","190","155.366281","1.044701","0.032594","1.46717"
"210","190","152.150587","1.046317","0.032978","1.460214"
"220","190","149.065307","1.047754","0.033362","1.453669"
"230","190","146.102665","1.049032","0.033745","1.4475"
"240","190","143.255493","1.050165","0.034127","1.441674"
"250","190","140.517167","1.051168","0.034508","1.436163"
"260","190","137.881564","1.052053","0.034887","1.430943"
"270","190","135.34301","1.052832","0.035266","1.425991"
"280","190","132.896242","1.053514","0.035642","1.421288"
"290","190","130.536369","1.054108","0.036018","1.416816"
"300","190","128.258843","1.054624","0.036391","1.412558"
"310","190","126.059429","1.055067","0.036764","1.408501"
"320","190","123.934175","1.055444","0.037134","1.404631"
"330","190","121.879393","1.055762","0.037503","1.400935"
"340","190","119.891635","1.056026","0.03787","1.397404"
"350","190","117.967674","1.05624","0.038235","1.394027"
"360","190","116.104487","1.05641","0.038599","1.390794"
"370","190","114.29924","1.056538","0.03896","1.387698"
"380","190","112.549271","1.056628","0.039321","1.384731"
"390","190","110.852079","1.056685","0.039679","1.381884"
"400","190","109.205312","1.05671","0.040036","1.379152"
"410","190","107.606757","1.056707","0.040391","1.376529"
"420","190","106.054326","1.056678","0.040744","1.374008"
"430","190","104.546051","1.056626","0.041095","1.371584"
"440","190","103.080076","1.056551","0.041445","1.369252"
"450","190","101.654644","1.056457","0.041793","1.367007"
"460","190","100.268098","1.056345","0.04214","1.364846"
"470","190","98.918867","1.056217","0.042485","1.362763"
"480","190","97.605465","1.056074","0.042828","1.360756"
"490","190","96.326484","1.055917","0.04317","1.35882"
"500","190","95.080587","1.055748","0.04351","1.356952"
"-100","200","446.780605","0.589375","0.053997","2.476995"
"-90","200","422.386359","0.610419","0.046756","2.584848"
"-80","200","400.518052","0.640599","0.041002","2.638119"
"-70","200","380.802666","0.677773","0.036596","2.61384"
"-60","200","362.937188","0.718185","0.033354","2.522791"
"-50","200","346.672918","0.758078","0.031058","2.397578"
"-40","200","331.803824","0.795015","0.029483","2.269101"
"-30","200","318.15777","0.827995","0.028432","2.153263"
"-20","200","305.589815","0.856909","0.027758","2.054404"
"-10","200","293.977054","0.882056","0.027352","1.971701"
"0","200","283.214577","0.903873","0.027139","1.902754"
"10","200","273.212296","0.922806","0.027069","1.845034"
"20","200","263.892416","0.939266","0.027103","1.796339"
"30","200","255.187405","0.953612","0.027216","1.754884"
"40","200","247.038358","0.966149","0.027388","1.719262"
"50","200","239.393661","0.977135","0.027607","1.688369"
"60","200","232.207899","0.986787","0.027862","1.661344"
"70","200","225.440949","0.995287","0.028144","1.63751"
"80","200","219.057233","1.002791","0.028448","1.616333"
"90","200","213.025091","1.009427","0.02877","1.597385"
"100","200","207.316258","1.015306","0.029105","1.580326"
"110","200","201.90542","1.020524","0.029451","1.564878"
"120","200","196.769838","1.02516","0.029805","1.550815"
"130","200","191.889028","1.029284","0.030166","1.537952"
"140","200","187.244492","1.032957","0.030533","1.526135"
"150","200","182.819477","1.036228","0.030903","1.515236"
"160","200","178.59878","1.039144","0.031277","1.505148"
"170","200","174.56857","1.041744","0.031652","1.495778"
"180","200","170.716235","1.044062","0.03203","1.487051"
"190","200","167.030253","1.046128","0.032408","1.478899"
"200","200","163.500078","1.047968","0.032786","1.471266"
"210","200","160.116034","1.049605","0.033165","1.464102"
"220","200","156.869232","1.05106","0.033544","1.457365"
"230","200","153.751489","1.052352","0.033922","1.451017"
"240","200","150.75526","1.053496","0.0343","1.445025"
"250","200","147.873577","1.054507","0.034677","1.439359"
"260","200","145.099994","1.055398","0.035052","1.433994"
"270","200","142.42854","1.056179","0.035427","1.428907"
"280","200","139.853677","1.056862","0.0358","1.424078"
"290","200","137.37026","1.057456","0.036172","1.419487"
"300","200","134.9735","1.057969","0.036543","1.415118"
"310","200","132.658941","1.058408","0.036912","1.410956"
"320","200","130.422425","1.058779","0.03728","1.406987"
"330","200","128.260071","1.05909","0.037646","1.403199"
"340","200","126.168249","1.059346","0.03801","1.399581"
"350","200","124.143564","1.059551","0.038373","1.396121"
"360","200","122.182835","1.05971","0.038735","1.39281"
"370","200","120.283078","1.059827","0.039094","1.38964"
"380","200","118.441494","1.059905","0.039452","1.386603"
"390","200","116.65545","1.059949","0.039809","1.38369"
"400","200","114.922471","1.059961","0.040163","1.380895"
"410","200","113.240228","1.059944","0.040516","1.378212"
"420","200","111.606523","1.059901","0.040868","1.375634"
"430","200","110.019287","1.059834","0.041218","1.373156"
"440","200","108.476564","1.059744","0.041566","1.370773"
"450","200","106.976508","1.059634","0.041913","1.36848"
"460","200","105.517373","1.059507","0.042258","1.366272"
"470","200","104.097506","1.059362","0.042601","1.364145"
"480","200","102.715344","1.059203","0.042943","1.362095"
"490","200","101.369405","1.059029","0.043283","1.360118"
"500","200","100.058283","1.058843","0.043622","1.358211"
"-100","210","469.00703","0.610265","0.05542","2.425148"
"-90","210","443.399221","0.628681","0.048198","2.52321"
"-80","210","420.443009","0.65551","0.042434","2.577042"
"-70","210","399.746824","0.689042","0.037972","2.566174"
"-60","210","380.992575","0.726183","0.034631","2.495498"
"-50","210","363.91919","0.763622","0.032208","2.388754"
"-40","210","348.310389","0.798952","0.0305","2.272441"
"-30","210","333.985471","0.830973","0.029328","2.163182"
"-20","210","320.792286","0.859361","0.028548","2.067341"
"-10","210","308.601814","0.884253","0.028052","1.985663"
"0","210","297.303926","0.905977","0.027765","1.916703"
"10","210","286.804052","0.924915","0.027631","1.858461"
"20","210","277.020526","0.941435","0.027613","1.809021"
"30","210","267.882458","0.95587","0.027682","1.766747"
"40","210","259.328013","0.968509","0.027817","1.730305"
"50","210","251.303009","0.979602","0.028004","1.698631"
"60","210","243.75977","0.989358","0.02823","1.670878"
"70","210","236.656177","0.997959","0.028489","1.646374"
"80","210","229.954884","1.005556","0.028772","1.624584"
"90","210","223.622655","1.012278","0.029075","1.605079"
"100","210","217.62982","1.018236","0.029394","1.587512"
"110","210","211.949804","1.023524","0.029726","1.571601"
"120","210","206.558737","1.028224","0.030068","1.557117"
"130","210","201.435117","1.032405","0.030417","1.54387"
"140","210","196.559524","1.036126","0.030773","1.531702"
"150","210","191.914374","1.039442","0.031134","1.520481"
"160","210","187.483706","1.042395","0.031499","1.510096"
"170","210","183.253001","1.045028","0.031867","1.500455"
"180","210","179.20902","1.047373","0.032237","1.491477"
"190","210","175.339668","1.049462","0.032609","1.483094"
"200","210","171.633874","1.051321","0.032981","1.475247"
"210","210","168.08148","1.052974","0.033355","1.467884"
"220","210","164.673157","1.054442","0.033728","1.460963"
"230","210","161.400313","1.055743","0.034101","1.454443"
"240","210","158.255027","1.056893","0.034475","1.448292"
"250","210","155.229986","1.057908","0.034847","1.442477"
"260","210","152.318423","1.058801","0.035219","1.436973"
"270","210","149.51407","1.059582","0.03559","1.431756"
"280","210","146.811113","1.060263","0.035959","1.426805"
"290","210","144.20415","1.060852","0.036328","1.422099"
"300","210","141.688157","1.061359","0.036696","1.417623"
"310","210","139.258454","1.061791","0.037062","1.41336"
"320","210","136.910676","1.062155","0.037427","1.409296"
"330","210","134.640748","1.062456","0.03779","1.405418"
"340","210","132.444862","1.062702","0.038152","1.401715"
"350","210","130.319453","1.062895","0.038512","1.398175"
"360","210","128.261182","1.063042","0.038871","1.394789"
"370","210","126.266916","1.063146","0.039229","1.391547"
"380","210","124.333717","1.063212","0.039584","1.388441"
"390","210","122.458821","1.063241","0.039939","1.385464"
"400","210","120.63963","1.063239","0.040292","1.382608"
"410","210","118.873699","1.063207","0.040643","1.379867"
"420","210","117.158721","1.063148","0.040992","1.377234"
"430","210","115.492523","1.063064","0.04134","1.374703"
"440","210","113.873052","1.062959","0.041687","1.37227"
"450","210","112.298371","1.062833","0.042032","1.369929"
"460","210","110.766647","1.062688","0.042375","1.367676"
"470","210","109.276145","1.062526","0.042717","1.365505"
"480","210","107.825224","1.06235","0.043058","1.363414"
"490","210","106.412327","1.062159","0.043396","1.361398"
"500","210","105.035979","1.061955","0.043734","1.359453"
"-100","220","491.233456","0.631188","0.056794","2.379153"
"-90","220","464.412082","0.64724","0.049581","2.468777"
"-80","220","440.367967","0.671102","0.043802","2.521848"
"-70","220","418.690981","0.701365","0.03929","2.520497"
"-60","220","399.047961","0.735449","0.035864","2.46599"
"-50","220","381.165462","0.770451","0.033333","2.375562"
"-40","220","364.816954","0.804067","0.031509","2.271241"
"-30","220","349.813172","0.834982","0.030225","2.169212"
"-20","220","335.994757","0.862698","0.029344","2.077171"
"-10","220","323.226574","0.887207","0.028761","1.997197"
"0","220","311.393274","0.908732","0.0284","1.928754"
"10","220","300.395807","0.927586","0.028205","1.87039"
"20","220","290.148637","0.944092","0.028134","1.820505"
"30","220","280.577512","0.958554","0.028158","1.777636"
"40","220","271.617668","0.971245","0.028255","1.740547"
"50","220","263.212356","0.982401","0.028409","1.708223"
"60","220","255.31164","0.992226","0.028607","1.679846"
"70","220","247.871406","1.000896","0.028841","1.654754"
"80","220","240.852535","1.00856","0.029103","1.632418"
"90","220","234.22022","1.015345","0.029387","1.612408"
"100","220","227.943382","1.021362","0.02969","1.594378"
"110","220","221.994187","1.026703","0.030007","1.578043"
"120","220","216.347635","1.031451","0.030335","1.563169"
"130","220","210.981205","1.035674","0.030673","1.549563"
"140","220","205.874556","1.039433","0.031018","1.537066"
"150","220","201.009271","1.042781","0.031369","1.525543"
"160","220","196.368632","1.045763","0.031725","1.51488"
"170","220","191.937432","1.048419","0.032085","1.504981"
"180","220","187.701805","1.050784","0.032447","1.495766"
"190","220","183.649083","1.052889","0.032812","1.487163"
"200","220","179.76767","1.054761","0.033179","1.479112"
"210","220","176.046927","1.056423","0.033546","1.471561"
"220","220","172.477082","1.057898","0.033914","1.464463"
"230","220","169.049136","1.059203","0.034282","1.45778"
"240","220","165.754795","1.060356","0.034651","1.451475"
"250","220","162.586396","1.06137","0.035019","1.445517"
"260","220","159.536852","1.062261","0.035386","1.43988"
"270","220","156.5996","1.063038","0.035753","1.434538"
"280","220","153.768549","1.063713","0.03612","1.429469"
"290","220","151.038041","1.064296","0.036485","1.424653"
"300","220","148.402814","1.064795","0.036849","1.420073"
"310","220","145.857966","1.065217","0.037212","1.415712"
"320","220","143.398926","1.06557","0.037574","1.411556"
"330","220","141.021426","1.065861","0.037935","1.407591"
"340","220","138.721476","1.066093","0.038294","1.403806"
"350","220","136.495343","1.066274","0.038652","1.400189"
"360","220","134.339529","1.066407","0.039008","1.396729"
"370","220","132.250755","1.066496","0.039363","1.393418"
"380","220","130.22594","1.066547","0.039717","1.390246"
"390","220","128.262192","1.066561","0.040069","1.387207"
"400","220","126.35679","1.066542","0.04042","1.384291"
"410","220","124.50717","1.066494","0.040769","1.381494"
"420","220","122.710918","1.066418","0.041117","1.378807"
"430","220","120.965758","1.066318","0.041463","1.376225"
"440","220","119.269541","1.066195","0.041808","1.373743"
"450","220","117.620235","1.066051","0.042151","1.371356"
"460","220","116.015922","1.065889","0.042493","1.369058"
"470","220","114.454784","1.065709","0.042833","1.366845"
"480","220","112.935103","1.065515","0.043172","1.364713"
"490","220","111.455248","1.065306","0.04351","1.362658"
"500","220","110.013675","1.065084","0.043846","1.360677"
"-100","230","513.459881","0.652115","0.058124","2.337969"
"-90","230","485.424944","0.666013","0.050912","2.420298"
"-80","230","460.292925","0.687217","0.045115","2.471871"
"-70","230","437.635139","0.71453","0.040557","2.477274"
"-60","230","417.103347","0.745771","0.037057","2.435562"
"-50","230","398.411734","0.778394","0.034431","2.359244"
"-40","230","381.323519","0.810241","0.032503","2.266316"
"-30","230","365.640874","0.839942","0.031117","2.171811"
"-20","230","351.197229","0.866867","0.030142","2.084135"
"-10","230","337.851334","0.890881","0.029477","2.006424"
"0","230","325.482623","0.912111","0.029044","1.938965"
"10","230","313.987563","0.930798","0.028787","1.880849"
"20","230","303.276747","0.947221","0.028663","1.830801"
"30","230","293.272566","0.961653","0.028642","1.787556"
"40","230","283.907324","0.974347","0.028701","1.749987"
"50","230","275.121703","0.985525","0.028822","1.717145"
"60","230","266.86351","0.995384","0.028992","1.688245"
"70","230","259.086634","1.004093","0.0292","1.662648"
"80","230","251.750187","1.011798","0.02944","1.639832"
"90","230","244.817785","1.018624","0.029705","1.619373"
"100","230","238.256943","1.02468","0.02999","1.600924"
"110","230","232.038571","1.030057","0.030292","1.5842"
"120","230","226.136534","1.034837","0.030607","1.568968"
"130","230","220.527294","1.039089","0.030932","1.555031"
"140","230","215.189588","1.042874","0.031266","1.542228"
"150","230","210.104167","1.046244","0.031607","1.530422"
"160","230","205.253558","1.049244","0.031954","1.519498"
"170","230","200.621863","1.051915","0.032306","1.509358"
"180","230","196.19459","1.054292","0.03266","1.499918"
"190","230","191.958498","1.056406","0.033018","1.491107"
"200","230","187.901466","1.058285","0.033378","1.482862"
"210","230","184.012374","1.059951","0.033739","1.475131"
"220","230","180.281007","1.061427","0.034102","1.467866"
"230","230","176.69796","1.062732","0.034465","1.461026"
"240","230","173.254562","1.063882","0.034829","1.454574"
"250","230","169.942805","1.064893","0.035192","1.44848"
"260","230","166.755282","1.065777","0.035555","1.442715"
"270","230","163.68513","1.066547","0.035918","1.437252"
"280","230","160.725985","1.067214","0.036281","1.43207"
"290","230","157.871932","1.067787","0.036643","1.427148"
"300","230","155.117471","1.068274","0.037003","1.422468"
"310","230","152.457478","1.068685","0.037363","1.418013"
"320","230","149.887176","1.069025","0.037722","1.413768"
"330","230","147.402103","1.069302","0.03808","1.40972"
"340","230","144.998089","1.06952","0.038437","1.405855"
"350","230","142.671232","1.069686","0.038792","1.402163"
"360","230","140.417876","1.069803","0.039146","1.398632"
"370","230","138.234593","1.069877","0.039499","1.395253"
"380","230","136.118163","1.06991","0.03985","1.392018"
"390","230","134.065564","1.069908","0.0402","1.388918"
"400","230","132.073949","1.069872","0.040549","1.385945"
"410","230","130.14064","1.069806","0.040896","1.383092"
"420","230","128.263115","1.069712","0.041242","1.380353"
"430","230","126.438994","1.069594","0.041586","1.377722"
"440","230","124.666029","1.069452","0.041929","1.375192"
"450","230","122.942098","1.06929","0.042271","1.37276"
"460","230","121.265196","1.069109","0.042611","1.370419"
"470","230","119.633423","1.068911","0.04295","1.368165"
"480","230","118.044982","1.068697","0.043287","1.365993"
"490","230","116.49817","1.06847","0.043623","1.363901"
"500","230","114.991371","1.068229","0.043958","1.361883"
"-100","240","535.686307","0.673026","0.059417","2.300798"
"-90","240","506.437805","0.684938","0.052199","2.376793"
"-80","240","480.217883","0.703734","0.046379","2.426485"
"-70","240","456.579296","0.728369","0.041778","2.436665"
"-60","240","435.158733","0.75697","0.038212","2.405084"
"-50","240","415.658006","0.787301","0.035502","2.34081"
"-40","240","397.830084","0.81736","0.033481","2.258423"
"-30","240","381.468575","0.845771","0.032001","2.171452"
"-20","240","366.3997","0.871811","0.030939","2.088507"
"-10","240","352.476094","0.895236","0.030195","2.013495"
"0","240","339.571972","0.916083","0.029693","1.947421"
"10","240","327.579319","0.934529","0.029376","1.889881"
"20","240","316.404858","0.950805","0.0292","1.839935"
"30","240","305.96762","0.965153","0.029135","1.796519"
"40","240","296.196979","0.977803","0.029155","1.758632"
"50","240","287.031051","0.988965","0.029242","1.725399"
"60","240","278.415381","0.998824","0.029383","1.696079"
"70","240","270.301862","1.007544","0.029566","1.670057"
"80","240","262.647838","1.015265","0.029783","1.646826"
"90","240","255.415349","1.02211","0.030029","1.625971"
"100","240","248.570505","1.028185","0.030296","1.607149"
"110","240","242.082955","1.033582","0.030582","1.590075"
"120","240","235.925433","1.03838","0.030883","1.574515"
"130","240","230.073382","1.042648","0.031195","1.560274"
"140","240","224.504621","1.046447","0.031518","1.547188"
"150","240","219.199064","1.049828","0.031849","1.535119"
"160","240","214.138483","1.052837","0.032186","1.523951"
"170","240","209.306294","1.055515","0.032529","1.513584"
"180","240","204.687375","1.057897","0.032876","1.503933"
"190","240","200.267913","1.060013","0.033227","1.494925"
"200","240","196.035262","1.061892","0.03358","1.486498"
"210","240","191.977821","1.063556","0.033935","1.478596"
"220","240","188.084932","1.065029","0.034292","1.471171"
"230","240","184.346783","1.066329","0.034649","1.464182"
"240","240","180.754329","1.067472","0.035008","1.457591"
"250","240","177.299214","1.068474","0.035367","1.451366"
"260","240","173.973711","1.069349","0.035726","1.445477"
"270","240","170.77066","1.070108","0.036085","1.4399"
"280","240","167.68342","1.070763","0.036443","1.434609"
"290","240","164.705823","1.071324","0.036801","1.429585"
"300","240","161.832128","1.071798","0.037159","1.424809"
"310","240","159.056991","1.072194","0.037516","1.420263"
"320","240","156.375426","1.072519","0.037871","1.415933"
"330","240","153.78278","1.07278","0.038226","1.411803"
"340","240","151.274703","1.072982","0.03858","1.407862"
"350","240","148.847122","1.073131","0.038933","1.404097"
"360","240","146.496224","1.073231","0.039284","1.400498"
"370","240","144.218431","1.073287","0.039635","1.397054"
"380","240","142.010387","1.073302","0.039984","1.393757"
"390","240","139.868935","1.073281","0.040332","1.390597"
"400","240","137.791108","1.073227","0.040678","1.387569"
"410","240","135.774111","1.073142","0.041023","1.384663"
"420","240","133.815313","1.073029","0.041367","1.381873"
"430","240","131.912229","1.072891","0.04171","1.379193"
"440","240","130.062517","1.072731","0.042051","1.376618"
"450","240","128.263962","1.072549","0.042391","1.374141"
"460","240","126.51447","1.072349","0.042729","1.371758"
"470","240","124.812062","1.072131","0.043067","1.369464"
"480","240","123.154862","1.071898","0.043402","1.367254"
"490","240","121.541092","1.07165","0.043737","1.365125"
"500","240","119.969067","1.07139","0.04407","1.363072"
"-100","250","557.912733","0.693906","0.060676","2.267015"
"-90","250","527.450667","0.703969","0.053447","2.337482"
"-80","250","500.14284","0.720562","0.047602","2.385127"
"-70","250","475.523454","0.742747","0.042957","2.39866"
"-60","250","453.21412","0.768898","0.03933","2.375121"
"-50","250","432.904278","0.797035","0.036545","2.321053"
"-40","250","414.336649","0.825316","0.034441","2.248236"
"-30","250","397.296277","0.85239","0.032876","2.168595"
"-20","250","381.602171","0.87747","0.031733","2.090573"
"-10","250","367.100854","0.900227","0.030914","2.018585"
"0","250","353.66132","0.920618","0.030345","1.954222"
"10","250","341.171074","0.938755","0.02997","1.897549"
"20","250","329.532968","0.954826","0.029743","1.847942"
"30","250","318.662674","0.969039","0.029633","1.804548"
"40","250","308.486635","0.981603","0.029615","1.766496"
"50","250","298.940398","0.992711","0.029668","1.732994"
"60","250","289.967251","1.002539","0.02978","1.703351"
"70","250","281.517091","1.011241","0.029937","1.676984"
"80","250","273.54549","1.018954","0.030132","1.653404"
"90","250","266.012914","1.025798","0.030357","1.632207"
"100","250","258.884067","1.031874","0.030606","1.613054"
"110","250","252.127338","1.037274","0.030876","1.595667"
"120","250","245.714332","1.042076","0.031163","1.579812"
"130","250","239.619471","1.046347","0.031462","1.565293"
"140","250","233.819653","1.050148","0.031773","1.551947"
"150","250","228.293961","1.053531","0.032094","1.539635"
"160","250","223.023409","1.05654","0.032421","1.52824"
"170","250","217.990725","1.059217","0.032755","1.517661"
"180","250","213.18016","1.061595","0.033094","1.507812"
"190","250","208.577328","1.063707","0.033437","1.49862"
"200","250","204.169058","1.06558","0.033784","1.490019"
"210","250","199.943267","1.067238","0.034132","1.481956"
"220","250","195.888857","1.068702","0.034483","1.47438"
"230","250","191.995607","1.069991","0.034836","1.467249"
"240","250","188.254097","1.071124","0.035189","1.460525"
"250","250","184.655624","1.072114","0.035543","1.454175"
"260","250","181.19214","1.072976","0.035898","1.448169"
"270","250","177.85619","1.073721","0.036252","1.442481"
"280","250","174.640856","1.074361","0.036607","1.437087"
"290","250","171.539713","1.074906","0.036961","1.431965"
"300","250","168.546785","1.075364","0.037315","1.427096"
"310","250","165.656503","1.075743","0.037669","1.422463"
"320","250","162.863676","1.076051","0.038021","1.41805"
"330","250","160.163458","1.076294","0.038373","1.413842"
"340","250","157.551316","1.076478","0.038724","1.409827"
"350","250","155.023012","1.076608","0.039074","1.405992"
"360","250","152.574571","1.076689","0.039423","1.402326"
"370","250","150.20227","1.076726","0.039771","1.398819"
"380","250","147.90261","1.076722","0.040118","1.395462"
"390","250","145.672306","1.076681","0.040463","1.392246"
"400","250","143.508267","1.076607","0.040808","1.389163"
"410","250","141.407582","1.076502","0.041151","1.386205"
"420","250","139.36751","1.076369","0.041493","1.383367"
"430","250","137.385465","1.076211","0.041834","1.38064"
"440","250","135.459005","1.07603","0.042173","1.37802"
"450","250","133.585825","1.075828","0.042511","1.3755"
"460","250","131.763745","1.075607","0.042848","1.373076"
"470","250","129.990701","1.075369","0.043183","1.370743"
"480","250","128.264741","1.075115","0.043518","1.368496"
"490","250","126.584013","1.074848","0.043851","1.366331"
"500","250","124.946763","1.074567","0.044182","1.364244"
"-100","260","580.139158","0.714744","0.061906","2.236125"
"-90","260","548.463528","0.723071","0.05466","2.301742"
"-80","260","520.067798","0.737629","0.048787","2.347302"
"-70","260","494.467611","0.757561","0.0441","2.363158"
"-60","260","471.269506","0.781432","0.040416","2.346023"
"-50","260","450.15055","0.807478","0.037562","2.300572"
"-40","260","430.843214","0.834012","0.035382","2.23633"
"-30","260","413.123978","0.859722","0.03374","2.16367"
"-20","260","396.804642","0.88379","0.03252","2.090621"
"-10","260","381.725614","0.905814","0.031631","2.021875"
"0","260","367.750669","0.925683","0.030999","1.959486"
"10","260","354.76283","0.943453","0.030567","1.903923"
"20","260","342.661079","0.959265","0.030291","1.854868"
"30","260","331.357728","0.973297","0.030137","1.811671"
"40","260","320.77629","0.985734","0.03008","1.773598"
"50","260","310.849745","0.996754","0.0301","1.739943"
"60","260","301.519121","1.006519","0.030182","1.710072"
"70","260","292.732319","1.015178","0.030313","1.683437"
"80","260","284.443141","1.022861","0.030485","1.659571"
"90","260","276.610478","1.029682","0.03069","1.638083"
"100","260","269.197629","1.035742","0.030921","1.618644"
"110","260","262.171722","1.04113","0.031175","1.60098"
"120","260","255.503231","1.045921","0.031446","1.58486"
"130","260","249.165559","1.050184","0.031733","1.57009"
"140","260","243.134685","1.053976","0.032032","1.556507"
"150","260","237.388858","1.05735","0.032341","1.543972"
"160","260","231.908335","1.060351","0.032659","1.532366"
"170","260","226.675156","1.063018","0.032984","1.52159"
"180","260","221.672945","1.065387","0.033315","1.511556"
"190","260","216.886743","1.067488","0.03365","1.502191"
"200","260","212.302854","1.069348","0.033989","1.493428"
"210","260","207.908714","1.070993","0.034332","1.485212"
"220","260","203.692782","1.072444","0.034677","1.477492"
"230","260","199.644431","1.073719","0.035023","1.470227"
"240","260","195.753864","1.074836","0.035371","1.463377"
"250","260","192.012033","1.075811","0.035721","1.456908"
"260","260","188.41057","1.076656","0.036071","1.45079"
"270","260","184.94172","1.077384","0.036421","1.444996"
"280","260","181.598292","1.078007","0.036772","1.439503"
"290","260","178.373604","1.078533","0.037122","1.434287"
"300","260","175.261442","1.078972","0.037473","1.429329"
"310","260","172.256015","1.079333","0.037823","1.424613"
"320","260","169.351927","1.079621","0.038172","1.42012"
"330","260","166.544135","1.079844","0.038521","1.415837"
"340","260","163.82793","1.080008","0.038869","1.411751"
"350","260","161.198901","1.080117","0.039216","1.407848"
"360","260","158.652918","1.080178","0.039563","1.404118"
"370","260","156.186108","1.080194","0.039908","1.40055"
"380","260","153.794833","1.080169","0.040252","1.397135"
"390","260","151.475677","1.080107","0.040596","1.393864"
"400","260","149.225426","1.080011","0.040938","1.390728"
"410","260","147.041053","1.079885","0.041279","1.387721"
"420","260","144.919707","1.079731","0.041619","1.384834"
"430","260","142.8587","1.079552","0.041958","1.382062"
"440","260","140.855494","1.079349","0.042295","1.379398"
"450","260","138.907689","1.079126","0.042632","1.376837"
"460","260","137.013019","1.078884","0.042967","1.374374"
"470","260","135.16934","1.078625","0.043301","1.372002"
"480","260","133.37462","1.07835","0.043633","1.369719"
"490","260","131.626935","1.078061","0.043965","1.367519"
"500","260","129.924459","1.07776","0.044295","1.365398"
"-100","270","602.365584","0.735532","0.063108","2.207731"
"-90","270","569.47639","0.742218","0.055843","2.269069"
"-80","270","539.992756","0.754883","0.04994","2.312581"
"-70","270","513.411769","0.772728","0.04521","2.330011"
"-60","270","489.324892","0.79447","0.041471","2.317991"
"-50","270","467.396822","0.81853","0.038554","2.279811"
"-40","270","447.349778","0.843357","0.036305","2.223185"
"-30","270","428.951679","0.867697","0.03459","2.157068"
"-20","270","412.007114","0.890713","0.033301","2.088929"
"-10","270","396.350374","0.911954","0.032345","2.023553"
"0","270","381.840018","0.931247","0.031653","1.963332"
"10","270","368.354585","0.948597","0.031166","1.909085"
"20","270","355.789189","0.964102","0.030841","1.860765"
"30","270","344.052782","0.977911","0.030645","1.817923"
"40","270","333.065945","0.990183","0.03055","1.779961"
"50","270","322.759093","1.001081","0.030537","1.746263"
"60","270","313.070992","1.010756","0.030589","1.716253"
"70","270","303.947547","1.019347","0.030694","1.689423"
"80","270","295.340792","1.026977","0.030843","1.665332"
"90","270","287.208043","1.033757","0.031027","1.643604"
"100","270","279.511191","1.039784","0.03124","1.623922"
"110","270","272.216105","1.045144","0.031477","1.606017"
"120","270","265.29213","1.049912","0.031734","1.589663"
"130","270","258.711648","1.054154","0.032007","1.574667"
"140","270","252.449718","1.057927","0.032294","1.560869"
"150","270","246.483755","1.061283","0.032592","1.548129"
"160","270","240.793261","1.064267","0.0329","1.536331"
"170","270","235.359587","1.066917","0.033216","1.525372"
"180","270","230.165731","1.069268","0.033538","1.515167"
"190","270","225.196159","1.071352","0.033865","1.505639"
"200","270","220.43665","1.073195","0.034197","1.496724"
"210","270","215.874161","1.074822","0.034533","1.488364"
"220","270","211.496707","1.076254","0.034872","1.48051"
"230","270","207.293254","1.077511","0.035213","1.473117"
"240","270","203.253631","1.078609","0.035555","1.466147"
"250","270","199.368443","1.079564","0.0359","1.459566"
"260","270","195.628999","1.080389","0.036245","1.453341"
"270","270","192.02725","1.081097","0.036591","1.447447"
"280","270","188.555728","1.081699","0.036937","1.441858"
"290","270","185.207495","1.082204","0.037284","1.436552"
"300","270","181.976098","1.082622","0.037631","1.43151"
"310","270","178.855527","1.082961","0.037977","1.426713"
"320","270","175.840177","1.083228","0.038324","1.422144"
"330","270","172.924813","1.083429","0.038669","1.417789"
"340","270","170.104543","1.083571","0.039014","1.413634"
"350","270","167.374791","1.083658","0.039359","1.409666"
"360","270","164.731266","1.083696","0.039703","1.405874"
"370","270","162.169946","1.08369","0.040045","1.402247"
"380","270","159.687056","1.083643","0.040387","1.398776"
"390","270","157.279048","1.083558","0.040728","1.395451"
"400","270","154.942585","1.08344","0.041068","1.392265"
"410","270","152.674524","1.083292","0.041407","1.389209"
"420","270","150.471905","1.083116","0.041745","1.386276"
"430","270","148.331936","1.082914","0.042082","1.38346"
"440","270","146.251982","1.082689","0.042418","1.380754"
"450","270","144.229552","1.082444","0.042752","1.378152"
"460","270","142.262294","1.08218","0.043086","1.37565"
"470","270","140.347979","1.081898","0.043418","1.373242"
"480","270","138.4845","1.081602","0.043749","1.370923"
"490","270","136.669856","1.081291","0.044079","1.368689"
"500","270","134.902155","1.080968","0.044407","1.366536"
"-100","280","624.592009","0.756265","0.064287","2.181506"
"-90","280","590.489252","0.761388","0.056999","2.239051"
"-80","280","559.917714","0.772279","0.051063","2.280594"
"-70","280","532.355926","0.78818","0.04629","2.299054"
"-60","280","507.380279","0.80793","0.0425","2.291133"
"-50","280","484.643094","0.830103","0.039523","2.25909"
"-40","280","463.856343","0.853273","0.037209","2.209189"
"-30","280","444.779381","0.876247","0.035428","2.149131"
"-20","280","427.209585","0.898188","0.034072","2.085757"
"-10","280","410.975134","0.918605","0.033055","2.023803"
"0","280","395.929366","0.937277","0.032305","1.965889"
"10","280","381.946341","0.954161","0.031765","1.913119"
"20","280","368.9173","0.969318","0.031394","1.865692"
"30","280","356.747836","0.982864","0.031155","1.823346"
"40","280","345.355601","0.994938","0.031023","1.785615"
"50","280","334.66844","1.005684","0.030977","1.751973"
"60","280","324.622862","1.015242","0.031","1.721909"
"70","280","315.162776","1.02374","0.031079","1.694954"
"80","280","306.238444","1.031297","0.031205","1.670696"
"90","280","297.805608","1.038017","0.031368","1.648778"
"100","280","289.824753","1.043995","0.031563","1.628893"
"110","280","282.260489","1.049313","0.031783","1.610782"
"120","280","275.081029","1.054045","0.032025","1.594223"
"130","280","268.257736","1.058254","0.032284","1.579028"
"140","280","261.76475","1.061999","0.032559","1.565036"
"150","280","255.578652","1.065328","0.032846","1.552111"
"160","280","249.678186","1.068285","0.033143","1.540136"
"170","280","244.044018","1.07091","0.03345","1.52901"
"180","280","238.658516","1.073238","0.033763","1.518645"
"190","280","233.505574","1.075298","0.034083","1.508967"
"200","280","228.570446","1.077118","0.034407","1.49991"
"210","280","223.839608","1.078722","0.034736","1.491415"
"220","280","219.300631","1.080131","0.035069","1.483434"
"230","280","214.942078","1.081365","0.035404","1.475921"
"240","280","210.753398","1.08244","0.035741","1.468838"
"250","280","206.724852","1.083372","0.03608","1.462149"
"260","280","202.847428","1.084174","0.036421","1.455823"
"270","280","199.11278","1.084858","0.036762","1.449833"
"280","280","195.513164","1.085437","0.037104","1.444153"
"290","280","192.041386","1.085919","0.037447","1.438762"
"300","280","188.690755","1.086313","0.03779","1.433638"
"310","280","185.45504","1.086628","0.038133","1.428763"
"320","280","182.328427","1.086871","0.038476","1.424122"
"330","280","179.30549","1.087048","0.038818","1.419697"
"340","280","176.381157","1.087166","0.039161","1.415476"
"350","280","173.55068","1.08723","0.039502","1.411445"
"360","280","170.809613","1.087244","0.039843","1.407594"
"370","280","168.153784","1.087214","0.040183","1.40391"
"380","280","165.57928","1.087143","0.040523","1.400385"
"390","280","163.082419","1.087035","0.040862","1.397009"
"400","280","160.659744","1.086894","0.041199","1.393773"
"410","280","158.307994","1.086722","0.041536","1.39067"
"420","280","156.024102","1.086522","0.041872","1.387692"
"430","280","153.805172","1.086297","0.042207","1.384833"
"440","280","151.64847","1.086049","0.042541","1.382086"
"450","280","149.551416","1.085781","0.042873","1.379445"
"460","280","147.511568","1.085493","0.043205","1.376906"
"470","280","145.526618","1.085189","0.043535","1.374462"
"480","280","143.594379","1.08487","0.043865","1.372108"
"490","280","141.712778","1.084537","0.044193","1.369841"
"500","280","139.879851","1.084191","0.04452","1.367657"
"-100","290","646.818435","0.776937","0.065444","2.157183"
"-90","290","611.502113","0.780567","0.05813","2.211348"
"-80","290","579.842672","0.789784","0.05216","2.251025"
"-70","290","551.300084","0.803863","0.047344","2.270118"
"-60","290","525.435665","0.821742","0.043503","2.26549"
"-50","290","501.889366","0.842122","0.040469","2.238637"
"-40","290","480.362908","0.863688","0.038094","2.194655"
"-30","290","460.607082","0.885312","0.036251","2.140157"
"-20","290","442.412056","0.906164","0.034835","2.081345"
"-10","290","425.599894","0.925728","0.033759","2.022801"
"0","290","410.018715","0.943742","0.032953","1.967282"
"10","290","395.538096","0.960122","0.032364","1.916113"
"20","290","382.04541","0.974892","0.031947","1.869711"
"30","290","369.44289","0.988141","0.031668","1.827982"
"40","290","357.645256","0.999985","0.031499","1.790589"
"50","290","346.577787","1.010551","0.031421","1.757097"
"60","290","336.174732","1.019966","0.031415","1.727057"
"70","290","326.378004","1.02835","0.031468","1.700043"
"80","290","317.136095","1.035814","0.03157","1.675674"
"90","290","308.403172","1.042457","0.031713","1.653611"
"100","290","300.138314","1.04837","0.031888","1.633564"
"110","290","292.304873","1.053633","0.032092","1.61528"
"120","290","284.869928","1.058316","0.032318","1.598545"
"130","290","277.803825","1.062482","0.032564","1.583175"
"140","290","271.079782","1.066187","0.032826","1.569011"
"150","290","264.673548","1.06948","0.033102","1.55592"
"160","290","258.563112","1.072404","0.033389","1.543785"
"170","290","252.728449","1.074997","0.033686","1.532505"
"180","290","247.151301","1.077295","0.033991","1.521994"
"190","290","241.814989","1.079325","0.034302","1.512176"
"200","290","236.704242","1.081117","0.034619","1.502986"
"210","290","231.805054","1.082693","0.034941","1.494366"
"220","290","227.104556","1.084074","0.035267","1.486265"
"230","290","222.590901","1.085281","0.035596","1.478639"
"240","290","218.253166","1.086329","0.035928","1.471449"
"250","290","214.081262","1.087234","0.036262","1.464658"
"260","290","210.065858","1.088009","0.036598","1.458237"
"270","290","206.19831","1.088668","0.036935","1.452155"
"280","290","202.470599","1.08922","0.037272","1.446389"
"290","290","198.875277","1.089676","0.037611","1.440916"
"300","290","195.405412","1.090044","0.03795","1.435714"
"310","290","192.054552","1.090333","0.03829","1.430766"
"320","290","188.816677","1.09055","0.038629","1.426054"
"330","290","185.686168","1.090702","0.038968","1.421563"
"340","290","182.657771","1.090794","0.039308","1.417278"
"350","290","179.72657","1.090832","0.039646","1.413187"
"360","290","176.88796","1.090821","0.039984","1.409278"
"370","290","174.137623","1.090766","0.040322","1.40554"
"380","290","171.471503","1.09067","0.040659","1.401962"
"390","290","168.885791","1.090537","0.040995","1.398536"
"400","290","166.376903","1.090371","0.041331","1.395253"
"410","290","163.941465","1.090174","0.041665","1.392104"
"420","290","161.5763","1.08995","0.041999","1.389083"
"430","290","159.278407","1.0897","0.042332","1.386183"
"440","290","157.044958","1.089428","0.042664","1.383396"
"450","290","154.873279","1.089136","0.042995","1.380717"
"460","290","152.760843","1.088825","0.043324","1.378141"
"470","290","150.705257","1.088497","0.043653","1.375662"
"480","290","148.704258","1.088155","0.043981","1.373275"
"490","290","146.755699","1.087798","0.044307","1.370976"
"500","290","144.857546","1.08743","0.044633","1.368761"
"-100","300","669.044861","0.797548","0.06658","2.134539"
"-90","300","632.514975","0.799741","0.059239","2.185678"
"-80","300","599.767629","0.80737","0.053234","2.223601"
"-70","300","570.244241","0.819735","0.048375","2.243038"
"-60","300","543.491051","0.835848","0.044484","2.241062"
"-50","300","519.135638","0.854523","0.041395","2.218607"
"-40","300","496.869473","0.874542","0.038963","2.179827"
"-30","300","476.434783","0.894837","0.037062","2.1304"
"-20","300","457.614527","0.914596","0.035587","2.075907"
"-10","300","440.224654","0.933285","0.034456","2.020714"
"0","300","424.108064","0.950611","0.033599","1.967633"
"10","300","409.129852","0.966454","0.032961","1.918157"
"20","300","395.173521","0.980805","0.0325","1.872884"
"30","300","382.137944","0.993725","0.032181","1.831877"
"40","300","369.934912","1.00531","0.031977","1.794918"
"50","300","358.487135","1.01567","0.031866","1.761659"
"60","300","347.726602","1.02492","0.031832","1.731714"
"70","300","337.593232","1.033169","0.031859","1.704704"
"80","300","328.033747","1.040521","0.031938","1.680276"
"90","300","319.000737","1.047071","0.03206","1.658114"
"100","300","310.451876","1.052904","0.032217","1.637941"
"110","300","302.349256","1.058098","0.032404","1.619517"
"120","300","294.658826","1.062721","0.032615","1.602634"
"130","300","287.349913","1.066833","0.032847","1.587113"
"140","300","280.394814","1.07049","0.033096","1.572798"
"150","300","273.768445","1.073738","0.033361","1.559559"
"160","300","267.448038","1.076621","0.033637","1.547279"
"170","300","261.41288","1.079175","0.033924","1.535859"
"180","300","255.644086","1.081435","0.03422","1.525213"
"190","300","250.124404","1.083431","0.034523","1.515267"
"200","300","244.838038","1.085189","0.034833","1.505954"
"210","300","239.770501","1.086732","0.035148","1.497217"
"220","300","234.908481","1.088081","0.035467","1.489005"
"230","300","230.239725","1.089256","0.03579","1.481273"
"240","300","225.752933","1.090274","0.036116","1.473982"
"250","300","221.437671","1.091149","0.036445","1.467095"
"260","300","217.284287","1.091895","0.036776","1.460583"
"270","300","213.28384","1.092524","0.037108","1.454415"
"280","300","209.428035","1.093047","0.037442","1.448567"
"290","300","205.709167","1.093474","0.037776","1.443015"
"300","300","202.120069","1.093814","0.038111","1.437739"
"310","300","198.654064","1.094075","0.038447","1.43272"
"320","300","195.304927","1.094264","0.038783","1.427941"
"330","300","192.066845","1.094389","0.039119","1.423386"
"340","300","188.934384","1.094453","0.039455","1.41904"
"350","300","185.902459","1.094465","0.039791","1.414892"
"360","300","182.966308","1.094427","0.040126","1.410927"
"370","300","180.121461","1.094345","0.040461","1.407136"
"380","300","177.363726","1.094222","0.040796","1.403508"
"390","300","174.689162","1.094063","0.041129","1.400034"
"400","300","172.094062","1.093871","0.041463","1.396705"
"410","300","169.574936","1.093648","0.041795","1.393512"
"420","300","167.128497","1.093399","0.042127","1.390449"
"430","300","164.751643","1.093124","0.042457","1.387508"
"440","300","162.441447","1.092827","0.042787","1.384683"
"450","300","160.195143","1.09251","0.043116","1.381968"
"460","300","158.010117","1.092174","0.043444","1.379356"
"470","300","155.883896","1.091822","0.043771","1.376843"
"480","300","153.814137","1.091456","0.044097","1.374424"
"490","300","151.798621","1.091075","0.044422","1.372094"
"500","300","149.835242","1.090683","0.044746","1.369848"
"-100","310","691.271286","0.818093","0.067698","2.113387"
"-90","310","653.527836","0.8189","0.060328","2.161805"
"-80","310","619.692587","0.825017","0.054286","2.198087"
"-70","310","589.188399","0.835758","0.049384","2.217659"
"-60","310","561.546438","0.850202","0.045444","2.217822"
"-50","310","536.38191","0.867252","0.042303","2.199104"
"-40","310","513.376038","0.885779","0.039816","2.164892"
"-30","310","492.262485","0.904772","0.037859","2.120069"
"-20","310","472.816999","0.92344","0.03633","2.069635"
"-10","310","454.849414","0.941241","0.035146","2.017696"
"0","310","438.197412","0.957856","0.034239","1.967059"
"10","310","422.721608","0.973133","0.033556","1.919337"
"20","310","408.301631","0.987037","0.033052","1.875276"
"30","310","394.832997","0.999601","0.032695","1.835079"
"40","310","382.224567","1.010901","0.032456","1.798635"
"50","310","370.396482","1.021032","0.032314","1.765685"
"60","310","359.278473","1.030094","0.032251","1.735902"
"70","310","348.80846","1.038188","0.032253","1.708952"
"80","310","338.931398","1.045411","0.032309","1.684513"
"90","310","329.598302","1.051852","0.03241","1.662294"
"100","310","320.765438","1.057592","0.032549","1.642032"
"110","310","312.39364","1.062705","0.032718","1.6235"
"120","310","304.447725","1.067256","0.032914","1.606495"
"130","310","296.896002","1.071305","0.033132","1.590846"
"140","310","289.709847","1.074903","0.033369","1.576401"
"150","310","282.863342","1.078099","0.033621","1.56303"
"160","310","276.332964","1.080932","0.033887","1.550621"
"170","310","270.097311","1.083441","0.034165","1.539075"
"180","310","264.136871","1.085659","0.034451","1.528307"
"190","310","258.433819","1.087613","0.034746","1.518243"
"200","310","252.971834","1.089332","0.035048","1.508816"
"210","310","247.735948","1.090838","0.035356","1.49997"
"220","310","242.712406","1.092151","0.035669","1.491654"
"230","310","237.888549","1.093291","0.035986","1.483823"
"240","310","233.2527","1.094274","0.036306","1.476437"
"250","310","228.79408","1.095116","0.036629","1.469461"
"260","310","224.502716","1.095829","0.036955","1.462862"
"270","310","220.36937","1.096426","0.037283","1.456612"
"280","310","216.385471","1.096917","0.037612","1.450686"
"290","310","212.543058","1.097313","0.037942","1.44506"
"300","310","208.834726","1.097623","0.038273","1.439714"
"310","310","205.253577","1.097854","0.038605","1.434628"
"320","310","201.793177","1.098013","0.038938","1.429784"
"330","310","198.447522","1.098108","0.039271","1.425168"
"340","310","195.210998","1.098144","0.039603","1.420764"
"350","310","192.078349","1.098126","0.039936","1.416559"
"360","310","189.044655","1.09806","0.040269","1.412542"
"370","310","186.105299","1.09795","0.040601","1.4087"
"380","310","183.255949","1.0978","0.040933","1.405023"
"390","310","180.492533","1.097613","0.041264","1.401503"
"400","310","177.811221","1.097394","0.041595","1.398129"
"410","310","175.208407","1.097145","0.041925","1.394894"
"420","310","172.680694","1.096868","0.042254","1.391791"
"430","310","170.224878","1.096568","0.042583","1.388811"
"440","310","167.837935","1.096245","0.042911","1.385948"
"450","310","165.517006","1.095902","0.043238","1.383197"
"460","310","163.259392","1.095541","0.043564","1.380551"
"470","310","161.062535","1.095164","0.043889","1.378006"
"480","310","158.924017","1.094772","0.044214","1.375555"
"490","310","156.841543","1.094368","0.044537","1.373194"
"500","310","154.812938","1.093951","0.044859","1.370919"
"-100","320","713.497712","0.838573","0.0688","2.093566"
"-90","320","674.540698","0.838036","0.061398","2.139529"
"-80","320","639.617545","0.842705","0.055319","2.174281"
"-70","320","608.132556","0.851904","0.050373","2.193836"
"-60","320","579.601824","0.864763","0.046385","2.19573"
"-50","320","553.628182","0.880263","0.043192","2.180194"
"-40","320","529.882603","0.897351","0.040653","2.149996"
"-30","320","508.090186","0.915071","0.038643","2.10934"
"-20","320","488.01947","0.932656","0.037062","2.062694"
"-10","320","469.474174","0.949562","0.035828","2.013887"
"0","320","452.286761","0.965448","0.034874","1.965671"
"10","320","436.313363","0.980138","0.034147","1.919737"
"20","320","421.429742","0.993569","0.033603","1.876952"
"30","320","407.528051","1.005753","0.033208","1.837634"
"40","320","394.514223","1.016745","0.032935","1.801778"
"50","320","382.305829","1.026624","0.032763","1.769202"
"60","320","370.830343","1.035478","0.032672","1.739641"
"70","320","360.023689","1.043401","0.032649","1.712803"
"80","320","349.829049","1.050479","0.032682","1.6884"
"90","320","340.195866","1.056796","0.032763","1.666163"
"100","320","331.079","1.062429","0.032883","1.645847"
"110","320","322.438024","1.067449","0.033035","1.627234"
"120","320","314.236624","1.071918","0.033216","1.610134"
"130","320","306.44209","1.075893","0.03342","1.594379"
"140","320","299.024879","1.079425","0.033644","1.579822"
"150","320","291.958239","1.082559","0.033884","1.566338"
"160","320","285.217889","1.085337","0.03414","1.553814"
"170","320","278.781742","1.087794","0.034407","1.542155"
"180","320","272.629656","1.089962","0.034685","1.531277"
"190","320","266.743234","1.091871","0.034971","1.521105"
"200","320","261.10563","1.093545","0.035265","1.511574"
"210","320","255.701395","1.095009","0.035566","1.502628"
"220","320","250.516331","1.096282","0.035872","1.494215"
"230","320","245.537372","1.097383","0.036183","1.486292"
"240","320","240.752468","1.098328","0.036497","1.478817"
"250","320","236.15049","1.099133","0.036815","1.471756"
"260","320","231.721146","1.099811","0.037135","1.465076"
"270","320","227.4549","1.100373","0.037458","1.458749"
"280","320","223.342907","1.10083","0.037783","1.452749"
"290","320","219.376949","1.101193","0.038109","1.447053"
"300","320","215.549383","1.10147","0.038436","1.441639"
"310","320","211.853089","1.101668","0.038765","1.436488"
"320","320","208.281428","1.101796","0.039093","1.431583"
"330","320","204.8282","1.10186","0.039423","1.426908"
"340","320","201.487611","1.101865","0.039752","1.422449"
"350","320","198.254239","1.101817","0.040082","1.418191"
"360","320","195.123002","1.101721","0.040412","1.414122"
"370","320","192.089138","1.101582","0.040741","1.410231"
"380","320","189.148172","1.101402","0.04107","1.406508"
"390","320","186.295904","1.101187","0.041399","1.402943"
"400","320","183.52838","1.10094","0.041728","1.399527"
"410","320","180.841878","1.100663","0.042055","1.396251"
"420","320","178.232892","1.100359","0.042383","1.393108"
"430","320","175.698114","1.100031","0.042709","1.39009"
"440","320","173.234423","1.099681","0.043035","1.387192"
"450","320","170.83887","1.099312","0.04336","1.384406"
"460","320","168.508666","1.098925","0.043684","1.381727"
"470","320","166.241174","1.098522","0.044008","1.379149"
"480","320","164.033896","1.098105","0.04433","1.376668"
"490","320","161.884464","1.097675","0.044652","1.374278"
"500","320","159.790634","1.097234","0.044973","1.371974"
"-100","330","735.724137","0.858985","0.069885","2.074941"
"-90","330","695.553559","0.857145","0.062451","2.11868"
"-80","330","659.542503","0.860421","0.056334","2.152007"
"-70","330","627.076714","0.868148","0.051345","2.171438"
"-60","330","597.65721","0.879498","0.047309","2.174732"
"-50","330","570.874454","0.893516","0.044066","2.161914"
"-40","330","546.389167","0.909217","0.041475","2.135246"
"-30","330","523.917888","0.925695","0.039415","2.098355"
"-20","330","503.221941","0.942209","0.037785","2.055228"
"-10","330","484.098934","0.958216","0.036503","2.009412"
"0","330","466.37611","0.973361","0.035504","1.963573"
"10","330","449.905119","0.987445","0.034734","1.919439"
"20","330","434.557852","1.000383","0.034151","1.877971"
"30","330","420.223105","1.012165","0.033721","1.839591"
"40","330","406.803878","1.022828","0.033415","1.804383"
"50","330","394.215177","1.032436","0.033212","1.772239"
"60","330","382.382213","1.041065","0.033094","1.742952"
"70","330","371.238917","1.048798","0.033046","1.716274"
"80","330","360.726701","1.055716","0.033057","1.691949"
"90","330","350.793431","1.061895","0.033117","1.669731"
"100","330","341.392562","1.06741","0.033218","1.649392"
"110","330","332.482407","1.072325","0.033354","1.630728"
"120","330","324.025523","1.076701","0.033519","1.613557"
"130","330","315.988179","1.080594","0.033709","1.597717"
"140","330","308.339911","1.084051","0.03392","1.583068"
"150","330","301.053136","1.087117","0.034149","1.569486"
"160","330","294.102815","1.089832","0.034394","1.556862"
"170","330","287.466173","1.09223","0.034651","1.545103"
"180","330","281.122442","1.094344","0.03492","1.534125"
"190","330","275.052649","1.096201","0.035198","1.523856"
"200","330","269.239426","1.097827","0.035484","1.51423"
"210","330","263.666841","1.099244","0.035777","1.505191"
"220","330","258.320256","1.100473","0.036076","1.496689"
"230","330","253.186196","1.101531","0.036381","1.48868"
"240","330","248.252235","1.102435","0.036689","1.481122"
"250","330","243.506899","1.1032","0.037002","1.473981"
"260","330","238.939575","1.103839","0.037317","1.467225"
"270","330","234.54043","1.104364","0.037635","1.460826"
"280","330","230.300342","1.104785","0.037955","1.454756"
"290","330","226.21084","1.105111","0.038277","1.448992"
"300","330","222.26404","1.105353","0.0386","1.443515"
"310","330","218.452601","1.105518","0.038925","1.438303"
"320","330","214.769678","1.105612","0.03925","1.43334"
"330","330","211.208877","1.105643","0.039576","1.428609"
"340","330","207.764225","1.105616","0.039902","1.424095"
"350","330","204.430128","1.105536","0.040229","1.419786"
"360","330","201.201349","1.105409","0.040555","1.415668"
"370","330","198.072976","1.105239","0.040882","1.411731"
"380","330","195.040396","1.105029","0.041208","1.407963"
"390","330","192.099275","1.104784","0.041535","1.404355"
"400","330","189.245539","1.104508","0.041861","1.400897"
"410","330","186.475349","1.104202","0.042186","1.397582"
"420","330","183.785089","1.103869","0.042511","1.394401"
"430","330","181.171349","1.103513","0.042836","1.391347"
"440","330","178.630911","1.103136","0.043159","1.388413"
"450","330","176.160733","1.102739","0.043482","1.385594"
"460","330","173.757941","1.102325","0.043805","1.382883"
"470","330","171.419813","1.101896","0.044127","1.380274"
"480","330","169.143775","1.101453","0.044447","1.377763"
"490","330","166.927386","1.100997","0.044767","1.375344"
"500","330","164.76833","1.10053","0.045087","1.373014"
"-100","340","757.950563","0.879331","0.070957","2.057396"
"-90","340","716.566421","0.87622","0.063489","2.099111"
"-80","340","679.46746","0.878154","0.057333","2.131115"
"-70","340","646.020871","0.88447","0.0523","2.150344"
"-60","340","615.712597","0.894378","0.048217","2.154773"
"-50","340","588.120726","0.906977","0.044925","2.144282"
"-40","340","562.895732","0.92134","0.042285","2.120723"
"-30","340","539.745589","0.936608","0.040175","2.087231"
"-20","340","518.424412","0.952066","0.038498","2.047361"
"-10","340","498.723694","0.967175","0.037171","2.004384"
"0","340","480.465458","0.981569","0.036128","1.960857"
"10","340","463.496874","0.995034","0.035318","1.918518"
"20","340","447.685963","1.007461","0.034697","1.878395"
"30","340","432.918159","1.018823","0.034231","1.840996"
"40","340","419.093533","1.029138","0.033893","1.806485"
"50","340","406.124524","1.038457","0.033661","1.774823"
"60","340","393.934084","1.046844","0.033516","1.745858"
"70","340","382.454145","1.054373","0.033444","1.719383"
"80","340","371.624352","1.061116","0.033433","1.695174"
"90","340","361.390995","1.067145","0.033473","1.673009"
"100","340","351.706123","1.072529","0.033556","1.652678"
"110","340","342.526791","1.077329","0.033675","1.633989"
"120","340","333.814422","1.081603","0.033825","1.61677"
"130","340","325.534268","1.085404","0.034001","1.600866"
"140","340","317.654944","1.088778","0.034199","1.586142"
"150","340","310.148033","1.091769","0.034416","1.572478"
"160","340","302.987741","1.094414","0.03465","1.559769"
"170","340","296.150604","1.096748","0.034897","1.547922"
"180","340","289.615227","1.098802","0.035156","1.536855"
"190","340","283.362064","1.100603","0.035426","1.526498"
"200","340","277.373222","1.102175","0.035704","1.516785"
"210","340","271.632288","1.103542","0.03599","1.507662"
"220","340","266.124181","1.104722","0.036282","1.499078"
"230","340","260.835019","1.105734","0.03658","1.490989"
"240","340","255.752002","1.106594","0.036883","1.483354"
"250","340","250.863309","1.107316","0.03719","1.476139"
"260","340","246.158004","1.107913","0.0375","1.469312"
"270","340","241.62596","1.108398","0.037813","1.462843"
"280","340","237.257778","1.10878","0.038128","1.456707"
"290","340","233.04473","1.109069","0.038446","1.450881"
"300","340","228.978697","1.109273","0.038765","1.445342"
"310","340","225.052113","1.109402","0.039085","1.440072"
"320","340","221.257928","1.10946","0.039407","1.435053"
"330","340","217.589555","1.109457","0.039729","1.430269"
"340","340","214.040838","1.109396","0.040052","1.425705"
"350","340","210.606018","1.109283","0.040376","1.421346"
"360","340","207.279697","1.109123","0.040699","1.417182"
"370","340","204.056814","1.108921","0.041023","1.413199"
"380","340","200.932619","1.10868","0.041347","1.409388"
"390","340","197.902646","1.108404","0.041671","1.405738"
"400","340","194.962698","1.108097","0.041994","1.402241"
"410","340","192.108819","1.107761","0.042317","1.398887"
"420","340","189.337286","1.1074","0.04264","1.39567"
"430","340","186.644585","1.107015","0.042962","1.392581"
"440","340","184.0274","1.106609","0.043284","1.389614"
"450","340","181.482597","1.106184","0.043605","1.386762"
"460","340","179.007215","1.105743","0.043926","1.38402"
"470","340","176.598452","1.105286","0.044246","1.381381"
"480","340","174.253655","1.104816","0.044565","1.378841"
"490","340","171.970307","1.104334","0.044883","1.376394"
"500","340","169.746026","1.103841","0.0452","1.374037"
"-100","350","780.176989","0.89961","0.072014","2.040829"
"-90","350","737.579282","0.895257","0.064512","2.080698"
"-80","350","699.392418","0.895892","0.058317","2.11147"
"-70","350","664.965029","0.900854","0.05324","2.130446"
"-60","350","633.767983","0.909379","0.04911","2.135794"
"-50","350","605.366998","0.920616","0.04577","2.127301"
"-40","350","579.402297","0.933688","0.043081","2.106485"
"-30","350","555.57329","0.947778","0.040925","2.076059"
"-20","350","533.626884","0.962197","0.039201","2.039197"
"-10","350","513.348454","0.976411","0.03783","1.998903"
"0","350","494.554807","0.990051","0.036746","1.957612"
"10","350","477.08863","1.002884","0.035897","1.917046"
"20","350","460.814073","1.014787","0.035239","1.878281"
"30","350","445.613213","1.025712","0.03474","1.841894"
"40","350","431.383189","1.035664","0.034371","1.80812"
"50","350","418.033871","1.044677","0.03411","1.776983"
"60","350","405.485954","1.052807","0.033939","1.748381"
"70","350","393.669374","1.060117","0.033843","1.722148"
"80","350","382.522004","1.066672","0.03381","1.698091"
"90","350","371.98856","1.072539","0.03383","1.67601"
"100","350","362.019685","1.077781","0.033895","1.655715"
"110","350","352.571175","1.082456","0.033997","1.637026"
"120","350","343.603321","1.086619","0.034132","1.61978"
"130","350","335.080356","1.09032","0.034294","1.603831"
"140","350","326.969976","1.093604","0.034479","1.589049"
"150","350","319.242929","1.096513","0.034684","1.575318"
"160","350","311.872667","1.099082","0.034907","1.562537"
"170","350","304.835035","1.101346","0.035144","1.550614"
"180","350","298.108012","1.103334","0.035394","1.539469"
"190","350","291.671479","1.105074","0.035655","1.529033"
"200","350","285.507018","1.106588","0.035925","1.519243"
"210","350","279.597735","1.1079","0.036204","1.510043"
"220","350","273.928106","1.109028","0.036489","1.501383"
"230","350","268.483843","1.109991","0.036781","1.49322"
"240","350","263.25177","1.110803","0.037077","1.485514"
"250","350","258.219718","1.111479","0.037378","1.47823"
"260","350","253.376434","1.112032","0.037683","1.471336"
"270","350","248.71149","1.112474","0.037991","1.464803"
"280","350","244.215214","1.112814","0.038302","1.458605"
"290","350","239.878621","1.113063","0.038615","1.452719"
"300","350","235.693354","1.113229","0.03893","1.447123"
"310","350","231.651626","1.113319","0.039247","1.441798"
"320","350","227.746178","1.113341","0.039565","1.436726"
"330","350","223.970232","1.113301","0.039883","1.43189"
"340","350","220.317452","1.113204","0.040203","1.427277"
"350","350","216.781907","1.113057","0.040523","1.422872"
"360","350","213.358044","1.112863","0.040844","1.418662"
"370","350","210.040652","1.112628","0.041165","1.414636"
"380","350","206.824842","1.112354","0.041486","1.410784"
"390","350","203.706018","1.112047","0.041807","1.407094"
"400","350","200.679857","1.111708","0.042128","1.403559"
"410","350","197.74229","1.111341","0.042449","1.400169"
"420","350","194.889484","1.110949","0.042769","1.396916"
"430","350","192.117821","1.110535","0.04309","1.393793"
"440","350","189.423888","1.1101","0.043409","1.390793"
"450","350","186.80446","1.109646","0.043728","1.38791"
"460","350","184.25649","1.109176","0.044047","1.385137"
"470","350","181.777092","1.108692","0.044365","1.38247"
"480","350","179.363534","1.108194","0.044682","1.379902"
"490","350","177.013229","1.107685","0.044999","1.377428"
"500","350","174.723722","1.107165","0.045315","1.375045"
"-100","360","802.403414","0.919821","0.07306","2.025151"
"-90","360","758.592144","0.914255","0.065522","2.063331"
"-80","360","719.317376","0.91363","0.059287","2.092958"
"-70","360","683.909186","0.917286","0.054167","2.111644"
"-60","360","651.823369","0.924483","0.04999","2.117738"
"-50","360","622.61327","0.934408","0.046602","2.110965"
"-40","360","595.908862","0.946232","0.043866","2.092572"
"-30","360","571.400992","0.959177","0.041663","2.064914"
"-20","360","548.829355","0.972574","0.039896","2.030824"
"-10","360","527.973214","0.985901","0.038482","1.993056"
"0","360","508.644156","0.998784","0.037358","1.953914"
"10","360","490.680385","1.010978","0.036471","1.915088"
"20","360","473.942184","1.022344","0.035778","1.877682"
"30","360","458.308267","1.032819","0.035246","1.842328"
"40","360","443.672844","1.042392","0.034847","1.809323"
"50","360","429.943219","1.051087","0.034558","1.778746"
"60","360","417.037824","1.058946","0.034362","1.750543"
"70","360","404.884602","1.066023","0.034243","1.724586"
"80","360","393.419655","1.072379","0.034188","1.700712"
"90","360","382.586125","1.078072","0.034188","1.678745"
"100","360","372.333247","1.083162","0.034235","1.658511"
"110","360","362.615558","1.087702","0.034321","1.639845"
"120","360","353.39222","1.091745","0.03444","1.622593"
"130","360","344.626445","1.095339","0.034588","1.606618"
"140","360","336.285008","1.098525","0.034761","1.591795"
"150","360","328.337826","1.101345","0.034954","1.578012"
"160","360","320.757592","1.103832","0.035166","1.56517"
"170","360","313.519466","1.10602","0.035393","1.553182"
"180","360","306.600797","1.107938","0.035634","1.54197"
"190","360","299.980894","1.109612","0.035886","1.531465"
"200","360","293.640814","1.111064","0.036148","1.521605"
"210","360","287.563182","1.112317","0.036419","1.512335"
"220","360","281.732031","1.11339","0.036698","1.503606"
"230","360","276.132667","1.114299","0.036983","1.495376"
"240","360","270.751537","1.115061","0.037273","1.487604"
"250","360","265.576128","1.115688","0.037568","1.480255"
"260","360","260.594863","1.116195","0.037868","1.473299"
"270","360","255.79702","1.116591","0.038171","1.466705"
"280","360","251.17265","1.116888","0.038477","1.460449"
"290","360","246.712512","1.117095","0.038786","1.454507"
"300","360","242.40801","1.117219","0.039096","1.448856"
"310","360","238.251138","1.11727","0.039409","1.443479"
"320","360","234.234428","1.117253","0.039723","1.438357"
"330","360","230.35091","1.117175","0.040038","1.433473"
"340","360","226.594065","1.117041","0.040355","1.428813"
"350","360","222.957797","1.116858","0.040672","1.424363"
"360","360","219.436391","1.116629","0.040989","1.420111"
"370","360","216.024491","1.116359","0.041307","1.416043"
"380","360","212.717065","1.116052","0.041626","1.412151"
"390","360","209.509389","1.115711","0.041944","1.408423"
"400","360","206.397016","1.11534","0.042263","1.404851"
"410","360","203.375761","1.114941","0.042581","1.401425"
"420","360","200.441681","1.114518","0.042899","1.398139"
"430","360","197.591056","1.114073","0.043217","1.394983"
"440","360","194.820376","1.113608","0.043534","1.391952"
"450","360","192.126324","1.113125","0.043852","1.389038"
"460","360","189.505764","1.112626","0.044168","1.386236"
"470","360","186.955731","1.112112","0.044484","1.38354"
"480","360","184.473413","1.111587","0.0448","1.380945"
"490","360","182.05615","1.11105","0.045115","1.378446"
"500","360","179.701418","1.110503","0.045429","1.376037"
"-100","370","824.62984","0.939966","0.074093","2.010285"
"-90","370","779.605005","0.93321","0.066519","2.046915"
"-80","370","739.242334","0.931359","0.060245","2.075477"
"-70","370","702.853344","0.933753","0.055081","2.09385"
"-60","370","669.878756","0.93967","0.050858","2.100548"
"-50","370","639.859542","0.948333","0.047423","2.09526"
"-40","370","612.415427","0.95895","0.04464","2.079013"
"-30","370","587.228693","0.970778","0.042392","2.053854"
"-20","370","564.031826","0.983173","0.040581","2.022315"
"-10","370","542.597974","0.995622","0.039127","1.986919"
"0","370","522.733504","1.007748","0.037964","1.949834"
"10","370","504.272141","1.019297","0.03704","1.912705"
"20","370","487.070294","1.030117","0.036314","1.876649"
"30","370","471.003321","1.04013","0.03575","1.84234"
"40","370","455.9625","1.049313","0.035322","1.810127"
"50","370","441.852566","1.057675","0.035006","1.780139"
"60","370","428.589695","1.06525","0.034784","1.752365"
"70","370","416.09983","1.072084","0.034642","1.726715"
"80","370","404.317306","1.078229","0.034566","1.703053"
"90","370","393.183689","1.083738","0.034547","1.681226"
"100","370","382.646809","1.088666","0.034576","1.661078"
"110","370","372.659942","1.093063","0.034645","1.642456"
"120","370","363.181119","1.096978","0.034749","1.625218"
"130","370","354.172533","1.100456","0.034884","1.609233"
"140","370","345.600041","1.103538","0.035043","1.594383"
"150","370","337.432723","1.106262","0.035225","1.580561"
"160","370","329.642518","1.108662","0.035426","1.567672"
"170","370","322.203897","1.11077","0.035643","1.555631"
"180","370","315.093582","1.112612","0.035874","1.544361"
"190","370","308.290309","1.114215","0.036118","1.533795"
"200","370","301.77461","1.115602","0.036372","1.523873"
"210","370","295.528628","1.116793","0.036636","1.514541"
"220","370","289.535956","1.117806","0.036907","1.50575"
"230","370","283.78149","1.118659","0.037185","1.497457"
"240","370","278.251304","1.119367","0.03747","1.489625"
"250","370","272.932537","1.119943","0.037759","1.482217"
"260","370","267.813292","1.1204","0.038053","1.475202"
"270","370","262.882549","1.120749","0.038351","1.468552"
"280","370","258.130085","1.121","0.038653","1.462241"
"290","370","253.546403","1.121162","0.038957","1.456246"
"300","370","249.122667","1.121244","0.039263","1.450544"
"310","370","244.85065","1.121252","0.039572","1.445118"
"320","370","240.722678","1.121195","0.039882","1.439948"
"330","370","236.731587","1.121078","0.040194","1.435018"
"340","370","232.870679","1.120906","0.040507","1.430314"
"350","370","229.133687","1.120685","0.040821","1.425821"
"360","370","225.514739","1.12042","0.041135","1.421527"
"370","370","222.008329","1.120114","0.04145","1.41742"
"380","370","218.609288","1.119772","0.041766","1.41349"
"390","370","215.31276","1.119397","0.042082","1.409725"
"400","370","212.114175","1.118993","0.042398","1.406118"
"410","370","209.009232","1.118561","0.042713","1.402658"
"420","370","205.993878","1.118106","0.043029","1.399339"
"430","370","203.064292","1.117629","0.043345","1.396151"
"440","370","200.216864","1.117133","0.04366","1.39309"
"450","370","197.448187","1.11662","0.043975","1.390147"
"460","370","194.755039","1.116091","0.04429","1.387317"
"470","370","192.13437","1.115548","0.044604","1.384594"
"480","370","189.583292","1.114994","0.044918","1.381972"
"490","370","187.099072","1.114429","0.045231","1.379448"
"500","370","184.679114","1.113854","0.045543","1.377015"
"-100","380","846.856265","0.960046","0.075115","1.996164"
"-90","380","800.617867","0.952121","0.067505","2.031368"
"-80","380","759.167291","0.949075","0.06119","2.058938"
"-70","380","721.797501","0.950246","0.055983","2.076984"
"-60","380","687.934142","0.954927","0.051714","2.084171"
"-50","380","657.105814","0.96237","0.048233","2.080168"
"-40","380","628.921992","0.971818","0.045404","2.065824"
"-30","380","603.056395","0.98256","0.043112","2.042923"
"-20","380","579.234297","0.993972","0.041259","2.013731"
"-10","380","557.222734","1.005553","0.039764","1.980557"
"0","380","536.822853","1.016924","0.038564","1.945434"
"10","380","517.863897","1.027825","0.037605","1.909953"
"20","380","500.198405","1.038091","0.036845","1.875229"
"30","380","483.698375","1.047633","0.036251","1.841968"
"40","380","468.252155","1.056414","0.035794","1.810564"
"50","380","453.761913","1.064433","0.035452","1.781188"
"60","380","440.141565","1.071714","0.035206","1.75387"
"70","380","427.315059","1.078293","0.035041","1.728552"
"80","380","415.214958","1.084216","0.034944","1.705128"
"90","380","403.781254","1.089532","0.034906","1.683465"
"100","380","392.960371","1.094289","0.034917","1.663424"
"110","380","382.704326","1.098534","0.03497","1.644866"
"120","380","372.970017","1.102314","0.03506","1.627659"
"130","380","363.718622","1.10567","0.03518","1.611682"
"140","380","354.915073","1.108641","0.035327","1.59682"
"150","380","346.52762","1.111263","0.035497","1.582973"
"160","380","338.527444","1.11357","0.035687","1.570048"
"170","380","330.888328","1.115592","0.035894","1.557963"
"180","380","323.586367","1.117354","0.036116","1.546644"
"190","380","316.599724","1.118883","0.036351","1.536026"
"200","380","309.908406","1.120199","0.036597","1.52605"
"210","380","303.494075","1.121324","0.036853","1.516662"
"220","380","297.339881","1.122275","0.037117","1.507815"
"230","380","291.430314","1.123068","0.037389","1.499466"
"240","380","285.751071","1.123719","0.037667","1.491578"
"250","380","280.288946","1.124242","0.037951","1.484115"
"260","380","275.031722","1.124647","0.03824","1.477047"
"270","380","269.968079","1.124946","0.038533","1.470344"
"280","380","265.087521","1.125149","0.038829","1.463982"
"290","380","260.380294","1.125264","0.039129","1.457937"
"300","380","255.837324","1.125301","0.039431","1.452187"
"310","380","251.450163","1.125267","0.039735","1.446714"
"320","380","247.210929","1.125167","0.040042","1.441499"
"330","380","243.112265","1.125009","0.04035","1.436526"
"340","380","239.147292","1.124797","0.04066","1.431779"
"350","380","235.309576","1.124538","0.04097","1.427246"
"360","380","231.593086","1.124235","0.041282","1.422913"
"370","380","227.992167","1.123892","0.041594","1.418768"
"380","380","224.501512","1.123514","0.041906","1.414801"
"390","380","221.116131","1.123104","0.042219","1.411001"
"400","380","217.831334","1.122665","0.042533","1.40736"
"410","380","214.642703","1.1222","0.042846","1.403867"
"420","380","211.546076","1.121712","0.04316","1.400516"
"430","380","208.537527","1.121203","0.043473","1.397299"
"440","380","205.613353","1.120675","0.043786","1.394208"
"450","380","202.770051","1.120131","0.044099","1.391237"
"460","380","200.004313","1.119571","0.044412","1.388379"
"470","380","197.313009","1.118999","0.044724","1.38563"
"480","380","194.693172","1.118415","0.045036","1.382983"
"490","380","192.141993","1.117821","0.045347","1.380434"
"500","380","189.65681","1.117219","0.045658","1.377977"
"-100","390","869.082691","0.98006","0.076127","1.982726"
"-90","390","821.630729","0.970986","0.06848","2.016615"
"-80","390","779.092249","0.966773","0.062125","2.043259"
"-70","390","740.741659","0.966756","0.056874","2.060974"
"-60","390","705.989528","0.970241","0.05256","2.068554"
"-50","390","674.352086","0.976504","0.049032","2.065667"
"-40","390","645.428556","0.984819","0.046159","2.053015"
"-30","390","618.884096","0.994502","0.043823","2.032157"
"-20","390","594.436768","1.004952","0.041928","2.005123"
"-10","390","571.847494","1.015674","0.040395","1.974026"
"0","390","550.912202","1.026295","0.039158","1.94077"
"10","390","531.455652","1.036545","0.038165","1.90688"
"20","390","513.326515","1.046253","0.037373","1.873465"
"30","390","496.393429","1.055316","0.036749","1.84125"
"40","390","480.54181","1.063686","0.036264","1.810664"
"50","390","465.671261","1.071352","0.035896","1.781918"
"60","390","451.693435","1.078327","0.035626","1.755078"
"70","390","438.530287","1.084642","0.035439","1.730116"
"80","390","426.112609","1.090335","0.035322","1.706951"
"90","390","414.378818","1.095448","0.035265","1.685473"
"100","390","403.273933","1.100026","0.035259","1.665559"
"110","390","392.748709","1.104112","0.035296","1.647084"
"120","390","382.758916","1.107748","0.035371","1.629926"
"130","390","373.26471","1.110975","0.035477","1.61397"
"140","390","364.230105","1.113829","0.035612","1.59911"
"150","390","355.622517","1.116345","0.03577","1.585249"
"160","390","347.41237","1.118554","0.035949","1.5723"
"170","390","339.572759","1.120484","0.036146","1.560182"
"180","390","332.079152","1.122162","0.036359","1.548824"
"190","390","324.909139","1.123612","0.036585","1.538162"
"200","390","318.042202","1.124854","0.036823","1.528138"
"210","390","311.459522","1.125909","0.037071","1.518701"
"220","390","305.143806","1.126795","0.037329","1.509804"
"230","390","299.079137","1.127526","0.037594","1.501404"
"240","390","293.250839","1.128118","0.037866","1.493465"
"250","390","287.645356","1.128583","0.038144","1.485952"
"260","390","282.250151","1.128934","0.038427","1.478834"
"270","390","277.053609","1.129181","0.038715","1.472083"
"280","390","272.044957","1.129334","0.039006","1.465673"
"290","390","267.214184","1.129401","0.039301","1.459582"
"300","390","262.551981","1.129392","0.039599","1.453787"
"310","390","258.049675","1.129312","0.0399","1.448269"
"320","390","253.699179","1.129169","0.040202","1.443011"
"330","390","249.492942","1.128968","0.040507","1.437997"
"340","390","245.423906","1.128715","0.040813","1.43321"
"350","390","241.485466","1.128416","0.04112","1.428638"
"360","390","237.671433","1.128074","0.041428","1.424268"
"370","390","233.976005","1.127693","0.041737","1.420087"
"380","390","230.393735","1.127278","0.042047","1.416085"
"390","390","226.919502","1.126832","0.042358","1.412251"
"400","390","223.548493","1.126358","0.042668","1.408577"
"410","390","220.276174","1.125858","0.042979","1.405053"
"420","390","217.098273","1.125336","0.04329","1.401672"
"430","390","214.010763","1.124794","0.043601","1.398425"
"440","390","211.009841","1.124234","0.043912","1.395306"
"450","390","208.091914","1.123658","0.044223","1.392307"
"460","390","205.253588","1.123067","0.044534","1.389424"
"470","390","202.491648","1.122464","0.044844","1.386649"
"480","390","199.803051","1.121851","0.045154","1.383977"
"490","390","197.184915","1.121227","0.045464","1.381404"
"500","390","194.634506","1.120596","0.045773","1.378925"
"-100","400","891.309117","1.000009","0.07713","1.969919"
"-90","400","842.64359","0.989804","0.069445","2.002591"
"-80","400","799.017207","0.98445","0.063049","2.028373"
"-70","400","759.685816","0.983277","0.057755","2.045755"
"-60","400","724.044914","0.985601","0.053396","2.053651"
"-50","400","691.598358","0.990721","0.049823","2.051734"
"-40","400","661.935121","0.997936","0.046904","2.040589"
"-30","400","634.711797","1.006588","0.044526","2.021582"
"-20","400","609.63924","1.016093","0.042591","1.996533"
"-10","400","586.472254","1.02597","0.041019","1.967376"
"0","400","565.001551","1.035844","0.039746","1.93589"
"10","400","545.047408","1.045445","0.03872","1.903534"
"20","400","526.454626","1.05459","0.037897","1.871398"
"30","400","509.088483","1.063167","0.037244","1.840221"
"40","400","492.831466","1.071118","0.036732","1.810458"
"50","400","477.580608","1.078422","0.036338","1.782355"
"60","400","463.245305","1.085084","0.036045","1.756008"
"70","400","449.745515","1.091126","0.035837","1.731421"
"80","400","437.010261","1.096579","0.0357","1.708536"
"90","400","424.976383","1.101481","0.035624","1.687262"
"100","400","413.587494","1.105872","0.035601","1.667494"
"110","400","402.793093","1.109791","0.035622","1.649118"
"120","400","392.547815","1.113278","0.035682","1.632024"
"130","400","382.810799","1.116369","0.035775","1.616104"
"140","400","373.545137","1.119101","0.035897","1.601259"
"150","400","364.717413","1.121504","0.036044","1.587397"
"160","400","356.297295","1.123609","0.036212","1.574432"
"170","400","348.257189","1.125444","0.036399","1.56229"
"180","400","340.571938","1.127034","0.036602","1.550901"
"190","400","333.218555","1.128401","0.03682","1.540203"
"200","400","326.175998","1.129566","0.03705","1.530139"
"210","400","319.424968","1.130548","0.037291","1.52066"
"220","400","312.947731","1.131364","0.037541","1.511718"
"230","400","306.727961","1.13203","0.037799","1.503273"
"240","400","300.750606","1.13256","0.038065","1.495288"
"250","400","295.001765","1.132966","0.038337","1.487729"
"260","400","289.46858","1.133261","0.038615","1.480566"
"270","400","284.139139","1.133453","0.038898","1.473769"
"280","400","279.002393","1.133554","0.039184","1.467315"
"290","400","274.048075","1.133572","0.039475","1.46118"
"300","400","269.266638","1.133514","0.039768","1.455343"
"310","400","264.649187","1.133387","0.040065","1.449784"
"320","400","260.187429","1.133199","0.040363","1.444486"
"330","400","255.873619","1.132954","0.040664","1.439432"
"340","400","251.700519","1.132659","0.040967","1.434607"
"350","400","247.661355","1.132318","0.04127","1.429999"
"360","400","243.74978","1.131936","0.041576","1.425592"
"370","400","239.959844","1.131517","0.041882","1.421377"
"380","400","236.285958","1.131063","0.042189","1.417342"
"390","400","232.722873","1.13058","0.042496","1.413476"
"400","400","229.265652","1.13007","0.042804","1.409771"
"410","400","225.909644","1.129535","0.043113","1.406217"
"420","400","222.65047","1.128978","0.043421","1.402806"
"430","400","219.483998","1.128402","0.04373","1.399531"
"440","400","216.406329","1.127809","0.044039","1.396384"
"450","400","213.413778","1.1272","0.044348","1.39336"
"460","400","210.502862","1.126578","0.044656","1.390451"
"470","400","207.670287","1.125944","0.044965","1.387651"
"480","400","204.91293","1.1253","0.045273","1.384956"
"490","400","202.227837","1.124646","0.04558","1.38236"
"500","400","199.612201","1.123985","0.045888","1.379858"
"-100","410","913.535542","1.019895","0.078123","1.957695"
"-90","410","863.656452","1.008575","0.0704","1.989239"
"-80","410","818.942165","1.002101","0.063964","2.014215"
"-70","410","778.629973","0.999801","0.058626","2.031266"
"-60","410","742.100301","1.000998","0.054222","2.039415"
"-50","410","708.84463","1.005008","0.050604","2.038345"
"-40","410","678.441686","1.011154","0.047642","2.028546"
"-30","410","650.539499","1.0188","0.045221","2.011217"
"-20","410","624.841711","1.02738","0.043246","1.987994"
"-10","410","601.097014","1.036424","0.041637","1.960648"
"0","410","579.090899","1.045558","0.040329","1.930837"
"10","410","558.639163","1.05451","0.03927","1.899955"
"20","410","539.582736","1.063089","0.038417","1.869064"
"30","410","521.783537","1.071176","0.037735","1.838911"
"40","410","505.121121","1.078701","0.037197","1.809972"
"50","410","489.489955","1.085636","0.036779","1.78252"
"60","410","474.797176","1.091976","0.036463","1.756681"
"70","410","460.960743","1.097736","0.036233","1.732485"
"80","410","447.907912","1.102942","0.036077","1.709896"
"90","410","435.573948","1.107626","0.035983","1.688844"
"100","410","423.901056","1.111822","0.035943","1.669238"
"110","410","412.837476","1.115568","0.035949","1.650977"
"120","410","402.336714","1.118899","0.035994","1.633961"
"130","410","392.356887","1.121849","0.036074","1.61809"
"140","410","382.86017","1.124452","0.036183","1.603272"
"150","410","373.81231","1.126738","0.036318","1.589418"
"160","410","365.182221","1.128736","0.036476","1.57645"
"170","410","356.94162","1.130471","0.036653","1.564293"
"180","410","349.064723","1.131968","0.036847","1.552881"
"190","410","341.52797","1.133248","0.037056","1.542154"
"200","410","334.309794","1.134332","0.037278","1.532057"
"210","410","327.390415","1.135238","0.037511","1.52254"
"220","410","320.751656","1.135983","0.037754","1.51356"
"230","410","314.376784","1.136581","0.038006","1.505075"
"240","410","308.250373","1.137046","0.038265","1.497049"
"250","410","302.358175","1.13739","0.038532","1.489448"
"260","410","296.687009","1.137626","0.038804","1.482242"
"270","410","291.224669","1.137762","0.039081","1.475405"
"280","410","285.959828","1.137809","0.039363","1.468909"
"290","410","280.881966","1.137775","0.039649","1.462734"
"300","410","275.981295","1.137667","0.039938","1.456857"
"310","410","271.2487","1.137492","0.04023","1.451259"
"320","410","266.675679","1.137257","0.040525","1.445923"
"330","410","262.254297","1.136967","0.040822","1.440832"
"340","410","257.977133","1.136628","0.041121","1.435972"
"350","410","253.837245","1.136245","0.041421","1.431328"
"360","410","249.828128","1.135821","0.041723","1.426888"
"370","410","245.943682","1.135362","0.042026","1.42264"
"380","410","242.178181","1.13487","0.04233","1.418572"
"390","410","238.526245","1.134348","0.042635","1.414676"
"400","410","234.982811","1.1338","0.042941","1.41094"
"410","410","231.543115","1.133229","0.043247","1.407357"
"420","410","228.202668","1.132637","0.043553","1.403919"
"430","410","224.957234","1.132027","0.043859","1.400617"
"440","410","221.802817","1.1314","0.044166","1.397444"
"450","410","218.735641","1.130758","0.044472","1.394394"
"460","410","215.752137","1.130103","0.044779","1.39146"
"470","410","212.848926","1.129438","0.045085","1.388637"
"480","410","210.02281","1.128762","0.045392","1.385919"
"490","410","207.270758","1.128078","0.045697","1.3833"
"500","410","204.589897","1.127388","0.046003","1.380777"
"-100","420","935.761968","1.039718","0.079107","1.946011"
"-90","420","884.669313","1.027298","0.071346","1.976508"
"-80","420","838.867122","1.019726","0.064869","2.00073"
"-70","420","797.574131","1.016325","0.059489","2.017456"
"-60","420","760.155687","1.016424","0.05504","2.025806"
"-50","420","726.090902","1.019354","0.051378","2.025476"
"-40","420","694.948251","1.02446","0.048371","2.01688"
"-30","420","666.3672","1.031124","0.045909","2.001075"
"-20","420","640.044182","1.038799","0.043895","1.979533"
"-10","420","615.721774","1.047021","0.042249","1.953876"
"0","420","593.180248","1.055422","0.040907","1.92565"
"10","420","572.230919","1.063727","0.039816","1.896179"
"20","420","552.710847","1.07174","0.038933","1.866498"
"30","420","534.47859","1.079332","0.038223","1.837351"
"40","420","517.410777","1.086426","0.037659","1.809232"
"50","420","501.399303","1.092985","0.037218","1.782436"
"60","420","486.349046","1.098996","0.036879","1.757115"
"70","420","472.175972","1.104468","0.036629","1.733323"
"80","420","458.805563","1.10942","0.036453","1.711045"
"90","420","446.171512","1.113878","0.036342","1.69023"
"100","420","434.214618","1.117874","0.036285","1.6708"
"110","420","422.88186","1.12144","0.036275","1.652668"
"120","420","412.125613","1.124608","0.036306","1.635743"
"130","420","401.902976","1.127412","0.036373","1.619934"
"140","420","392.175202","1.129881","0.03647","1.605153"
"150","420","382.907207","1.132045","0.036594","1.591319"
"160","420","374.067147","1.13393","0.03674","1.578356"
"170","420","365.626051","1.135561","0.036907","1.566192"
"180","420","357.557508","1.136961","0.037092","1.554765"
"190","420","349.837385","1.138152","0.037292","1.544016"
"200","420","342.44359","1.139152","0.037506","1.533892"
"210","420","335.355862","1.139979","0.037732","1.524345"
"220","420","328.555581","1.140648","0.037968","1.515331"
"230","420","322.025608","1.141176","0.038213","1.50681"
"240","420","315.750141","1.141574","0.038466","1.498747"
"250","420","309.714584","1.141854","0.038727","1.491109"
"260","420","303.905439","1.142029","0.038993","1.483866"
"270","420","298.310199","1.142107","0.039265","1.47699"
"280","420","292.917264","1.142098","0.039542","1.470456"
"290","420","287.715857","1.14201","0.039823","1.464243"
"300","420","282.695952","1.14185","0.040108","1.458329"
"310","420","277.848212","1.141625","0.040396","1.452695"
"320","420","273.163929","1.141342","0.040687","1.447323"
"330","420","268.634974","1.141006","0.04098","1.442198"
"340","420","264.253747","1.140622","0.041276","1.437303"
"350","420","260.013134","1.140195","0.041573","1.432626"
"360","420","255.906475","1.139729","0.041872","1.428154"
"370","420","251.92752","1.139228","0.042172","1.423875"
"380","420","248.070405","1.138696","0.042473","1.419777"
"390","420","244.329616","1.138136","0.042775","1.415851"
"400","420","240.69997","1.13755","0.043077","1.412087"
"410","420","237.176586","1.136942","0.043381","1.408476"
"420","420","233.754865","1.136314","0.043685","1.405011"
"430","420","230.43047","1.135668","0.043989","1.401682"
"440","420","227.199305","1.135006","0.044293","1.398484"
"450","420","224.057505","1.13433","0.044597","1.39541"
"460","420","221.001411","1.133643","0.044902","1.392452"
"470","420","218.027565","1.132945","0.045206","1.389606"
"480","420","215.132689","1.132238","0.045511","1.386866"
"490","420","212.31368","1.131523","0.045815","1.384226"
"500","420","209.567593","1.130802","0.046118","1.381682"
"-100","430","957.988393","1.05948","0.080083","1.934829"
"-90","430","905.682175","1.045972","0.072284","1.964352"
"-80","430","858.79208","1.037322","0.065766","1.987867"
"-70","430","816.518288","1.032843","0.060343","2.004276"
"-60","430","778.211073","1.031872","0.05585","2.012783"
"-50","430","743.337174","1.033751","0.052143","2.013103"
"-40","430","711.454816","1.037843","0.049094","2.005586"
"-30","430","682.194901","1.043549","0.04659","1.991166"
"-20","430","655.246653","1.050335","0.044537","1.971172"
"-10","430","630.346534","1.057749","0.042855","1.94709"
"0","430","607.269597","1.065425","0.04148","1.92036"
"10","430","585.822675","1.073086","0.040357","1.892239"
"20","430","565.838957","1.080532","0.039445","1.863729"
"30","430","547.173644","1.087626","0.038708","1.835568"
"40","430","529.700432","1.094285","0.038119","1.808261"
"50","430","513.30865","1.100462","0.037654","1.782123"
"60","430","497.900916","1.106138","0.037294","1.757328"
"70","430","483.3912","1.111315","0.037023","1.73395"
"80","430","469.703215","1.116006","0.036829","1.711996"
"90","430","456.769077","1.120232","0.036699","1.69143"
"100","430","444.52818","1.124021","0.036626","1.67219"
"110","430","432.926244","1.127401","0.036602","1.6542"
"120","430","421.914512","1.130402","0.036619","1.637378"
"130","430","411.449064","1.133054","0.036672","1.621641"
"140","430","401.490234","1.135385","0.036757","1.606909"
"150","430","392.002104","1.137422","0.036869","1.593104"
"160","430","382.952073","1.13919","0.037005","1.580154"
"170","430","374.310482","1.140713","0.037162","1.567992"
"180","430","366.050293","1.142013","0.037338","1.556557"
"190","430","358.1468","1.14311","0.037529","1.545793"
"200","430","350.577386","1.144023","0.037735","1.535648"
"210","430","343.321309","1.144767","0.037953","1.526076"
"220","430","336.359506","1.14536","0.038182","1.517034"
"230","430","329.674432","1.145814","0.038421","1.508482"
"240","430","323.249908","1.146142","0.038668","1.500387"
"250","430","317.070994","1.146357","0.038922","1.492715"
"260","430","311.123868","1.146468","0.039183","1.485437"
"270","430","305.395729","1.146486","0.03945","1.478526"
"280","430","299.8747","1.146419","0.039722","1.471958"
"290","430","294.549747","1.146276","0.039998","1.46571"
"300","430","289.410609","1.146063","0.040279","1.459761"
"310","430","284.447724","1.145787","0.040563","1.454093"
"320","430","279.65218","1.145454","0.04085","1.448688"
"330","430","275.015652","1.14507","0.041139","1.44353"
"340","430","270.53036","1.14464","0.041431","1.438603"
"350","430","266.189024","1.144168","0.041725","1.433895"
"360","430","261.984822","1.143659","0.04202","1.429392"
"370","430","257.911359","1.143116","0.042317","1.425083"
"380","430","253.962628","1.142543","0.042615","1.420956"
"390","430","250.132987","1.141942","0.042914","1.417002"
"400","430","246.417129","1.141318","0.043215","1.41321"
"410","430","242.810057","1.140672","0.043515","1.409573"
"420","430","239.307062","1.140006","0.043817","1.406082"
"430","430","235.903705","1.139324","0.044118","1.402729"
"440","430","232.595794","1.138628","0.04442","1.399506"
"450","430","229.379368","1.137918","0.044723","1.396408"
"460","430","226.250686","1.137197","0.045025","1.393428"
"470","430","223.206204","1.136466","0.045327","1.39056"
"480","430","220.242568","1.135726","0.04563","1.387798"
"490","430","217.356601","1.13498","0.045932","1.385137"
"500","430","214.545289","1.134228","0.046234","1.382573"
"-100","440","980.214819","1.07918","0.081051","1.924113"
"-90","440","926.695036","1.064598","0.073213","1.952728"
"-80","440","878.717038","1.054886","0.066655","1.975581"
"-70","440","835.462446","1.049353","0.061189","1.991682"
"-60","440","796.26646","1.047336","0.056653","2.00031"
"-50","440","760.583446","1.04819","0.052902","2.001201"
"-40","440","727.961381","1.051292","0.04981","1.994653"
"-30","440","698.022603","1.056062","0.047265","1.981495"
"-20","440","670.449125","1.061977","0.045174","1.962928"
"-10","440","644.971294","1.068595","0.043456","1.940314"
"0","440","621.358945","1.075554","0.042047","1.914997"
"10","440","599.41443","1.082575","0.040894","1.888165"
"20","440","578.967068","1.089454","0.039953","1.860786"
"30","440","559.868698","1.096049","0.03919","1.833588"
"40","440","541.990087","1.102269","0.038576","1.807083"
"50","440","525.217997","1.108059","0.038088","1.781601"
"60","440","509.452787","1.113395","0.037707","1.757336"
"70","440","494.606428","1.118271","0.037416","1.734381"
"80","440","480.600866","1.122695","0.037203","1.712761"
"90","440","467.366642","1.126684","0.037056","1.692455"
"100","440","454.841742","1.13026","0.036967","1.673416"
"110","440","442.970627","1.133449","0.036928","1.655579"
"120","440","431.703411","1.136278","0.036931","1.638872"
"130","440","420.995153","1.138773","0.036971","1.623218"
"140","440","410.805267","1.140961","0.037044","1.608543"
"150","440","401.097001","1.142866","0.037145","1.594776"
"160","440","391.836998","1.144514","0.03727","1.581848"
"170","440","382.994913","1.145925","0.037418","1.569696"
"180","440","374.543078","1.147122","0.037584","1.55826"
"190","440","366.456215","1.148122","0.037767","1.547487"
"200","440","358.711182","1.148944","0.037964","1.537327"
"210","440","351.286755","1.149603","0.038175","1.527735"
"220","440","344.163431","1.150116","0.038397","1.518669"
"230","440","337.323255","1.150494","0.038629","1.510092"
"240","440","330.749675","1.150751","0.03887","1.501968"
"250","440","324.427403","1.150897","0.039118","1.494266"
"260","440","318.342297","1.150943","0.039374","1.486957"
"270","440","312.481259","1.150899","0.039635","1.480014"
"280","440","306.832136","1.150773","0.039902","1.473414"
"290","440","301.383638","1.150572","0.040174","1.467134"
"300","440","296.125265","1.150305","0.04045","1.461154"
"310","440","291.047236","1.149976","0.04073","1.455454"
"320","440","286.14043","1.149593","0.041013","1.450018"
"330","440","281.396329","1.14916","0.041298","1.444828"
"340","440","276.806974","1.148682","0.041587","1.439872"
"350","440","272.364914","1.148164","0.041877","1.435134"
"360","440","268.06317","1.14761","0.042169","1.430602"
"370","440","263.895197","1.147024","0.042463","1.426264"
"380","440","259.854851","1.146409","0.042758","1.42211"
"390","440","255.936358","1.145767","0.043055","1.418129"
"400","440","252.134288","1.145103","0.043352","1.414312"
"410","440","248.443528","1.144419","0.04365","1.410649"
"420","440","244.85926","1.143716","0.043949","1.407133"
"430","440","241.376941","1.142997","0.044248","1.403756"
"440","440","237.992282","1.142264","0.044548","1.40051"
"450","440","234.701232","1.141519","0.044848","1.397389"
"460","440","231.49996","1.140764","0.045148","1.394387"
"470","440","228.384843","1.14","0.045449","1.391497"
"480","440","225.352448","1.139228","0.045749","1.388715"
"490","440","222.399523","1.138449","0.04605","1.386034"
"500","440","219.522985","1.137666","0.04635","1.38345"
"-100","450","1002.441244","1.098821","0.082012","1.913833"
"-90","450","947.707898","1.083176","0.074135","1.9416"
"-80","450","898.641996","1.072418","0.067536","1.963832"
"-70","450","854.406603","1.065849","0.062028","1.979634"
"-60","450","814.321846","1.06281","0.057448","1.988354"
"-50","450","777.829718","1.062663","0.053654","1.989748"
"-40","450","744.467945","1.0648","0.050519","1.984072"
"-30","450","713.850304","1.068653","0.047934","1.972066"
"-20","450","685.651596","1.073715","0.045805","1.954814"
"-10","450","659.596054","1.079549","0.044052","1.933571"
"0","450","635.448294","1.085798","0.04261","1.909585"
"10","450","613.006186","1.092184","0.041427","1.883982"
"20","450","592.095178","1.098498","0.040458","1.857693"
"30","450","572.563752","1.104593","0.039669","1.831434"
"40","450","554.279743","1.11037","0.039031","1.805718"
"50","450","537.127345","1.115771","0.03852","1.780889"
"60","450","521.004657","1.120761","0.038117","1.757155"
"70","450","505.821657","1.125331","0.037807","1.734629"
"80","450","491.498518","1.129483","0.037576","1.713351"
"90","450","477.964206","1.133229","0.037413","1.693316"
"100","450","465.155303","1.136588","0.037308","1.674488"
"110","450","453.015011","1.13958","0.037253","1.656814"
"120","450","441.49231","1.142231","0.037243","1.640231"
"130","450","430.541241","1.144565","0.03727","1.62467"
"140","450","420.120299","1.146606","0.037331","1.610062"
"150","450","410.191898","1.148376","0.037421","1.596341"
"160","450","400.721924","1.149899","0.037536","1.583442"
"170","450","391.679344","1.151195","0.037674","1.571306"
"180","450","383.035863","1.152285","0.037831","1.559877"
"190","450","374.76563","1.153185","0.038005","1.549101"
"200","450","366.844978","1.153913","0.038195","1.538932"
"210","450","359.252202","1.154485","0.038398","1.529325"
"220","450","351.967356","1.154915","0.038612","1.52024"
"230","450","344.972079","1.155215","0.038838","1.51164"
"240","450","338.249443","1.155398","0.039072","1.503492"
"250","450","331.783812","1.155474","0.039315","1.495764"
"260","450","325.560727","1.155453","0.039565","1.488427"
"270","450","319.566789","1.155345","0.039821","1.481456"
"280","450","313.789572","1.155158","0.040083","1.474827"
"290","450","308.217529","1.154899","0.04035","1.468518"
"300","450","302.839922","1.154575","0.040622","1.462508"
"310","450","297.646749","1.154192","0.040897","1.456779"
"320","450","292.62868","1.153756","0.041176","1.451313"
"330","450","287.777007","1.153273","0.041458","1.446095"
"340","450","283.083587","1.152747","0.041743","1.44111"
"350","450","278.540803","1.152182","0.04203","1.436344"
"360","450","274.141517","1.151582","0.042318","1.431785"
"370","450","269.879035","1.150952","0.042609","1.42742"
"380","450","265.747074","1.150294","0.042901","1.42324"
"390","450","261.739729","1.149611","0.043195","1.419233"
"400","450","257.851447","1.148906","0.04349","1.415391"
"410","450","254.076998","1.148182","0.043785","1.411704"
"420","450","250.411457","1.147441","0.044082","1.408164"
"430","450","246.850176","1.146685","0.044379","1.404764"
"440","450","243.38877","1.145916","0.044676","1.401496"
"450","450","240.023095","1.145135","0.044974","1.398353"
"460","450","236.749235","1.144345","0.045272","1.39533"
"470","450","233.563482","1.143547","0.04557","1.392419"
"480","450","230.462327","1.142741","0.045869","1.389617"
"490","450","227.442444","1.141931","0.046167","1.386916"
"500","450","224.500681","1.141115","0.046466","1.384314"
"-100","460","1024.66767","1.118402","0.082966","1.90396"
"-90","460","968.720759","1.101706","0.07505","1.930934"
"-80","460","918.566954","1.089917","0.068411","1.952583"
"-70","460","873.350761","1.082331","0.06286","1.968096"
"-60","460","832.377232","1.07829","0.058237","1.976883"
"-50","460","795.07599","1.077165","0.0544","1.978721"
"-40","460","760.97451","1.078358","0.051223","1.973833"
"-30","460","729.678006","1.081315","0.048598","1.962878"
"-20","460","700.854067","1.085538","0.046431","1.946842"
"-10","460","674.220814","1.090601","0.044643","1.926876"
"0","460","649.537643","1.096149","0.043169","1.904145"
"10","460","626.597941","1.101904","0.041955","1.879713"
"20","460","605.223289","1.107654","0.040959","1.854473"
"30","460","585.258806","1.113248","0.040144","1.829126"
"40","460","566.569398","1.118582","0.039482","1.804185"
"50","460","549.036692","1.123589","0.038949","1.780003"
"60","460","532.556527","1.12823","0.038526","1.756801"
"70","460","517.036885","1.13249","0.038197","1.734708"
"80","460","502.396169","1.136365","0.037948","1.713778"
"90","460","488.561771","1.139863","0.037768","1.694021"
"100","460","475.468865","1.142999","0.037647","1.675414"
"110","460","463.059395","1.145791","0.037578","1.657912"
"120","460","451.281208","1.14826","0.037554","1.641462"
"130","460","440.08733","1.150428","0.037569","1.626002"
"140","460","429.435331","1.152317","0.037618","1.611469"
"150","460","419.286794","1.153949","0.037697","1.597802"
"160","460","409.60685","1.155343","0.037802","1.584941"
"170","460","400.363775","1.156521","0.03793","1.572828"
"180","460","391.528649","1.1575","0.038078","1.56141"
"190","460","383.075045","1.158298","0.038243","1.550637"
"200","460","374.978774","1.15893","0.038425","1.540464"
"210","460","367.217649","1.159411","0.03862","1.530847"
"220","460","359.771281","1.159756","0.038828","1.521748"
"230","460","352.620902","1.159976","0.039047","1.51313"
"240","460","345.74921","1.160082","0.039275","1.504961"
"250","460","339.140222","1.160086","0.039512","1.49721"
"260","460","332.779156","1.159997","0.039756","1.489849"
"270","460","326.652319","1.159823","0.040007","1.482853"
"280","460","320.747007","1.159573","0.040265","1.476197"
"290","460","315.05142","1.159254","0.040527","1.469861"
"300","460","309.554579","1.158872","0.040794","1.463824"
"310","460","304.246261","1.158434","0.041065","1.458068"
"320","460","299.11693","1.157945","0.04134","1.452575"
"330","460","294.157684","1.15741","0.041618","1.44733"
"340","460","289.360201","1.156834","0.041899","1.442318"
"350","460","284.716693","1.156221","0.042183","1.437526"
"360","460","280.219864","1.155575","0.042468","1.432941"
"370","460","275.862873","1.1549","0.042756","1.428551"
"380","460","271.639297","1.154198","0.043045","1.424346"
"390","460","267.5431","1.153472","0.043336","1.420315"
"400","460","263.568606","1.152726","0.043628","1.416448"
"410","460","259.710469","1.151962","0.043921","1.412738"
"420","460","255.963654","1.151182","0.044214","1.409176"
"430","460","252.323412","1.150388","0.044509","1.405753"
"440","460","248.785258","1.149581","0.044804","1.402464"
"450","460","245.344959","1.148765","0.0451","1.3993"
"460","460","241.998509","1.147939","0.045396","1.396256"
"470","460","238.742121","1.147106","0.045692","1.393326"
"480","460","235.572206","1.146267","0.045989","1.390504"
"490","460","232.485366","1.145423","0.046285","1.387785"
"500","460","229.478377","1.144576","0.046582","1.385164"
"-100","470","1046.894096","1.137926","0.083913","1.894469"
"-90","470","989.733621","1.120187","0.075958","1.9207"
"-80","470","938.491911","1.107381","0.069278","1.9418"
"-70","470","892.294918","1.098795","0.063685","1.957034"
"-60","470","850.432619","1.093772","0.059019","1.965869"
"-50","470","812.322262","1.091689","0.055139","1.9681"
"-40","470","777.481075","1.091958","0.051921","1.963923"
"-30","470","745.505707","1.094037","0.049256","1.95393"
"-20","470","716.056538","1.097438","0.047052","1.939018"
"-10","470","688.845574","1.101741","0.045229","1.920245"
"0","470","663.626991","1.106597","0.043723","1.898697"
"10","470","640.189697","1.111726","0.04248","1.875379"
"20","470","618.351399","1.116915","0.041457","1.851147"
"30","470","597.95386","1.122009","0.040617","1.826685"
"40","470","578.859054","1.126897","0.039931","1.802503"
"50","470","560.94604","1.131508","0.039377","1.778959"
"60","470","544.108398","1.135797","0.038933","1.756287"
"70","470","528.252113","1.139742","0.038585","1.734629"
"80","470","513.29382","1.143336","0.038319","1.714053"
"90","470","499.159335","1.146582","0.038122","1.694582"
"100","470","485.782427","1.149491","0.037986","1.676202"
"110","470","473.103778","1.152078","0.037903","1.658881"
"120","470","461.070107","1.15436","0.037865","1.642571"
"130","470","449.633418","1.156359","0.037868","1.62722"
"140","470","438.750363","1.158093","0.037905","1.61277"
"150","470","428.381691","1.159582","0.037973","1.599164"
"160","470","418.491776","1.160845","0.038067","1.586346"
"170","470","409.048206","1.161901","0.038186","1.574263"
"180","470","400.021434","1.162766","0.038325","1.562863"
"190","470","391.38446","1.163458","0.038482","1.552098"
"200","470","383.11257","1.163992","0.038656","1.541926"
"210","470","375.183096","1.164381","0.038844","1.532304"
"220","470","367.575206","1.164638","0.039044","1.523195"
"230","470","360.269726","1.164775","0.039257","1.514563"
"240","470","353.248977","1.164803","0.039479","1.506377"
"250","470","346.496631","1.164733","0.039709","1.498606"
"260","470","339.997585","1.164573","0.039948","1.491224"
"270","470","333.737849","1.164332","0.040194","1.484205"
"280","470","327.704443","1.164018","0.040446","1.477526"
"290","470","321.885311","1.163637","0.040704","1.471165"
"300","470","316.269236","1.163196","0.040967","1.465103"
"310","470","310.845773","1.162701","0.041234","1.459322"
"320","470","305.60518","1.162157","0.041504","1.453804"
"330","470","300.538361","1.16157","0.041779","1.448534"
"340","470","295.636814","1.160943","0.042056","1.443497"
"350","470","290.892582","1.160281","0.042336","1.43868"
"360","470","286.298212","1.159588","0.042618","1.434071"
"370","470","281.846712","1.158866","0.042903","1.429657"
"380","470","277.531521","1.15812","0.043189","1.425428"
"390","470","273.346472","1.157351","0.043477","1.421374"
"400","470","269.285765","1.156563","0.043766","1.417485"
"410","470","265.34394","1.155758","0.044056","1.413752"
"420","470","261.515852","1.154938","0.044348","1.410168"
"430","470","257.796647","1.154105","0.04464","1.406725"
"440","470","254.181747","1.153261","0.044933","1.403415"
"450","470","250.666822","1.152408","0.045226","1.400231"
"460","470","247.247784","1.151546","0.04552","1.397167"
"470","470","243.92076","1.150678","0.045814","1.394218"
"480","470","240.682085","1.149805","0.046109","1.391378"
"490","470","237.528288","1.148928","0.046403","1.388641"
"500","470","234.456073","1.148048","0.046698","1.386002"
"-100","480","1069.120521","1.157393","0.084853","1.885336"
"-90","480","1010.746482","1.138621","0.076859","1.910869"
"-80","480","958.416869","1.124809","0.070139","1.931453"
"-70","480","911.239076","1.11524","0.064504","1.946418"
"-60","480","868.488005","1.109253","0.059796","1.955285"
"-50","480","829.568534","1.106231","0.055873","1.957865"
"-40","480","793.98764","1.105596","0.052614","1.954332"
"-30","480","761.333408","1.106813","0.04991","1.945221"
"-20","480","731.25901","1.109407","0.047668","1.931347"
"-10","480","703.470334","1.112962","0.045811","1.913688"
"0","480","677.71634","1.117133","0.044274","1.893255"
"10","480","653.781452","1.121642","0.043001","1.870996"
"20","480","631.47951","1.126274","0.041951","1.847733"
"30","480","610.648914","1.130868","0.041086","1.824128"
"40","480","591.148709","1.13531","0.040377","1.800687"
"50","480","572.855387","1.139522","0.039802","1.777772"
"60","480","555.660268","1.143455","0.039338","1.755628"
"70","480","539.467342","1.147082","0.038972","1.734405"
"80","480","524.191472","1.150391","0.038688","1.714187"
"90","480","509.7569","1.153381","0.038475","1.695006"
"100","480","496.095989","1.156059","0.038324","1.67686"
"110","480","483.148162","1.158437","0.038227","1.659726"
"120","480","470.859006","1.16053","0.038176","1.643565"
"130","480","459.179507","1.162355","0.038166","1.628329"
"140","480","448.065396","1.16393","0.038192","1.613969"
"150","480","437.476588","1.165273","0.038249","1.600431"
"160","480","427.376702","1.166401","0.038333","1.587663"
"170","480","417.732637","1.167332","0.038442","1.575615"
"180","480","408.514219","1.168082","0.038572","1.564238"
"190","480","399.693875","1.168666","0.038721","1.553487"
"200","480","391.246366","1.169098","0.038887","1.54332"
"210","480","383.148542","1.169391","0.039067","1.533697"
"220","480","375.379131","1.169559","0.039261","1.524582"
"230","480","367.91855","1.169612","0.039467","1.51594"
"240","480","360.748745","1.16956","0.039682","1.50774"
"250","480","353.853041","1.169414","0.039907","1.499954"
"260","480","347.216015","1.169181","0.040141","1.492553"
"270","480","340.823379","1.168872","0.040381","1.485514"
"280","480","334.661879","1.168491","0.040628","1.478814"
"290","480","328.719201","1.168047","0.040881","1.472431"
"300","480","322.983893","1.167546","0.041139","1.466347"
"310","480","317.445286","1.166993","0.041402","1.460542"
"320","480","312.09343","1.166394","0.041669","1.455001"
"330","480","306.919039","1.165753","0.041939","1.449707"
"340","480","301.913428","1.165074","0.042213","1.444647"
"350","480","297.068472","1.164362","0.04249","1.439807"
"360","480","292.376559","1.16362","0.042769","1.435175"
"370","480","287.83055","1.162852","0.04305","1.430738"
"380","480","283.423744","1.16206","0.043333","1.426487"
"390","480","279.149843","1.161247","0.043618","1.422411"
"400","480","275.002924","1.160416","0.043904","1.418501"
"410","480","270.977411","1.15957","0.044192","1.414747"
"420","480","267.068049","1.158709","0.044481","1.411142"
"430","480","263.269883","1.157837","0.044771","1.407678"
"440","480","259.578235","1.156955","0.045061","1.404348"
"450","480","255.988686","1.156064","0.045352","1.401145"
"460","480","252.497058","1.155166","0.045644","1.398063"
"470","480","249.099399","1.154263","0.045936","1.395095"
"480","480","245.791965","1.153355","0.046229","1.392237"
"490","480","242.571209","1.152443","0.046522","1.389482"
"500","480","239.433769","1.15153","0.046815","1.386827"
"-100","490","1091.346947","1.176803","0.085787","1.876538"
"-90","490","1031.759344","1.157007","0.077754","1.901417"
"-80","490","978.341827","1.142202","0.070993","1.921514"
"-70","490","930.183233","1.131664","0.065317","1.936221"
"-60","490","886.543391","1.12473","0.060566","1.945105"
"-50","490","846.814806","1.120787","0.056602","1.947996"
"-40","490","810.494205","1.119264","0.053302","1.945048"
"-30","490","777.16111","1.119637","0.050559","1.936746"
"-20","490","746.461481","1.121437","0.048281","1.923834"
"-10","490","718.095093","1.124256","0.04639","1.907216"
"0","490","691.805689","1.127752","0.04482","1.887833"
"10","490","667.373208","1.131646","0.043519","1.866582"
"20","490","644.60762","1.135723","0.042442","1.844247"
"30","490","623.343968","1.139818","0.041552","1.821471"
"40","490","603.438365","1.143813","0.040821","1.798753"
"50","490","584.764734","1.147625","0.040224","1.776456"
"60","490","567.212138","1.1512","0.039741","1.754834"
"70","490","550.68257","1.154507","0.039356","1.734047"
"80","490","535.089123","1.157527","0.039055","1.714188"
"90","490","520.354465","1.160258","0.038827","1.695302"
"100","490","506.409551","1.162701","0.038661","1.677396"
"110","490","493.192546","1.164866","0.03855","1.660455"
"120","490","480.647905","1.166766","0.038486","1.644448"
"130","490","468.725596","1.168414","0.038464","1.629335"
"140","490","457.380428","1.169827","0.038478","1.615071"
"150","490","446.571485","1.17102","0.038525","1.601606"
"160","490","436.261627","1.172011","0.038599","1.588894"
"170","490","426.417068","1.172814","0.038698","1.576886"
"180","490","417.007004","1.173445","0.03882","1.565538"
"190","490","408.00329","1.173918","0.03896","1.554806"
"200","490","399.380162","1.174247","0.039118","1.544649"
"210","490","391.113989","1.174443","0.039291","1.53503"
"220","490","383.183056","1.174518","0.039478","1.525912"
"230","490","375.567373","1.174485","0.039677","1.517264"
"240","490","368.248512","1.174351","0.039886","1.509053"
"250","490","361.20945","1.174127","0.040106","1.501253"
"260","490","354.434444","1.173821","0.040333","1.493837"
"270","490","347.908909","1.17344","0.040569","1.486781"
"280","490","341.619315","1.172993","0.040811","1.480062"
"290","490","335.553092","1.172485","0.041059","1.47366"
"300","490","329.69855","1.171922","0.041313","1.467555"
"310","490","324.044798","1.171309","0.041571","1.461729"
"320","490","318.581681","1.170653","0.041834","1.456167"
"330","490","313.299716","1.169957","0.042101","1.450851"
"340","490","308.190041","1.169226","0.042371","1.44577"
"350","490","303.244361","1.168463","0.042644","1.440908"
"360","490","298.454906","1.167671","0.042919","1.436254"
"370","490","293.814388","1.166855","0.043197","1.431796"
"380","490","289.315967","1.166017","0.043478","1.427524"
"390","490","284.953214","1.16516","0.04376","1.423427"
"400","490","280.720083","1.164286","0.044043","1.419496"
"410","490","276.610882","1.163397","0.044328","1.415722"
"420","490","272.620246","1.162495","0.044615","1.412098"
"430","490","268.743119","1.161583","0.044902","1.408614"
"440","490","264.974723","1.160662","0.04519","1.405265"
"450","490","261.310549","1.159733","0.045479","1.402044"
"460","490","257.746333","1.158798","0.045769","1.398944"
"470","490","254.278038","1.157859","0.046059","1.395958"
"480","490","250.901844","1.156916","0.046349","1.393083"
"490","490","247.614131","1.15597","0.04664","1.390311"
"500","490","244.411465","1.155023","0.046931","1.387639"
"-100","500","1113.573372","1.196158","0.086716","1.868057"
"-90","500","1052.772206","1.175346","0.078643","1.89232"
"-80","500","998.266785","1.159559","0.071842","1.911957"
"-70","500","949.127391","1.148065","0.066125","1.926417"
"-60","500","904.598778","1.140199","0.061332","1.935308"
"-50","500","864.061078","1.135352","0.057326","1.938474"
"-40","500","827.00077","1.132959","0.053985","1.936059"
"-30","500","792.988811","1.132503","0.051203","1.9285"
"-20","500","761.663952","1.133523","0.048889","1.916481"
"-10","500","732.719853","1.135616","0.046964","1.900835"
"0","500","705.895037","1.138444","0.045363","1.882443"
"10","500","680.964964","1.14173","0.044033","1.862149"
"20","500","657.735731","1.145255","0.04293","1.840703"
"30","500","636.039022","1.148853","0.042016","1.818728"
"40","500","615.72802","1.152401","0.041262","1.796714"
"50","500","596.674082","1.155812","0.040644","1.775025"
"60","500","578.764009","1.159028","0.040142","1.753919"
"70","500","561.897798","1.16201","0.039739","1.733565"
"80","500","545.986775","1.16474","0.039422","1.714067"
"90","500","530.952029","1.167207","0.039178","1.695478"
"100","500","516.723113","1.169413","0.038997","1.677816"
"110","500","503.236929","1.171362","0.038872","1.661073"
"120","500","490.436804","1.173064","0.038796","1.645227"
"130","500","478.271684","1.174533","0.038761","1.630243"
"140","500","466.69546","1.17578","0.038764","1.61608"
"150","500","455.666382","1.176822","0.0388","1.602695"
"160","500","445.146553","1.177672","0.038865","1.590043"
"170","500","435.101499","1.178345","0.038955","1.578082"
"180","500","425.499789","1.178855","0.039067","1.566766"
"190","500","416.312705","1.179214","0.039199","1.556057"
"200","500","407.513958","1.179436","0.039349","1.545915"
"210","500","399.079436","1.179533","0.039515","1.536302"
"220","500","390.986981","1.179515","0.039695","1.527186"
"230","500","383.216197","1.179393","0.039887","1.518534"
"240","500","375.748279","1.179175","0.040091","1.510317"
"250","500","368.56586","1.178872","0.040304","1.502507"
"260","500","361.652873","1.17849","0.040526","1.495078"
"270","500","354.994439","1.178038","0.040756","1.488007"
"280","500","348.57675","1.177522","0.040994","1.481272"
"290","500","342.386983","1.176948","0.041237","1.474852"
"300","500","336.413207","1.176322","0.041486","1.468729"
"310","500","330.64431","1.175649","0.041741","1.462884"
"320","500","325.069931","1.174935","0.041999","1.457302"
"330","500","319.680394","1.174183","0.042262","1.451967"
"340","500","314.466655","1.173398","0.042528","1.446865"
"350","500","309.420251","1.172583","0.042798","1.441983"
"360","500","304.533253","1.171742","0.04307","1.437309"
"370","500","299.798227","1.170877","0.043345","1.432831"
"380","500","295.20819","1.169992","0.043622","1.428538"
"390","500","290.756585","1.169089","0.043902","1.424422"
"400","500","286.437242","1.16817","0.044182","1.420471"
"410","500","282.244353","1.167239","0.044465","1.416678"
"420","500","278.172444","1.166295","0.044748","1.413035"
"430","500","274.216354","1.165343","0.045033","1.409533"
"440","500","270.371211","1.164382","0.045319","1.406166"
"450","500","266.632413","1.163415","0.045606","1.402927"
"460","500","262.995607","1.162443","0.045893","1.399809"
"470","500","259.456677","1.161467","0.046181","1.396807"
"480","500","256.011723","1.160488","0.04647","1.393915"
"490","500","252.657052","1.159508","0.046759","1.391127"
"500","500","249.389161","1.158527","0.047048","1.388439"
