"1.01","R125","C2 HF5","18/05/2015"
"-100","0","8.447304","0.005002","1.135093","1.526327"
"-90","0","7.986081","0.004821","0.891808","1.523091"
"-80","0","7.572616","0.004664","0.721389","1.521186"
"-70","0","7.199856","0.004528","0.595784","1.52059"
"-60","0","6.862072","0.004411","0.499634","1.521392"
"-50","0","6.554563","0.004311","0.423808","1.52381"
"-40","0","6.273432","0.962537","0.010084","1.135676"
"-30","0","6.015425","0.968014","0.01054","1.128458"
"-20","0","5.777803","0.97246","0.010992","1.122394"
"-10","0","5.558239","0.976109","0.011438","1.117208"
"0","0","5.354753","0.979137","0.011879","1.112704"
"10","0","5.165639","0.981672","0.012316","1.10874"
"20","0","4.989428","0.983813","0.012748","1.105214"
"30","0","4.824842","0.985635","0.013175","1.102049"
"40","0","4.670767","0.987196","0.013597","1.099186"
"50","0","4.526228","0.988543","0.014014","1.096581"
"60","0","4.390367","0.989712","0.014427","1.094196"
"70","0","4.262424","0.990732","0.014835","1.092003"
"80","0","4.141726","0.991627","0.015239","1.089979"
"90","0","4.027676","0.992416","0.015638","1.088103"
"100","0","3.919739","0.993114","0.016032","1.08636"
"110","0","3.817436","0.993736","0.016422","1.084736"
"120","0","3.720338","0.99429","0.016808","1.083219"
"130","0","3.628056","0.994787","0.01719","1.0818"
"140","0","3.540241","0.995234","0.017568","1.080469"
"150","0","3.456577","0.995637","0.017941","1.079219"
"160","0","3.376776","0.996002","0.018311","1.078044"
"170","0","3.300577","0.996333","0.018677","1.076937"
"180","0","3.227741","0.996634","0.01904","1.075893"
"190","0","3.15805","0.996908","0.019398","1.074908"
"200","0","3.091304","0.997159","0.019754","1.073976"
"210","0","3.027322","0.997389","0.020106","1.073094"
"220","0","2.965935","0.9976","0.020455","1.072259"
"-100","10","91.815714","0.05431","1.149933","1.52452"
"-90","10","86.802571","0.052341","0.903054","1.521121"
"-80","10","82.308521","0.050627","0.730427","1.518986"
"-70","10","78.256908","0.049138","0.603372","1.51808"
"-60","10","74.58546","0.047853","0.50623","1.518468"
"-50","10","71.243069","0.046756","0.429711","1.520326"
"-40","10","68.187394","0.045838","0.367944","1.523971"
"-30","10","65.383059","0.045094","0.317029","1.529892"
"-20","10","62.80028","0.044527","0.27426","1.538875"
"-10","10","60.413798","0.044149","0.237687","1.552377"
"0","10","58.202053","0.043987","0.205832","1.573045"
"10","10","56.146533","0.044092","0.177503","1.605592"
"20","10","54.23125","0.787969","0.013023","1.274081"
"30","10","52.442325","0.818394","0.01347","1.228737"
"40","10","50.767654","0.842491","0.01391","1.198204"
"50","10","49.19663","0.86206","0.014343","1.176441"
"60","10","47.719919","0.878268","0.014769","1.160171"
"70","10","46.329275","0.891903","0.015188","1.147528"
"80","10","45.017389","0.903517","0.015601","1.1374"
"90","10","43.777753","0.91351","0.016006","1.12909"
"100","10","42.604558","0.922182","0.016406","1.122143"
"110","10","41.492603","0.929762","0.0168","1.116246"
"120","10","40.437214","0.936429","0.017189","1.111176"
"130","10","39.434183","0.942326","0.017572","1.106771"
"140","10","38.479707","0.947569","0.01795","1.102906"
"150","10","37.570344","0.95225","0.018324","1.099489"
"160","10","36.702969","0.956447","0.018692","1.096445"
"170","10","35.87474","0.960225","0.019057","1.093717"
"180","10","35.083065","0.963637","0.019417","1.091258"
"190","10","34.325577","0.966728","0.019774","1.08903"
"200","10","33.600107","0.969538","0.020126","1.087001"
"210","10","32.904669","0.972098","0.020475","1.085147"
"220","10","32.237435","0.974436","0.020821","1.083445"
"-90","20","165.619061","0.09975","0.914382","1.519167"
"-80","20","157.044427","0.096467","0.739509","1.516813"
"-70","20","149.31396","0.093612","0.610981","1.515614"
"-60","20","142.308848","0.091142","0.512829","1.515614"
"-50","20","135.931575","0.089027","0.435601","1.516954"
"-40","20","130.101355","0.087245","0.373337","1.519896"
"-30","20","124.750693","0.085788","0.322084","1.524842"
"-20","20","119.822757","0.084656","0.279109","1.532429"
"-10","20","115.269356","0.083867","0.24245","1.543807"
"0","20","111.049354","0.083459","0.210638","1.560983"
"10","20","107.127427","0.083506","0.182514","1.58726"
"20","20","103.473072","0.084147","0.157096","1.62872"
"30","20","100.059809","0.085667","0.133414","1.699645"
"40","20","96.864541","0.088776","0.11014","1.847248"
"50","20","93.867031","0.691328","0.015422","1.44254"
"60","20","91.04947","0.738603","0.015698","1.32793"
"70","20","88.396127","0.774107","0.016023","1.266378"
"80","20","85.893051","0.802306","0.016371","1.227299"
"90","20","83.527829","0.825442","0.016728","1.200013"
"100","20","81.289377","0.844836","0.017089","1.179771"
"110","20","79.16777","0.861345","0.017452","1.164116"
"120","20","77.154091","0.875564","0.017814","1.151635"
"130","20","75.24031","0.887928","0.018175","1.141451"
"140","20","73.419172","0.898763","0.018533","1.132986"
"150","20","71.68411","0.908323","0.018888","1.125842"
"160","20","70.029161","0.916806","0.019241","1.119735"
"170","20","68.448902","0.924373","0.01959","1.114458"
"180","20","66.938389","0.931154","0.019937","1.109854"
"190","20","65.493104","0.937255","0.02028","1.105804"
"200","20","64.10891","0.942765","0.02062","1.102215"
"210","20","62.782016","0.947758","0.020957","1.099013"
"220","20","61.508934","0.952297","0.021292","1.09614"
"-90","30","244.435551","0.147051","0.925796","1.517228"
"-80","30","231.780332","0.142187","0.748639","1.514666"
"-70","30","220.371012","0.137952","0.618612","1.51319"
"-60","30","210.032236","0.134282","0.519432","1.512825"
"-50","30","200.620081","0.131128","0.441481","1.513684"
"-40","30","192.015317","0.128459","0.378705","1.515983"
"-30","30","184.118327","0.126257","0.327098","1.520051"
"-20","30","176.845235","0.12452","0.283896","1.526405"
"-10","30","170.124914","0.123264","0.247124","1.535961"
"0","30","163.896654","0.122532","0.215313","1.550259"
"10","30","158.108321","0.122408","0.187325","1.571661"
"20","30","152.714894","0.123043","0.162232","1.604128"
"30","30","147.677292","0.124725","0.139198","1.655831"
"40","30","142.961428","0.128068","0.117307","1.747967"
"50","30","138.537432","0.134771","0.095047","1.960799"
"60","30","134.379022","0.502289","0.019337","2.849768"
"70","30","130.462979","0.616141","0.018177","1.662788"
"80","30","126.768713","0.678806","0.018026","1.440583"
"90","30","123.277905","0.723813","0.01811","1.339203"
"100","30","119.974196","0.75891","0.018294","1.279664"
"110","30","116.842937","0.787446","0.018531","1.240043"
"120","30","113.870968","0.811253","0.018798","1.211632"
"130","30","111.046437","0.83147","0.019085","1.190223"
"140","30","108.358638","0.848865","0.019382","1.173505"
"150","30","105.797876","0.863988","0.019688","1.160095"
"160","30","103.355353","0.877249","0.019998","1.149108"
"170","30","101.023065","0.888958","0.02031","1.139949"
"180","30","98.793713","0.899361","0.020624","1.132204"
"190","30","96.660631","0.908653","0.020939","1.125574"
"200","30","94.617714","0.916992","0.021254","1.11984"
"210","30","92.659363","0.924505","0.021567","1.114833"
"220","30","90.780434","0.931302","0.02188","1.110427"
"-90","40","323.252041","0.194245","0.937298","1.515303"
"-80","40","306.516238","0.187791","0.757818","1.512543"
"-70","40","291.428064","0.182164","0.626267","1.510805"
"-60","40","277.755624","0.177277","0.526041","1.510098"
"-50","40","265.308587","0.173067","0.447352","1.510509"
"-40","40","253.929279","0.169488","0.384051","1.512216"
"-30","40","243.48596","0.166512","0.332075","1.515489"
"-20","40","233.867712","0.164132","0.288629","1.520749"
"-10","40","224.980472","0.162361","0.251719","1.528729"
"0","40","216.743955","0.161241","0.219875","1.540621"
"10","40","209.089215","0.160857","0.191969","1.558145"
"20","40","201.956716","0.161358","0.167105","1.583954"
"30","40","195.294776","0.163015","0.144524","1.623014"
"40","40","189.058315","0.166346","0.123499","1.686329"
"50","40","183.207833","0.172504","0.103155","1.803594"
"60","40","177.708574","0.184964","0.081844","2.095159"
"70","40","172.52983","0.234639","0.050398","5.061359"
"80","40","167.644376","0.504595","0.022828","2.347388"
"90","40","163.027981","0.600248","0.021052","1.680891"
"100","40","158.659015","0.661476","0.020501","1.471777"
"110","40","154.518103","0.707114","0.020329","1.366648"
"120","40","150.587845","0.743342","0.020333","1.302615"
"130","40","146.852564","0.773127","0.020434","1.259303"
"140","40","143.298103","0.798174","0.020594","1.228003"
"150","40","139.911642","0.819581","0.020792","1.204326"
"160","40","136.681545","0.8381","0.021016","1.185805"
"170","40","133.597227","0.854278","0.021257","1.170938"
"180","40","130.649037","0.868524","0.021512","1.158756"
"190","40","127.828158","0.881153","0.021776","1.148603"
"200","40","125.126517","0.892414","0.022046","1.140022"
"210","40","122.53671","0.902506","0.022321","1.132681"
"220","40","120.051934","0.911589","0.022599","1.126335"
"-90","50","402.068531","0.241335","0.948891","1.513393"
"-80","50","381.252143","0.233281","0.767047","1.510444"
"-70","50","362.485117","0.22625","0.633949","1.508457"
"-60","50","345.479012","0.220133","0.53266","1.507427"
"-50","50","329.997094","0.214849","0.453218","1.507422"
"-40","50","315.84324","0.210339","0.389378","1.508583"
"-30","50","302.853594","0.206564","0.337019","1.511134"
"-20","50","290.890189","0.203509","0.293312","1.515416"
"-10","50","279.836031","0.201181","0.256245","1.522021"
"0","50","269.591255","0.199618","0.224338","1.531878"
"10","50","260.070109","0.1989","0.196471","1.546256"
"20","50","251.198538","0.199168","0.171766","1.566973"
"30","50","242.912259","0.200668","0.149506","1.59718"
"40","50","235.155202","0.203834","0.129064","1.643131"
"50","50","227.878234","0.209515","0.109808","1.718625"
"60","50","221.038125","0.21963","0.090944","1.859743"
"70","50","214.596682","0.239966","0.071049","2.19651"
"80","50","208.520038","0.30074","0.04671","3.356064"
"90","50","202.778057","0.449723","0.029115","2.621647"
"100","50","197.343833","0.552795","0.024928","1.856196"
"110","50","192.19327","0.621675","0.023426","1.577636"
"120","50","187.304722","0.673216","0.022743","1.438257"
"130","50","182.658691","0.714111","0.022423","1.354874"
"140","50","178.237569","0.747698","0.022299","1.299451"
"150","50","174.025408","0.775919","0.022291","1.260002"
"160","50","170.007737","0.800023","0.022359","1.230544"
"170","50","166.17139","0.820867","0.022478","1.207752"
"180","50","162.504362","0.839072","0.022634","1.189629"
"190","50","158.995685","0.855102","0.022815","1.174901"
"200","50","155.63532","0.869313","0.023017","1.162715"
"210","50","152.414057","0.881985","0.023232","1.152481"
"220","50","149.323434","0.893342","0.02346","1.143777"
"-90","60","480.885021","0.288323","0.960577","1.511497"
"-80","60","455.988049","0.278659","0.77633","1.508368"
"-70","60","433.542169","0.270213","0.64166","1.506145"
"-60","60","413.2024","0.262853","0.539289","1.504811"
"-50","60","394.6856","0.256479","0.459081","1.504415"
"-40","60","377.757202","0.251019","0.394689","1.505073"
"-30","60","362.221228","0.246421","0.341934","1.506965"
"-20","60","347.912667","0.242662","0.297952","1.51037"
"-10","60","334.691589","0.23974","0.260709","1.515766"
"0","60","322.438556","0.237687","0.228715","1.523885"
"10","60","311.051003","0.236576","0.200851","1.53567"
"20","60","300.44036","0.236533","0.176249","1.552388"
"30","60","290.529743","0.237778","0.154219","1.576106"
"40","60","281.252089","0.240675","0.134183","1.610604"
"50","60","272.548636","0.245875","0.115624","1.66316"
"60","60","264.367677","0.254631","0.098021","1.748659"
"70","60","256.663534","0.269694","0.080772","1.900394"
"80","60","249.3957","0.298214","0.06317","2.192935"
"90","60","242.528133","0.358975","0.045585","2.597832"
"100","60","236.028652","0.455446","0.033739","2.304769"
"110","60","229.868437","0.540802","0.028743","1.858511"
"120","60","224.021599","0.606256","0.026484","1.614358"
"130","60","218.464819","0.657804","0.025307","1.474607"
"140","60","213.177034","0.699713","0.024652","1.386215"
"150","60","208.139174","0.734607","0.024285","1.325888"
"160","60","203.33393","0.764181","0.024095","1.282366"
"170","60","198.745552","0.789591","0.02402","1.249637"
"180","60","194.359686","0.81166","0.024023","1.224224"
"190","60","190.163212","0.831","0.024083","1.203983"
"200","60","186.144123","0.848074","0.024184","1.187525"
"210","60","182.291403","0.863243","0.024316","1.173912"
"220","60","178.594934","0.876794","0.024472","1.162487"
"-90","70","559.701511","0.335211","0.972359","1.509615"
"-80","70","530.723954","0.323929","0.785669","1.506313"
"-70","70","504.599221","0.314056","0.6494","1.503865"
"-60","70","480.925788","0.305441","0.545931","1.502245"
"-50","70","459.374106","0.297963","0.464943","1.501485"
"-40","70","439.671163","0.291535","0.399987","1.501676"
"-30","70","421.588862","0.286093","0.346824","1.502965"
"-20","70","404.935144","0.281602","0.302553","1.505579"
"-10","70","389.547147","0.278054","0.265117","1.509907"
"0","70","375.285857","0.275472","0.233016","1.516525"
"10","70","362.031897","0.273916","0.205126","1.526143"
"20","70","349.682182","0.2735","0.180584","1.539655"
"30","70","338.147227","0.274415","0.158713","1.558447"
"40","70","327.348976","0.276966","0.138967","1.58491"
"50","70","317.219037","0.281667","0.120882","1.623203"
"60","70","307.697229","0.289404","0.10405","1.680525"
"70","70","298.730385","0.30182","0.088094","1.769102"
"80","70","290.271363","0.32214","0.072717","1.906527"
"90","70","282.278209","0.356588","0.057988","2.093487"
"100","70","274.713471","0.412829","0.045192","2.198045"
"110","70","267.543604","0.484555","0.036574","2.021131"
"120","70","260.738476","0.552563","0.031864","1.772667"
"130","70","254.270946","0.609996","0.029287","1.59498"
"140","70","248.116499","0.657833","0.027781","1.476836"
"150","70","242.25294","0.698034","0.026858","1.395669"
"160","70","236.660122","0.732223","0.026279","1.337471"
"170","70","231.319715","0.761619","0.02592","1.294151"
"180","70","226.21501","0.787139","0.025707","1.260889"
"190","70","221.330739","0.809477","0.025597","1.234689"
"200","70","216.652926","0.829169","0.025561","1.213609"
"210","70","212.16875","0.846638","0.025581","1.196344"
"220","70","207.866434","0.862218","0.025642","1.181985"
"-90","80","638.518001","0.382002","0.984241","1.507745"
"-80","80","605.45986","0.369091","0.795064","1.504279"
"-70","80","575.656273","0.357784","0.657172","1.501618"
"-60","80","548.649176","0.347901","0.552587","1.499727"
"-50","80","524.062612","0.339305","0.470805","1.498624"
"-40","80","501.585125","0.331892","0.405274","1.498382"
"-30","80","480.956495","0.325586","0.351692","1.499118"
"-20","80","461.957621","0.320341","0.307119","1.501017"
"-10","80","444.402705","0.316138","0.269476","1.504394"
"0","80","428.133157","0.31299","0.237249","1.509708"
"10","80","413.012791","0.310947","0.209307","1.517493"
"20","80","398.924004","0.310107","0.18479","1.528388"
"30","80","385.76471","0.310632","0.163027","1.543337"
"40","80","373.445863","0.31278","0.143487","1.563903"
"50","80","361.889438","0.316961","0.125736","1.592597"
"60","80","351.02678","0.323835","0.109415","1.633241"
"70","80","340.797237","0.334494","0.09423","1.691141"
"80","80","331.147025","0.350774","0.079981","1.77166"
"90","80","322.028285","0.375622","0.066674","1.872224"
"100","80","313.39829","0.412748","0.054744","1.959382"
"110","80","305.21877","0.463272","0.045122","1.953702"
"120","80","297.455353","0.520818","0.038458","1.829831"
"130","80","290.077073","0.576353","0.034281","1.67701"
"140","80","283.055965","0.625786","0.031686","1.551836"
"150","80","276.366707","0.668726","0.030024","1.458634"
"160","80","269.986314","0.705903","0.028928","1.38952"
"170","80","263.893878","0.738201","0.028192","1.33732"
"180","80","258.070334","0.766413","0.027695","1.297017"
"190","80","252.498266","0.791197","0.027364","1.265241"
"200","80","247.161729","0.813094","0.027153","1.239716"
"210","80","242.046097","0.83254","0.02703","1.218872"
"220","80","237.137933","0.849893","0.026973","1.201601"
"-90","90","717.334491","0.428695","0.996223","1.505888"
"-80","90","680.195765","0.41415","0.804519","1.502265"
"-70","90","646.713325","0.401397","0.664978","1.499401"
"-60","90","616.372564","0.390236","0.55926","1.497254"
"-50","90","588.751118","0.380509","0.476671","1.49583"
"-40","90","563.499086","0.372096","0.410552","1.495185"
"-30","90","540.324129","0.364908","0.35654","1.495412"
"-20","90","518.980099","0.358887","0.311653","1.496661"
"-10","90","499.258263","0.354003","0.27379","1.499188"
"0","90","480.980458","0.350259","0.241421","1.503359"
"10","90","463.993685","0.347692","0.213408","1.509579"
"20","90","448.165826","0.346384","0.188886","1.518305"
"30","90","433.382194","0.346472","0.16719","1.530189"
"40","90","419.54275","0.348173","0.147794","1.546277"
"50","90","406.559839","0.351815","0.130282","1.568143"
"60","90","394.356332","0.357906","0.114316","1.59794"
"70","90","382.864089","0.367219","0.099635","1.638174"
"80","90","372.022687","0.380933","0.086064","1.690535"
"90","90","361.778362","0.400729","0.073567","1.75229"
"100","90","352.083109","0.428599","0.062318","1.809257"
"110","90","342.893937","0.465786","0.052728","1.831453"
"120","90","334.172229","0.510801","0.04522","1.790589"
"130","90","325.8832","0.559","0.03984","1.698322"
"140","90","317.99543","0.605661","0.036176","1.59488"
"150","90","310.480473","0.648365","0.0337","1.504527"
"160","90","303.312506","0.686515","0.032","1.431988"
"170","90","296.46804","0.720315","0.030814","1.374866"
"180","90","289.925658","0.750219","0.029975","1.329718"
"190","90","283.665793","0.776717","0.029378","1.293636"
"200","90","277.670532","0.800266","0.028954","1.264423"
"210","90","271.923444","0.821265","0.028659","1.240462"
"220","90","266.409433","0.840057","0.02846","1.22057"
"-90","100","796.150981","0.475295","1.008311","1.504044"
"-80","100","754.931671","0.459106","0.814035","1.500271"
"-70","100","717.770377","0.444899","0.672819","1.497214"
"-60","100","684.095952","0.432449","0.56595","1.494824"
"-50","100","653.439624","0.42158","0.482541","1.493098"
"-40","100","625.413048","0.412153","0.415824","1.492077"
"-30","100","599.691763","0.404066","0.361371","1.491834"
"-20","100","576.002576","0.39725","0.316161","1.492491"
"-10","100","554.113822","0.391662","0.278065","1.494254"
"0","100","533.827758","0.387294","0.245539","1.497418"
"10","100","514.974579","0.384171","0.217436","1.502289"
"20","100","497.407649","0.382359","0.192886","1.509195"
"30","100","480.999677","0.381971","0.171223","1.518589"
"40","100","465.639636","0.383187","0.151925","1.531183"
"50","100","451.23024","0.386275","0.134582","1.54799"
"60","100","437.685884","0.391629","0.118868","1.570268"
"70","100","424.93094","0.399821","0.104534","1.599239"
"80","100","412.89835","0.411661","0.091409","1.635293"
"90","100","401.528438","0.428216","0.079423","1.676163"
"100","100","390.767928","0.450685","0.068638","1.714155"
"110","100","380.569104","0.479921","0.059244","1.735028"
"120","100","370.889106","0.515622","0.05147","1.723355"
"130","100","361.689327","0.555752","0.045415","1.674973"
"140","100","352.934896","0.5972","0.040934","1.603587"
"150","100","344.594239","0.637289","0.037709","1.528389"
"160","100","336.638698","0.674536","0.035397","1.460671"
"170","100","329.042203","0.708425","0.033727","1.40362"
"180","100","321.780982","0.73896","0.032509","1.356657"
"190","100","314.83332","0.766368","0.031611","1.318151"
"200","100","308.179335","0.790951","0.030947","1.28645"
"210","100","301.800791","0.813022","0.030455","1.260159"
"220","100","295.680933","0.832872","0.030094","1.238169"
"-90","110","874.967471","0.521801","1.020505","1.502212"
"-80","110","829.667576","0.503962","0.823614","1.498295"
"-70","110","788.82743","0.488293","0.680697","1.495054"
"-60","110","751.81934","0.474544","0.572659","1.492434"
"-50","110","718.12813","0.46252","0.488417","1.490425"
"-40","110","687.32701","0.452066","0.421091","1.489052"
"-30","110","659.059397","0.443066","0.366187","1.488375"
"-20","110","633.025054","0.435436","0.320643","1.488489"
"-10","110","608.96938","0.429123","0.282304","1.489565"
"0","110","586.675059","0.424107","0.249609","1.491835"
"10","110","565.955473","0.420401","0.2214","1.495535"
"20","110","546.649471","0.418053","0.196802","1.500895"
"30","110","528.617161","0.417157","0.175145","1.508236"
"40","110","511.736523","0.417859","0.155908","1.518043"
"50","110","495.900642","0.420377","0.138682","1.530984"
"60","110","481.015435","0.425022","0.123148","1.547803"
"70","110","466.997792","0.432228","0.109059","1.569089"
"80","110","453.774012","0.442576","0.096241","1.594737"
"90","110","441.278514","0.456791","0.0846","1.622961"
"100","110","429.452746","0.475648","0.074133","1.64903"
"110","110","418.244271","0.499722","0.064923","1.66498"
"120","110","407.605983","0.528985","0.057085","1.662076"
"130","110","397.495454","0.562474","0.050686","1.635709"
"140","110","387.874361","0.598378","0.045667","1.589261"
"150","110","378.708005","0.634645","0.041848","1.532419"
"160","110","369.96489","0.669654","0.038987","1.474865"
"170","110","361.616365","0.70246","0.036847","1.422254"
"180","110","353.636307","0.732668","0.035241","1.376537"
"190","110","346.000847","0.760221","0.034027","1.337681"
"200","110","338.688138","0.785229","0.033103","1.304898"
"210","110","331.678138","0.807883","0.032398","1.27724"
"220","110","324.952433","0.828398","0.03186","1.253822"
"-90","120","953.783961","0.568216","1.032809","1.500391"
"-80","120","904.403481","0.54872","0.833258","1.496338"
"-70","120","859.884482","0.53158","0.688614","1.492921"
"-60","120","819.542728","0.516524","0.57939","1.490083"
"-50","120","782.816637","0.503335","0.494301","1.487806"
"-40","120","749.240971","0.491842","0.426355","1.486105"
"-30","120","718.42703","0.481913","0.370991","1.485025"
"-20","120","690.047531","0.473453","0.325104","1.484643"
"-10","120","663.824938","0.466396","0.286512","1.485095"
"0","120","639.522359","0.460711","0.253636","1.486569"
"10","120","616.936367","0.456396","0.225306","1.489243"
"20","120","595.891293","0.453487","0.200642","1.49328"
"30","120","576.234644","0.452054","0.178969","1.498904"
"40","120","557.83341","0.452218","0.159763","1.50645"
"50","120","540.571043","0.454154","0.142617","1.516358"
"60","120","524.344987","0.458108","0.12721","1.529075"
"70","120","509.064644","0.464415","0.113294","1.544854"
"80","120","494.649674","0.473504","0.100693","1.563409"
"90","120","481.02859","0.485888","0.089292","1.583344"
"100","120","468.137565","0.502096","0.07905","1.601524"
"110","120","455.919437","0.52252","0.069985","1.613019"
"120","120","444.32286","0.547191","0.062146","1.612429"
"130","120","433.301581","0.575589","0.055566","1.596327"
"140","120","422.813827","0.606626","0.050206","1.565197"
"150","120","412.821771","0.638886","0.045955","1.523417"
"160","120","403.291083","0.671001","0.042642","1.477083"
"170","120","394.190528","0.701938","0.040082","1.431339"
"180","120","385.491631","0.731076","0.038107","1.389194"
"190","120","377.168374","0.758124","0.036578","1.351822"
"200","120","369.196941","0.783011","0.03539","1.319317"
"210","120","361.555485","0.805796","0.034463","1.291283"
"220","120","354.223933","0.826599","0.033737","1.267158"
"-90","130","1032.600451","0.614542","1.045225","1.498583"
"-80","130","979.139387","0.593381","0.842969","1.494398"
"-70","130","930.941534","0.574763","0.69657","1.490813"
"-60","130","887.266116","0.558391","0.586142","1.487769"
"-50","130","847.505143","0.544026","0.500194","1.485239"
"-40","130","811.154933","0.531482","0.431619","1.483231"
"-30","130","777.794664","0.520612","0.375784","1.481777"
"-20","130","747.070008","0.511307","0.329545","1.480937"
"-10","130","718.680496","0.503489","0.29069","1.480823"
"0","130","692.36966","0.497115","0.257623","1.481584"
"10","130","667.917262","0.492171","0.229161","1.483355"
"20","130","645.133115","0.488676","0.204416","1.48625"
"30","130","623.852128","0.486684","0.182707","1.490421"
"40","130","603.930297","0.486289","0.163509","1.496103"
"50","130","585.241444","0.487631","0.146411","1.503587"
"60","130","567.674539","0.490906","0.13109","1.513133"
"70","130","551.131495","0.496373","0.117299","1.524819"
"80","130","535.525337","0.504356","0.104851","1.538303"
"90","130","520.778666","0.515227","0.09362","1.552488"
"100","130","506.822384","0.529358","0.083537","1.565191"
"110","130","493.594604","0.547022","0.074581","1.573151"
"120","130","481.039737","0.568254","0.06676","1.572795"
"130","130","469.107708","0.592733","0.060075","1.561633"
"140","130","457.753292","0.619756","0.054493","1.539384"
"150","130","446.935537","0.648345","0.049931","1.508105"
"160","130","436.617275","0.677445","0.046265","1.471347"
"170","130","426.76469","0.706127","0.043349","1.432833"
"180","130","417.346955","0.733707","0.041042","1.395426"
"190","130","408.335901","0.759763","0.039217","1.360808"
"200","130","399.705744","0.784084","0.037771","1.329685"
"210","130","391.432832","0.806608","0.036621","1.302158"
"220","130","383.495433","0.827365","0.035704","1.278011"
"-90","140","1111.416941","0.66078","1.057757","1.496786"
"-80","140","1053.875292","0.637948","0.852749","1.492475"
"-70","140","1001.998586","0.617845","0.704568","1.488731"
"-60","140","954.989504","0.600147","0.592918","1.485489"
"-50","140","912.193649","0.584599","0.506098","1.482721"
"-40","140","873.068894","0.570993","0.436882","1.480425"
"-30","140","837.162298","0.55917","0.380569","1.478623"
"-20","140","804.092486","0.549005","0.333969","1.477361"
"-10","140","773.536054","0.540411","0.294843","1.476731"
"0","140","745.21696","0.53333","0.261574","1.476851"
"10","140","718.898156","0.527737","0.232969","1.477822"
"20","140","694.374937","0.523636","0.20813","1.479722"
"30","140","671.469612","0.521064","0.18637","1.482654"
"40","140","650.027184","0.520092","0.16716","1.48678"
"50","140","629.911845","0.520831","0.150084","1.492291"
"60","140","611.00409","0.523434","0.13482","1.499332"
"70","140","593.198347","0.528104","0.121113","1.507886"
"80","140","576.400999","0.535086","0.108774","1.517611"
"90","140","560.528742","0.544654","0.097664","1.527637"
"100","140","545.507203","0.557076","0.087694","1.536386"
"110","140","531.269771","0.572543","0.078818","1.541599"
"120","140","517.756614","0.591078","0.071013","1.540797"
"130","140","504.913835","0.612462","0.064262","1.532135"
"140","140","492.692757","0.636206","0.058526","1.515132"
"150","140","481.049303","0.661607","0.053737","1.490821"
"160","140","469.943467","0.687864","0.049796","1.461326"
"170","140","459.338853","0.714202","0.046588","1.429167"
"180","140","449.202279","0.739978","0.043993","1.396625"
"190","140","439.503428","0.764726","0.041899","1.365354"
"200","140","430.214547","0.788151","0.04021","1.336331"
"210","140","421.310178","0.810102","0.038845","1.309987"
"220","140","412.766932","0.83053","0.037739","1.286395"
"-90","150","1190.233431","0.706931","1.070408","1.495"
"-80","150","1128.611198","0.682422","0.8626","1.490568"
"-70","150","1073.055638","0.660826","0.712609","1.486672"
"-60","150","1022.712892","0.641797","0.599719","1.483244"
"-50","150","976.882155","0.625054","0.512014","1.480249"
"-40","150","934.982856","0.610377","0.442148","1.477682"
"-30","150","896.529932","0.597589","0.385348","1.475556"
"-20","150","861.114963","0.586552","0.338378","1.473905"
"-10","150","828.391613","0.577167","0.298972","1.472803"
"0","150","798.064261","0.569364","0.265494","1.472344"
"10","150","769.87905","0.563104","0.236736","1.472603"
"20","150","743.616759","0.558379","0.21179","1.473632"
"30","150","719.087095","0.555209","0.189966","1.475497"
"40","150","696.124071","0.553646","0.170726","1.478309"
"50","150","674.582246","0.553773","0.153653","1.482192"
"60","150","654.333642","0.55571","0.13842","1.487218"
"70","150","635.265199","0.559613","0.124769","1.493319"
"80","150","617.276661","0.565669","0.112504","1.500177"
"90","150","600.278818","0.574082","0.101477","1.507095"
"100","150","584.192022","0.585044","0.091587","1.512899"
"110","150","568.944938","0.59869","0.082767","1.515969"
"120","150","554.473491","0.615028","0.074974","1.514527"
"130","150","540.719963","0.633895","0.068174","1.507176"
"140","150","527.632223","0.654928","0.062325","1.493402"
"150","150","515.16307","0.677603","0.057364","1.473739"
"160","150","503.269659","0.701297","0.053208","1.449522"
"170","150","491.913016","0.725379","0.049761","1.422476"
"180","150","481.057603","0.749284","0.04692","1.394307"
"190","150","470.670955","0.772557","0.044588","1.366426"
"200","150","460.72335","0.794871","0.042676","1.339824"
"210","150","451.187525","0.81602","0.041108","1.315084"
"220","150","442.038432","0.835893","0.03982","1.292469"
"-90","160","1269.049921","0.752998","1.083179","1.493225"
"-80","160","1203.347103","0.726806","0.872524","1.488678"
"-70","160","1144.11269","0.70371","0.720695","1.484636"
"-60","160","1090.43628","0.683341","0.606547","1.48103"
"-50","160","1041.570661","0.665397","0.517944","1.477822"
"-40","160","996.896818","0.649638","0.447417","1.475"
"-30","160","955.897565","0.635874","0.390121","1.472571"
"-20","160","918.13744","0.623954","0.342775","1.47056"
"-10","160","883.247171","0.613764","0.303081","1.469025"
"0","160","850.911562","0.605224","0.269385","1.468042"
"10","160","820.859944","0.598283","0.240465","1.467665"
"20","160","792.858581","0.592918","0.215403","1.467925"
"30","160","766.704579","0.589135","0.193501","1.468864"
"40","160","742.220958","0.586966","0.174218","1.470557"
"50","160","719.252647","0.586474","0.157131","1.473079"
"60","160","697.663194","0.587748","0.141908","1.476459"
"70","160","677.33205","0.590908","0.12829","1.480602"
"80","160","658.152323","0.596094","0.116073","1.485222"
"90","160","640.028894","0.603458","0.105102","1.489756"
"100","160","622.87684","0.613138","0.095266","1.493311"
"110","160","606.620104","0.625224","0.086482","1.494693"
"120","160","591.190368","0.639716","0.078693","1.492592"
"130","160","576.52609","0.656479","0.071854","1.485935"
"140","160","562.571688","0.675233","0.065916","1.474236"
"150","160","549.276836","0.695567","0.06082","1.457754"
"160","160","536.595851","0.716989","0.056491","1.437363"
"170","160","524.487178","0.738982","0.052846","1.41428"
"180","160","512.912927","0.761059","0.049797","1.38978"
"190","160","501.838482","0.782803","0.047257","1.365003"
"200","160","491.232153","0.803888","0.045144","1.340834"
"210","160","481.064872","0.824082","0.043389","1.317882"
"220","160","471.309932","0.843237","0.04193","1.296501"
"-90","170","1347.866411","0.79898","1.096075","1.491461"
"-80","170","1278.083009","0.771099","0.882522","1.486803"
"-70","170","1215.169742","0.746499","0.728826","1.482622"
"-60","170","1158.159668","0.724782","0.613402","1.478847"
"-50","170","1106.259167","0.705628","0.523888","1.475437"
"-40","170","1058.810779","0.68878","0.452691","1.472375"
"-30","170","1015.265199","0.67403","0.39489","1.469663"
"-20","170","975.159918","0.661215","0.34716","1.467318"
"-10","170","938.102729","0.650209","0.307172","1.465385"
"0","170","903.758862","0.640919","0.27325","1.463925"
"10","170","871.840838","0.633282","0.244159","1.462976"
"20","170","842.100403","0.627263","0.218972","1.462556"
"30","170","814.322062","0.622852","0.196982","1.462687"
"40","170","788.317845","0.620067","0.177643","1.463417"
"50","170","763.923049","0.618948","0.160528","1.464791"
"60","170","740.992746","0.619562","0.1453","1.466808"
"70","170","719.398902","0.621996","0.131695","1.469364"
"80","170","699.027986","0.626355","0.119505","1.472204"
"90","170","679.778971","0.63275","0.108569","1.47487"
"100","170","661.561659","0.641277","0.098765","1.476671"
"110","170","644.295271","0.651996","0.090003","1.476706"
"120","170","627.907244","0.664894","0.082212","1.473993"
"130","170","612.332217","0.679856","0.075337","1.467695"
"140","170","597.511154","0.696656","0.069326","1.457376"
"150","170","583.390602","0.714963","0.064118","1.443136"
"160","170","569.922044","0.734375","0.059647","1.42556"
"170","170","557.061341","0.754464","0.055837","1.405528"
"180","170","544.768252","0.774812","0.05261","1.384013"
"190","170","533.006009","0.795046","0.049887","1.361923"
"200","170","521.740956","0.814859","0.047595","1.340014"
"210","170","510.942219","0.834011","0.045669","1.318852"
"220","170","500.581432","0.852337","0.04405","1.298816"
"-90","180","1426.682901","0.84488","1.109097","1.489707"
"-80","180","1352.818914","0.815305","0.892597","1.484944"
"-70","180","1286.226795","0.789193","0.737006","1.480629"
"-60","180","1225.883056","0.766122","0.620287","1.476693"
"-50","180","1170.947673","0.745751","0.529848","1.473091"
"-40","180","1120.724741","0.727804","0.457971","1.469804"
"-30","180","1074.632833","0.71206","0.399658","1.466827"
"-20","180","1032.182395","0.69834","0.351536","1.464171"
"-10","180","992.958287","0.686506","0.311246","1.461871"
"0","180","956.606163","0.676454","0.277091","1.459977"
"10","180","922.821732","0.668109","0.247823","1.458513"
"20","180","891.342225","0.661422","0.222502","1.457487"
"30","180","861.939546","0.656373","0.200415","1.456907"
"40","180","834.414732","0.65296","0.181009","1.456804"
"50","180","808.59345","0.651209","0.163853","1.4572"
"60","180","784.322297","0.651164","0.148606","1.458076"
"70","180","761.465754","0.652886","0.134998","1.459327"
"80","180","739.903648","0.656452","0.122819","1.460729"
"90","180","719.529047","0.661938","0.1119","1.461906"
"100","180","700.246478","0.669411","0.102114","1.462314"
"110","180","681.970438","0.678906","0.09336","1.461264"
"120","180","664.624121","0.690398","0.08556","1.458004"
"130","180","648.138344","0.703787","0.078651","1.451878"
"140","180","632.450619","0.718883","0.072576","1.442503"
"150","180","617.504368","0.735411","0.067274","1.429888"
"160","180","603.248236","0.753038","0.062682","1.414424"
"170","180","589.635503","0.7714","0.058732","1.39676"
"180","180","576.623576","0.790139","0.05535","1.37765"
"190","180","564.173536","0.808923","0.052468","1.357825"
"200","180","552.249759","0.827467","0.050017","1.337921"
"210","180","540.819566","0.845542","0.047935","1.318441"
"220","180","529.852932","0.862971","0.046168","1.299751"
"-90","190","1505.499391","0.890699","1.12225","1.487964"
"-80","190","1427.55482","0.859425","0.90275","1.483099"
"-70","190","1357.283847","0.831796","0.745234","1.478658"
"-60","190","1293.606444","0.807364","0.627201","1.474568"
"-50","190","1235.63618","0.785769","0.535826","1.470784"
"-40","190","1182.638702","0.766716","0.463258","1.467284"
"-30","190","1134.000467","0.749967","0.404425","1.464058"
"-20","190","1089.204872","0.735333","0.355904","1.461113"
"-10","190","1047.813846","0.722661","0.315306","1.458475"
"0","190","1009.453463","0.711836","0.280912","1.456184"
"10","190","973.802626","0.702771","0.251458","1.454254"
"20","190","940.584047","0.695406","0.225996","1.452685"
"30","190","909.557029","0.689706","0.203804","1.451479"
"40","190","880.511619","0.685658","0.184322","1.450649"
"50","190","853.263851","0.683269","0.167114","1.450206"
"60","190","827.651849","0.682565","0.151836","1.450117"
"70","190","803.532605","0.683587","0.138214","1.450282"
"80","190","780.77931","0.686385","0.126031","1.450506"
"90","190","759.279123","0.691011","0.115116","1.450478"
"100","190","738.931297","0.697506","0.105333","1.449765"
"110","190","719.645605","0.705885","0.096577","1.44783"
"120","190","701.340998","0.716116","0.088762","1.444092"
"130","190","683.944471","0.728107","0.081819","1.43803"
"140","190","667.390085","0.741693","0.075686","1.429316"
"150","190","651.618134","0.756641","0.070302","1.417907"
"160","190","636.574428","0.772669","0.065606","1.40406"
"170","190","622.209666","0.789465","0.061533","1.388258"
"180","190","608.4789","0.806715","0.058018","1.371092"
"190","190","595.341063","0.824126","0.054994","1.353158"
"200","190","582.758562","0.841438","0.0524","1.334992"
"210","190","570.696913","0.858432","0.050177","1.317034"
"220","190","559.124432","0.874935","0.048274","1.299621"
"-80","200","1502.290725","0.90346","0.912984","1.481269"
"-70","200","1428.340899","0.874307","0.753512","1.476706"
"-60","200","1361.329832","0.84851","0.634147","1.47247"
"-50","200","1300.324686","0.825683","0.541821","1.468514"
"-40","200","1244.552664","0.805516","0.468554","1.464812"
"-30","200","1193.3681","0.787756","0.409192","1.461353"
"-20","200","1146.22735","0.772198","0.360266","1.458138"
"-10","200","1102.669404","0.758679","0.319353","1.455188"
"0","200","1062.300764","0.747071","0.284713","1.452532"
"10","200","1024.78352","0.737275","0.255068","1.45018"
"20","200","989.825869","0.729221","0.229458","1.448125"
"30","200","957.174513","0.722861","0.207153","1.446361"
"40","200","926.608506","0.718169","0.187587","1.444895"
"50","200","897.934252","0.715137","0.170318","1.443725"
"60","200","870.981401","0.713775","0.154999","1.442814"
"70","200","845.599457","0.714105","0.141351","1.442068"
"80","200","821.654973","0.716157","0.129153","1.441316"
"90","200","799.029199","0.719961","0.11823","1.4403"
"100","200","777.616116","0.725538","0.108441","1.438672"
"110","200","757.320772","0.732888","0.099673","1.43601"
"120","200","738.057875","0.74197","0.091838","1.431858"
"130","200","719.750598","0.752699","0.08486","1.4258"
"140","200","702.32955","0.764928","0.078672","1.417556"
"150","200","685.7319","0.778457","0.073215","1.407059"
"160","200","669.90062","0.79304","0.068427","1.394473"
"170","200","654.783829","0.808408","0.064246","1.380156"
"180","200","640.334224","0.824283","0.060612","1.364574"
"190","200","626.50859","0.840405","0.057462","1.34822"
"200","200","613.267365","0.856534","0.054739","1.331546"
"210","200","600.57426","0.872467","0.052389","1.314937"
"220","200","588.395931","0.888037","0.050361","1.298696"
"-80","210","1577.026631","0.947411","0.923299","1.479453"
"-70","210","1499.397951","0.916731","0.761842","1.474774"
"-60","210","1429.05322","0.88956","0.641125","1.470398"
"-50","210","1365.013192","0.865496","0.547836","1.466278"
"-40","210","1306.466626","0.844208","0.473859","1.462386"
"-30","210","1252.735734","0.825429","0.413962","1.458708"
"-20","210","1203.249827","0.808939","0.364623","1.455241"
"-10","210","1157.524962","0.794564","0.323389","1.452002"
"0","210","1115.148064","0.782163","0.288498","1.449011"
"10","210","1075.764414","0.771627","0.258655","1.446275"
"20","210","1039.067691","0.762874","0.232891","1.443781"
"30","210","1004.791997","0.755845","0.210465","1.441521"
"40","210","972.705393","0.750502","0.190808","1.439494"
"50","210","942.604653","0.746823","0.173471","1.437691"
"60","210","914.310952","0.744804","0.158101","1.436074"
"70","210","887.666308","0.744449","0.144418","1.434555"
"80","210","862.530635","0.745772","0.132196","1.432987"
"90","210","838.779275","0.748785","0.121255","1.431153"
"100","210","816.300935","0.753493","0.11145","1.428771"
"110","210","794.995938","0.759881","0.102665","1.425506"
"120","210","774.774752","0.767904","0.094804","1.420996"
"130","210","755.556725","0.77748","0.087789","1.414909"
"140","210","737.269016","0.788475","0.08155","1.407006"
"150","210","719.845666","0.800714","0.076025","1.397209"
"160","210","703.226812","0.813982","0.071154","1.385621"
"170","210","687.357991","0.828039","0.066877","1.372504"
"180","210","672.189548","0.842642","0.063136","1.358229"
"190","210","657.676117","0.857554","0.059873","1.3432"
"200","210","643.776168","0.872558","0.057034","1.327805"
"210","210","630.451607","0.887463","0.054566","1.312379"
"220","210","617.667431","0.902111","0.052423","1.297197"
"-80","220","1651.762536","0.99128","0.9337","1.477651"
"-70","220","1570.455003","0.959066","0.770226","1.47286"
"-60","220","1496.776608","0.930518","0.648137","1.468352"
"-50","220","1429.701698","0.90521","0.553872","1.464076"
"-40","220","1368.380587","0.882795","0.479175","1.460004"
"-30","220","1312.103368","0.862989","0.418734","1.45612"
"-20","220","1260.272305","0.84556","0.368977","1.452418"
"-10","220","1212.38052","0.83032","0.327416","1.44891"
"0","220","1167.995365","0.817117","0.292267","1.445611"
"10","220","1126.745308","0.805832","0.262221","1.442524"
"20","220","1088.309514","0.796372","0.236296","1.439634"
"30","220","1052.40948","0.788667","0.213745","1.43693"
"40","220","1018.80228","0.782666","0.193989","1.434406"
"50","220","987.275055","0.778336","0.176577","1.432049"
"60","220","957.640504","0.775659","0.16115","1.429822"
"70","220","929.73316","0.774626","0.147423","1.427643"
"80","220","903.406297","0.775234","0.135168","1.425385"
"90","220","878.529351","0.777482","0.124201","1.422867"
"100","220","854.985753","0.781359","0.114373","1.419858"
"110","220","832.671105","0.786841","0.105564","1.416089"
"120","220","811.491629","0.793878","0.097673","1.411272"
"130","220","791.362852","0.802387","0.090619","1.405137"
"140","220","772.208481","0.812249","0.084331","1.397486"
"150","220","753.959433","0.823305","0.078743","1.388236"
"160","220","736.553005","0.835363","0.073795","1.377446"
"170","220","719.932154","0.848213","0.069431","1.365312"
"180","220","704.044872","0.861633","0.065594","1.352124"
"190","220","688.843644","0.875411","0.062228","1.338217"
"200","220","674.284971","0.889347","0.059283","1.32392"
"210","220","660.328954","0.903263","0.056708","1.309531"
"220","220","646.938931","0.917009","0.054458","1.295295"
"-80","230","1726.498442","1.035068","0.944186","1.475863"
"-70","230","1641.512055","1.001317","0.778664","1.470965"
"-60","230","1564.499996","0.971385","0.655184","1.46633"
"-50","230","1494.390204","0.944828","0.559929","1.461906"
"-40","230","1430.294549","0.921279","0.484503","1.457664"
"-30","230","1371.471002","0.900439","0.42351","1.453585"
"-20","230","1317.294782","0.882063","0.373328","1.449663"
"-10","230","1267.236078","0.86595","0.331434","1.445905"
"0","230","1220.842665","0.851939","0.296023","1.442323"
"10","230","1177.726202","0.839897","0.265769","1.438915"
"20","230","1137.551336","0.829721","0.239678","1.435666"
"30","230","1100.026964","0.821332","0.216995","1.432562"
"40","230","1064.899167","0.814667","0.197135","1.429596"
"50","230","1031.945456","0.809683","0.17964","1.426753"
"60","230","1000.970056","0.806348","0.164149","1.423995"
"70","230","971.800012","0.804642","0.150372","1.421249"
"80","230","944.28196","0.804548","0.138077","1.418405"
"90","230","918.279427","0.806051","0.127077","1.415309"
"100","230","893.670572","0.80913","0.11722","1.411775"
"110","230","870.346272","0.813751","0.108381","1.407582"
"120","230","848.208506","0.81986","0.100457","1.402501"
"130","230","827.168979","0.827376","0.093363","1.396311"
"140","230","807.147946","0.836186","0.087025","1.388848"
"150","230","788.073199","0.846147","0.081377","1.380029"
"160","230","769.879197","0.857086","0.076359","1.369888"
"170","230","752.506316","0.868814","0.071915","1.358566"
"180","230","735.900197","0.881131","0.067989","1.346291"
"190","230","720.011171","0.893843","0.064529","1.333339"
"200","230","704.793774","0.906766","0.061486","1.319992"
"210","230","690.2063","0.919734","0.058812","1.306511"
"220","230","676.210431","0.932605","0.056464","1.293118"
"-80","240","1801.234347","1.078777","0.954761","1.474088"
"-70","240","1712.569108","1.043483","0.787158","1.469088"
"-60","240","1632.223383","1.012163","0.662267","1.464331"
"-50","240","1559.07871","0.98435","0.566009","1.459767"
"-40","240","1492.20851","0.959662","0.489844","1.455364"
"-30","240","1430.838635","0.937782","0.428292","1.451102"
"-20","240","1374.317259","0.918452","0.377677","1.446974"
"-10","240","1322.091637","0.90146","0.335446","1.442983"
"0","240","1273.689966","0.886631","0.299767","1.439139"
"10","240","1228.707096","0.873825","0.269299","1.435436"
"20","240","1186.793158","0.862927","0.243037","1.431861"
"30","240","1147.644447","0.853847","0.220217","1.428398"
"40","240","1110.996054","0.846514","0.200248","1.425037"
"50","240","1076.615857","0.840871","0.182665","1.421764"
"60","240","1044.299607","0.836879","0.167104","1.418541"
"70","240","1013.866863","0.834503","0.15327","1.415305"
"80","240","985.157622","0.833716","0.14093","1.411958"
"90","240","958.029503","0.834493","0.129891","1.408374"
"100","240","932.355391","0.836801","0.119998","1.404395"
"110","240","908.021439","0.8406","0.111124","1.399844"
"120","240","884.925383","0.84583","0.103164","1.394535"
"130","240","862.975107","0.852412","0.096028","1.388289"
"140","240","842.087412","0.860238","0.089641","1.380968"
"150","240","822.186965","0.869178","0.083936","1.372495"
"160","240","803.205389","0.879074","0.078852","1.362885"
"170","240","785.080479","0.889754","0.074333","1.352239"
"180","240","767.755521","0.901037","0.070326","1.340738"
"190","240","751.178698","0.912744","0.066779","1.328606"
"200","240","735.302577","0.924706","0.063645","1.316085"
"210","240","720.083647","0.936767","0.060879","1.303404"
"220","240","705.481931","0.948792","0.05844","1.290761"
"-80","250","1875.970253","1.122407","0.965426","1.472325"
"-70","250","1783.62616","1.085566","0.79571","1.467228"
"-60","250","1699.946771","1.052853","0.669388","1.462356"
"-50","250","1623.767216","1.02378","0.572112","1.457657"
"-40","250","1554.122472","0.997946","0.495198","1.453101"
"-30","250","1490.206269","0.97502","0.433079","1.448667"
"-20","250","1431.339737","0.95473","0.382027","1.444346"
"-10","250","1376.947195","0.936852","0.339452","1.440138"
"0","250","1326.537266","0.921199","0.3035","1.436051"
"10","250","1279.68799","0.907622","0.272814","1.432079"
"20","250","1236.03498","0.895995","0.246376","1.428206"
"30","250","1195.261931","0.886218","0.223415","1.424417"
"40","250","1157.092941","0.878211","0.20333","1.420704"
"50","250","1121.286258","0.871907","0.185655","1.417048"
"60","250","1087.629159","0.867257","0.170018","1.413418"
"70","250","1055.933715","0.864215","0.156123","1.409755"
"80","250","1026.033284","0.862745","0.143731","1.405976"
"90","250","997.77958","0.86281","0.132647","1.401973"
"100","250","971.04021","0.86437","0.122715","1.397617"
"110","250","945.696605","0.867378","0.113803","1.392762"
"120","250","921.64226","0.87177","0.105803","1.387257"
"130","250","898.781234","0.877468","0.098624","1.380957"
"140","250","877.026877","0.884368","0.092188","1.373745"
"150","250","856.300731","0.892349","0.086427","1.365553"
"160","250","836.531581","0.901266","0.08128","1.356381"
"170","250","817.654641","0.910962","0.076691","1.346304"
"180","250","799.610845","0.921272","0.072607","1.335462"
"190","250","782.346225","0.932029","0.06898","1.32404"
"200","250","765.81138","0.943077","0.065762","1.31224"
"210","250","749.960994","0.95427","0.062911","1.300265"
"220","250","734.753431","0.965478","0.060385","1.288294"
"-80","260","1950.706158","1.16596","0.976183","1.470576"
"-70","260","1854.683212","1.127568","0.80432","1.465386"
"-60","260","1767.670159","1.093457","0.676546","1.460402"
"-50","260","1688.455723","1.063119","0.57824","1.455576"
"-40","260","1616.036434","1.036134","0.500567","1.450876"
"-30","260","1549.573903","1.012156","0.437874","1.446279"
"-20","260","1488.362214","0.9909","0.386378","1.441775"
"-10","260","1431.802753","0.972129","0.343453","1.437366"
"0","260","1379.384567","0.955646","0.307224","1.433054"
"10","260","1330.668884","0.941291","0.276315","1.428833"
"20","260","1285.276802","0.928929","0.249697","1.424688"
"30","260","1242.879414","0.91845","0.226589","1.420605"
"40","260","1203.189827","0.909764","0.206386","1.416574"
"50","260","1165.956659","0.902797","0.188613","1.412579"
"60","260","1130.958711","0.897488","0.172896","1.408589"
"70","260","1098.000567","0.893783","0.158934","1.404554"
"80","260","1066.908947","0.891637","0.146485","1.4004"
"90","260","1037.529656","0.891004","0.135353","1.396037"
"100","260","1009.725029","0.891836","0.125377","1.391359"
"110","260","983.371772","0.894079","0.116423","1.386244"
"120","260","958.359136","0.897669","0.10838","1.380571"
"130","260","934.587361","0.902524","0.101156","1.37422"
"140","260","911.966343","0.908546","0.094671","1.367094"
"150","260","890.414497","0.915621","0.088856","1.359131"
"160","260","869.857773","0.923615","0.083649","1.350326"
"170","260","850.228804","0.932383","0.078993","1.340731"
"180","260","831.466169","0.941771","0.074838","1.330455"
"190","260","813.513753","0.951628","0.071135","1.319648"
"200","260","796.320183","0.961805","0.067838","1.308483"
"210","260","779.838341","0.972165","0.064907","1.297136"
"220","260","764.024931","0.982587","0.062301","1.285766"
"-80","270","2025.442064","1.209437","0.987035","1.468839"
"-70","270","1925.740264","1.169489","0.812991","1.463559"
"-60","270","1835.393547","1.133976","0.683744","1.45847"
"-50","270","1753.144229","1.102368","0.584394","1.453523"
"-40","270","1677.950395","1.074227","0.505952","1.448685"
"-30","270","1608.941537","1.049193","0.442677","1.443934"
"-20","270","1545.384691","1.026965","0.39073","1.43926"
"-10","270","1486.658311","1.007295","0.347452","1.434662"
"0","270","1432.231868","0.989976","0.31094","1.430141"
"10","270","1381.649778","0.974836","0.279803","1.425691"
"20","270","1334.518624","0.961733","0.253001","1.421297"
"30","270","1290.496898","0.950547","0.229743","1.416947"
"40","270","1249.286714","0.941179","0.209416","1.41263"
"50","270","1210.627061","0.933546","0.191541","1.408331"
"60","270","1174.288262","0.927578","0.175739","1.404023"
"70","270","1140.067418","0.923213","0.161707","1.39966"
"80","270","1107.784609","0.920397","0.149198","1.395181"
"90","270","1077.279732","0.919076","0.138013","1.390508"
"100","270","1048.409848","0.919197","0.127988","1.385552"
"110","270","1021.046939","0.9207","0.118989","1.380216"
"120","270","995.076013","0.923515","0.110902","1.374398"
"130","270","970.393488","0.927564","0.103632","1.368001"
"140","270","946.905808","0.932751","0.097098","1.360943"
"150","270","924.528263","0.938965","0.091229","1.353171"
"160","270","903.183965","0.946084","0.085963","1.344675"
"170","270","882.802967","0.953971","0.081244","1.33549"
"180","270","863.321493","0.962485","0.077021","1.325702"
"190","270","844.68128","0.971483","0.073247","1.315433"
"200","270","826.828986","0.980828","0.069876","1.304829"
"210","270","809.715688","0.990391","0.066869","1.29404"
"220","270","793.29643","1.000053","0.064187","1.283211"
"-80","280","2100.177969","1.252839","0.997983","1.467114"
"-70","280","1996.797316","1.211332","0.821723","1.461749"
"-60","280","1903.116935","1.174413","0.690983","1.456559"
"-50","280","1817.832735","1.14153","0.590574","1.451496"
"-40","280","1739.864357","1.112228","0.511353","1.446527"
"-30","280","1668.30917","1.086131","0.447489","1.441632"
"-20","280","1602.407169","1.062926","0.395086","1.436797"
"-10","280","1541.51387","1.042352","0.351448","1.432022"
"0","280","1485.079168","1.024191","0.314649","1.427307"
"10","280","1432.630672","1.008262","0.283281","1.422646"
"20","280","1383.760446","0.994413","0.256291","1.418024"
"30","280","1338.114382","0.982515","0.232877","1.413431"
"40","280","1295.383601","0.972461","0.212423","1.408855"
"50","280","1255.297462","0.96416","0.194443","1.404284"
"60","280","1217.617814","0.957532","0.178552","1.399693"
"70","280","1182.13427","0.95251","0.164445","1.395042"
"80","280","1148.660271","0.949029","0.151871","1.390279"
"90","280","1117.029808","0.947031","0.14063","1.385337"
"100","280","1087.094666","0.946455","0.130554","1.380143"
"110","280","1058.722106","0.947236","0.121507","1.374616"
"120","280","1031.79289","0.949304","0.113373","1.368673"
"130","280","1006.199615","0.952577","0.106055","1.362235"
"140","280","981.845274","0.956963","0.099471","1.355233"
"150","280","958.642029","0.962357","0.09355","1.347621"
"160","280","936.510158","0.968641","0.088227","1.339387"
"170","280","915.377129","0.975689","0.083448","1.330555"
"180","280","895.176817","0.98337","0.07916","1.32119"
"190","280","875.848807","0.991549","0.075318","1.311393"
"200","280","857.337789","1.000097","0.071877","1.301285"
"210","280","839.593035","1.008892","0.068799","1.290997"
"220","280","822.56793","1.017823","0.066045","1.280656"
"-80","290","2174.913875","1.296168","1.009029","1.465401"
"-70","290","2067.854368","1.253097","0.830519","1.459954"
"-60","290","1970.840323","1.214767","0.698263","1.454668"
"-50","290","1882.521241","1.180605","0.596781","1.449495"
"-40","290","1801.778318","1.150138","0.516772","1.444402"
"-30","290","1727.676804","1.122974","0.45231","1.43937"
"-20","290","1659.429646","1.098787","0.399445","1.434384"
"-10","290","1596.369428","1.077303","0.355443","1.429443"
"0","290","1537.926469","1.058295","0.318352","1.424548"
"10","290","1483.611566","1.041572","0.286749","1.419691"
"20","290","1433.002268","1.026972","0.259566","1.41486"
"30","290","1385.731865","1.014358","0.235995","1.410044"
"40","290","1341.480488","1.003615","0.215409","1.405235"
"50","290","1299.967863","0.994642","0.197319","1.40042"
"60","290","1260.947366","0.987355","0.181337","1.395576"
"70","290","1224.201122","0.981677","0.167151","1.390671"
"80","290","1189.535934","0.977537","0.15451","1.385658"
"90","290","1156.779884","0.97487","0.143209","1.380482"
"100","290","1125.779485","0.973609","0.133079","1.375082"
"110","290","1096.397272","0.973686","0.123981","1.369391"
"120","290","1068.509767","0.975028","0.115798","1.363341"
"130","290","1042.005742","0.977553","0.108432","1.356867"
"140","290","1016.784739","0.981169","0.101798","1.349912"
"150","290","992.755796","0.985776","0.095823","1.342437"
"160","290","969.83635","0.991262","0.090445","1.334426"
"170","290","947.951292","0.997509","0.085607","1.325899"
"180","290","927.032141","1.004392","0.081258","1.316903"
"190","290","907.016334","1.011787","0.077351","1.307522"
"200","290","887.846592","1.01957","0.073844","1.297855"
"210","290","869.470382","1.027626","0.070697","1.288017"
"220","290","851.83943","1.035849","0.067875","1.278118"
"-80","300","2249.64978","1.339423","1.020176","1.463701"
"-70","300","2138.91142","1.294786","0.839379","1.458175"
"-60","300","2038.563711","1.255042","0.705586","1.452796"
"-50","300","1947.209747","1.219596","0.603017","1.447518"
"-40","300","1863.69228","1.18796","0.522209","1.442308"
"-30","300","1787.044438","1.159724","0.457142","1.437146"
"-20","300","1716.452123","1.134549","0.403809","1.432018"
"-10","300","1651.224986","1.112151","0.359437","1.426922"
"0","300","1590.773769","1.092291","0.322051","1.421859"
"10","300","1534.59246","1.074769","0.290208","1.416821"
"20","300","1482.24409","1.059413","0.262829","1.411797"
"30","300","1433.349349","1.046079","0.239096","1.406779"
"40","300","1387.577375","1.034643","0.218376","1.401757"
"50","300","1344.638264","1.024998","0.200173","1.396722"
"60","300","1304.276917","1.017051","0.184095","1.391653"
"70","300","1266.267973","1.010718","0.169828","1.386522"
"80","300","1230.411596","1.005924","0.157116","1.38129"
"90","300","1196.52996","1.002595","0.145752","1.37591"
"100","300","1164.464304","1.000661","0.135565","1.370331"
"110","300","1134.072439","1.00005","0.126415","1.364498"
"120","300","1105.226644","1.000685","0.118181","1.358357"
"130","300","1077.811869","1.002484","0.110765","1.351852"
"140","300","1051.724204","1.005358","0.10408","1.344938"
"150","300","1026.869562","1.009208","0.098054","1.337579"
"160","300","1003.162542","1.013928","0.092621","1.329762"
"170","300","980.525454","1.019405","0.087726","1.321499"
"180","300","958.887466","1.025523","0.083317","1.312827"
"190","300","938.183861","1.032164","0.079348","1.303813"
"200","300","918.355395","1.039211","0.075777","1.294541"
"210","300","899.347729","1.046554","0.072566","1.285107"
"220","300","881.11093","1.054092","0.069679","1.27561"
"-80","310","2324.385686","1.382607","1.031426","1.462011"
"-70","310","2209.968473","1.336399","0.848305","1.45641"
"-60","310","2106.287099","1.295237","0.712953","1.450944"
"-50","310","2011.898253","1.258505","0.609282","1.445566"
"-40","310","1925.606242","1.225694","0.527664","1.440244"
"-30","310","1846.412072","1.196382","0.461986","1.434959"
"-20","310","1773.474601","1.170215","0.408179","1.429697"
"-10","310","1706.080544","1.146898","0.363432","1.424456"
"0","310","1643.62107","1.126182","0.325746","1.419236"
"10","310","1585.573354","1.107856","0.29366","1.41403"
"20","310","1531.485912","1.09174","0.266081","1.408829"
"30","310","1480.966832","1.077683","0.242183","1.403625"
"40","310","1433.674262","1.065551","0.221325","1.39841"
"50","310","1389.308665","1.055232","0.203007","1.393176"
"60","310","1347.606469","1.046625","0.18683","1.387906"
"70","310","1308.334825","1.039639","0.172478","1.382575"
"80","310","1271.287258","1.034193","0.159692","1.377149"
"90","310","1236.280036","1.030209","0.148263","1.37159"
"100","310","1203.149123","1.027612","0.138017","1.365856"
"110","310","1171.747606","1.026325","0.128812","1.359902"
"120","310","1141.943521","1.026271","0.120526","1.353681"
"130","310","1113.617996","1.027365","0.113058","1.347151"
"140","310","1086.66367","1.02952","0.106322","1.340271"
"150","310","1060.983328","1.032639","0.100244","1.333015"
"160","310","1036.488734","1.036621","0.094758","1.325366"
"170","310","1013.099617","1.041358","0.089807","1.317334"
"180","310","990.74279","1.04674","0.08534","1.308948"
"190","310","969.351388","1.052654","0.081312","1.300259"
"200","310","948.864198","1.058991","0.07768","1.29134"
"210","310","929.225075","1.065645","0.074407","1.282271"
"220","310","910.38243","1.07252","0.071457","1.27314"
"-80","320","2399.121591","1.42572","1.04278","1.460333"
"-70","320","2281.025525","1.377939","0.857298","1.454661"
"-60","320","2174.010487","1.335355","0.720364","1.44911"
"-50","320","2076.586759","1.297331","0.615577","1.443636"
"-40","320","1987.520203","1.263342","0.53314","1.438209"
"-30","320","1905.779705","1.23295","0.466842","1.432807"
"-20","320","1830.497078","1.205787","0.412554","1.427419"
"-10","320","1760.936102","1.181547","0.367429","1.422042"
"0","320","1696.46837","1.15997","0.329439","1.416675"
"10","320","1636.554248","1.140836","0.297105","1.411314"
"20","320","1580.727734","1.123957","0.269324","1.405949"
"30","320","1528.584316","1.109172","0.245257","1.400575"
"40","320","1479.771149","1.096342","0.224258","1.395184"
"50","320","1433.979067","1.085347","0.205821","1.389771"
"60","320","1390.936021","1.076079","0.189543","1.38432"
"70","320","1350.401677","1.068442","0.175103","1.37881"
"80","320","1312.16292","1.062349","0.162241","1.373214"
"90","320","1276.030112","1.057716","0.150744","1.367498"
"100","320","1241.833942","1.054464","0.140437","1.361629"
"110","320","1209.422773","1.052513","0.131174","1.355569"
"120","320","1178.660398","1.051784","0.122835","1.349281"
"130","320","1149.424123","1.052191","0.115315","1.342729"
"140","320","1121.603135","1.053648","0.108528","1.335882"
"150","320","1095.097094","1.056059","0.102397","1.328714"
"160","320","1069.814926","1.059328","0.096858","1.321214"
"170","320","1045.673779","1.063351","0.091853","1.313386"
"180","320","1022.598114","1.068022","0.08733","1.305251"
"190","320","1000.518915","1.073235","0.083244","1.296853"
"200","320","979.373001","1.078885","0.079554","1.28825"
"210","320","959.102422","1.084872","0.076221","1.279512"
"220","320","939.65393","1.091102","0.073211","1.270714"
"-80","330","2473.857497","1.468764","1.054242","1.458667"
"-70","330","2352.082577","1.419405","0.866361","1.452925"
"-60","330","2241.733875","1.375396","0.727821","1.447294"
"-50","330","2141.275266","1.336078","0.621903","1.441729"
"-40","330","2049.434165","1.300907","0.538637","1.436201"
"-30","330","1965.147339","1.26943","0.471711","1.430689"
"-20","330","1887.519556","1.241268","0.416937","1.425182"
"-10","330","1815.791661","1.2161","0.371428","1.419677"
"0","330","1749.315671","1.193658","0.333129","1.414174"
"10","330","1687.535142","1.173712","0.300545","1.408668"
"20","330","1629.969557","1.156065","0.272557","1.403152"
"30","330","1576.201799","1.14055","0.248319","1.397621"
"40","330","1525.868036","1.12702","0.227177","1.392071"
"50","330","1478.649468","1.115347","0.208617","1.386494"
"60","330","1434.265573","1.105418","0.192235","1.380881"
"70","330","1392.468528","1.097131","0.177705","1.375212"
"80","330","1353.038583","1.090393","0.164764","1.369464"
"90","330","1315.780189","1.085117","0.153197","1.363611"
"100","330","1280.518761","1.081218","0.142827","1.357624"
"110","330","1247.097939","1.078614","0.133506","1.351473"
"120","330","1215.377275","1.077223","0.125111","1.345128"
"130","330","1185.230251","1.07696","0.117539","1.338559"
"140","330","1156.542601","1.077736","0.110699","1.331741"
"150","330","1129.21086","1.079461","0.104517","1.324653"
"160","330","1103.141119","1.082038","0.098925","1.317284"
"170","330","1078.247942","1.085369","0.093866","1.309635"
"180","330","1054.453438","1.089353","0.089289","1.301725"
"190","330","1031.686442","1.093887","0.085147","1.293586"
"200","330","1009.881804","1.098872","0.0814","1.285268"
"210","330","988.979769","1.104212","0.07801","1.27683"
"220","330","968.925429","1.109816","0.074942","1.268337"
"-80","340","2548.593402","1.511738","1.065813","1.457011"
"-70","340","2423.139629","1.460799","0.875493","1.451204"
"-60","340","2309.457263","1.415361","0.735326","1.445496"
"-50","340","2205.963772","1.374746","0.628261","1.439844"
"-40","340","2111.348126","1.338389","0.544154","1.43422"
"-30","340","2024.514973","1.305824","0.476594","1.428604"
"-20","340","1944.542033","1.276658","0.421328","1.422984"
"-10","340","1870.647219","1.250559","0.375429","1.417359"
"0","340","1802.162971","1.227248","0.336819","1.411728"
"10","340","1738.516036","1.206486","0.30398","1.406088"
"20","340","1679.211379","1.188069","0.275783","1.400433"
"30","340","1623.819283","1.171821","0.25137","1.394758"
"40","340","1571.964923","1.157588","0.230081","1.389061"
"50","340","1523.319869","1.145236","0.211398","1.383338"
"60","340","1477.595124","1.134646","0.194909","1.377578"
"70","340","1434.53538","1.12571","0.180287","1.371766"
"80","340","1393.914245","1.11833","0.167265","1.365884"
"90","340","1355.530265","1.112414","0.155625","1.35991"
"100","340","1319.203579","1.107875","0.14519","1.35382"
"110","340","1284.773106","1.104628","0.135809","1.347591"
"120","340","1252.094151","1.102587","0.127358","1.341197"
"130","340","1221.036378","1.101667","0.119731","1.334615"
"140","340","1191.482066","1.10178","0.112839","1.327825"
"150","340","1163.324626","1.102836","0.106604","1.320808"
"160","340","1136.467311","1.104742","0.10096","1.313556"
"170","340","1110.822105","1.107402","0.095849","1.306067"
"180","340","1086.308762","1.110719","0.091218","1.298357"
"190","340","1062.853969","1.114595","0.087022","1.290451"
"200","340","1040.390607","1.118934","0.08322","1.282391"
"210","340","1018.857116","1.123645","0.079774","1.274225"
"220","340","998.196929","1.12864","0.076651","1.26601"
"-80","350","2623.329308","1.554644","1.077496","1.455367"
"-70","350","2494.196681","1.502123","0.884698","1.449496"
"-60","350","2377.180651","1.455253","0.742878","1.443715"
"-50","350","2270.652278","1.413336","0.634651","1.43798"
"-40","350","2173.262088","1.375791","0.549694","1.432265"
"-30","350","2083.882607","1.342134","0.481491","1.42655"
"-20","350","2001.56451","1.31196","0.425727","1.420824"
"-10","350","1925.502777","1.284926","0.379435","1.415086"
"0","350","1855.010272","1.260742","0.340508","1.409336"
"10","350","1789.49693","1.239162","0.307411","1.403571"
"20","350","1728.453201","1.219971","0.279002","1.397787"
"30","350","1671.436767","1.202987","0.254412","1.39198"
"40","350","1618.06181","1.188049","0.232974","1.386149"
"50","350","1567.99027","1.175016","0.214163","1.380292"
"60","350","1520.924676","1.163764","0.197565","1.374399"
"70","350","1476.602232","1.15418","0.182848","1.368461"
"80","350","1434.789907","1.146161","0.169743","1.36246"
"90","350","1395.280341","1.139611","0.15803","1.356379"
"100","350","1357.888398","1.134438","0.147528","1.350199"
"110","350","1322.448273","1.130555","0.138085","1.343902"
"120","350","1288.811028","1.127875","0.129576","1.337467"
"130","350","1256.842505","1.126311","0.121895","1.330876"
"140","350","1226.421532","1.125776","0.11495","1.324112"
"150","350","1197.438393","1.12618","0.108663","1.31716"
"160","350","1169.793503","1.127433","0.102967","1.310012"
"170","350","1143.396267","1.12944","0.097803","1.302668"
"180","350","1118.164086","1.132109","0.09312","1.295137"
"190","350","1094.021496","1.135345","0.088871","1.287441"
"200","350","1070.89941","1.139057","0.085015","1.279613"
"210","350","1048.734463","1.143155","0.081516","1.271695"
"220","350","1027.468429","1.147557","0.078339","1.263737"
"-80","360","2698.065213","1.597483","1.089293","1.453733"
"-70","360","2565.253733","1.543376","0.893975","1.447802"
"-60","360","2444.904039","1.495072","0.75048","1.44195"
"-50","360","2335.34078399999","1.45185","0.641076","1.436137"
"-40","360","2235.176049","1.413112","0.555257","1.430335"
"-30","360","2143.25024","1.37836","0.486403","1.424526"
"-20","360","2058.586988","1.347175","0.430136","1.4187"
"-10","360","1980.358335","1.319203","0.383445","1.412856"
"0","360","1907.857573","1.294144","0.344198","1.406994"
"10","360","1840.477824","1.27174","0.31084","1.401113"
"20","360","1777.695023","1.251773","0.282214","1.395209"
"30","360","1719.05425","1.23405","0.257445","1.389281"
"40","360","1664.158697","1.218405","0.235855","1.383328"
"50","360","1612.660671","1.204691","0.216915","1.377348"
"60","360","1564.254228","1.192777","0.200206","1.371337"
"70","360","1518.669083","1.182546","0.185392","1.365284"
"80","360","1475.66557","1.17389","0.172202","1.359177"
"90","360","1435.030417","1.166709","0.160413","1.353003"
"100","360","1396.573217","1.160909","0.149842","1.346745"
"110","360","1360.12344","1.156398","0.140337","1.340389"
"120","360","1325.527905","1.153088","0.131769","1.33392"
"130","360","1292.648632","1.150892","0.124032","1.327323"
"140","360","1261.360997","1.149721","0.117033","1.320585"
"150","360","1231.552159","1.149488","0.110694","1.313692"
"160","360","1203.119695","1.150103","0.104946","1.306639"
"170","360","1175.97043","1.151474","0.099731","1.299423"
"180","360","1150.019411","1.153512","0.094996","1.292054"
"190","360","1125.189023","1.156126","0.090695","1.284548"
"200","360","1101.408213","1.159226","0.086787","1.276931"
"210","360","1078.61181","1.162728","0.083236","1.26924"
"220","360","1056.739929","1.16655","0.080007","1.261516"
"-80","370","2772.801119","1.640256","1.101206","1.452109"
"-70","370","2636.310786","1.58456","0.903328","1.446121"
"-60","370","2512.627427","1.534818","0.758132","1.440202"
"-50","370","2400.02929","1.490289","0.647534","1.434314"
"-40","370","2297.090011","1.450356","0.560844","1.428429"
"-30","370","2202.617874","1.414505","0.491331","1.422531"
"-20","370","2115.609465","1.382306","0.434554","1.416611"
"-10","370","2035.213894","1.353392","0.38746","1.410667"
"0","370","1960.704873","1.327453","0.347889","1.404701"
"10","370","1891.458718","1.304225","0.314266","1.398711"
"20","370","1826.936845","1.283478","0.285422","1.392697"
"30","370","1766.671734","1.265014","0.26047","1.386656"
"40","370","1710.255584","1.24866","0.238725","1.380591"
"50","370","1657.331072","1.234264","0.219654","1.374501"
"60","370","1607.583779","1.221688","0.202832","1.368382"
"70","370","1560.735935","1.210811","0.187919","1.362226"
"80","370","1516.541232","1.20152","0.174642","1.356026"
"90","370","1474.780493","1.193711","0.162776","1.349768"
"100","370","1435.258036","1.187288","0.152135","1.343442"
"110","370","1397.798606","1.182156","0.142565","1.337037"
"120","370","1362.244782","1.178225","0.133938","1.33054"
"130","370","1328.454759","1.175407","0.126144","1.32394"
"140","370","1296.300462","1.173613","0.119091","1.317226"
"150","370","1265.665925","1.172756","0.1127","1.310388"
"160","370","1236.445887","1.172747","0.106901","1.303421"
"170","370","1208.544592","1.173498","0.101634","1.296323"
"180","370","1181.874735","1.174921","0.096848","1.289099"
"190","370","1156.35655","1.176927","0.092497","1.281765"
"200","370","1131.917016","1.179431","0.088538","1.274341"
"210","370","1108.489157","1.18235","0.084935","1.266857"
"220","370","1086.011429","1.185606","0.081656","1.259349"
"-70","380","2707.367838","1.625676","0.912757","1.444453"
"-60","380","2580.350815","1.574494","0.765835","1.43847"
"-50","380","2464.717796","1.528654","0.654029","1.43251"
"-40","380","2359.003973","1.487522","0.566455","1.426547"
"-30","380","2261.985508","1.450571","0.496276","1.420565"
"-20","380","2172.631942","1.417353","0.438983","1.414555"
"-10","380","2090.069452","1.387494","0.391481","1.408518"
"0","380","2013.552174","1.360674","0.351581","1.402453"
"10","380","1942.439612","1.336617","0.317691","1.396363"
"20","380","1876.178667","1.315088","0.288625","1.390245"
"30","380","1814.289217","1.295881","0.263488","1.384102"
"40","380","1756.352471","1.278817","0.241587","1.377934"
"50","380","1702.001474","1.263736","0.222382","1.371743"
"60","380","1650.913331","1.250498","0.205444","1.365526"
"70","380","1602.802787","1.238976","0.190431","1.359279"
"80","380","1557.416894","1.229052","0.177066","1.352995"
"90","380","1514.530569","1.220619","0.16512","1.346664"
"100","380","1473.942855","1.213578","0.154408","1.340279"
"110","380","1435.473773","1.207831","0.144773","1.333831"
"120","380","1398.961659","1.203287","0.136085","1.327311"
"130","380","1364.260886","1.199856","0.128234","1.320711"
"140","380","1331.239928","1.19745","0.121126","1.314021"
"150","380","1299.779691","1.195981","0.114682","1.307234"
"160","380","1269.772079","1.195362","0.108831","1.300346"
"170","380","1241.118755","1.195506","0.103514","1.293355"
"180","380","1213.730059","1.196327","0.098678","1.286265"
"190","380","1187.524077","1.19774","0.094276","1.279086"
"200","380","1162.425819","1.199662","0.090268","1.271838"
"210","380","1138.366504","1.202012","0.086615","1.264544"
"220","380","1115.282929","1.204714","0.083286","1.257235"
"-70","390","2778.42489","1.666725","0.922263","1.442797"
"-60","390","2648.074203","1.6141","0.77359","1.436753"
"-50","390","2529.406302","1.566946","0.660559","1.430725"
"-40","390","2420.917934","1.524613","0.572091","1.424687"
"-30","390","2321.353142","1.486557","0.501238","1.418625"
"-20","390","2229.65442","1.452319","0.443423","1.412532"
"-10","390","2144.92501","1.421513","0.395508","1.406406"
"0","390","2066.399474","1.393807","0.355277","1.40025"
"10","390","1993.420506","1.368919","0.321115","1.394065"
"20","390","1925.420489","1.346606","0.291825","1.387852"
"30","390","1861.906701","1.326654","0.2665","1.381613"
"40","390","1802.449358","1.308877","0.24444","1.375351"
"50","390","1746.671875","1.293112","0.225099","1.369068"
"60","390","1694.242883","1.279211","0.208044","1.362764"
"70","390","1644.869638","1.267044","0.192929","1.356434"
"80","390","1598.292557","1.256489","0.179473","1.350075"
"90","390","1554.280645","1.247435","0.167447","1.343681"
"100","390","1512.627674","1.23978","0.156662","1.337244"
"110","390","1473.14894","1.233424","0.14696","1.33076"
"120","390","1435.678536","1.228274","0.138211","1.324222"
"130","390","1400.067013","1.224239","0.130302","1.317623"
"140","390","1366.179393","1.22123","0.12314","1.310958"
"150","390","1333.893457","1.21916","0.116642","1.304219"
"160","390","1303.098272","1.217943","0.11074","1.297404"
"170","390","1273.692917","1.217493","0.105372","1.29051"
"180","390","1245.585383","1.217726","0.100486","1.283541"
"190","390","1218.691604","1.218559","0.096035","1.276506"
"200","390","1192.934622","1.219911","0.091978","1.269418"
"210","390","1168.24385","1.221704","0.088277","1.262299"
"220","390","1144.554428","1.223864","0.084899","1.255173"
"-70","400","2849.481942","1.707708","0.931849","1.441154"
"-60","400","2715.797591","1.653637","0.781399","1.435052"
"-50","400","2594.094808","1.605167","0.667126","1.428958"
"-40","400","2482.831896","1.56163","0.577753","1.42285"
"-30","400","2380.720775","1.522466","0.506218","1.416712"
"-20","400","2286.676897","1.487205","0.447874","1.410539"
"-10","400","2199.780568","1.455448","0.399543","1.40433"
"0","400","2119.246775","1.426854","0.358975","1.398088"
"10","400","2044.4014","1.401133","0.324539","1.391815"
"20","400","1974.662311","1.378033","0.295022","1.385514"
"30","400","1909.524184","1.357334","0.269507","1.379187"
"40","400","1848.546245","1.338843","0.247285","1.372839"
"50","400","1791.342276","1.322392","0.227806","1.366472"
"60","400","1737.572434","1.307829","0.210632","1.360088"
"70","400","1686.93649","1.295018","0.195413","1.353685"
"80","400","1639.168219","1.283833","0.181865","1.34726"
"90","400","1594.030722","1.274161","0.169758","1.340809"
"100","400","1551.312492","1.265896","0.158898","1.334328"
"110","400","1510.824107","1.258936","0.149129","1.327813"
"120","400","1472.395413","1.253186","0.140318","1.321261"
"130","400","1435.87314","1.248555","0.13235","1.314666"
"140","400","1401.118859","1.244952","0.125132","1.308025"
"150","400","1368.007223","1.242291","0.118582","1.301332"
"160","400","1336.424464","1.240487","0.112628","1.294584"
"170","400","1306.26708","1.239454","0.10721","1.28778"
"180","400","1277.440707","1.239111","0.102275","1.280923"
"190","400","1249.859131","1.239376","0.097775","1.274018"
"200","400","1223.443425","1.24017","0.093669","1.267078"
"210","400","1198.121197","1.241417","0.089921","1.260119"
"220","400","1173.825928","1.243046","0.086496","1.253163"
"-70","410","2920.538994","1.748625","0.941516","1.439524"
"-60","410","2783.520979","1.693106","0.789263","1.433365"
"-50","410","2658.783315","1.643317","0.673731","1.42721"
"-40","410","2544.745857","1.598573","0.583441","1.421034"
"-30","410","2440.088409","1.5583","0.511216","1.414824"
"-20","410","2343.699375","1.522012","0.452338","1.408576"
"-10","410","2254.636126","1.489302","0.403585","1.402288"
"0","410","2172.094075","1.459818","0.362678","1.395966"
"10","410","2095.382294","1.433261","0.327964","1.389612"
"20","410","2023.904133","1.409372","0.298217","1.383229"
"30","410","1957.141668","1.387923","0.272509","1.376821"
"40","410","1894.643132","1.368718","0.250124","1.370393"
"50","410","1836.012677","1.351581","0.230505","1.36395"
"60","410","1780.901986","1.336355","0.21321","1.357494"
"70","410","1729.003342","1.3229","0.197886","1.351024"
"80","410","1680.043881","1.311087","0.184244","1.34454"
"90","410","1633.780798","1.300799","0.172053","1.33804"
"100","410","1589.997311","1.291927","0.161119","1.331521"
"110","410","1548.499274","1.284368","0.151282","1.324981"
"120","410","1509.11229","1.278025","0.142406","1.318418"
"130","410","1471.679267","1.272804","0.13438","1.31183"
"140","410","1436.058324","1.268616","0.127106","1.305212"
"150","410","1402.120989","1.265374","0.120502","1.298562"
"160","410","1369.750656","1.262992","0.114497","1.291878"
"170","410","1338.841243","1.261387","0.109029","1.285157"
"180","410","1309.296031","1.260478","0.104045","1.278402"
"190","410","1281.026658","1.260186","0.099497","1.271617"
"200","410","1253.952228","1.260433","0.095344","1.264813"
"210","410","1227.998544","1.261145","0.091548","1.258002"
"220","410","1203.097428","1.262252","0.088077","1.251203"
"-70","420","2991.596046","1.789478","0.951266","1.437905"
"-60","420","2851.244367","1.732508","0.797182","1.431694"
"-50","420","2723.471821","1.681398","0.680375","1.425478"
"-40","420","2606.659819","1.635445","0.589157","1.419238"
"-30","420","2499.456043","1.594058","0.516233","1.412961"
"-20","420","2400.721852","1.556742","0.456815","1.406641"
"-10","420","2309.491685","1.523076","0.407635","1.40028"
"0","420","2224.941376","1.492699","0.366384","1.393882"
"10","420","2146.363188","1.465304","0.33139","1.387452"
"20","420","2073.145955","1.440624","0.30141","1.380993"
"30","420","2004.759152","1.418425","0.275507","1.37451"
"40","420","1940.740019","1.398503","0.252957","1.36801"
"50","420","1880.683078","1.380679","0.233196","1.361497"
"60","420","1824.231538","1.36479","0.215779","1.354975"
"70","420","1771.070193","1.350692","0.200347","1.348446"
"80","420","1720.919544","1.338252","0.186611","1.34191"
"90","420","1673.530874","1.327351","0.174335","1.335367"
"100","420","1628.68213","1.317876","0.163325","1.328815"
"110","420","1586.17444","1.309723","0.153418","1.322254"
"120","420","1545.829166","1.302791","0.144478","1.315685"
"130","420","1507.485395","1.296987","0.136392","1.309104"
"140","420","1470.99779","1.292221","0.129062","1.30251"
"150","420","1436.234756","1.288406","0.122404","1.295902"
"160","420","1403.076848","1.285456","0.116348","1.289276"
"170","420","1371.415405","1.283289","0.11083","1.282633"
"180","420","1341.151356","1.281824","0.105797","1.275972"
"190","420","1312.194185","1.280985","0.101202","1.269299"
"200","420","1284.461031","1.280695","0.097001","1.262619"
"210","420","1257.875891","1.280882","0.09316","1.255946"
"220","420","1232.368928","1.281477","0.089643","1.249293"
"-70","430","3062.653098","1.830267","0.961099","1.436298"
"-60","430","2918.967755","1.771844","0.805158","1.430036"
"-50","430","2788.160327","1.71941","0.687058","1.423764"
"-40","430","2668.573781","1.672245","0.5949","1.417463"
"-30","430","2558.823677","1.629744","0.52127","1.411121"
"-20","430","2457.744329","1.591396","0.461306","1.404734"
"-10","430","2364.347243","1.556772","0.411694","1.398304"
"0","430","2277.788676","1.5255","0.370096","1.391835"
"10","430","2197.344082","1.497265","0.334818","1.385334"
"20","430","2122.387777","1.471791","0.304603","1.378804"
"30","430","2052.376635","1.44884","0.278502","1.372252"
"40","430","1986.836905","1.428201","0.255784","1.365685"
"50","430","1925.35348","1.409688","0.23588","1.359109"
"60","430","1867.561089","1.393136","0.218338","1.352529"
"70","430","1813.137045","1.378396","0.202797","1.345947"
"80","430","1761.795206","1.365331","0.188966","1.339364"
"90","430","1713.28095","1.353819","0.176604","1.332783"
"100","430","1667.366949","1.343744","0.165516","1.326203"
"110","430","1623.849607","1.335","0.155539","1.319626"
"120","430","1582.546043","1.327485","0.146535","1.313052"
"130","430","1543.291522","1.321105","0.138388","1.306481"
"140","430","1505.937255","1.315768","0.131001","1.299911"
"150","430","1470.348522","1.311386","0.12429","1.293343"
"160","430","1436.40304","1.307876","0.118182","1.286773"
"170","430","1403.989568","1.305156","0.112614","1.280201"
"180","430","1373.00668","1.303146","0.107533","1.273629"
"190","430","1343.361712","1.301769","0.10289","1.267058"
"200","430","1314.969834","1.300951","0.098644","1.260494"
"210","430","1287.753238","1.300622","0.094756","1.253948"
"220","430","1261.640428","1.300713","0.091195","1.24743"
"-70","440","3133.710151","1.870993","0.971019","1.434703"
"-60","440","2986.691143","1.811114","0.813192","1.428392"
"-50","440","2852.848833","1.757355","0.693782","1.422067"
"-40","440","2730.487742","1.708976","0.600673","1.415708"
"-30","440","2618.19131","1.665357","0.526327","1.409305"
"-20","440","2514.766807","1.625976","0.465811","1.402854"
"-10","440","2419.202801","1.59039","0.415763","1.396359"
"0","440","2330.635977","1.558222","0.373813","1.389824"
"10","440","2248.324976","1.529144","0.338248","1.383256"
"20","440","2171.6296","1.502876","0.307795","1.376661"
"30","440","2099.994119","1.479171","0.281494","1.370045"
"40","440","2032.933792","1.457813","0.258607","1.363417"
"50","440","1970.023881","1.438612","0.238558","1.356783"
"60","440","1910.890641","1.421397","0.22089","1.35015"
"70","440","1855.203897","1.406014","0.205239","1.34352"
"80","440","1802.670868","1.392326","0.191309","1.336897"
"90","440","1753.031026","1.380204","0.178861","1.330283"
"100","440","1706.051768","1.369532","0.167695","1.32368"
"110","440","1661.524774","1.360201","0.157646","1.31709"
"120","440","1619.26292","1.352108","0.148577","1.310514"
"130","440","1579.097649","1.345156","0.140369","1.303953"
"140","440","1540.876721","1.339254","0.132925","1.297408"
"150","440","1504.462288","1.334315","0.126159","1.290878"
"160","440","1469.729233","1.330253","0.12","1.28436"
"170","440","1436.56373","1.326987","0.114382","1.277856"
"180","440","1404.862004","1.324439","0.109253","1.271366"
"190","440","1374.529239","1.322534","0.104563","1.26489"
"200","440","1345.478637","1.321197","0.100271","1.258434"
"210","440","1317.630585","1.32036","0.096339","1.252005"
"220","440","1290.911928","1.319956","0.092733","1.245614"
"-70","450","3204.767203","1.911656","0.981025","1.433119"
"-60","450","3054.414531","1.850321","0.821284","1.426762"
"-50","450","2917.537339","1.795233","0.700547","1.420386"
"-40","450","2792.401704","1.745637","0.606474","1.413972"
"-30","450","2677.558944","1.700899","0.531405","1.407511"
"-20","450","2571.789284","1.660482","0.47033","1.401"
"-10","450","2474.058359","1.623934","0.419841","1.394443"
"0","450","2383.483277","1.590866","0.377537","1.387846"
"10","450","2299.305871","1.560944","0.341681","1.381217"
"20","450","2220.871422","1.533879","0.310987","1.374561"
"30","450","2147.611602","1.509419","0.284484","1.367886"
"40","450","2079.030679","1.487341","0.261426","1.361202"
"50","450","2014.694282","1.467451","0.241229","1.354516"
"60","450","1954.220193","1.449573","0.223434","1.347834"
"70","450","1897.270748","1.433549","0.207671","1.341162"
"80","450","1843.54653","1.419238","0.193643","1.334503"
"90","450","1792.781102","1.406509","0.181107","1.327861"
"100","450","1744.736586","1.395242","0.169862","1.321238"
"110","450","1699.199941","1.385327","0.159741","1.314638"
"120","450","1655.979797","1.37666","0.150605","1.308063"
"130","450","1614.903776","1.369142","0.142336","1.301515"
"140","450","1575.816186","1.362682","0.134834","1.294994"
"150","450","1538.576054","1.35719","0.128014","1.2885"
"160","450","1503.055425","1.352583","0.121802","1.282033"
"170","450","1469.137893","1.34878","0.116136","1.275593"
"180","450","1436.717328","1.345703","0.110958","1.269178"
"190","450","1405.696766","1.343277","0.106222","1.262792"
"200","450","1375.98744","1.341429","0.101884","1.256436"
"210","450","1347.507932","1.340093","0.097908","1.250117"
"220","450","1320.183427","1.339201","0.094259","1.243842"
"-70","460","3275.824255","1.952258","0.991121","1.431547"
"-60","460","3122.137919","1.889463","0.829437","1.425146"
"-50","460","2982.225845","1.833046","0.707354","1.41872"
"-40","460","2854.315665","1.782231","0.612305","1.412254"
"-30","460","2736.926578","1.73637","0.536504","1.405738"
"-20","460","2628.811761","1.694916","0.474865","1.399171"
"-10","460","2528.913917","1.657403","0.423929","1.392556"
"0","460","2436.330578","1.623434","0.381266","1.385901"
"10","460","2350.286765","1.592666","0.345117","1.379214"
"20","460","2270.113244","1.564803","0.31418","1.372502"
"30","460","2195.229086","1.539586","0.287473","1.365773"
"40","460","2125.127566","1.516788","0.264241","1.359037"
"50","460","2059.364683","1.496208","0.243896","1.352303"
"60","460","1997.549745","1.477666","0.225971","1.345579"
"70","460","1939.3376","1.461001","0.210095","1.338869"
"80","460","1884.422193","1.446068","0.195968","1.332178"
"90","460","1832.531178","1.432734","0.183342","1.325512"
"100","460","1783.421405","1.420875","0.172017","1.318873"
"110","460","1736.875107","1.41038","0.161823","1.312267"
"120","460","1692.696674","1.401143","0.15262","1.305694"
"130","460","1650.709903","1.393064","0.144289","1.299159"
"140","460","1610.755651","1.38605","0.136729","1.292663"
"150","460","1572.68982","1.380013","0.129855","1.286205"
"160","460","1536.381617","1.374868","0.123591","1.279786"
"170","460","1501.712055","1.370534","0.117875","1.273405"
"180","460","1468.572652","1.366935","0.112649","1.267062"
"190","460","1436.864293","1.363995","0.107867","1.260759"
"200","460","1406.496243","1.361645","0.103484","1.254496"
"210","460","1377.385279","1.359816","0.099464","1.248279"
"220","460","1349.454927","1.358444","0.095772","1.242115"
"-70","470","3346.881307","1.9928","1.001308","1.429985"
"-60","470","3189.861307","1.928543","0.837652","1.423542"
"-50","470","3046.914351","1.870793","0.714203","1.417071"
"-40","470","2916.229627","1.818758","0.618167","1.410555"
"-30","470","2796.294212","1.771773","0.541625","1.403987"
"-20","470","2685.834239","1.729279","0.479415","1.397366"
"-10","470","2583.769476","1.690799","0.428029","1.390697"
"0","470","2489.177879","1.655927","0.385003","1.383988"
"10","470","2401.267659","1.624311","0.348557","1.377247"
"20","470","2319.355066","1.595648","0.317375","1.370482"
"30","470","2242.846569","1.569674","0.290461","1.363703"
"40","470","2171.224453","1.546154","0.267054","1.356921"
"50","470","2104.035084","1.524884","0.246558","1.350144"
"60","470","2040.879296","1.505678","0.228502","1.34338"
"70","470","1981.404451","1.488373","0.212512","1.336636"
"80","470","1925.297855","1.47282","0.198284","1.329919"
"90","470","1872.281254","1.458881","0.185568","1.323232"
"100","470","1822.106224","1.446433","0.174162","1.316581"
"110","470","1774.550274","1.435361","0.163894","1.309969"
"120","470","1729.413551","1.425557","0.154624","1.303402"
"130","470","1686.51603","1.416921","0.14623","1.296881"
"140","470","1645.695117","1.409359","0.138612","1.290409"
"150","470","1606.803586","1.402782","0.131683","1.283986"
"160","470","1569.707809","1.397105","0.125367","1.277613"
"170","470","1534.286218","1.392247","0.119601","1.271288"
"180","470","1500.427976","1.388133","0.114328","1.265013"
"190","470","1468.03182","1.384687","0.109499","1.258788"
"200","470","1437.005046","1.381841","0.105072","1.252613"
"210","470","1407.262626","1.379526","0.101008","1.246492"
"220","470","1378.726427","1.377681","0.097274","1.240429"
"-70","480","3417.938359","2.033281","1.011587","1.428434"
"-60","480","3257.584695","1.967561","0.845929","1.421952"
"-50","480","3111.602858","1.908477","0.721097","1.415436"
"-40","480","2978.143589","1.855219","0.624061","1.408873"
"-30","480","2855.661845","1.807108","0.546769","1.402256"
"-20","480","2742.856716","1.763572","0.483981","1.395585"
"-10","480","2638.625034","1.724124","0.43214","1.388865"
"0","480","2542.025179","1.688346","0.388747","1.382104"
"10","480","2452.248553","1.655881","0.352002","1.375313"
"20","480","2368.596888","1.626417","0.320571","1.3685"
"30","480","2290.464053","1.599684","0.293449","1.361675"
"40","480","2217.32134","1.575442","0.269864","1.35485"
"50","480","2148.705486","1.553481","0.249215","1.348033"
"60","480","2084.208848","1.533612","0.231028","1.341235"
"70","480","2023.471303","1.515667","0.214923","1.334462"
"80","480","1966.173517","1.499493","0.200592","1.32772"
"90","480","1912.031331","1.484952","0.187785","1.321016"
"100","480","1860.791043","1.471917","0.176297","1.314355"
"110","480","1812.225441","1.46027","0.165955","1.307742"
"120","480","1766.130428","1.449903","0.156616","1.301181"
"130","480","1722.322157","1.440715","0.148159","1.294675"
"140","480","1680.634582","1.432609","0.140483","1.288228"
"150","480","1640.917352","1.425497","0.133498","1.281839"
"160","480","1603.034001","1.419294","0.12713","1.275509"
"170","480","1566.860381","1.413919","0.121314","1.269239"
"180","480","1532.283301","1.409295","0.115993","1.263028"
"190","480","1499.199347","1.40535","0.111119","1.256875"
"200","480","1467.513849","1.402014","0.106647","1.250782"
"210","480","1437.139972","1.399221","0.10254","1.244751"
"220","480","1407.997927","1.396909","0.098764","1.238785"
"-70","490","3488.995411","2.073703","1.021961","1.426895"
"-60","490","3325.308083","2.006518","0.854269","1.420374"
"-50","490","3176.291364","1.946098","0.728035","1.413816"
"-40","490","3040.05755","1.891615","0.629986","1.407209"
"-30","490","2915.029479","1.842377","0.551937","1.400545"
"-20","490","2799.879193","1.797797","0.488564","1.393826"
"-10","490","2693.480592","1.757377","0.436262","1.387058"
"0","490","2594.87248","1.720693","0.3925","1.38025"
"10","490","2503.229447","1.687377","0.355452","1.373412"
"20","490","2417.83871","1.657111","0.323769","1.366554"
"30","490","2338.081537","1.629618","0.296436","1.359687"
"40","490","2263.418227","1.604653","0.272672","1.352823"
"50","490","2193.375887","1.582","0.25187","1.345971"
"60","490","2127.5384","1.561468","0.233549","1.339141"
"70","490","2065.538155","1.542883","0.217327","1.332342"
"80","490","2007.04918","1.526091","0.202893","1.32558"
"90","490","1951.781407","1.510949","0.189994","1.318862"
"100","490","1899.475862","1.497328","0.178423","1.312193"
"110","490","1849.900608","1.48511","0.168005","1.30558"
"120","490","1802.847305","1.474183","0.158598","1.299027"
"130","490","1758.128284","1.464446","0.150078","1.292538"
"140","490","1715.574048","1.455801","0.142342","1.286114"
"150","490","1675.031119","1.448159","0.135302","1.279759"
"160","490","1636.360194","1.441435","0.128881","1.273472"
"170","490","1599.434543","1.435548","0.123016","1.267253"
"180","490","1564.138625","1.430422","0.117648","1.261102"
"190","490","1530.366874","1.425983","0.112727","1.255018"
"200","490","1498.022652","1.422164","0.108211","1.249002"
"210","490","1467.017319","1.418899","0.104062","1.243055"
"220","490","1437.269427","1.416125","0.100244","1.23718"
"-70","500","3560.052464","2.114066","1.03243","1.425365"
"-60","500","3393.031471","2.045414","0.862674","1.418808"
"-50","500","3240.97987","1.983656","0.735019","1.412211"
"-40","500","3101.971512","1.927947","0.635944","1.405561"
"-30","500","2974.397113","1.877579","0.557127","1.398853"
"-20","500","2856.901671","1.831953","0.493165","1.39209"
"-10","500","2748.33615","1.790562","0.440397","1.385277"
"0","500","2647.71978","1.752969","0.39626","1.378424"
"10","500","2554.210341","1.718801","0.358907","1.371543"
"20","500","2467.080532","1.687732","0.326971","1.364643"
"30","500","2385.69902","1.659477","0.299424","1.357737"
"40","500","2309.515114","1.633788","0.275479","1.350837"
"50","500","2238.046288","1.610443","0.254522","1.343953"
"60","500","2170.867951","1.589247","0.236066","1.337096"
"70","500","2107.605006","1.570024","0.219726","1.330274"
"80","500","2047.924842","1.552614","0.205187","1.323494"
"90","500","1991.531483","1.536872","0.192195","1.316765"
"100","500","1938.160681","1.522668","0.18054","1.310092"
"110","500","1887.575774","1.509881","0.170047","1.30348"
"120","500","1839.564182","1.498397","0.16057","1.296937"
"130","500","1793.934411","1.488114","0.151986","1.290464"
"140","500","1750.513513","1.478935","0.14419","1.284065"
"150","500","1709.144885","1.470768","0.137094","1.277742"
"160","500","1669.686386","1.463528","0.130622","1.271496"
"170","500","1632.008706","1.457134","0.124706","1.265327"
"180","500","1595.993949","1.451511","0.119291","1.259233"
"190","500","1561.534401","1.446585","0.114325","1.253214"
"200","500","1528.531455","1.442288","0.109765","1.247271"
"210","500","1496.894666","1.438556","0.105573","1.241403"
"220","500","1466.540927","1.435327","0.101714","1.235612"
"-100","0","8.447304","0.005002","1.135093","1.526327"
"-90","0","7.986081","0.004821","0.891808","1.523091"
"-80","0","7.572616","0.004664","0.721389","1.521186"
"-70","0","7.199856","0.004528","0.595784","1.52059"
"-60","0","6.862072","0.004411","0.499634","1.521392"
"-50","0","6.554563","0.004311","0.423808","1.52381"
"-40","0","6.273432","0.962537","0.010084","1.135676"
"-30","0","6.015425","0.968014","0.01054","1.128458"
"-20","0","5.777803","0.97246","0.010992","1.122394"
"-10","0","5.558239","0.976109","0.011438","1.117208"
"0","0","5.354753","0.979137","0.011879","1.112704"
"10","0","5.165639","0.981672","0.012316","1.10874"
"20","0","4.989428","0.983813","0.012748","1.105214"
"30","0","4.824842","0.985635","0.013175","1.102049"
"40","0","4.670767","0.987196","0.013597","1.099186"
"50","0","4.526228","0.988543","0.014014","1.096581"
"60","0","4.390367","0.989712","0.014427","1.094196"
"70","0","4.262424","0.990732","0.014835","1.092003"
"80","0","4.141726","0.991627","0.015239","1.089979"
"90","0","4.027676","0.992416","0.015638","1.088103"
"100","0","3.919739","0.993114","0.016032","1.08636"
"110","0","3.817436","0.993736","0.016422","1.084736"
"120","0","3.720338","0.99429","0.016808","1.083219"
"130","0","3.628056","0.994787","0.01719","1.0818"
"140","0","3.540241","0.995234","0.017568","1.080469"
"150","0","3.456577","0.995637","0.017941","1.079219"
"160","0","3.376776","0.996002","0.018311","1.078044"
"170","0","3.300577","0.996333","0.018677","1.076937"
"180","0","3.227741","0.996634","0.01904","1.075893"
"190","0","3.15805","0.996908","0.019398","1.074908"
"200","0","3.091304","0.997159","0.019754","1.073976"
"210","0","3.027322","0.997389","0.020106","1.073094"
"220","0","2.965935","0.9976","0.020455","1.072259"
"-100","1","16.784145","0.009937","1.13657","1.526145"
"-90","1","15.86773","0.009578","0.892929","1.522894"
"-80","1","15.046206","0.009266","0.722291","1.520964"
"-70","1","14.305561","0.008995","0.596542","1.520337"
"-60","1","13.634411","0.008762","0.500294","1.521097"
"-50","1","13.023413","0.008563","0.424399","1.523456"
"-40","1","12.464828","0.008398","0.363066","1.527791"
"-30","1","11.952189","0.934304","0.0105","1.15042"
"-20","1","11.48005","0.943741","0.010964","1.139915"
"-10","1","11.043795","0.951408","0.01142","1.131457"
"0","1","10.639483","0.957716","0.01187","1.124475"
"10","1","10.263728","0.962963","0.012314","1.118589"
"20","1","9.91361","0.967371","0.012751","1.113543"
"30","1","9.58659","0.971104","0.013183","1.109161"
"40","1","9.280456","0.974291","0.01361","1.105314"
"50","1","8.993269","0.977031","0.014031","1.101903"
"60","1","8.723322","0.979401","0.014446","1.098853"
"70","1","8.469109","0.981465","0.014857","1.096106"
"80","1","8.229293","0.983272","0.015262","1.093615"
"90","1","8.002684","0.984862","0.015663","1.091345"
"100","1","7.788221","0.986268","0.016059","1.089266"
"110","1","7.584953","0.987516","0.016451","1.087353"
"120","1","7.392025","0.988629","0.016837","1.085587"
"130","1","7.208669","0.989625","0.01722","1.083951"
"140","1","7.034188","0.990519","0.017598","1.082431"
"150","1","6.867954","0.991325","0.017973","1.081015"
"160","1","6.709396","0.992054","0.018343","1.079694"
"170","1","6.557993","0.992715","0.018709","1.078458"
"180","1","6.413273","0.993316","0.019072","1.077299"
"190","1","6.274802","0.993863","0.019431","1.07621"
"200","1","6.142185","0.994363","0.019786","1.075186"
"210","1","6.015057","0.994821","0.020138","1.074222"
"220","1","5.893085","0.995241","0.020487","1.073312"
"-100","2","25.120986","0.014872","1.138049","1.525965"
"-90","2","23.749379","0.014334","0.894051","1.522696"
"-80","2","22.519797","0.013867","0.723193","1.520744"
"-70","2","21.411266","0.013461","0.5973","1.520084"
"-60","2","20.40675","0.013112","0.500954","1.520802"
"-50","2","19.492264","0.012814","0.42499","1.523104"
"-40","2","18.656224","0.012566","0.363609","1.527359"
"-30","2","17.888952","0.012367","0.312951","1.534138"
"-20","2","17.182298","0.91323","0.01094","1.161366"
"-10","2","16.529351","0.925429","0.011407","1.148367"
"0","2","15.924213","0.935366","0.011865","1.138126"
"10","2","15.361818","0.943572","0.012315","1.129795"
"20","2","14.837792","0.950422","0.012759","1.122866"
"30","2","14.348338","0.956195","0.013195","1.11701"
"40","2","13.890144","0.961102","0.013626","1.111995"
"50","2","13.460309","0.965304","0.01405","1.107647"
"60","2","13.056277","0.968929","0.014468","1.103836"
"70","2","12.675794","0.972076","0.014881","1.100463"
"80","2","12.316859","0.974825","0.015289","1.097454"
"90","2","11.977692","0.977239","0.015691","1.094748"
"100","2","11.656703","0.979369","0.016088","1.092301"
"110","2","11.35247","0.981258","0.016481","1.090074"
"120","2","11.063713","0.98294","0.016868","1.088039"
"130","2","10.789281","0.984444","0.017252","1.086172"
"140","2","10.528134","0.985793","0.017631","1.08445"
"150","2","10.279331","0.987007","0.018005","1.082859"
"160","2","10.042015","0.988104","0.018376","1.081383"
"170","2","9.81541","0.989098","0.018742","1.080011"
"180","2","9.598806","0.990001","0.019105","1.078732"
"190","2","9.391555","0.990823","0.019464","1.077536"
"200","2","9.193065","0.991574","0.019819","1.076417"
"210","2","9.002792","0.992261","0.020171","1.075367"
"220","2","8.820235","0.992891","0.02052","1.07438"
"-100","3","33.457827","0.019805","1.139529","1.525784"
"-90","3","31.631028","0.019089","0.895173","1.522499"
"-80","3","29.993387","0.018466","0.724096","1.520523"
"-70","3","28.516971","0.017926","0.598059","1.519832"
"-60","3","27.179089","0.01746","0.501613","1.520507"
"-50","3","25.961115","0.017063","0.425581","1.522753"
"-40","3","24.847621","0.016733","0.364152","1.526929"
"-30","3","23.825716","0.016467","0.313463","1.533597"
"-20","3","22.884546","0.016267","0.270825","1.543673"
"-10","3","22.014907","0.897963","0.011398","1.16873"
"0","3","21.208943","0.911962","0.011864","1.154127"
"10","3","20.459907","0.92342","0.012321","1.142652"
"20","3","19.761974","0.93292","0.01277","1.133366"
"30","3","19.110087","0.940879","0.013211","1.12571"
"40","3","18.499833","0.94761","0.013645","1.119301"
"50","3","17.927349","0.953351","0.014072","1.113859"
"60","3","17.389232","0.958286","0.014493","1.109175"
"70","3","16.882479","0.962559","0.014908","1.105096"
"80","3","16.404425","0.966282","0.015317","1.101507"
"90","3","15.952699","0.969544","0.015721","1.098321"
"100","3","15.525185","0.972418","0.01612","1.095471"
"110","3","15.119986","0.974962","0.016513","1.092905"
"120","3","14.735401","0.977224","0.016901","1.090581"
"130","3","14.369894","0.979244","0.017285","1.088465"
"140","3","14.022081","0.981055","0.017664","1.08653"
"150","3","13.690707","0.982683","0.018039","1.084752"
"160","3","13.374634","0.984152","0.01841","1.083114"
"170","3","13.072826","0.985483","0.018777","1.081599"
"180","3","12.784338","0.98669","0.01914","1.080193"
"190","3","12.508308","0.987789","0.019499","1.078886"
"200","3","12.243945","0.988792","0.019854","1.077667"
"210","3","11.990526","0.98971","0.020206","1.076529"
"220","3","11.747385","0.99055","0.020554","1.075462"
"-100","4","41.794668","0.024737","1.141011","1.525603"
"-90","4","39.512677","0.023843","0.896297","1.522301"
"-80","4","37.466978","0.023064","0.724999","1.520302"
"-70","4","35.622677","0.022389","0.598817","1.519581"
"-60","4","33.951427","0.021806","0.502273","1.520214"
"-50","4","32.429965","0.021311","0.426171","1.522403"
"-40","4","31.039017","0.020897","0.364695","1.526501"
"-30","4","29.762479","0.020564","0.313973","1.533058"
"-20","4","28.586793","0.020313","0.271318","1.542972"
"-10","4","27.500463","0.020152","0.234781","1.557923"
"0","4","26.493673","0.887342","0.011869","1.173138"
"10","4","25.557997","0.902413","0.012332","1.157551"
"20","4","24.686156","0.914807","0.012786","1.145278"
"30","4","23.871835","0.925122","0.013231","1.135403"
"40","4","23.109522","0.933796","0.013668","1.127321"
"50","4","22.394389","0.94116","0.014098","1.120594"
"60","4","21.722188","0.947467","0.014521","1.114905"
"70","4","21.089164","0.95291","0.014938","1.110026"
"80","4","20.491991","0.95764","0.015349","1.105791"
"90","4","19.927707","0.961776","0.015754","1.102075"
"100","4","19.393667","0.965413","0.016153","1.098785"
"110","4","18.887503","0.968627","0.016547","1.095851"
"120","4","18.407088","0.971481","0.016936","1.093215"
"130","4","17.950507","0.974026","0.01732","1.090833"
"140","4","17.516028","0.976305","0.0177","1.08867"
"150","4","17.102084","0.978353","0.018075","1.086695"
"160","4","16.707253","0.980199","0.018446","1.084886"
"170","4","16.330242","0.981869","0.018813","1.083221"
"180","4","15.96987","0.983383","0.019175","1.081684"
"190","4","15.62506","0.984761","0.019534","1.08026"
"200","4","15.294826","0.986018","0.019889","1.078938"
"210","4","14.978261","0.987167","0.020241","1.077707"
"220","4","14.674535","0.988219","0.020589","1.076558"
"-100","5","50.131509","0.029669","1.142495","1.525422"
"-90","5","47.394326","0.028595","0.897421","1.522104"
"-80","5","44.940568","0.027661","0.725903","1.520082"
"-70","5","42.728382","0.02685","0.599576","1.51933"
"-60","5","40.723766","0.026151","0.502932","1.519921"
"-50","5","38.898816","0.025556","0.426761","1.522054"
"-40","5","37.230413","0.025059","0.365237","1.526074"
"-30","5","35.699242","0.024658","0.314484","1.532523"
"-20","5","34.289041","0.024356","0.27181","1.542277"
"-10","5","32.986019","0.02416","0.235268","1.556975"
"0","5","31.778403","0.861295","0.011881","1.196112"
"10","5","30.656086","0.88043","0.012349","1.175028"
"20","5","29.610339","0.896014","0.012807","1.158907"
"30","5","28.633583","0.908882","0.013256","1.146265"
"40","5","27.719211","0.919634","0.013696","1.136157"
"50","5","26.861429","0.928716","0.014128","1.127914"
"60","5","26.055143","0.936461","0.014553","1.121066"
"70","5","25.29585","0.943123","0.014971","1.11528"
"80","5","24.579558","0.948896","0.015383","1.110322"
"90","5","23.902715","0.953932","0.015789","1.10602"
"100","5","23.262149","0.958352","0.016189","1.10225"
"110","5","22.65502","0.962252","0.016583","1.098916"
"120","5","22.078776","0.96571","0.016973","1.095945"
"130","5","21.531119","0.96879","0.017357","1.093279"
"140","5","21.009974","0.971544","0.017737","1.090873"
"150","5","20.51346","0.974016","0.018112","1.08869"
"160","5","20.039873","0.976244","0.018483","1.0867"
"170","5","19.587658","0.978256","0.01885","1.084878"
"180","5","19.155403","0.980081","0.019212","1.083203"
"190","5","18.741813","0.98174","0.019571","1.081659"
"200","5","18.345706","0.983251","0.019926","1.08023"
"210","5","17.965996","0.984633","0.020277","1.078903"
"220","5","17.601685","0.985897","0.020625","1.077669"
"-100","6","58.46835","0.034599","1.143979","1.525242"
"-90","6","55.275975","0.033347","0.898546","1.521907"
"-80","6","52.414159","0.032257","0.726807","1.519862"
"-70","6","49.834087","0.031311","0.600335","1.519079"
"-60","6","47.496105","0.030495","0.503592","1.519629"
"-50","6","45.367667","0.0298","0.427352","1.521706"
"-40","6","43.421809","0.029219","0.365779","1.52565"
"-30","6","41.636006","0.02875","0.314994","1.531991"
"-20","6","39.991289","0.028396","0.272302","1.541586"
"-10","6","38.471574","0.028165","0.235754","1.556037"
"0","6","37.063133","0.028077","0.203868","1.578318"
"10","6","35.754176","0.857318","0.012373","1.195835"
"20","6","34.534521","0.876455","0.012834","1.174658"
"30","6","33.395332","0.892112","0.013285","1.158519"
"40","6","32.328899","0.905099","0.013727","1.145935"
"50","6","31.328469","0.916003","0.014161","1.135894"
"60","6","30.388098","0.92526","0.014588","1.127702"
"70","6","29.502535","0.933193","0.015007","1.120886"
"80","6","28.667124","0.940047","0.01542","1.115118"
"90","6","27.877722","0.946012","0.015826","1.110169"
"100","6","27.130631","0.951236","0.016227","1.105873"
"110","6","26.422536","0.955838","0.016622","1.102106"
"120","6","25.750464","0.959912","0.017012","1.098774"
"130","6","25.111732","0.963535","0.017396","1.095805"
"140","6","24.503921","0.966772","0.017776","1.093142"
"150","6","23.924837","0.969674","0.018151","1.090738"
"160","6","23.372492","0.972287","0.018522","1.088558"
"170","6","22.845075","0.974646","0.018888","1.086571"
"180","6","22.340935","0.976783","0.019251","1.084753"
"190","6","21.858566","0.978724","0.019609","1.083082"
"200","6","21.396586","0.980492","0.019964","1.081541"
"210","6","20.95373","0.982107","0.020315","1.080117"
"220","6","20.528835","0.983585","0.020662","1.078795"
"-100","7","66.805191","0.039528","1.145466","1.525061"
"-90","7","63.157624","0.038097","0.899672","1.521711"
"-80","7","59.887749","0.036851","0.727711","1.519643"
"-70","7","56.939792","0.03577","0.601094","1.518828"
"-60","7","54.268444","0.034837","0.504251","1.519338"
"-50","7","51.836517","0.034041","0.427942","1.521359"
"-40","7","49.613205","0.033377","0.366321","1.525228"
"-30","7","47.572769","0.032839","0.315503","1.531461"
"-20","7","45.693537","0.032433","0.272792","1.540901"
"-10","7","43.95713","0.032167","0.236239","1.555109"
"0","7","42.347863","0.032061","0.204362","1.576973"
"10","7","40.852265","0.832877","0.012405","1.221075"
"20","7","39.458703","0.856027","0.012868","1.193082"
"30","7","38.15708","0.874756","0.013321","1.17245"
"40","7","36.938588","0.890157","0.013764","1.15681"
"50","7","35.795509","0.903003","0.014199","1.144621"
"60","7","34.721053","0.913852","0.014627","1.134866"
"70","7","33.70922","0.923113","0.015047","1.126875"
"80","7","32.75469","0.931089","0.01546","1.1202"
"90","7","31.85273","0.938012","0.015867","1.114536"
"100","7","30.999112","0.944062","0.016268","1.109664"
"110","7","30.190053","0.949382","0.016663","1.105428"
"120","7","29.422151","0.954084","0.017053","1.101708"
"130","7","28.692345","0.958261","0.017437","1.098414"
"140","7","27.997867","0.961988","0.017817","1.095477"
"150","7","27.336214","0.965327","0.018192","1.092841"
"160","7","26.705111","0.968329","0.018562","1.090461"
"170","7","26.102491","0.971037","0.018928","1.088301"
"180","7","25.526468","0.973489","0.01929","1.086333"
"190","7","24.975319","0.975715","0.019648","1.08453"
"200","7","24.447467","0.977741","0.020003","1.082874"
"210","7","23.941465","0.979591","0.020353","1.081347"
"220","7","23.455985","0.981283","0.0207","1.079935"
"-100","8","75.142032","0.044457","1.146953","1.524881"
"-90","8","71.039273","0.042846","0.900798","1.521514"
"-80","8","67.36134","0.041444","0.728616","1.519424"
"-70","8","64.045498","0.040227","0.601853","1.518579"
"-60","8","61.040783","0.039177","0.504911","1.519047"
"-50","8","58.305368","0.038282","0.428532","1.521014"
"-40","8","55.804601","0.037532","0.366862","1.524807"
"-30","8","53.509532","0.036927","0.316012","1.530935"
"-20","8","51.395784","0.036467","0.273282","1.540221"
"-10","8","49.442686","0.036164","0.236723","1.554189"
"0","8","47.632593","0.036041","0.204853","1.575647"
"10","8","45.950354","0.806836","0.012446","1.252433"
"20","8","44.382885","0.834595","0.012909","1.214952"
"30","8","42.918828","0.856744","0.013362","1.188433"
"40","8","41.548277","0.874772","0.013806","1.168975"
"50","8","40.262549","0.889696","0.014242","1.1542"
"60","8","39.054008","0.902227","0.01467","1.142617"
"70","8","37.915905","0.912876","0.01509","1.133283"
"80","8","36.842256","0.922017","0.015503","1.125591"
"90","8","35.827737","0.92993","0.01591","1.119134"
"100","8","34.867594","0.93683","0.016311","1.113633"
"110","8","33.95757","0.942885","0.016706","1.108887"
"120","8","33.093839","0.948229","0.017096","1.104749"
"130","8","32.272958","0.952969","0.01748","1.101109"
"140","8","31.491814","0.957193","0.017859","1.097881"
"150","8","30.74759","0.960973","0.018234","1.094999"
"160","8","30.03773","0.964369","0.018604","1.092409"
"170","8","29.359907","0.967431","0.01897","1.090068"
"180","8","28.712","0.9702","0.019331","1.087943"
"190","8","28.092071","0.972713","0.019689","1.086004"
"200","8","27.498347","0.974999","0.020043","1.084228"
"210","8","26.9292","0.977084","0.020393","1.082596"
"220","8","26.383135","0.978991","0.020739","1.08109"
"-100","9","83.478873","0.049384","1.148443","1.5247"
"-90","9","78.920922","0.047594","0.901926","1.521317"
"-80","9","74.834931","0.046036","0.729521","1.519205"
"-70","9","71.151203","0.044683","0.602613","1.518329"
"-60","9","67.813121","0.043516","0.505571","1.518757"
"-50","9","64.774218","0.04252","0.429122","1.52067"
"-40","9","61.995998","0.041686","0.367403","1.524388"
"-30","9","59.446296","0.041011","0.316521","1.530412"
"-20","9","57.098032","0.040498","0.273772","1.539546"
"-10","9","54.928242","0.040158","0.237205","1.553278"
"0","9","52.917323","0.040016","0.205343","1.574337"
"10","9","51.048444","0.04012","0.17699","1.607609"
"20","9","49.307068","0.811986","0.01296","1.241386"
"30","9","47.680577","0.837992","0.013412","1.206966"
"40","9","46.157965","0.858901","0.013855","1.18267"
"50","9","44.729589","0.876057","0.01429","1.164755"
"60","9","43.386963","0.89037","0.014717","1.151025"
"70","9","42.12259","0.902476","0.015137","1.140152"
"80","9","40.929823","0.912828","0.01555","1.131315"
"90","9","39.802745","0.921764","0.015957","1.12398"
"100","9","38.736076","0.929537","0.016357","1.117789"
"110","9","37.725086","0.936345","0.016752","1.112491"
"120","9","36.765527","0.942344","0.017141","1.107904"
"130","9","35.85357","0.947657","0.017525","1.103894"
"140","9","34.98576","0.952386","0.017904","1.100357"
"150","9","34.158967","0.956614","0.018278","1.097215"
"160","9","33.370349","0.960409","0.018647","1.094403"
"170","9","32.617323","0.963827","0.019013","1.091874"
"180","9","31.897532","0.966916","0.019374","1.089585"
"190","9","31.208824","0.969717","0.019731","1.087504"
"200","9","30.549227","0.972264","0.020084","1.085604"
"210","9","29.916934","0.974586","0.020433","1.083862"
"220","9","29.310285","0.976709","0.020779","1.08226"
"-100","10","91.815714","0.05431","1.149933","1.52452"
"-90","10","86.802571","0.052341","0.903054","1.521121"
"-80","10","82.308521","0.050627","0.730427","1.518986"
"-70","10","78.256908","0.049138","0.603372","1.51808"
"-60","10","74.58546","0.047853","0.50623","1.518468"
"-50","10","71.243069","0.046756","0.429711","1.520326"
"-40","10","68.187394","0.045838","0.367944","1.523971"
"-30","10","65.383059","0.045094","0.317029","1.529892"
"-20","10","62.80028","0.044527","0.27426","1.538875"
"-10","10","60.413798","0.044149","0.237687","1.552377"
"0","10","58.202053","0.043987","0.205832","1.573045"
"10","10","56.146533","0.044092","0.177503","1.605592"
"20","10","54.23125","0.787969","0.013023","1.274081"
"30","10","52.442325","0.818394","0.01347","1.228737"
"40","10","50.767654","0.842491","0.01391","1.198204"
"50","10","49.19663","0.86206","0.014343","1.176441"
"60","10","47.719919","0.878268","0.014769","1.160171"
"70","10","46.329275","0.891903","0.015188","1.147528"
"80","10","45.017389","0.903517","0.015601","1.1374"
"90","10","43.777753","0.91351","0.016006","1.12909"
"100","10","42.604558","0.922182","0.016406","1.122143"
"110","10","41.492603","0.929762","0.0168","1.116246"
"120","10","40.437214","0.936429","0.017189","1.111176"
"130","10","39.434183","0.942326","0.017572","1.106771"
"140","10","38.479707","0.947569","0.01795","1.102906"
"150","10","37.570344","0.95225","0.018324","1.099489"
"160","10","36.702969","0.956447","0.018692","1.096445"
"170","10","35.87474","0.960225","0.019057","1.093717"
"180","10","35.083065","0.963637","0.019417","1.091258"
"190","10","34.325577","0.966728","0.019774","1.08903"
"200","10","33.600107","0.969538","0.020126","1.087001"
"210","10","32.904669","0.972098","0.020475","1.085147"
"220","10","32.237435","0.974436","0.020821","1.083445"
