"1.01","Air","N/A","14/05/2015"
"-100","0","2.038163","0.996084","0.011781","1.407787"
"-90","0","1.92688","0.996754","0.012368","1.406951"
"-80","0","1.827119","0.997298","0.012945","1.406251"
"-70","0","1.737179","0.997746","0.013511","1.405655"
"-60","0","1.655679","0.998118","0.014067","1.405135"
"-50","0","1.581483","0.998428","0.014614","1.404673"
"-40","0","1.513652","0.99869","0.015152","1.404251"
"-30","0","1.4514","0.998912","0.015681","1.403856"
"-20","0","1.394067","0.999101","0.016201","1.403478"
"-10","0","1.341091","0.999263","0.016714","1.403107"
"0","0","1.291993","0.999403","0.017218","1.402736"
"10","0","1.246364","0.999524","0.017716","1.402358"
"20","0","1.203848","0.999628","0.018206","1.401968"
"30","0","1.164137","0.99972","0.018689","1.40156"
"40","0","1.126961","0.999799","0.019165","1.40113"
"50","0","1.092087","0.999869","0.019635","1.400675"
"60","0","1.059307","0.99993","0.020099","1.400191"
"70","0","1.028436","0.999984","0.020557","1.399677"
"80","0","0.999315","1.000031","0.021009","1.399131"
"90","0","0.971797","1.000073","0.021455","1.39855"
"100","0","0.945754","1.00011","0.021896","1.397934"
"110","0","0.92107","1.000143","0.022332","1.397282"
"120","0","0.897642","1.000172","0.022763","1.396595"
"130","0","0.875376","1.000198","0.023189","1.395871"
"140","0","0.854189","1.000221","0.02361","1.395112"
"150","0","0.834002","1.000241","0.024027","1.394318"
"160","0","0.814748","1.000259","0.024439","1.39349"
"170","0","0.796362","1.000275","0.024847","1.392628"
"180","0","0.778788","1.000289","0.025251","1.391736"
"190","0","0.761973","1.000301","0.02565","1.390813"
"200","0","0.745869","1.000312","0.026046","1.389861"
"210","0","0.730432","1.000322","0.026438","1.388883"
"220","0","0.71562","1.00033","0.026826","1.38788"
"230","0","0.701397","1.000338","0.027211","1.386854"
"240","0","0.687729","1.000344","0.027592","1.385806"
"250","0","0.674583","1.00035","0.02797","1.38474"
"260","0","0.66193","1.000355","0.028344","1.383655"
"270","0","0.649743","1.000359","0.028715","1.382556"
"280","0","0.637997","1.000363","0.029084","1.381443"
"290","0","0.626668","1.000366","0.029449","1.380318"
"300","0","0.615734","1.000369","0.029811","1.379184"
"310","0","0.605175","1.000371","0.03017","1.378042"
"320","0","0.594973","1.000373","0.030526","1.376893"
"330","0","0.585108","1.000374","0.03088","1.37574"
"340","0","0.575565","1.000375","0.031231","1.374583"
"350","0","0.566329","1.000376","0.031579","1.373425"
"360","0","0.557384","1.000376","0.031925","1.372267"
"370","0","0.548718","1.000376","0.032268","1.37111"
"380","0","0.540317","1.000376","0.032609","1.369956"
"390","0","0.532169","1.000376","0.032948","1.368805"
"400","0","0.524264","1.000375","0.033284","1.367658"
"410","0","0.516589","1.000375","0.033618","1.366518"
"420","0","0.509137","1.000374","0.03395","1.365384"
"430","0","0.501896","1.000373","0.034279","1.364257"
"440","0","0.494858","1.000372","0.034607","1.363139"
"450","0","0.488015","1.000371","0.034932","1.36203"
"460","0","0.481359","1.000369","0.035256","1.360931"
"470","0","0.474881","1.000368","0.035577","1.359842"
"480","0","0.468576","1.000367","0.035897","1.358764"
"490","0","0.462436","1.000365","0.036215","1.357697"
"500","0","0.456455","1.000363","0.036531","1.356642"
"-100","10","22.153272","0.957032","0.012004","1.479453"
"-90","10","20.943702","0.964657","0.012583","1.468132"
"-80","10","19.859379","0.970781","0.013152","1.459157"
"-70","10","18.881807","0.975764","0.013711","1.45189"
"-60","10","17.995961","0.979864","0.014261","1.445903"
"-50","10","17.189509","0.98327","0.014801","1.440894"
"-40","10","16.452237","0.986123","0.015333","1.436645"
"-30","10","15.775608","0.98853","0.015857","1.432995"
"-20","10","15.152435","0.990574","0.016372","1.429822"
"-10","10","14.576625","0.99232","0.01688","1.427032"
"0","10","14.042976","0.993818","0.01738","1.424552"
"10","10","13.547021","0.99511","0.017873","1.422323"
"20","10","13.084902","0.996229","0.018359","1.420299"
"30","10","12.653271","0.9972","0.018838","1.41844"
"40","10","12.249206","0.998047","0.019311","1.416718"
"50","10","11.87015","0.998787","0.019778","1.415105"
"60","10","11.51385","0.999435","0.020238","1.41358"
"70","10","11.178316","1.000005","0.020693","1.412127"
"80","10","10.861784","1.000506","0.021142","1.410729"
"90","10","10.562685","1.000947","0.021585","1.409375"
"100","10","10.279617","1.001337","0.022023","1.408055"
"110","10","10.011325","1.001681","0.022457","1.40676"
"120","10","9.756681","1.001985","0.022885","1.405483"
"130","10","9.514669","1.002255","0.023308","1.404218"
"140","10","9.284374","1.002493","0.023727","1.402961"
"150","10","9.064963","1.002704","0.024141","1.401707"
"160","10","8.855683","1.002891","0.024551","1.400455"
"170","10","8.655848","1.003056","0.024957","1.399201"
"180","10","8.464833","1.003202","0.025359","1.397944"
"190","10","8.282066","1.003331","0.025756","1.396683"
"200","10","8.107025","1.003444","0.02615","1.395417"
"210","10","7.93923","1.003544","0.02654","1.394145"
"220","10","7.77824","1.003632","0.026927","1.392869"
"230","10","7.623649","1.003709","0.02731","1.391587"
"240","10","7.475083","1.003776","0.027689","1.390301"
"250","10","7.332197","1.003834","0.028065","1.389011"
"260","10","7.194671","1.003884","0.028438","1.387717"
"270","10","7.062209","1.003927","0.028808","1.386421"
"280","10","6.934537","1.003963","0.029174","1.385124"
"290","10","6.811398","1.003993","0.029538","1.383826"
"300","10","6.692557","1.004019","0.029899","1.382528"
"310","10","6.577791","1.004039","0.030256","1.381232"
"320","10","6.466895","1.004055","0.030611","1.379938"
"330","10","6.359677","1.004067","0.030964","1.378648"
"340","10","6.255955","1.004076","0.031314","1.377363"
"350","10","6.155563","1.004081","0.031661","1.376083"
"360","10","6.058342","1.004083","0.032005","1.374809"
"370","10","5.964144","1.004083","0.032347","1.373543"
"380","10","5.87283","1.004081","0.032687","1.372285"
"390","10","5.784271","1.004076","0.033025","1.371036"
"400","10","5.698342","1.004069","0.03336","1.369797"
"410","10","5.614929","1.004061","0.033693","1.368568"
"420","10","5.533923","1.004051","0.034024","1.36735"
"430","10","5.455221","1.004039","0.034352","1.366144"
"440","10","5.378727","1.004026","0.034679","1.364951"
"450","10","5.304348","1.004012","0.035003","1.36377"
"460","10","5.231998","1.003997","0.035326","1.362602"
"470","10","5.161595","1.003981","0.035647","1.361448"
"480","10","5.093061","1.003964","0.035965","1.360308"
"490","10","5.026324","1.003947","0.036282","1.359182"
"500","10","4.961313","1.003928","0.036597","1.358071"
"-100","20","42.26838","0.917219","0.012322","1.568489"
"-90","20","39.960524","0.932496","0.012875","1.540837"
"-80","20","37.891639","0.944591","0.013423","1.519914"
"-70","20","36.026434","0.954325","0.013965","1.50358"
"-60","20","34.336242","0.962265","0.0145","1.49051"
"-50","20","32.797535","0.968815","0.015028","1.479839"
"-40","20","31.390821","0.974271","0.015549","1.470977"
"-30","20","30.099815","0.978853","0.016063","1.463509"
"-20","20","28.910804","0.982728","0.01657","1.457133"
"-10","20","27.81216","0.986025","0.01707","1.451625"
"0","20","26.793959","0.988848","0.017563","1.446815"
"10","20","25.847678","0.991274","0.018049","1.442571"
"20","20","24.965956","0.99337","0.018529","1.438791"
"30","20","24.142405","0.995187","0.019003","1.435392"
"40","20","23.371451","0.996768","0.019471","1.432309"
"50","20","22.648213","0.998146","0.019932","1.429488"
"60","20","21.968393","0.999352","0.020388","1.426886"
"70","20","21.328195","1.00041","0.020839","1.424466"
"80","20","20.724253","1.001338","0.021284","1.422198"
"90","20","20.153573","1.002156","0.021724","1.420058"
"100","20","19.61348","1.002876","0.022158","1.418025"
"110","20","19.101579","1.003511","0.022588","1.416081"
"120","20","18.615719","1.004072","0.023013","1.414212"
"130","20","18.153963","1.004567","0.023434","1.412406"
"140","20","17.714559","1.005005","0.02385","1.410652"
"150","20","17.295923","1.005392","0.024261","1.408941"
"160","20","16.896618","1.005734","0.024669","1.407267"
"170","20","16.515333","1.006036","0.025072","1.405625"
"180","20","16.150877","1.006302","0.025471","1.404008"
"190","20","15.802159","1.006536","0.025867","1.402413"
"200","20","15.468181","1.006742","0.026258","1.400837"
"210","20","15.148029","1.006923","0.026646","1.399278"
"220","20","14.84086","1.007081","0.027031","1.397733"
"230","20","14.545901","1.007219","0.027412","1.396201"
"240","20","14.262438","1.007339","0.027789","1.394681"
"250","20","13.989812","1.007442","0.028163","1.393172"
"260","20","13.727413","1.007531","0.028535","1.391673"
"270","20","13.474676","1.007606","0.028903","1.390185"
"280","20","13.231077","1.007669","0.029268","1.388707"
"290","20","12.996129","1.007722","0.02963","1.38724"
"300","20","12.76938","1.007764","0.029989","1.385783"
"310","20","12.550407","1.007798","0.030345","1.384337"
"320","20","12.338818","1.007824","0.030699","1.382902"
"330","20","12.134245","1.007843","0.03105","1.381478"
"340","20","11.936345","1.007855","0.031398","1.380067"
"350","20","11.744797","1.007862","0.031744","1.378668"
"360","20","11.559299","1.007863","0.032087","1.377283"
"370","20","11.379569","1.007859","0.032428","1.37591"
"380","20","11.205343","1.007851","0.032767","1.374552"
"390","20","11.036372","1.007839","0.033103","1.373207"
"400","20","10.872421","1.007823","0.033437","1.371878"
"410","20","10.713269","1.007804","0.033769","1.370563"
"420","20","10.55871","1.007783","0.034099","1.369264"
"430","20","10.408547","1.007758","0.034426","1.367981"
"440","20","10.262596","1.007732","0.034752","1.366714"
"450","20","10.12068","1.007703","0.035076","1.365463"
"460","20","9.982637","1.007672","0.035397","1.364229"
"470","20","9.848308","1.00764","0.035717","1.363011"
"480","20","9.717546","1.007605","0.036035","1.361811"
"490","20","9.590212","1.00757","0.036351","1.360628"
"500","20","9.466171","1.007534","0.036665","1.359461"
"-100","30","62.383488","0.87667","0.01275","1.679541"
"-90","30","58.977346","0.900352","0.013253","1.627035"
"-80","30","55.923899","0.918803","0.013764","1.589338"
"-70","30","53.171061","0.933482","0.014276","1.561017"
"-60","30","50.676524","0.945352","0.014788","1.539013"
"-50","30","48.405561","0.955077","0.015296","1.521461"
"-40","30","46.329406","0.963133","0.0158","1.507161"
"-30","30","44.424022","0.969867","0.0163","1.495303"
"-20","30","42.669172","0.975541","0.016794","1.485321"
"-10","30","41.047695","0.980355","0.017283","1.476806"
"0","30","39.544942","0.984463","0.017766","1.469458"
"10","30","38.148335","0.987987","0.018244","1.463048"
"20","30","36.84701","0.991023","0.018716","1.457401"
"30","30","35.631539","0.993651","0.019183","1.45238"
"40","30","34.493696","0.995932","0.019644","1.447877"
"50","30","33.426276","0.997918","0.020099","1.443805"
"60","30","32.422936","0.999653","0.02055","1.440093"
"70","30","31.478074","1.001172","0.020995","1.436685"
"80","30","30.586722","1.002504","0.021435","1.433532"
"90","30","29.744461","1.003675","0.021871","1.430596"
"100","30","28.947343","1.004705","0.022301","1.427844"
"110","30","28.191834","1.005612","0.022727","1.425248"
"120","30","27.474758","1.006411","0.023148","1.422787"
"130","30","26.793256","1.007117","0.023565","1.420439"
"140","30","26.144744","1.007739","0.023978","1.41819"
"150","30","25.526884","1.008288","0.024386","1.416026"
"160","30","24.937553","1.008772","0.024791","1.413935"
"170","30","24.374819","1.009199","0.025191","1.411907"
"180","30","23.836922","1.009574","0.025588","1.409935"
"190","30","23.322252","1.009904","0.025981","1.408011"
"200","30","22.829337","1.010193","0.02637","1.40613"
"210","30","22.356827","1.010446","0.026756","1.404287"
"220","30","21.90348","1.010667","0.027138","1.402479"
"230","30","21.468153","1.010858","0.027517","1.400701"
"240","30","21.049792","1.011024","0.027892","1.398952"
"250","30","20.647426","1.011166","0.028264","1.397228"
"260","30","20.260154","1.011287","0.028634","1.395529"
"270","30","19.887142","1.011389","0.029","1.393853"
"280","30","19.527616","1.011474","0.029363","1.392199"
"290","30","19.180859","1.011543","0.029723","1.390567"
"300","30","18.846203","1.011599","0.030081","1.388954"
"310","30","18.523023","1.011642","0.030436","1.387362"
"320","30","18.210741","1.011674","0.030788","1.385789"
"330","30","17.908814","1.011696","0.031137","1.384236"
"340","30","17.616735","1.011708","0.031484","1.382702"
"350","30","17.33403","1.011712","0.031829","1.381187"
"360","30","17.060256","1.011709","0.032171","1.379692"
"370","30","16.794995","1.011698","0.03251","1.378216"
"380","30","16.537857","1.011682","0.032848","1.376759"
"390","30","16.288473","1.01166","0.033183","1.375322"
"400","30","16.046499","1.011633","0.033516","1.373905"
"410","30","15.811609","1.011601","0.033847","1.372507"
"420","30","15.583497","1.011566","0.034175","1.371129"
"430","30","15.361873","1.011526","0.034502","1.36977"
"440","30","15.146464","1.011484","0.034826","1.368432"
"450","30","14.937013","1.011438","0.035149","1.367113"
"460","30","14.733276","1.01139","0.035469","1.365814"
"470","30","14.535021","1.01134","0.035788","1.364535"
"480","30","14.342031","1.011287","0.036105","1.363276"
"490","30","14.154099","1.011232","0.03642","1.362036"
"500","30","13.971029","1.011176","0.036733","1.360817"
"-100","40","82.498597","0.835749","0.01331","1.817078"
"-90","40","77.994169","0.868517","0.013728","1.728108"
"-80","40","73.956159","0.89363","0.014179","1.667729"
"-70","40","70.315688","0.913382","0.014647","1.624119"
"-60","40","67.016805","0.929221","0.015124","1.591204"
"-50","40","64.013587","0.942116","0.015604","1.56553"
"-40","40","61.267991","0.952742","0.016086","1.544982"
"-30","40","58.74823","0.96159","0.016566","1.52819"
"-20","40","56.427541","0.969019","0.017044","1.514229"
"-10","40","54.28323","0.975303","0.017518","1.502448"
"0","40","52.295925","0.980653","0.017989","1.492378"
"10","40","50.448992","0.985232","0.018456","1.48367"
"20","40","48.728064","0.98917","0.018918","1.476062"
"30","40","47.120673","0.992571","0.019376","1.469352"
"40","40","45.615941","0.995519","0.019829","1.463381"
"50","40","44.204339","0.998082","0.020278","1.458024"
"60","40","42.877479","1.000318","0.020721","1.453179"
"70","40","41.627953","1.002272","0.02116","1.448767"
"80","40","40.449192","1.003983","0.021595","1.444718"
"90","40","39.335349","1.005485","0.022025","1.44098"
"100","40","38.281206","1.006805","0.022451","1.437506"
"110","40","37.282088","1.007965","0.022872","1.434258"
"120","40","36.333796","1.008987","0.023289","1.431204"
"130","40","35.432549","1.009887","0.023702","1.428319"
"140","40","34.574929","1.01068","0.024111","1.425578"
"150","40","33.757845","1.011377","0.024516","1.422964"
"160","40","32.978488","1.011992","0.024917","1.42046"
"170","40","32.234304","1.012532","0.025315","1.418052"
"180","40","31.522966","1.013006","0.025708","1.415729"
"190","40","30.842345","1.013422","0.026098","1.413482"
"200","40","30.190494","1.013786","0.026485","1.411301"
"210","40","29.565626","1.014103","0.026868","1.40918"
"220","40","28.9661","1.014379","0.027248","1.407112"
"230","40","28.390404","1.014617","0.027624","1.405094"
"240","40","27.837147","1.014821","0.027998","1.403119"
"250","40","27.305041","1.014996","0.028368","1.401186"
"260","40","26.792895","1.015144","0.028735","1.399291"
"270","40","26.299608","1.015268","0.029099","1.397432"
"280","40","25.824156","1.015369","0.029461","1.395605"
"290","40","25.36559","1.015451","0.029819","1.393811"
"300","40","24.923025","1.015516","0.030175","1.392046"
"310","40","24.495639","1.015564","0.030528","1.390311"
"320","40","24.082664","1.015598","0.030879","1.388604"
"330","40","23.683382","1.015619","0.031226","1.386924"
"340","40","23.297125","1.015628","0.031572","1.385271"
"350","40","22.923264","1.015627","0.031915","1.383643"
"360","40","22.561213","1.015616","0.032256","1.382041"
"370","40","22.210421","1.015597","0.032594","1.380464"
"380","40","21.87037","1.015569","0.03293","1.378912"
"390","40","21.540575","1.015535","0.033264","1.377385"
"400","40","21.220578","1.015494","0.033595","1.375882"
"410","40","20.90995","1.015448","0.033925","1.374402"
"420","40","20.608284","1.015396","0.034252","1.372947"
"430","40","20.315199","1.01534","0.034578","1.371515"
"440","40","20.030333","1.01528","0.034901","1.370107"
"450","40","19.753346","1.015216","0.035223","1.368722"
"460","40","19.483915","1.015149","0.035542","1.36736"
"470","40","19.221735","1.015078","0.03586","1.366021"
"480","40","18.966517","1.015006","0.036176","1.364704"
"490","40","18.717987","1.01493","0.03649","1.363411"
"500","40","18.475887","1.014853","0.036803","1.362139"
"-100","50","102.613705","0.795294","0.014028","1.983271"
"-90","50","97.010991","0.837547","0.014312","1.843928"
"-80","50","91.988418","0.869437","0.014675","1.754475"
"-70","50","87.460315","0.894266","0.01508","1.692245"
"-60","50","83.357087","0.914031","0.015509","1.64653"
"-50","50","79.621613","0.930034","0.015953","1.611595"
"-40","50","76.206575","0.943165","0.016405","1.584082"
"-30","50","73.072437","0.95406","0.01686","1.56189"
"-20","50","70.18591","0.963182","0.017318","1.543638"
"-10","50","67.518765","0.97088","0.017775","1.528377"
"0","50","65.046908","0.977418","0.018231","1.515438"
"10","50","62.749649","0.983004","0.018684","1.504331"
"20","50","60.609118","0.9878","0.019135","1.494692"
"30","50","58.609807","0.991936","0.019582","1.486243"
"40","50","56.738186","0.995515","0.020026","1.47877"
"50","50","54.982401","0.998624","0.020466","1.472105"
"60","50","53.332022","1.001331","0.020902","1.466113"
"70","50","51.777832","1.003694","0.021335","1.460686"
"80","50","50.311661","1.005761","0.021763","1.455738"
"90","50","48.926237","1.007573","0.022187","1.451196"
"100","50","47.615069","1.009162","0.022607","1.447001"
"110","50","46.372342","1.010558","0.023024","1.443103"
"120","50","45.192835","1.011786","0.023436","1.439461"
"130","50","44.071842","1.012865","0.023845","1.436042"
"140","50","43.005114","1.013814","0.02425","1.432815"
"150","50","41.988805","1.014649","0.024651","1.429756"
"160","50","41.019423","1.015382","0.025048","1.426844"
"170","50","40.09379","1.016025","0.025442","1.424062"
"180","50","39.20901","1.016589","0.025833","1.421394"
"190","50","38.362438","1.017082","0.02622","1.418828"
"200","50","37.55165","1.017511","0.026603","1.416352"
"210","50","36.774424","1.017885","0.026984","1.413958"
"220","50","36.02872","1.018208","0.027361","1.411637"
"230","50","35.312656","1.018486","0.027735","1.409382"
"240","50","34.624502","1.018724","0.028106","1.407188"
"250","50","33.962655","1.018926","0.028474","1.405049"
"260","50","33.325636","1.019096","0.028839","1.402962"
"270","50","32.712074","1.019236","0.029201","1.400923"
"280","50","32.120696","1.01935","0.02956","1.398929"
"290","50","31.550321","1.01944","0.029917","1.396976"
"300","50","30.999848","1.019509","0.030271","1.395064"
"310","50","30.468255","1.019559","0.030622","1.393189"
"320","50","29.954587","1.019592","0.030971","1.39135"
"330","50","29.457951","1.019609","0.031317","1.389547"
"340","50","28.977515","1.019612","0.031661","1.387777"
"350","50","28.512498","1.019602","0.032003","1.386039"
"360","50","28.06217","1.019581","0.032342","1.384333"
"370","50","27.625846","1.01955","0.032679","1.382658"
"380","50","27.202883","1.019509","0.033013","1.381013"
"390","50","26.792676","1.01946","0.033346","1.379397"
"400","50","26.394657","1.019404","0.033676","1.37781"
"410","50","26.00829","1.019341","0.034004","1.376252"
"420","50","25.633071","1.019271","0.034331","1.374721"
"430","50","25.268525","1.019197","0.034655","1.373218"
"440","50","24.914202","1.019117","0.034977","1.371742"
"450","50","24.569679","1.019033","0.035298","1.370292"
"460","50","24.234554","1.018945","0.035616","1.368869"
"470","50","23.908448","1.018854","0.035933","1.367471"
"480","50","23.591002","1.018759","0.036248","1.366099"
"490","50","23.281875","1.018662","0.036561","1.364752"
"500","50","22.980745","1.018562","0.036872","1.36343"
"-100","60","122.728813","0.756698","0.01493","2.174454"
"-90","60","116.027813","0.80825","0.015015","1.971768"
"-80","60","110.020678","0.846721","0.015255","1.847675"
"-70","60","104.604942","0.876449","0.015576","1.764066"
"-60","60","99.697368","0.899986","0.015944","1.704048"
"-50","60","95.229639","0.918966","0.016341","1.658976"
"-40","60","91.14516","0.93449","0.016757","1.623961"
"-30","60","87.396644","0.947335","0.017183","1.596028"
"-20","60","83.944278","0.958067","0.017615","1.573263"
"-10","60","80.7543","0.967105","0.018052","1.554378"
"0","60","77.797891","0.974769","0.01849","1.538473"
"10","60","75.050306","0.981307","0.018928","1.524902"
"20","60","72.490172","0.986913","0.019365","1.513188"
"30","60","70.098941","0.99174","0.019801","1.502973"
"40","60","67.860431","0.995913","0.020234","1.493982"
"50","60","65.760464","0.999533","0.020665","1.485999"
"60","60","63.786565","1.002681","0.021092","1.478855"
"70","60","61.927711","1.005427","0.021517","1.472415"
"80","60","60.17413","1.007826","0.021938","1.466569"
"90","60","58.517125","1.009925","0.022356","1.461227"
"100","60","56.948932","1.011765","0.02277","1.456315"
"110","60","55.462597","1.013379","0.023181","1.451773"
"120","60","54.051873","1.014796","0.023588","1.44755"
"130","60","52.711135","1.016041","0.023992","1.443603"
"140","60","51.4353","1.017133","0.024392","1.439896"
"150","60","50.219766","1.018092","0.024789","1.436399"
"160","60","49.060358","1.018932","0.025183","1.433086"
"170","60","47.953275","1.019669","0.025573","1.429936"
"180","60","46.895055","1.020312","0.02596","1.426929"
"190","60","45.882531","1.020874","0.026344","1.424051"
"200","60","44.912806","1.021362","0.026724","1.421286"
"210","60","43.983223","1.021784","0.027102","1.418624"
"220","60","43.091339","1.022148","0.027476","1.416054"
"230","60","42.234908","1.022461","0.027847","1.413569"
"240","60","41.411856","1.022726","0.028216","1.411159"
"250","60","40.62027","1.022949","0.028581","1.40882"
"260","60","39.858378","1.023135","0.028944","1.406546"
"270","60","39.12454","1.023288","0.029304","1.404331"
"280","60","38.417236","1.02341","0.029661","1.402172"
"290","60","37.735051","1.023504","0.030016","1.400066"
"300","60","37.076671","1.023574","0.030368","1.398008"
"310","60","36.440871","1.023622","0.030718","1.395998"
"320","60","35.826509","1.02365","0.031065","1.394031"
"330","60","35.232519","1.02366","0.031409","1.392107"
"340","60","34.657904","1.023654","0.031751","1.390223"
"350","60","34.101732","1.023634","0.032091","1.388378"
"360","60","33.563127","1.0236","0.032429","1.386571"
"370","60","33.041272","1.023554","0.032764","1.3848"
"380","60","32.535396","1.023498","0.033098","1.383064"
"390","60","32.044777","1.023433","0.033429","1.381362"
"400","60","31.568735","1.023358","0.033758","1.379694"
"410","60","31.10663","1.023276","0.034085","1.378058"
"420","60","30.657858","1.023187","0.03441","1.376454"
"430","60","30.22185","1.023092","0.034733","1.374881"
"440","60","29.798071","1.022992","0.035054","1.373339"
"450","60","29.386011","1.022886","0.035373","1.371826"
"460","60","28.985193","1.022776","0.035691","1.370343"
"470","60","28.595161","1.022663","0.036006","1.368888"
"480","60","28.215487","1.022545","0.03632","1.367462"
"490","60","27.845763","1.022425","0.036632","1.366063"
"500","60","27.485603","1.022302","0.036943","1.364692"
"-100","70","142.843922","0.721823","0.01604","2.377499"
"-90","70","135.044636","0.781616","0.015847","2.105617"
"-80","70","128.052938","0.826063","0.015923","1.944023"
"-70","70","121.74957","0.860293","0.016137","1.837575"
"-60","70","116.03765","0.88732","0.016429","1.762457"
"-50","70","110.837665","0.909065","0.01677","1.706788"
"-40","70","106.083745","0.926817","0.017141","1.663997"
"-30","70","101.720852","0.941482","0.017532","1.630156"
"-20","70","97.702647","0.953717","0.017936","1.602776"
"-10","70","93.989835","0.964007","0.018348","1.580203"
"0","70","90.548874","0.972723","0.018766","1.561295"
"10","70","87.350963","0.98015","0.019187","1.545239"
"20","70","84.371226","0.986511","0.019609","1.531441"
"30","70","81.588075","0.991983","0.020031","1.519458"
"40","70","78.982676","0.996709","0.020452","1.508949"
"50","70","76.538527","1.000805","0.020872","1.499654"
"60","70","74.241108","1.004363","0.021291","1.491366"
"70","70","72.07759","1.007463","0.021706","1.48392"
"80","70","70.036599","1.010169","0.02212","1.477184"
"90","70","68.108013","1.012535","0.022531","1.471051"
"100","70","66.282795","1.014605","0.022938","1.465433"
"110","70","64.552851","1.01642","0.023343","1.460256"
"120","70","62.910912","1.01801","0.023745","1.45546"
"130","70","61.350428","1.019405","0.024144","1.450995"
"140","70","59.865485","1.020628","0.024539","1.446816"
"150","70","58.450727","1.021699","0.024932","1.44289"
"160","70","57.101293","1.022636","0.025321","1.439184"
"170","70","55.812761","1.023456","0.025707","1.435673"
"180","70","54.581099","1.02417","0.026091","1.432335"
"190","70","53.402623","1.024791","0.026471","1.42915"
"200","70","52.273962","1.02533","0.026848","1.426103"
"210","70","51.192021","1.025795","0.027222","1.423179"
"220","70","50.153959","1.026193","0.027594","1.420367"
"230","70","49.15716","1.026533","0.027962","1.417655"
"240","70","48.199211","1.026821","0.028328","1.415036"
"250","70","47.277884","1.027061","0.028691","1.412501"
"260","70","46.391119","1.027259","0.029052","1.410043"
"270","70","45.537006","1.027418","0.029409","1.407658"
"280","70","44.713776","1.027544","0.029764","1.405338"
"290","70","43.919782","1.027639","0.030117","1.403082"
"300","70","43.153494","1.027707","0.030467","1.400883"
"310","70","42.413487","1.027749","0.030814","1.39874"
"320","70","41.698432","1.027769","0.03116","1.396648"
"330","70","41.007088","1.02777","0.031502","1.394606"
"340","70","40.338294","1.027752","0.031843","1.392611"
"350","70","39.690965","1.027718","0.032181","1.390662"
"360","70","39.064084","1.027669","0.032517","1.388756"
"370","70","38.456698","1.027607","0.032851","1.386891"
"380","70","37.867909","1.027533","0.033183","1.385067"
"390","70","37.296879","1.027449","0.033513","1.383281"
"400","70","36.742814","1.027355","0.03384","1.381534"
"410","70","36.20497","1.027253","0.034166","1.379822"
"420","70","35.682645","1.027142","0.03449","1.378147"
"430","70","35.175176","1.027025","0.034812","1.376506"
"440","70","34.681939","1.026902","0.035132","1.374899"
"450","70","34.202344","1.026774","0.03545","1.373325"
"460","70","33.735832","1.026641","0.035766","1.371784"
"470","70","33.281875","1.026503","0.03608","1.370273"
"480","70","32.839972","1.026362","0.036393","1.368794"
"490","70","32.409651","1.026217","0.036704","1.367345"
"500","70","31.990461","1.02607","0.037014","1.365925"
"-100","80","162.95903","0.692671","0.017367","2.568556"
"-90","80","154.061458","0.758663","0.016811","2.236503"
"-80","80","146.085198","0.80805","0.01668","2.0391"
"-70","80","138.894197","0.846158","0.016762","1.910265"
"-60","80","132.377931","0.876264","0.016963","1.820206"
"-50","80","126.445691","0.900484","0.017236","1.754016"
"-40","80","121.022329","0.920249","0.017556","1.703496"
"-30","80","116.045059","0.93657","0.017906","1.663784"
"-20","80","111.461015","0.950177","0.018278","1.631822"
"-10","80","107.22537","0.961616","0.018663","1.60559"
"0","80","103.299857","0.971299","0.019058","1.583706"
"10","80","99.651619","0.979544","0.019459","1.565192"
"20","80","96.252281","0.9866","0.019864","1.549335"
"30","80","93.077209","0.992667","0.020272","1.535605"
"40","80","90.104921","0.997903","0.02068","1.523602"
"50","80","87.31659","1.002436","0.021089","1.513014"
"60","80","84.695651","1.006372","0.021497","1.5036"
"70","80","82.227469","1.009798","0.021903","1.495166"
"80","80","79.899069","1.012785","0.022308","1.487557"
"90","80","77.698901","1.015394","0.022711","1.480649"
"100","80","75.616658","1.017676","0.023112","1.474337"
"110","80","73.643106","1.019673","0.02351","1.468539"
"120","80","71.769951","1.021421","0.023906","1.463182"
"130","80","69.989721","1.022951","0.024299","1.458209"
"140","80","68.29567","1.024291","0.02469","1.45357"
"150","80","66.681687","1.025463","0.025078","1.449223"
"160","80","65.142228","1.026487","0.025463","1.445133"
"170","80","63.672247","1.027379","0.025845","1.44127"
"180","80","62.267143","1.028156","0.026224","1.437608"
"190","80","60.922716","1.028829","0.026601","1.434125"
"200","80","59.635118","1.029411","0.026975","1.430802"
"210","80","58.40082","1.029911","0.027346","1.427623"
"220","80","57.216579","1.030338","0.027714","1.424574"
"230","80","56.079412","1.0307","0.02808","1.421643"
"240","80","54.986565","1.031004","0.028443","1.418819"
"250","80","53.935499","1.031256","0.028803","1.416093"
"260","80","52.92386","1.031461","0.029161","1.413457"
"270","80","51.949473","1.031624","0.029516","1.410904"
"280","80","51.010316","1.031749","0.029869","1.408429"
"290","80","50.104512","1.031841","0.030219","1.406025"
"300","80","49.230317","1.031902","0.030567","1.403689"
"310","80","48.386103","1.031937","0.030913","1.401416"
"320","80","47.570355","1.031946","0.031256","1.399203"
"330","80","46.781656","1.031934","0.031597","1.397047"
"340","80","46.018684","1.031902","0.031936","1.394944"
"350","80","45.280199","1.031852","0.032272","1.392892"
"360","80","44.565042","1.031785","0.032607","1.39089"
"370","80","43.872123","1.031705","0.032939","1.388934"
"380","80","43.200423","1.031612","0.033269","1.387023"
"390","80","42.54898","1.031507","0.033598","1.385156"
"400","80","41.916892","1.031391","0.033924","1.383331"
"410","80","41.30331","1.031267","0.034248","1.381547"
"420","80","40.707431","1.031134","0.034571","1.379802"
"430","80","40.128502","1.030993","0.034891","1.378095"
"440","80","39.565808","1.030846","0.03521","1.376425"
"450","80","39.018677","1.030694","0.035527","1.374791"
"460","80","38.486471","1.030536","0.035842","1.373192"
"470","80","37.968588","1.030373","0.036155","1.371628"
"480","80","37.464457","1.030207","0.036467","1.370097"
"490","80","36.973539","1.030037","0.036777","1.368598"
"500","80","36.495319","1.029864","0.037085","1.367131"
"-100","90","183.074138","0.670947","0.018891","2.717076"
"-90","90","173.07828","0.740256","0.0179","2.353794"
"-80","90","164.117458","0.793182","0.017523","2.128012"
"-70","90","156.038824","0.83436","0.017449","1.979461"
"-60","90","148.718213","0.867023","0.017543","1.875676"
"-50","90","142.053718","0.893359","0.017739","1.799613"
"-40","90","135.960914","0.914879","0.018001","1.741749"
"-30","90","130.369266","0.932662","0.018306","1.696415"
"-20","90","125.219384","0.947493","0.01864","1.66004"
"-10","90","120.460905","0.959962","0.018995","1.630274"
"0","90","116.05084","0.970516","0.019365","1.605509"
"10","90","111.952276","0.979501","0.019745","1.584609"
"20","90","108.133335","0.987189","0.020131","1.566752"
"30","90","104.566344","0.993795","0.020523","1.551325"
"40","90","101.227166","0.999494","0.020917","1.537867"
"50","90","98.094653","1.004426","0.021313","1.526023"
"60","90","95.150194","1.008705","0.02171","1.515513"
"70","90","92.377348","1.012427","0.022106","1.506117"
"80","90","89.761538","1.01567","0.022502","1.497659"
"90","90","87.28979","1.018499","0.022897","1.489995"
"100","90","84.950521","1.020971","0.023291","1.48301"
"110","90","82.73336","1.023132","0.023682","1.476606"
"120","90","80.628989","1.025022","0.024072","1.470704"
"130","90","78.629014","1.026674","0.024459","1.465237"
"140","90","76.725855","1.028118","0.024844","1.46015"
"150","90","74.912648","1.029379","0.025227","1.455394"
"160","90","73.183163","1.030478","0.025607","1.450931"
"170","90","71.531732","1.031435","0.025985","1.446725"
"180","90","69.953188","1.032264","0.02636","1.442748"
"190","90","68.442809","1.032982","0.026733","1.438974"
"200","90","66.996274","1.033599","0.027103","1.435383"
"210","90","65.609618","1.034128","0.027471","1.431956"
"220","90","64.279199","1.034577","0.027836","1.428677"
"230","90","63.001664","1.034956","0.028199","1.425531"
"240","90","61.77392","1.035271","0.028559","1.422508"
"250","90","60.593113","1.03553","0.028916","1.419596"
"260","90","59.456601","1.035737","0.029272","1.416786"
"270","90","58.361939","1.0359","0.029624","1.414072"
"280","90","57.306855","1.036022","0.029975","1.411444"
"290","90","56.289243","1.036107","0.030323","1.408898"
"300","90","55.30714","1.036159","0.030669","1.406428"
"310","90","54.358719","1.036181","0.031012","1.40403"
"320","90","53.442278","1.036177","0.031353","1.401698"
"330","90","52.556225","1.03615","0.031693","1.39943"
"340","90","51.699074","1.036101","0.03203","1.397222"
"350","90","50.869433","1.036032","0.032364","1.395071"
"360","90","50.065999","1.035947","0.032697","1.392974"
"370","90","49.287549","1.035846","0.033028","1.39093"
"380","90","48.532936","1.035731","0.033356","1.388935"
"390","90","47.801081","1.035603","0.033683","1.386989"
"400","90","47.090971","1.035465","0.034008","1.385088"
"410","90","46.40165","1.035316","0.034331","1.383232"
"420","90","45.732218","1.035159","0.034652","1.381419"
"430","90","45.081828","1.034994","0.034971","1.379648"
"440","90","44.449677","1.034822","0.035289","1.377916"
"450","90","43.835009","1.034644","0.035604","1.376224"
"460","90","43.23711","1.03446","0.035918","1.37457"
"470","90","42.655301","1.034272","0.036231","1.372952"
"480","90","42.088943","1.034079","0.036541","1.371371"
"490","90","41.537427","1.033883","0.03685","1.369824"
"500","90","41.000177","1.033684","0.037158","1.368311"
"-100","100","203.189247","0.657572","0.020562","2.799599"
"-90","100","192.095103","0.726972","0.019102","2.447214"
"-80","100","182.149718","0.781815","0.018445","2.20608"
"-70","100","173.183451","0.825127","0.018194","2.042651"
"-60","100","165.058494","0.859753","0.018168","1.92736"
"-50","100","157.661744","0.887798","0.018277","1.842604"
"-40","100","150.899498","0.910782","0.018474","1.778095"
"-30","100","144.693473","0.92981","0.018728","1.727582"
"-20","100","138.977753","0.9457","0.019022","1.687095"
"-10","100","133.69644","0.959069","0.019344","1.654007"
"0","100","128.801823","0.970391","0.019686","1.626516"
"10","100","124.252933","0.980032","0.020042","1.603349"
"20","100","120.014389","0.988282","0.020409","1.583582"
"30","100","116.055478","0.995371","0.020783","1.566532"
"40","100","112.349411","1.001485","0.021162","1.551679"
"50","100","108.872716","1.006773","0.021545","1.538626"
"60","100","105.604737","1.01136","0.02193","1.527062"
"70","100","102.527227","1.015347","0.022316","1.516739"
"80","100","99.624007","1.018818","0.022702","1.507462"
"90","100","96.880678","1.021845","0.023088","1.499069"
"100","100","94.284384","1.024487","0.023474","1.491432"
"110","100","91.823615","1.026794","0.023858","1.484444"
"120","100","89.488028","1.028809","0.024241","1.478014"
"130","100","87.268307","1.030569","0.024622","1.47207"
"140","100","85.15604","1.032104","0.025002","1.466548"
"150","100","83.143609","1.033442","0.025379","1.461396"
"160","100","81.224098","1.034607","0.025755","1.456571"
"170","100","79.391218","1.035617","0.026128","1.452033"
"180","100","77.639232","1.036491","0.026499","1.44775"
"190","100","75.962902","1.037245","0.026868","1.443696"
"200","100","74.35743","1.037891","0.027234","1.439844"
"210","100","72.818417","1.038442","0.027598","1.436176"
"220","100","71.341819","1.038907","0.02796","1.432673"
"230","100","69.923915","1.039297","0.028319","1.42932"
"240","100","68.561275","1.039619","0.028677","1.426103"
"250","100","67.250727","1.039879","0.029031","1.423011"
"260","100","65.989343","1.040086","0.029384","1.420033"
"270","100","64.774405","1.040244","0.029734","1.41716"
"280","100","63.603395","1.040358","0.030082","1.414385"
"290","100","62.473973","1.040433","0.030428","1.411701"
"300","100","61.383962","1.040472","0.030771","1.409101"
"310","100","60.331335","1.040481","0.031113","1.40658"
"320","100","59.314201","1.04046","0.031452","1.404133"
"330","100","58.330793","1.040415","0.031789","1.401756"
"340","100","57.379464","1.040346","0.032124","1.399446"
"350","100","56.458667","1.040258","0.032457","1.397198"
"360","100","55.566956","1.04015","0.032788","1.395011"
"370","100","54.702975","1.040027","0.033117","1.39288"
"380","100","53.865449","1.039888","0.033444","1.390803"
"390","100","53.053183","1.039737","0.03377","1.388779"
"400","100","52.26505","1.039574","0.034093","1.386805"
"410","100","51.49999","1.0394","0.034414","1.38488"
"420","100","50.757005","1.039217","0.034734","1.383"
"430","100","50.035153","1.039026","0.035052","1.381166"
"440","100","49.333546","1.038828","0.035368","1.379375"
"450","100","48.651342","1.038623","0.035683","1.377626"
"460","100","47.987749","1.038412","0.035995","1.375917"
"470","100","47.342014","1.038196","0.036306","1.374248"
"480","100","46.713428","1.037977","0.036616","1.372618"
"490","100","46.101314","1.037753","0.036924","1.371024"
"500","100","45.505035","1.037527","0.03723","1.369467"
"-100","110","223.304355","0.652356","0.022308","2.815713"
"-90","110","211.111925","0.719025","0.020391","2.509741"
"-80","110","200.181978","0.774127","0.019437","2.269477"
"-70","110","190.328078","0.818592","0.018992","2.097743"
"-60","110","181.398776","0.854548","0.018833","1.97399"
"-50","110","173.26977","0.883871","0.018848","1.882164"
"-40","110","165.838083","0.908008","0.018972","1.811966"
"-30","110","159.017681","0.928051","0.019171","1.756883"
"-20","110","152.736121","0.944824","0.019421","1.712693"
"-10","110","146.931974","0.958957","0.019707","1.676569"
"0","110","141.552806","0.970937","0.02002","1.64656"
"10","110","136.55359","0.981146","0.020351","1.621282"
"20","110","131.895443","0.989886","0.020697","1.599727"
"30","110","127.544612","0.997397","0.021052","1.581147"
"40","110","123.471656","1.003875","0.021415","1.564976"
"50","110","119.650779","1.009477","0.021784","1.550776"
"60","110","116.05928","1.014335","0.022156","1.538208"
"70","110","112.677106","1.018556","0.022531","1.527001"
"80","110","109.486476","1.022229","0.022907","1.51694"
"90","110","106.471566","1.02543","0.023284","1.50785"
"100","110","103.618248","1.02822","0.023661","1.499588"
"110","110","100.913869","1.030655","0.024038","1.492038"
"120","110","98.347066","1.032779","0.024414","1.485101"
"130","110","95.9076","1.034631","0.024789","1.478697"
"140","110","93.586226","1.036245","0.025163","1.472757"
"150","110","91.374569","1.037649","0.025535","1.467224"
"160","110","89.265033","1.038868","0.025905","1.462049"
"170","110","87.250703","1.039923","0.026273","1.457191"
"180","110","85.325277","1.040833","0.02664","1.452614"
"190","110","83.482995","1.041615","0.027005","1.448287"
"200","110","81.718586","1.042283","0.027367","1.444184"
"210","110","80.027215","1.04285","0.027728","1.440283"
"220","110","78.404439","1.043326","0.028086","1.436564"
"230","110","76.846167","1.043721","0.028442","1.433009"
"240","110","75.348629","1.044044","0.028796","1.429605"
"250","110","73.908342","1.044302","0.029148","1.426338"
"260","110","72.522084","1.044503","0.029498","1.423197"
"270","110","71.186871","1.044652","0.029845","1.420171"
"280","110","69.899935","1.044755","0.030191","1.417253"
"290","110","68.658704","1.044817","0.030534","1.414434"
"300","110","67.460785","1.044841","0.030875","1.411708"
"310","110","66.303951","1.044832","0.031214","1.409068"
"320","110","65.186123","1.044793","0.031552","1.406509"
"330","110","64.105362","1.044727","0.031887","1.404027"
"340","110","63.059853","1.044637","0.03222","1.401617"
"350","110","62.0479","1.044525","0.032551","1.399276"
"360","110","61.067913","1.044395","0.03288","1.396999"
"370","110","60.1184","1.044246","0.033208","1.394784"
"380","110","59.197962","1.044083","0.033533","1.392628"
"390","110","58.305284","1.043906","0.033857","1.390529"
"400","110","57.439128","1.043716","0.034179","1.388484"
"410","110","56.59833","1.043516","0.034499","1.38649"
"420","110","55.781792","1.043306","0.034817","1.384546"
"430","110","54.988479","1.043087","0.035133","1.382651"
"440","110","54.217414","1.042861","0.035448","1.380801"
"450","110","53.467675","1.042628","0.035761","1.378997"
"460","110","52.738388","1.04239","0.036073","1.377236"
"470","110","52.028728","1.042146","0.036383","1.375517"
"480","110","51.337913","1.041898","0.036691","1.373838"
"490","110","50.665202","1.041646","0.036998","1.372198"
"500","110","50.009893","1.041392","0.037303","1.370597"
"-100","120","243.419463","0.654162","0.024066","2.784814"
"-90","120","230.128747","0.716242","0.021738","2.540282"
"-80","120","218.214238","0.770122","0.020485","2.315858"
"-70","120","207.472705","0.814785","0.019836","2.143222"
"-60","120","197.739057","0.851442","0.019535","2.014618"
"-50","120","188.877796","0.881606","0.019447","1.91766"
"-40","120","180.776668","0.906581","0.019495","1.842919"
"-30","120","173.341888","0.927403","0.019635","1.783996"
"-20","120","166.49449","0.944879","0.019837","1.736593"
"-10","120","160.167509","0.959634","0.020085","1.697778"
"0","120","154.303789","0.972161","0.020366","1.665503"
"10","120","148.854247","0.982847","0.020671","1.638301"
"20","120","143.776497","0.992002","0.020994","1.615101"
"30","120","139.033746","0.999874","0.02133","1.595103"
"40","120","134.593901","1.006664","0.021676","1.577702"
"50","120","130.428841","1.012537","0.022029","1.562428"
"60","120","126.513823","1.017629","0.022389","1.548916"
"70","120","122.826986","1.022052","0.022751","1.536874"
"80","120","119.348945","1.025899","0.023117","1.526071"
"90","120","116.062454","1.029248","0.023485","1.516318"
"100","120","112.952111","1.032167","0.023853","1.507462"
"110","120","110.004124","1.034711","0.024222","1.499376"
"120","120","107.206105","1.036928","0.024591","1.491955"
"130","120","104.546893","1.038858","0.024959","1.485111"
"140","120","102.016411","1.040537","0.025326","1.478771"
"150","120","99.60553","1.041995","0.025692","1.472872"
"160","120","97.305968","1.043258","0.026058","1.467362"
"170","120","95.110189","1.044349","0.026421","1.462195"
"180","120","93.011321","1.045287","0.026783","1.457334"
"190","120","91.003088","1.04609","0.027143","1.452745"
"200","120","89.079742","1.046772","0.027502","1.4484"
"210","120","87.236014","1.047348","0.027859","1.444274"
"220","120","85.467059","1.047828","0.028213","1.440347"
"230","120","83.768419","1.048224","0.028566","1.436598"
"240","120","82.135984","1.048543","0.028917","1.433013"
"250","120","80.565956","1.048795","0.029266","1.429577"
"260","120","79.054825","1.048986","0.029613","1.426277"
"270","120","77.599337","1.049123","0.029958","1.423104"
"280","120","76.196475","1.049211","0.0303","1.420047"
"290","120","74.843434","1.049256","0.030641","1.417098"
"300","120","73.537608","1.049262","0.03098","1.414249"
"310","120","72.276567","1.049232","0.031317","1.411494"
"320","120","71.058046","1.049172","0.031652","1.408827"
"330","120","69.879931","1.049083","0.031985","1.406243"
"340","120","68.740243","1.04897","0.032316","1.403737"
"350","120","67.637134","1.048833","0.032646","1.401304"
"360","120","66.56887","1.048677","0.032973","1.398941"
"370","120","65.533826","1.048503","0.033299","1.396645"
"380","120","64.530476","1.048313","0.033623","1.394411"
"390","120","63.557385","1.048108","0.033945","1.392239"
"400","120","62.613207","1.047891","0.034265","1.390124"
"410","120","61.69667","1.047662","0.034583","1.388064"
"420","120","60.806579","1.047424","0.0349","1.386058"
"430","120","59.941805","1.047177","0.035215","1.384103"
"440","120","59.101283","1.046922","0.035529","1.382197"
"450","120","58.284008","1.04666","0.035841","1.380338"
"460","120","57.489027","1.046392","0.036151","1.378526"
"470","120","56.715441","1.046119","0.03646","1.376757"
"480","120","55.962398","1.045842","0.036767","1.375032"
"490","120","55.22909","1.045562","0.037072","1.373348"
"500","120","54.514751","1.045278","0.037376","1.371704"
"-100","130","263.534572","0.661486","0.025791","2.729088"
"-90","130","249.14557","0.718126","0.023114","2.543599"
"-80","130","236.246498","0.769644","0.021574","2.34485"
"-70","130","224.617333","0.813648","0.020718","2.178278"
"-60","130","214.079339","0.850412","0.020269","2.048634"
"-50","130","204.485822","0.880995","0.020073","1.948664"
"-40","130","195.715252","0.906499","0.02004","1.870645"
"-30","130","187.666095","0.927868","0.020116","1.808689"
"-20","130","180.252858","0.945866","0.020269","1.758619"
"-10","130","173.403044","0.961103","0.020477","1.717498"
"0","130","167.054772","0.974063","0.020724","1.683235"
"10","130","161.154904","0.985135","0.021","1.654319"
"20","130","155.657551","0.99463","0.021299","1.629635"
"30","130","150.52288","1.0028","0.021615","1.608346"
"40","130","145.716146","1.009851","0.021943","1.589814"
"50","130","141.206904","1.01595","0.022281","1.573547"
"60","130","136.968366","1.021239","0.022626","1.559156"
"70","130","132.976865","1.025831","0.022977","1.546334"
"80","130","129.211415","1.029824","0.023331","1.534835"
"90","130","125.653342","1.033299","0.023689","1.524458"
"100","130","122.285974","1.036325","0.024048","1.515041"
"110","130","119.094378","1.038959","0.024409","1.506447"
"120","130","116.065143","1.041252","0.02477","1.498566"
"130","130","113.186187","1.043246","0.025131","1.491304"
"140","130","110.446596","1.044977","0.025492","1.484582"
"150","130","107.836491","1.046478","0.025853","1.478334"
"160","130","105.346903","1.047775","0.026212","1.472503"
"170","130","102.969674","1.048891","0.026571","1.467042"
"180","130","100.697365","1.049849","0.026928","1.461909"
"190","130","98.523181","1.050665","0.027284","1.457069"
"200","130","96.440898","1.051355","0.027638","1.452491"
"210","130","94.444812","1.051934","0.027991","1.44815"
"220","130","92.529679","1.052413","0.028342","1.444021"
"230","130","90.690671","1.052804","0.028692","1.440085"
"240","130","88.923338","1.053115","0.029039","1.436326"
"250","130","87.223571","1.053356","0.029385","1.432727"
"260","130","85.587567","1.053533","0.029729","1.429275"
"270","130","84.011804","1.053654","0.030071","1.425959"
"280","130","82.493015","1.053724","0.030411","1.422768"
"290","130","81.028165","1.053749","0.03075","1.419693"
"300","130","79.614431","1.053733","0.031086","1.416726"
"310","130","78.249183","1.053681","0.031421","1.413859"
"320","130","76.929969","1.053597","0.031754","1.411087"
"330","130","75.654499","1.053483","0.032085","1.408404"
"340","130","74.420633","1.053343","0.032414","1.405804"
"350","130","73.226368","1.05318","0.032741","1.403283"
"360","130","72.069827","1.052997","0.033067","1.400836"
"370","130","70.949251","1.052794","0.033391","1.398461"
"380","130","69.862989","1.052576","0.033713","1.396153"
"390","130","68.809487","1.052342","0.034033","1.393909"
"400","130","67.787285","1.052096","0.034352","1.391726"
"410","130","66.79501","1.051838","0.034669","1.389602"
"420","130","65.831366","1.051569","0.034984","1.387535"
"430","130","64.895131","1.051292","0.035298","1.385522"
"440","130","63.985152","1.051007","0.03561","1.383561"
"450","130","63.10034","1.050716","0.03592","1.38165"
"460","130","62.239666","1.050418","0.036229","1.379787"
"470","130","61.402154","1.050115","0.036537","1.377971"
"480","130","60.586883","1.049808","0.036843","1.376201"
"490","130","59.792978","1.049498","0.037147","1.374473"
"500","130","59.01961","1.049184","0.03745","1.372788"
"-100","140","283.64968","0.672933","0.027458","2.663901"
"-90","140","268.162392","0.723992","0.024494","2.527328"
"-80","140","254.278758","0.772409","0.02269","2.358018"
"-70","140","241.76196","0.815052","0.02163","2.20288"
"-60","140","230.41962","0.851388","0.021031","2.07578"
"-50","140","220.093848","0.881998","0.020722","1.974941"
"-40","140","210.653837","0.907738","0.020604","1.894957"
"-30","140","201.990303","0.929429","0.020615","1.830816"
"-20","140","194.011227","0.947775","0.020715","1.778655"
"-10","140","186.638579","0.963355","0.02088","1.735634"
"0","140","179.805755","0.976638","0.021092","1.699682"
"10","140","173.455561","0.988005","0.021339","1.669275"
"20","140","167.538605","0.997766","0.021613","1.643278"
"30","140","162.012014","1.006172","0.021907","1.620832"
"40","140","156.838391","1.013431","0.022217","1.601278"
"50","140","151.984967","1.019714","0.022538","1.584103"
"60","140","147.422909","1.025161","0.022869","1.568905"
"70","140","143.126744","1.029891","0.023207","1.555362"
"80","140","139.073884","1.034002","0.02355","1.543215"
"90","140","135.24423","1.037578","0.023897","1.532256"
"100","140","131.619837","1.040689","0.024247","1.522313"
"110","140","128.184633","1.043396","0.024599","1.513242"
"120","140","124.924182","1.045749","0.024953","1.504928"
"130","140","121.82548","1.047792","0.025307","1.49727"
"140","140","118.876781","1.049563","0.025661","1.490187"
"150","140","116.067452","1.051094","0.026016","1.483607"
"160","140","113.387838","1.052415","0.02637","1.477471"
"170","140","110.82916","1.053548","0.026723","1.471729"
"180","140","108.38341","1.054517","0.027075","1.466336"
"190","140","106.043273","1.055338","0.027427","1.461256"
"200","140","103.802055","1.05603","0.027777","1.456456"
"210","140","101.653611","1.056605","0.028125","1.451907"
"220","140","99.592299","1.057078","0.028473","1.447586"
"230","140","97.612923","1.057458","0.028818","1.443471"
"240","140","95.710693","1.057757","0.029163","1.439543"
"250","140","93.881185","1.057982","0.029505","1.435788"
"260","140","92.120308","1.058142","0.029846","1.432189"
"270","140","90.42427","1.058243","0.030185","1.428735"
"280","140","88.789555","1.058291","0.030523","1.425415"
"290","140","87.212896","1.058293","0.030859","1.422218"
"300","140","85.691254","1.058253","0.031193","1.419137"
"310","140","84.221799","1.058176","0.031525","1.416163"
"320","140","82.801892","1.058065","0.031856","1.41329"
"330","140","81.429068","1.057924","0.032185","1.41051"
"340","140","80.101023","1.057756","0.032512","1.40782"
"350","140","78.815602","1.057564","0.032837","1.405213"
"360","140","77.570784","1.057351","0.033161","1.402686"
"370","140","76.364677","1.057119","0.033483","1.400233"
"380","140","75.195502","1.056871","0.033803","1.397852"
"390","140","74.061588","1.056607","0.034122","1.39554"
"400","140","72.961364","1.05633","0.034439","1.393292"
"410","140","71.89335","1.056041","0.034754","1.391106"
"420","140","70.856153","1.055742","0.035068","1.388979"
"430","140","69.848456","1.055434","0.035381","1.38691"
"440","140","68.869021","1.055118","0.035691","1.384895"
"450","140","67.916673","1.054795","0.036001","1.382933"
"460","140","66.990305","1.054466","0.036308","1.381022"
"470","140","66.088868","1.054133","0.036614","1.379159"
"480","140","65.211368","1.053795","0.036919","1.377344"
"490","140","64.356866","1.053453","0.037222","1.375574"
"500","140","63.524468","1.053109","0.037524","1.373849"
"-100","150","303.764788","0.6874","0.02906","2.59766"
"-90","150","287.179214","0.733119","0.02586","2.498846"
"-80","150","272.311018","0.778053","0.02382","2.358212"
"-70","150","258.906587","0.81881","0.022564","2.217732"
"-60","150","246.759902","0.854266","0.021814","2.096146"
"-50","150","235.701874","0.884549","0.021392","1.996444"
"-40","150","225.592422","0.910254","0.021186","1.915785"
"-30","150","216.31451","0.932057","0.021128","1.850309"
"-20","150","207.769596","0.950586","0.021174","1.796638"
"-10","150","199.874114","0.966376","0.021294","1.752132"
"0","150","192.556738","0.979874","0.02147","1.714796"
"10","150","185.756218","0.991448","0.021687","1.683129"
"20","150","179.419659","1.001402","0.021934","1.655998"
"30","150","173.501148","1.009984","0.022206","1.632534"
"40","150","167.960636","1.017401","0.022496","1.612069"
"50","150","162.76303","1.023822","0.022801","1.594077"
"60","150","157.877452","1.029391","0.023117","1.578145"
"70","150","153.276623","1.034227","0.023441","1.563942"
"80","150","148.936353","1.038429","0.023773","1.5512"
"90","150","144.835118","1.042082","0.024109","1.539702"
"100","150","140.9537","1.045258","0.024449","1.529269"
"110","150","137.274887","1.048018","0.024793","1.519754"
"120","150","133.78322","1.050415","0.025138","1.511033"
"130","150","130.464773","1.052493","0.025485","1.503004"
"140","150","127.306966","1.054291","0.025832","1.495579"
"150","150","124.298412","1.055842","0.026181","1.488686"
"160","150","121.428773","1.057176","0.026529","1.482262"
"170","150","118.688645","1.058317","0.026877","1.476253"
"180","150","116.069454","1.059288","0.027224","1.470614"
"190","150","113.563366","1.060108","0.027571","1.465305"
"200","150","111.163211","1.060794","0.027916","1.460292"
"210","150","108.862409","1.06136","0.028261","1.455546"
"220","150","106.654919","1.06182","0.028604","1.45104"
"230","150","104.535175","1.062185","0.028947","1.446753"
"240","150","102.498048","1.062466","0.029287","1.442665"
"250","150","100.5388","1.062672","0.029627","1.438759"
"260","150","98.653049","1.06281","0.029965","1.43502"
"270","150","96.836736","1.062888","0.030301","1.431433"
"280","150","95.086094","1.062912","0.030636","1.427989"
"290","150","93.397626","1.062888","0.030969","1.424675"
"300","150","91.768077","1.062821","0.0313","1.421484"
"310","150","90.194415","1.062715","0.03163","1.418406"
"320","150","88.673815","1.062575","0.031959","1.415435"
"330","150","87.203636","1.062405","0.032285","1.412563"
"340","150","85.781413","1.062207","0.03261","1.409785"
"350","150","84.404835","1.061984","0.032934","1.407095"
"360","150","83.071741","1.06174","0.033256","1.40449"
"370","150","81.780103","1.061477","0.033576","1.401963"
"380","150","80.528015","1.061196","0.033894","1.399511"
"390","150","79.313689","1.060901","0.034211","1.397132"
"400","150","78.135442","1.060592","0.034527","1.39482"
"410","150","76.99169","1.060271","0.034841","1.392574"
"420","150","75.880939","1.059939","0.035153","1.39039"
"430","150","74.801782","1.059599","0.035464","1.388266"
"440","150","73.752889","1.059251","0.035773","1.386199"
"450","150","72.733006","1.058896","0.036081","1.384187"
"460","150","71.740944","1.058536","0.036387","1.382229"
"470","150","70.775581","1.05817","0.036692","1.380321"
"480","150","69.835854","1.057801","0.036996","1.378463"
"490","150","68.920754","1.057428","0.037298","1.376652"
"500","150","68.029326","1.057052","0.037599","1.374887"
"-100","160","323.879897","0.704069","0.030594","2.53437"
"-90","160","306.196037","0.744851","0.027202","2.46377"
"-80","160","290.343278","0.786177","0.024952","2.348692"
"-70","160","276.051214","0.824698","0.023512","2.224084"
"-60","160","263.100184","0.858912","0.022615","2.110132"
"-50","160","251.3099","0.888565","0.022078","2.013289"
"-40","160","240.531006","0.91399","0.021783","1.933156"
"-30","160","230.638717","0.935712","0.021655","1.867164"
"-20","160","221.527964","0.954269","0.021644","1.812555"
"-10","160","213.109649","0.970144","0.021719","1.766975"
"0","160","205.307721","0.983755","0.021857","1.728559"
"10","160","198.056875","0.995452","0.022042","1.695863"
"20","160","191.300713","1.005529","0.022263","1.667775"
"30","160","184.990282","1.014227","0.022511","1.643436"
"40","160","179.082881","1.021751","0.022782","1.622172"
"50","160","173.541093","1.02827","0.023069","1.603456"
"60","160","168.331995","1.033924","0.023369","1.586867"
"70","160","163.426502","1.038834","0.02368","1.572066"
"80","160","158.798822","1.0431","0.023999","1.558781"
"90","160","154.426006","1.046807","0.024324","1.546789"
"100","160","150.287563","1.050027","0.024654","1.535905"
"110","160","146.365142","1.052823","0.024989","1.525977"
"120","160","142.642259","1.055247","0.025326","1.516878"
"130","160","139.104066","1.057346","0.025665","1.508501"
"140","160","135.737151","1.059158","0.026006","1.500758"
"150","160","132.529373","1.060718","0.026348","1.49357"
"160","160","129.469708","1.062055","0.02669","1.486874"
"170","160","126.548131","1.063195","0.027032","1.480613"
"180","160","123.755498","1.06416","0.027374","1.47474"
"190","160","121.083459","1.064971","0.027716","1.469214"
"200","160","118.524367","1.065645","0.028058","1.464"
"210","160","116.071208","1.066196","0.028398","1.459065"
"220","160","113.717539","1.066638","0.028737","1.454384"
"230","160","111.457426","1.066983","0.029076","1.449933"
"240","160","109.285402","1.067242","0.029413","1.445691"
"250","160","107.196414","1.067423","0.029749","1.441641"
"260","160","105.18579","1.067536","0.030084","1.437767"
"270","160","103.249202","1.067587","0.030417","1.434053"
"280","160","101.382634","1.067583","0.030749","1.430489"
"290","160","99.582357","1.06753","0.03108","1.427064"
"300","160","97.844899","1.067433","0.031409","1.423766"
"310","160","96.167031","1.067297","0.031736","1.420588"
"320","160","94.545737","1.067126","0.032062","1.417522"
"330","160","92.978205","1.066924","0.032387","1.414561"
"340","160","91.461802","1.066694","0.03271","1.411699"
"350","160","89.994069","1.066439","0.033031","1.40893"
"360","160","88.572699","1.066162","0.033351","1.406248"
"370","160","87.195528","1.065865","0.033669","1.40365"
"380","160","85.860528","1.065552","0.033986","1.40113"
"390","160","84.565791","1.065223","0.034301","1.398685"
"400","160","83.309521","1.06488","0.034615","1.396312"
"410","160","82.09003","1.064526","0.034928","1.394008"
"420","160","80.905726","1.064162","0.035238","1.391768"
"430","160","79.755108","1.063788","0.035548","1.389591"
"440","160","78.636758","1.063407","0.035856","1.387474"
"450","160","77.549338","1.063019","0.036162","1.385414"
"460","160","76.491583","1.062626","0.036467","1.383409"
"470","160","75.462294","1.062227","0.036771","1.381458"
"480","160","74.460339","1.061825","0.037073","1.379558"
"490","160","73.484641","1.06142","0.037374","1.377707"
"500","160","72.534184","1.061012","0.037673","1.375904"
"-100","170","343.995005","0.722353","0.032064","2.475667"
"-90","170","325.212859","0.758634","0.028512","2.425848"
"-80","170","308.375538","0.796394","0.026079","2.332448"
"-70","170","293.195841","0.832477","0.024468","2.223461"
"-60","170","279.440465","0.865178","0.023428","2.118382"
"-50","170","266.917926","0.893946","0.022778","2.025741"
"-40","170","255.469591","0.918879","0.022393","1.947185"
"-30","170","244.962925","0.940346","0.022193","1.881437"
"-20","170","235.286333","0.958788","0.022125","1.826433"
"-10","170","226.345184","0.974632","0.022153","1.780175"
"0","170","218.058705","0.988259","0.022252","1.740974"
"10","170","210.357532","1","0.022404","1.707475"
"20","170","203.181767","1.010132","0.022597","1.678608"
"30","170","196.479417","1.018891","0.022822","1.653532"
"40","170","190.205126","1.026475","0.023072","1.631584"
"50","170","184.319156","1.033049","0.023341","1.612235"
"60","170","178.786538","1.038754","0.023625","1.595063"
"70","170","173.576381","1.043708","0.023922","1.579729"
"80","170","168.661292","1.048011","0.024228","1.565954"
"90","170","164.016894","1.051748","0.024542","1.553512"
"100","170","159.621426","1.054993","0.024863","1.542215"
"110","170","155.455396","1.057806","0.025187","1.531908"
"120","170","151.501298","1.060243","0.025516","1.522459"
"130","170","147.743359","1.062348","0.025848","1.513761"
"140","170","144.167337","1.064162","0.026181","1.505719"
"150","170","140.760334","1.065719","0.026516","1.498256"
"160","170","137.510643","1.06705","0.026853","1.491305"
"170","170","134.407616","1.06818","0.027189","1.484807"
"180","170","131.441543","1.069132","0.027526","1.478714"
"190","170","128.603552","1.069926","0.027863","1.472983"
"200","170","125.885523","1.070581","0.0282","1.467577"
"210","170","123.280006","1.07111","0.028536","1.462464"
"220","170","120.780158","1.071529","0.028872","1.457617"
"230","170","118.379678","1.07185","0.029206","1.453009"
"240","170","116.072757","1.072082","0.02954","1.448621"
"250","170","113.854029","1.072235","0.029873","1.444434"
"260","170","111.718532","1.072319","0.030204","1.44043"
"270","170","109.661668","1.07234","0.030535","1.436595"
"280","170","107.679174","1.072305","0.030864","1.432917"
"290","170","105.767087","1.07222","0.031192","1.429383"
"300","170","103.921722","1.07209","0.031518","1.425984"
"310","170","102.139647","1.071921","0.031843","1.42271"
"320","170","100.41766","1.071716","0.032167","1.419553"
"330","170","98.752773","1.07148","0.032489","1.416506"
"340","170","97.142192","1.071216","0.03281","1.413563"
"350","170","95.583303","1.070926","0.033129","1.410716"
"360","170","94.073656","1.070615","0.033447","1.407962"
"370","170","92.610954","1.070284","0.033763","1.405294"
"380","170","91.193042","1.069936","0.034078","1.402708"
"390","170","89.817892","1.069572","0.034392","1.400201"
"400","170","88.4836","1.069195","0.034704","1.397769"
"410","170","87.18837","1.068806","0.035015","1.395407"
"420","170","85.930513","1.068407","0.035324","1.393114"
"430","170","84.708434","1.067999","0.035632","1.390885"
"440","170","83.520627","1.067584","0.035938","1.388719"
"450","170","82.365671","1.067162","0.036243","1.386612"
"460","170","81.242222","1.066735","0.036547","1.384563"
"470","170","80.149008","1.066303","0.036849","1.382569"
"480","170","79.084824","1.065868","0.03715","1.380628"
"490","170","78.048529","1.06543","0.03745","1.378739"
"500","170","77.039042","1.064989","0.037748","1.376898"
"-100","180","364.110113","0.741828","0.033474","2.421995"
"-90","180","344.229681","0.774027","0.029789","2.387391"
"-80","180","326.407798","0.808352","0.027194","2.311893"
"-70","180","310.340468","0.841907","0.025426","2.217413"
"-60","180","295.780747","0.872905","0.024251","2.121684"
"-50","180","282.525952","0.900587","0.023488","2.034177"
"-40","180","270.408176","0.924846","0.023014","1.95806"
"-30","180","259.287132","0.945903","0.022742","1.893228"
"-20","180","249.044701","0.964103","0.022616","1.838331"
"-10","180","239.580719","0.979809","0.022596","1.791768"
"0","180","230.809688","0.993364","0.022655","1.752065"
"10","180","222.658189","1.005073","0.022773","1.71798"
"20","180","215.062822","1.015198","0.022938","1.688505"
"30","180","207.968551","1.023964","0.023138","1.662829"
"40","180","201.327371","1.031561","0.023367","1.640305"
"50","180","195.097218","1.038152","0.023617","1.620414"
"60","180","189.241081","1.043873","0.023886","1.602736"
"70","180","183.72626","1.048842","0.024168","1.58693"
"80","180","178.523761","1.053156","0.024461","1.572718"
"90","180","173.607782","1.056902","0.024764","1.559871"
"100","180","168.955289","1.06015","0.025073","1.5482"
"110","180","164.545651","1.062964","0.025389","1.537546"
"120","180","160.360336","1.065398","0.025709","1.527776"
"130","180","156.382652","1.067496","0.026032","1.51878"
"140","180","152.597522","1.0693","0.026359","1.510463"
"150","180","148.991294","1.070844","0.026687","1.502744"
"160","180","145.551578","1.072158","0.027017","1.495554"
"170","180","142.267102","1.073269","0.027348","1.488835"
"180","180","139.127587","1.0742","0.02768","1.482535"
"190","180","136.123645","1.074971","0.028012","1.476611"
"200","180","133.246679","1.0756","0.028344","1.471025"
"210","180","130.488805","1.076103","0.028676","1.465744"
"220","180","127.842778","1.076493","0.029007","1.460738"
"230","180","125.30193","1.076783","0.029338","1.455982"
"240","180","122.860111","1.076984","0.029668","1.451455"
"250","180","120.511643","1.077106","0.029997","1.447136"
"260","180","118.251273","1.077156","0.030326","1.443009"
"270","180","116.074134","1.077144","0.030653","1.439059"
"280","180","113.975714","1.077074","0.030979","1.435271"
"290","180","111.951818","1.076955","0.031304","1.431634"
"300","180","109.998545","1.07679","0.031628","1.428137"
"310","180","108.112263","1.076585","0.03195","1.424771"
"320","180","106.289583","1.076345","0.032272","1.421527"
"330","180","104.527342","1.076072","0.032592","1.418398"
"340","180","102.822582","1.075772","0.03291","1.415376"
"350","180","101.172537","1.075447","0.033228","1.412455"
"360","180","99.574613","1.075099","0.033543","1.40963"
"370","180","98.02638","1.074732","0.033858","1.406895"
"380","180","96.525555","1.074347","0.034171","1.404246"
"390","180","95.069993","1.073947","0.034483","1.401679"
"400","180","93.657678","1.073534","0.034793","1.399189"
"410","180","92.28671","1.07311","0.035102","1.396773"
"420","180","90.9553","1.072675","0.03541","1.394427"
"430","180","89.661759","1.072232","0.035716","1.392149"
"440","180","88.404496","1.071782","0.036021","1.389935"
"450","180","87.182004","1.071325","0.036325","1.387783"
"460","180","85.992861","1.070863","0.036627","1.385691"
"470","180","84.835721","1.070397","0.036928","1.383656"
"480","180","83.709309","1.069928","0.037228","1.381675"
"490","180","82.612417","1.069456","0.037527","1.379748"
"500","180","81.5439","1.068982","0.037824","1.377871"
"-100","190","384.225222","0.762189","0.034828","2.373235"
"-90","190","363.246504","0.79068","0.031031","2.349745"
"-80","190","344.440058","0.821747","0.028293","2.288821"
"-70","190","327.485096","0.852761","0.026382","2.207339"
"-60","190","312.121028","0.881938","0.025078","2.120878"
"-50","190","298.133978","0.908379","0.024207","2.039047"
"-40","190","285.34676","0.931814","0.023644","1.966024"
"-30","190","273.611339","0.952328","0.0233","1.902676"
"-20","190","262.80307","0.970169","0.023115","1.848334"
"-10","190","252.816254","0.985641","0.023046","1.80181"
"0","190","243.560671","0.999042","0.023064","1.76187"
"10","190","234.958846","1.01065","0.023149","1.727405"
"20","190","226.943876","1.020709","0.023284","1.697484"
"30","190","219.457685","1.029431","0.02346","1.671339"
"40","190","212.449616","1.036998","0.023666","1.648347"
"50","190","205.875281","1.043568","0.023898","1.628"
"60","190","199.695624","1.049273","0.024149","1.609888"
"70","190","193.876139","1.054228","0.024417","1.593671"
"80","190","188.38623","1.05853","0.024697","1.579074"
"90","190","183.19867","1.062262","0.024988","1.565867"
"100","190","178.289152","1.065495","0.025287","1.553859"
"110","190","173.635905","1.068293","0.025592","1.542891"
"120","190","169.219375","1.070708","0.025904","1.53283"
"130","190","165.021945","1.072787","0.026219","1.523561"
"140","190","161.027707","1.074568","0.026538","1.51499"
"150","190","157.222255","1.076088","0.02686","1.507034"
"160","190","153.592513","1.077377","0.027183","1.499623"
"170","190","150.126587","1.07846","0.027508","1.492697"
"180","190","146.813632","1.079362","0.027835","1.486204"
"190","190","143.643738","1.080103","0.028162","1.480099"
"200","190","140.607835","1.0807","0.028489","1.474343"
"210","190","137.697604","1.08117","0.028816","1.468903"
"220","190","134.905398","1.081527","0.029143","1.463747"
"230","190","132.224182","1.081782","0.02947","1.458851"
"240","190","129.647466","1.081948","0.029797","1.454192"
"250","190","127.169258","1.082034","0.030123","1.449749"
"260","190","124.784014","1.082048","0.030448","1.445505"
"270","190","122.486601","1.081998","0.030772","1.441444"
"280","190","120.272254","1.081891","0.031095","1.437552"
"290","190","118.136548","1.081734","0.031417","1.433817"
"300","190","116.075368","1.081531","0.031738","1.430227"
"310","190","114.084879","1.081289","0.032058","1.426772"
"320","190","112.161506","1.08101","0.032377","1.423445"
"330","190","110.30191","1.0807","0.032695","1.420236"
"340","190","108.502972","1.080361","0.033011","1.417139"
"350","190","106.76177","1.079998","0.033326","1.414147"
"360","190","105.07557","1.079612","0.03364","1.411254"
"370","190","103.441805","1.079207","0.033953","1.408455"
"380","190","101.858068","1.078785","0.034264","1.405745"
"390","190","100.322095","1.078348","0.034574","1.403119"
"400","190","98.831757","1.077898","0.034883","1.400574"
"410","190","97.38505","1.077437","0.03519","1.398104"
"420","190","95.980087","1.076966","0.035496","1.395708"
"430","190","94.615085","1.076486","0.035801","1.393382"
"440","190","93.288365","1.075999","0.036105","1.391122"
"450","190","91.998337","1.075507","0.036407","1.388927"
"460","190","90.7435","1.07501","0.036708","1.386793"
"470","190","89.522434","1.074509","0.037008","1.384717"
"480","190","88.333794","1.074004","0.037306","1.382699"
"490","190","87.176305","1.073498","0.037603","1.380735"
"500","190","86.048758","1.07299","0.037899","1.378823"
"-100","200","404.34033","0.783213","0.036133","2.329019"
"-90","200","382.263326","0.808324","0.032238","2.313645"
"-80","200","362.472318","0.836322","0.029375","2.264496"
"-70","200","344.629723","0.864832","0.027332","2.19441"
"-60","200","328.46131","0.892124","0.025907","2.116773"
"-50","200","313.742004","0.917213","0.024932","2.040838"
"-40","200","300.285345","0.939702","0.024282","1.971357"
"-30","200","287.935547","0.959559","0.023866","1.909949"
"-20","200","276.561439","0.976943","0.023621","1.856549"
"-10","200","266.051789","0.992093","0.023503","1.810373"
"0","200","256.311654","1.005266","0.02348","1.770438"
"10","200","247.259503","1.016709","0.02353","1.735786"
"20","200","238.82493","1.026646","0.023636","1.705572"
"30","200","230.946819","1.035277","0.023786","1.679082"
"40","200","223.571861","1.042774","0.02397","1.655722"
"50","200","216.653344","1.049288","0.024183","1.635005"
"60","200","210.150167","1.054946","0.024417","1.616528"
"70","200","204.026018","1.05986","0.024669","1.599961"
"80","200","198.248699","1.064125","0.024936","1.585028"
"90","200","192.789558","1.067823","0.025214","1.571504"
"100","200","187.623015","1.071023","0.025502","1.559196"
"110","200","182.72616","1.073789","0.025798","1.547947"
"120","200","178.078413","1.076171","0.0261","1.537621"
"130","200","173.661238","1.078216","0.026408","1.528104"
"140","200","169.457892","1.079964","0.026719","1.5193"
"150","200","165.453216","1.08145","0.027034","1.511126"
"160","200","161.633448","1.082703","0.027351","1.503511"
"170","200","157.986073","1.083751","0.02767","1.496393"
"180","200","154.499676","1.084616","0.027991","1.48972"
"190","200","151.163831","1.08532","0.028313","1.483447"
"200","200","147.968991","1.08588","0.028635","1.477532"
"210","200","144.906402","1.086311","0.028958","1.471942"
"220","200","141.968018","1.086629","0.029281","1.466646"
"230","200","139.146434","1.086845","0.029604","1.461618"
"240","200","136.434821","1.086972","0.029927","1.456834"
"250","200","133.826872","1.087017","0.030249","1.452273"
"260","200","131.316755","1.086991","0.03057","1.447918"
"270","200","128.899067","1.086901","0.030892","1.443752"
"280","200","126.568794","1.086754","0.031212","1.439761"
"290","200","124.321279","1.086556","0.031531","1.435931"
"300","200","122.152191","1.086313","0.03185","1.432252"
"310","200","120.057495","1.08603","0.032167","1.428714"
"320","200","118.033429","1.085712","0.032483","1.425306"
"330","200","116.076479","1.085361","0.032799","1.422022"
"340","200","114.183362","1.084983","0.033113","1.418853"
"350","200","112.351004","1.08458","0.033426","1.415792"
"360","200","110.576527","1.084155","0.033738","1.412834"
"370","200","108.857231","1.08371","0.034048","1.409973"
"380","200","107.190581","1.083249","0.034358","1.407204"
"390","200","105.574196","1.082774","0.034666","1.404522"
"400","200","104.005835","1.082285","0.034973","1.401923"
"410","200","102.48339","1.081786","0.035279","1.399403"
"420","200","101.004874","1.081277","0.035583","1.396958"
"430","200","99.568411","1.08076","0.035886","1.394585"
"440","200","98.172233","1.080236","0.036189","1.392281"
"450","200","96.814669","1.079707","0.036489","1.390043"
"460","200","95.494139","1.079174","0.036789","1.387869"
"470","200","94.209148","1.078637","0.037087","1.385755"
"480","200","92.958279","1.078097","0.037384","1.383699"
"490","200","91.740193","1.077555","0.03768","1.381699"
"500","200","90.553616","1.077013","0.037975","1.379754"
"-100","210","424.455438","0.804734","0.037392","2.288894"
"-90","210","401.280148","0.826748","0.033412","2.279452"
"-80","210","380.504578","0.851863","0.030437","2.239784"
"-70","210","361.77435","0.87794","0.028275","2.179556"
"-60","210","344.801591","0.903322","0.026736","2.110097"
"-50","210","329.35003","0.926983","0.025661","2.040035"
"-40","210","315.22393","0.948432","0.024925","1.974362"
"-30","210","302.259754","0.967537","0.024438","1.915235"
"-20","210","290.319807","0.984377","0.024133","1.863096"
"-10","210","279.287323","0.999129","0.023966","1.817539"
"0","210","269.062637","1.012006","0.023901","1.777828"
"10","210","259.56016","1.023225","0.023916","1.743165"
"20","210","250.705984","1.032991","0.023992","1.712801"
"30","210","242.435953","1.041487","0.024116","1.686082"
"40","210","234.694106","1.048876","0.024278","1.662452"
"50","210","227.431407","1.0553","0.024471","1.641443"
"60","210","220.60471","1.060882","0.024688","1.622669"
"70","210","214.175897","1.06573","0.024924","1.605807"
"80","210","208.111169","1.069936","0.025177","1.590588"
"90","210","202.380447","1.073579","0.025444","1.576787"
"100","210","196.956878","1.076729","0.02572","1.564216"
"110","210","191.816414","1.079446","0.026006","1.552716"
"120","210","186.937452","1.081782","0.026299","1.542153"
"130","210","182.300531","1.083782","0.026598","1.532412"
"140","210","177.888077","1.085485","0.026902","1.523397"
"150","210","173.684176","1.086926","0.027209","1.515023"
"160","210","169.674383","1.088136","0.02752","1.50722"
"170","210","165.845558","1.08914","0.027833","1.499926"
"180","210","162.18572","1.089961","0.028148","1.493086"
"190","210","158.683924","1.090621","0.028465","1.486655"
"200","210","155.330147","1.091136","0.028782","1.480592"
"210","210","152.115201","1.091524","0.029101","1.474863"
"220","210","149.030638","1.091798","0.029419","1.469435"
"230","210","146.068686","1.091971","0.029738","1.464282"
"240","210","143.222175","1.092053","0.030057","1.45938"
"250","210","140.484487","1.092055","0.030376","1.454709"
"260","210","137.849497","1.091985","0.030694","1.450248"
"270","210","135.311533","1.091852","0.031012","1.445983"
"280","210","132.865333","1.091662","0.031329","1.441897"
"290","210","130.506009","1.091421","0.031646","1.437978"
"300","210","128.229014","1.091135","0.031961","1.434215"
"310","210","126.030111","1.090809","0.032276","1.430596"
"320","210","123.905351","1.090448","0.03259","1.427112"
"330","210","121.851047","1.090056","0.032903","1.423755"
"340","210","119.863751","1.089635","0.033215","1.420517"
"350","210","117.940238","1.089191","0.033526","1.417391"
"360","210","116.077484","1.088725","0.033836","1.41437"
"370","210","114.272657","1.08824","0.034144","1.41145"
"380","210","112.523094","1.087738","0.034452","1.408624"
"390","210","110.826297","1.087223","0.034758","1.405888"
"400","210","109.179914","1.086694","0.035063","1.403237"
"410","210","107.58173","1.086156","0.035367","1.400668"
"420","210","106.02966","1.085608","0.03567","1.398176"
"430","210","104.521737","1.085053","0.035972","1.395759"
"440","210","103.056102","1.084491","0.036273","1.393412"
"450","210","101.631002","1.083925","0.036572","1.391133"
"460","210","100.244778","1.083354","0.03687","1.388919"
"470","210","98.895861","1.082781","0.037167","1.386768"
"480","210","97.582765","1.082205","0.037463","1.384676"
"490","210","96.304081","1.081627","0.037758","1.382642"
"500","210","95.058474","1.081049","0.038051","1.380664"
"-100","220","444.570547","0.82663","0.038611","2.252401"
"-90","220","420.296971","0.845788","0.034554","2.247299"
"-80","220","398.536838","0.868197","0.03148","2.215255"
"-70","220","378.918977","0.891924","0.029208","2.163486"
"-60","220","361.141873","0.915402","0.027563","2.101476"
"-50","220","344.958056","0.937589","0.026391","2.037093"
"-40","220","330.162514","0.957927","0.025573","1.975342"
"-30","220","316.583961","0.976204","0.025015","1.918731"
"-20","220","304.078176","0.992425","0.024652","1.868108"
"-10","220","292.522858","1.006711","0.024434","1.823398"
"0","220","281.81362","1.019232","0.024328","1.784107"
"10","220","271.860816","1.030176","0.024307","1.749592"
"20","220","262.587038","1.039724","0.024353","1.71921"
"30","220","253.925087","1.048045","0.02445","1.69237"
"40","220","245.816351","1.055289","0.024589","1.668558"
"50","220","238.20947","1.061593","0.024762","1.647333"
"60","220","231.059253","1.067072","0.024961","1.628325"
"70","220","224.325776","1.071829","0.025182","1.611223"
"80","220","217.973638","1.075954","0.025421","1.595763"
"90","220","211.971335","1.079524","0.025675","1.581726"
"100","220","206.290741","1.082607","0.025941","1.568925"
"110","220","200.906669","1.085261","0.026216","1.557205"
"120","220","195.79649","1.087537","0.0265","1.546431"
"130","220","190.939824","1.089479","0.02679","1.536489"
"140","220","186.318263","1.091127","0.027086","1.527282"
"150","220","181.915137","1.092514","0.027386","1.518728"
"160","220","177.715318","1.093671","0.02769","1.510753"
"170","220","173.705044","1.094623","0.027997","1.503296"
"180","220","169.871765","1.095393","0.028307","1.496302"
"190","220","166.204016","1.096003","0.028618","1.489726"
"200","220","162.691303","1.096469","0.02893","1.483525"
"210","220","159.323999","1.096808","0.029244","1.477665"
"220","220","156.093258","1.097033","0.029559","1.472114"
"230","220","152.990937","1.097157","0.029873","1.466845"
"240","220","150.00953","1.097192","0.030188","1.461833"
"250","220","147.142101","1.097146","0.030503","1.457056"
"260","220","144.382238","1.097029","0.030818","1.452497"
"270","220","141.723999","1.096849","0.031133","1.448137"
"280","220","139.161873","1.096613","0.031447","1.443962"
"290","220","136.69074","1.096326","0.031761","1.439958"
"300","220","134.305836","1.095995","0.032074","1.436114"
"310","220","132.002727","1.095624","0.032386","1.432419"
"320","220","129.777274","1.095219","0.032697","1.428862"
"330","220","127.625616","1.094782","0.033008","1.425436"
"340","220","125.544141","1.094318","0.033317","1.422132"
"350","220","123.529472","1.093831","0.033626","1.418943"
"360","220","121.578441","1.093322","0.033934","1.415863"
"370","220","119.688082","1.092795","0.03424","1.412885"
"380","220","117.855608","1.092252","0.034546","1.410005"
"390","220","116.078399","1.091695","0.034851","1.407217"
"400","220","114.353993","1.091126","0.035154","1.404517"
"410","220","112.680071","1.090547","0.035456","1.4019"
"420","220","111.054447","1.089959","0.035758","1.399364"
"430","220","109.475062","1.089365","0.036058","1.396903"
"440","220","107.939971","1.088765","0.036357","1.394515"
"450","220","106.447335","1.08816","0.036655","1.392196"
"460","220","104.995417","1.087551","0.036951","1.389944"
"470","220","103.582574","1.08694","0.037247","1.387757"
"480","220","102.20725","1.086327","0.037542","1.38563"
"490","220","100.867969","1.085713","0.037835","1.383563"
"500","220","99.563332","1.085099","0.038127","1.381553"
"-100","230","464.685655","0.848806","0.039792","2.21911"
"-90","230","439.313793","0.865315","0.035667","2.21719"
"-80","230","416.569098","0.885181","0.032502","2.191278"
"-70","230","396.063604","0.906651","0.03013","2.146733"
"-60","230","377.482154","0.928248","0.028385","2.091425"
"-50","230","360.566082","0.948937","0.027122","2.032424"
"-40","230","345.101099","0.968114","0.026223","1.974592"
"-30","230","330.908169","0.985502","0.025597","1.92064"
"-20","230","317.836544","1.001043","0.025175","1.871721"
"-10","230","305.758393","1.014804","0.024908","1.828048"
"0","230","294.564603","1.026917","0.02476","1.789343"
"10","230","284.161473","1.037537","0.024703","1.755119"
"20","230","274.468092","1.046825","0.024717","1.724838"
"30","230","265.414221","1.054933","0.024788","1.697976"
"40","230","256.938596","1.062001","0.024904","1.674065"
"50","230","248.987533","1.068155","0.025057","1.652695"
"60","230","241.513796","1.073505","0.025238","1.633512"
"70","230","234.475656","1.078149","0.025443","1.61622"
"80","230","227.836107","1.082173","0.025668","1.600563"
"90","230","221.562223","1.085652","0.025909","1.586328"
"100","230","215.624605","1.088651","0.026163","1.573331"
"110","230","209.996923","1.091228","0.026428","1.561419"
"120","230","204.655529","1.093431","0.026702","1.550459"
"130","230","199.579117","1.095304","0.026984","1.540339"
"140","230","194.748448","1.096886","0.027272","1.530961"
"150","230","190.146098","1.09821","0.027565","1.522243"
"160","230","185.756253","1.099306","0.027862","1.514112"
"170","230","181.564529","1.100199","0.028163","1.506506"
"180","230","177.557809","1.100911","0.028466","1.499371"
"190","230","173.724109","1.101464","0.028772","1.492661"
"200","230","170.052459","1.101875","0.02908","1.486333"
"210","230","166.532798","1.102159","0.029389","1.480352"
"220","230","163.155878","1.102331","0.029699","1.474686"
"230","230","159.913189","1.102403","0.030009","1.469307"
"240","230","156.796884","1.102385","0.030321","1.464192"
"250","230","153.799716","1.102289","0.030632","1.459317"
"260","230","150.914979","1.102122","0.030943","1.454664"
"270","230","148.136465","1.101892","0.031255","1.450215"
"280","230","145.458413","1.101606","0.031566","1.445955"
"290","230","142.87547","1.101271","0.031876","1.441872"
"300","230","140.382659","1.100892","0.032186","1.437951"
"310","230","137.975343","1.100475","0.032496","1.434183"
"320","230","135.649197","1.100023","0.032805","1.430557"
"330","230","133.400184","1.09954","0.033113","1.427065"
"340","230","131.224531","1.099031","0.03342","1.423698"
"350","230","129.118705","1.098498","0.033727","1.420449"
"360","230","127.079399","1.097946","0.034032","1.417312"
"370","230","125.103508","1.097375","0.034337","1.41428"
"380","230","123.188121","1.096789","0.034641","1.411347"
"390","230","121.3305","1.096189","0.034943","1.40851"
"400","230","119.528071","1.095578","0.035245","1.405762"
"410","230","117.778411","1.094958","0.035546","1.4031"
"420","230","116.079234","1.09433","0.035845","1.40052"
"430","230","114.428388","1.093695","0.036144","1.398017"
"440","230","112.82384","1.093055","0.036441","1.395589"
"450","230","111.263668","1.092411","0.036738","1.393233"
"460","230","109.746056","1.091764","0.037033","1.390945"
"470","230","108.269288","1.091115","0.037327","1.388722"
"480","230","106.831735","1.090464","0.037621","1.386562"
"490","230","105.431856","1.089813","0.037913","1.384463"
"500","230","104.06819","1.089163","0.038204","1.382421"
"-100","240","484.800763","0.871192","0.04094","2.188635"
"-90","240","458.330615","0.885229","0.036752","2.189049"
"-80","240","434.601357","0.902699","0.033505","2.168078"
"-70","240","413.208231","0.922004","0.03104","2.129686"
"-60","240","393.822436","0.941758","0.029202","2.080363"
"-50","240","376.174108","0.960943","0.027852","2.026388"
"-40","240","360.039683","0.978925","0.026875","1.972386"
"-30","240","345.232376","0.995376","0.026181","1.921157"
"-20","240","331.594913","1.010186","0.025702","1.874076"
"-10","240","318.993928","1.023372","0.025386","1.831587"
"0","240","307.315586","1.035029","0.025195","1.793609"
"10","240","296.46213","1.045284","0.025102","1.759801"
"20","240","286.349146","1.054274","0.025086","1.729727"
"30","240","276.903355","1.062136","0.02513","1.702934"
"40","240","268.06084","1.068997","0.025223","1.679001"
"50","240","259.765596","1.074974","0.025354","1.65755"
"60","240","251.968339","1.080171","0.025517","1.638249"
"70","240","244.625535","1.084681","0.025706","1.620814"
"80","240","237.698576","1.088586","0.025917","1.605001"
"90","240","231.153111","1.091957","0.026145","1.590603"
"100","240","224.958468","1.094857","0.026387","1.577442"
"110","240","219.087178","1.097342","0.026642","1.565366"
"120","240","213.514567","1.09946","0.026906","1.554244"
"130","240","208.218411","1.101254","0.027179","1.543967"
"140","240","203.178633","1.10276","0.027459","1.534437"
"150","240","198.377058","1.104012","0.027745","1.525572"
"160","240","193.797188","1.105038","0.028035","1.5173"
"170","240","189.424015","1.105864","0.028329","1.509559"
"180","240","185.243853","1.106513","0.028627","1.502295"
"190","240","181.244202","1.107003","0.028927","1.495462"
"200","240","177.413616","1.107353","0.02923","1.489016"
"210","240","173.741596","1.107577","0.029534","1.482923"
"220","240","170.218498","1.107691","0.02984","1.477151"
"230","240","166.835441","1.107706","0.030146","1.471671"
"240","240","163.584239","1.107633","0.030453","1.466458"
"250","240","160.45733","1.107482","0.030761","1.461491"
"260","240","157.447721","1.107261","0.031069","1.45675"
"270","240","154.548932","1.106979","0.031377","1.452218"
"280","240","151.754953","1.106641","0.031685","1.447879"
"290","240","149.060201","1.106255","0.031992","1.443719"
"300","240","146.459482","1.105826","0.0323","1.439726"
"310","240","143.947959","1.105359","0.032607","1.435889"
"320","240","141.52112","1.104859","0.032913","1.432198"
"330","240","139.174753","1.104328","0.033219","1.428643"
"340","240","136.904921","1.103772","0.033524","1.425216"
"350","240","134.707939","1.103193","0.033828","1.42191"
"360","240","132.580356","1.102595","0.034131","1.418718"
"370","240","130.518934","1.101979","0.034434","1.415634"
"380","240","128.520634","1.101348","0.034736","1.412651"
"390","240","126.582602","1.100705","0.035036","1.409766"
"400","240","124.70215","1.100052","0.035336","1.406973"
"410","240","122.876751","1.099389","0.035635","1.404267"
"420","240","121.104021","1.098719","0.035933","1.401645"
"430","240","119.381714","1.098043","0.03623","1.399103"
"440","240","117.707708","1.097362","0.036526","1.396636"
"450","240","116.08","1.096678","0.036821","1.394243"
"460","240","114.496695","1.095992","0.037115","1.39192"
"470","240","112.956001","1.095304","0.037408","1.389663"
"480","240","111.45622","1.094615","0.0377","1.387471"
"490","240","109.995744","1.093926","0.037991","1.385341"
"500","240","108.573048","1.093238","0.03828","1.38327"
"-100","250","504.915872","0.893733","0.042057","2.160636"
"-90","250","477.347438","0.905448","0.037811","2.162765"
"-80","250","452.633617","0.920656","0.034489","2.145785"
"-70","250","430.352859","0.937888","0.031938","2.112626"
"-60","250","410.162717","0.955843","0.030013","2.068618"
"-50","250","391.782134","0.973529","0.02858","2.019289"
"-40","250","374.978268","0.990295","0.027528","1.968971"
"-30","250","359.556583","1.005776","0.026769","1.92047"
"-20","250","345.353281","1.019812","0.026232","1.875307"
"-10","250","332.229463","1.032382","0.025867","1.834115"
"0","250","320.066569","1.043543","0.025634","1.796979"
"10","250","308.762787","1.053394","0.025505","1.763694"
"20","250","298.2302","1.062052","0.025458","1.733921"
"30","250","288.39249","1.069636","0.025475","1.707279"
"40","250","279.183085","1.076263","0.025544","1.683394"
"50","250","270.543658","1.082038","0.025655","1.661921"
"60","250","262.422882","1.08706","0.025799","1.642553"
"70","250","254.775414","1.091416","0.025972","1.62502"
"80","250","247.561045","1.095183","0.026168","1.609091"
"90","250","240.743999","1.09843","0.026383","1.594564"
"100","250","234.292331","1.101218","0.026613","1.581267"
"110","250","228.177432","1.103599","0.026857","1.569053"
"120","250","222.373606","1.10562","0.027112","1.557793"
"130","250","216.857704","1.107324","0.027376","1.547379"
"140","250","211.608818","1.108745","0.027647","1.537715"
"150","250","206.608019","1.109916","0.027926","1.528719"
"160","250","201.838124","1.110865","0.028209","1.520321"
"170","250","197.2835","1.111617","0.028497","1.512458"
"180","250","192.929898","1.112195","0.028789","1.505078"
"190","250","188.764295","1.112616","0.029084","1.498131"
"200","250","184.774772","1.1129","0.029381","1.491578"
"210","250","180.950395","1.113061","0.02968","1.485382"
"220","250","177.281118","1.113112","0.029981","1.479511"
"230","250","173.757693","1.113066","0.030284","1.473937"
"240","250","170.371594","1.112933","0.030587","1.468634"
"250","250","167.114944","1.112724","0.030891","1.463581"
"260","250","163.980462","1.112447","0.031195","1.458758"
"270","250","160.961398","1.112109","0.0315","1.454147"
"280","250","158.051493","1.111717","0.031805","1.449733"
"290","250","155.244932","1.111278","0.032109","1.445502"
"300","250","152.536305","1.110796","0.032414","1.441441"
"310","250","149.920575","1.110278","0.032718","1.437538"
"320","250","147.393043","1.109726","0.033022","1.433784"
"330","250","144.949321","1.109147","0.033325","1.43017"
"340","250","142.585311","1.108542","0.033627","1.426686"
"350","250","140.297173","1.107915","0.033929","1.423326"
"360","250","138.081313","1.107269","0.034231","1.420081"
"370","250","135.934359","1.106607","0.034531","1.416947"
"380","250","133.853147","1.105931","0.034831","1.413918"
"390","250","131.834703","1.105243","0.03513","1.410987"
"400","250","129.876228","1.104545","0.035428","1.40815"
"410","250","127.975091","1.103839","0.035725","1.405402"
"420","250","126.128808","1.103126","0.036021","1.40274"
"430","250","124.33504","1.102408","0.036317","1.400159"
"440","250","122.591577","1.101686","0.036611","1.397656"
"450","250","120.896333","1.100961","0.036905","1.395228"
"460","250","119.247334","1.100234","0.037197","1.39287"
"470","250","117.642714","1.099507","0.037489","1.390581"
"480","250","116.080705","1.098779","0.037779","1.388358"
"490","250","114.559632","1.098052","0.038069","1.386197"
"500","250","113.077906","1.097326","0.038357","1.384097"
"-100","260","525.03098","0.916385","0.043146","2.134817"
"-90","260","496.36426","0.92591","0.038846","2.138208"
"-80","260","470.665877","0.938974","0.035454","2.124461"
"-70","260","447.497486","0.95422","0.032824","2.095754"
"-60","260","426.502999","0.970424","0.030817","2.05645"
"-50","260","407.39016","0.986626","0.029305","2.011385"
"-40","260","389.916853","1.002168","0.028181","1.964568"
"-30","260","373.880791","1.016651","0.027358","1.918751"
"-20","260","359.11165","1.029882","0.026765","1.875547"
"-10","260","345.464998","1.041799","0.026351","1.835729"
"0","260","332.817552","1.052429","0.026077","1.799527"
"10","260","321.063444","1.061844","0.025912","1.766854"
"20","260","310.111254","1.070139","0.025833","1.737464"
"30","260","299.881624","1.077418","0.025823","1.711046"
"40","260","290.30533","1.083785","0.025868","1.687272"
"50","260","281.321721","1.089336","0.025958","1.665833"
"60","260","272.877425","1.094163","0.026084","1.646445"
"70","260","264.925293","1.098346","0.02624","1.628856"
"80","260","257.423515","1.101959","0.026421","1.612845"
"90","260","250.334887","1.105067","0.026623","1.598221"
"100","260","243.626194","1.107728","0.026841","1.584817"
"110","260","237.267687","1.109993","0.027074","1.572489"
"120","260","231.232645","1.111907","0.027319","1.561113"
"130","260","225.496997","1.11351","0.027574","1.550581"
"140","260","220.039003","1.114837","0.027837","1.5408"
"150","260","214.83898","1.115919","0.028108","1.53169"
"160","260","209.879059","1.116783","0.028384","1.523179"
"170","260","205.142986","1.117455","0.028666","1.515208"
"180","260","200.615942","1.117955","0.028952","1.507721"
"190","260","196.284388","1.118303","0.029241","1.500672"
"200","260","192.135928","1.118515","0.029533","1.494021"
"210","260","188.159193","1.118607","0.029827","1.48773"
"220","260","184.343738","1.118591","0.030124","1.481768"
"230","260","180.679945","1.118481","0.030422","1.476106"
"240","260","177.158948","1.118285","0.030721","1.47072"
"250","260","173.772559","1.118014","0.031021","1.465587"
"260","260","170.513203","1.117677","0.031322","1.460687"
"270","260","167.373864","1.117281","0.031623","1.456003"
"280","260","164.348033","1.116832","0.031925","1.451519"
"290","260","161.429662","1.116337","0.032226","1.44722"
"300","260","158.613128","1.1158","0.032528","1.443095"
"310","260","155.893191","1.115228","0.032829","1.43913"
"320","260","153.264965","1.114625","0.03313","1.435318"
"330","260","150.72389","1.113994","0.033431","1.431647"
"340","260","148.2657","1.113338","0.033731","1.428109"
"350","260","145.886407","1.112662","0.034031","1.424697"
"360","260","143.58227","1.111967","0.03433","1.421403"
"370","260","141.349785","1.111258","0.034629","1.418222"
"380","260","139.185661","1.110535","0.034927","1.415146"
"390","260","137.086804","1.109801","0.035224","1.412172"
"400","260","135.050307","1.109057","0.03552","1.409293"
"410","260","133.073431","1.108307","0.035815","1.406506"
"420","260","131.153595","1.10755","0.03611","1.403805"
"430","260","129.288366","1.106789","0.036404","1.401187"
"440","260","127.475446","1.106025","0.036696","1.398649"
"450","260","125.712666","1.105259","0.036988","1.396186"
"460","260","123.997973","1.104491","0.037279","1.393796"
"470","260","122.329428","1.103723","0.037569","1.391476"
"480","260","120.70519","1.102956","0.037859","1.389222"
"490","260","119.12352","1.10219","0.038147","1.387033"
"500","260","117.582764","1.101426","0.038434","1.384905"
"-100","270","545.146088","0.939115","0.044209","2.110925"
"-90","270","515.381082","0.946562","0.039858","2.115242"
"-80","270","488.698137","0.957588","0.036401","2.104125"
"-70","270","464.642113","0.970929","0.033698","2.079207"
"-60","270","442.84328","0.985434","0.031613","2.044058"
"-50","270","422.998186","1.000174","0.030027","2.002886"
"-40","270","404.855437","1.014488","0.028834","1.959366"
"-30","270","388.204998","1.027958","0.027947","1.916157"
"-20","270","372.870019","1.040357","0.0273","1.874918"
"-10","270","358.700533","1.051593","0.026839","1.836525"
"0","270","345.568535","1.061662","0.026523","1.801325"
"10","270","333.364101","1.070612","0.026322","1.769338"
"20","270","321.992308","1.078517","0.026211","1.740402"
"30","270","311.370758","1.085466","0.026174","1.71427"
"40","270","301.427575","1.091549","0.026195","1.690664"
"50","270","292.099784","1.096856","0.026263","1.669308"
"60","270","283.331968","1.101468","0.026371","1.649944"
"70","270","275.075172","1.105461","0.02651","1.632337"
"80","270","267.285984","1.108905","0.026676","1.616279"
"90","270","259.925775","1.11186","0.026864","1.601587"
"100","270","252.960057","1.114382","0.027071","1.588101"
"110","270","246.357941","1.116519","0.027293","1.575683"
"120","270","240.091683","1.118315","0.027528","1.56421"
"130","270","234.13629","1.119808","0.027774","1.553579"
"140","270","228.469188","1.121032","0.028029","1.543699"
"150","270","223.06994","1.122017","0.028291","1.534488"
"160","270","217.919994","1.122791","0.028561","1.525879"
"170","270","213.002471","1.123375","0.028836","1.51781"
"180","270","208.301987","1.123792","0.029115","1.510229"
"190","270","203.804481","1.124061","0.029399","1.503088"
"200","270","199.497084","1.124197","0.029686","1.496347"
"210","270","195.367992","1.124215","0.029975","1.48997"
"220","270","191.406358","1.124128","0.030267","1.483924"
"230","270","187.602197","1.123949","0.030561","1.478182"
"240","270","183.946303","1.123687","0.030856","1.472718"
"250","270","180.430173","1.123351","0.031152","1.467511"
"260","270","177.045944","1.122951","0.031449","1.46254"
"270","270","173.78633","1.122493","0.031747","1.457787"
"280","270","170.644572","1.121985","0.032045","1.453237"
"290","270","167.614393","1.121431","0.032344","1.448875"
"300","270","164.689951","1.120839","0.032643","1.444689"
"310","270","161.865807","1.120211","0.032941","1.440667"
"320","270","159.136888","1.119553","0.03324","1.436798"
"330","270","156.498458","1.118869","0.033538","1.433074"
"340","270","153.94609","1.118161","0.033836","1.429485"
"350","270","151.47564","1.117434","0.034133","1.426024"
"360","270","149.083227","1.11669","0.03443","1.422683"
"370","270","146.765211","1.115931","0.034727","1.419457"
"380","270","144.518174","1.11516","0.035022","1.416338"
"390","270","142.338906","1.114379","0.035318","1.413322"
"400","270","140.224386","1.113589","0.035612","1.410403"
"410","270","138.171771","1.112793","0.035906","1.407577"
"420","270","136.178382","1.111992","0.036199","1.40484"
"430","270","134.241691","1.111187","0.036491","1.402187"
"440","270","132.359315","1.11038","0.036782","1.399615"
"450","270","130.528998","1.109571","0.037072","1.397119"
"460","270","128.748612","1.108762","0.037362","1.394698"
"470","270","127.016141","1.107953","0.037651","1.392348"
"480","270","125.329676","1.107146","0.037938","1.390065"
"490","270","123.687408","1.10634","0.038225","1.387848"
"500","270","122.087622","1.105537","0.038511","1.385694"
"-100","280","565.261197","0.961896","0.045249","2.088738"
"-90","280","534.397905","0.967363","0.040849","2.093735"
"-80","280","506.730397","0.976446","0.037332","2.084768"
"-70","280","481.78674","0.987959","0.034559","2.063078"
"-60","280","459.183562","1.000814","0.032402","2.031595"
"-50","280","438.606212","1.014116","0.030745","1.993963"
"-40","280","419.794022","1.027207","0.029485","1.953528"
"-30","280","402.529205","1.039654","0.028538","1.91283"
"-20","280","386.628387","1.051203","0.027837","1.873534"
"-10","280","371.936068","1.061735","0.027328","1.836592"
"0","280","358.319518","1.071218","0.026971","1.802444"
"10","280","345.664758","1.079676","0.026734","1.7712"
"20","280","333.873363","1.087167","0.026592","1.742776"
"30","280","322.859892","1.093764","0.026527","1.716986"
"40","280","312.54982","1.099544","0.026524","1.693598"
"50","280","302.877847","1.104586","0.026571","1.672371"
"60","280","293.786511","1.108966","0.02666","1.65307"
"70","280","285.225051","1.112754","0.026782","1.63548"
"80","280","277.148453","1.116013","0.026933","1.619406"
"90","280","269.516663","1.118802","0.027108","1.604674"
"100","280","262.29392","1.121173","0.027302","1.591131"
"110","280","255.448196","1.123172","0.027513","1.578643"
"120","280","248.950722","1.12484","0.027738","1.567095"
"130","280","242.775583","1.126214","0.027974","1.556382"
"140","280","236.899374","1.127327","0.028221","1.546416"
"150","280","231.300901","1.128209","0.028476","1.53712"
"160","280","225.960929","1.128883","0.028738","1.528424"
"170","280","220.861957","1.129375","0.029007","1.52027"
"180","280","215.988031","1.129703","0.02928","1.512604"
"190","280","211.324574","1.129887","0.029558","1.505381"
"200","280","206.85824","1.129942","0.029839","1.498559"
"210","280","202.57679","1.129882","0.030124","1.492103"
"220","280","198.468977","1.12972","0.030411","1.485981"
"230","280","194.524448","1.129468","0.0307","1.480166"
"240","280","190.733657","1.129136","0.030991","1.474631"
"250","280","187.087788","1.128733","0.031284","1.469354"
"260","280","183.578686","1.128268","0.031577","1.464317"
"270","280","180.198796","1.127746","0.031872","1.4595"
"280","280","176.941112","1.127175","0.032167","1.454889"
"290","280","173.799123","1.126562","0.032462","1.450468"
"300","280","170.766773","1.12591","0.032758","1.446225"
"310","280","167.838423","1.125225","0.033054","1.442148"
"320","280","165.008811","1.124511","0.03335","1.438227"
"330","280","162.273027","1.123771","0.033645","1.434453"
"340","280","159.62648","1.12301","0.033941","1.430815"
"350","280","157.064874","1.12223","0.034236","1.427308"
"360","280","154.584184","1.121435","0.034531","1.423922"
"370","280","152.180636","1.120626","0.034825","1.420653"
"380","280","149.850687","1.119805","0.035119","1.417493"
"390","280","147.591007","1.118976","0.035412","1.414437"
"400","280","145.398464","1.118139","0.035704","1.411481"
"410","280","143.270111","1.117297","0.035996","1.408618"
"420","280","141.203168","1.11645","0.036287","1.405846"
"430","280","139.195017","1.1156","0.036578","1.403159"
"440","280","137.243183","1.114749","0.036868","1.400554"
"450","280","135.345331","1.113897","0.037156","1.398027"
"460","280","133.499251","1.113046","0.037445","1.395576"
"470","280","131.702854","1.112196","0.037732","1.393197"
"480","280","129.954161","1.111347","0.038018","1.390886"
"490","280","128.251296","1.110502","0.038304","1.388642"
"500","280","126.59248","1.10966","0.038589","1.386462"
"-100","290","585.376305","0.984708","0.046267","2.068068"
"-90","290","553.414727","0.98828","0.04182","2.073562"
"-80","290","524.762657","0.995504","0.038246","2.066361"
"-70","290","498.931367","1.005259","0.035408","2.047428"
"-60","290","475.523843","1.016513","0.033183","2.019176"
"-50","290","454.214238","1.028405","0.031458","1.984755"
"-40","290","434.732607","1.040283","0.030134","1.947195"
"-30","290","416.853412","1.051702","0.029128","1.908893"
"-20","290","400.386756","1.062388","0.028374","1.8715"
"-10","290","385.171603","1.072196","0.027819","1.836014"
"0","290","371.070501","1.081071","0.027421","1.80295"
"10","290","357.965415","1.089018","0.027149","1.772494"
"20","290","345.754417","1.096074","0.026975","1.74463"
"30","290","334.349026","1.102297","0.026883","1.71923"
"40","290","323.672065","1.107754","0.026855","1.696104"
"50","290","313.65591","1.112515","0.026881","1.675045"
"60","290","304.241054","1.116647","0.026951","1.655844"
"70","290","295.37493","1.120215","0.027057","1.638303"
"80","290","287.010922","1.123277","0.027192","1.622241"
"90","290","279.107551","1.125888","0.027353","1.607493"
"100","290","271.627783","1.128096","0.027535","1.593916"
"110","290","264.53845","1.129947","0.027735","1.58138"
"120","290","257.80976","1.131478","0.027949","1.569773"
"130","290","251.414876","1.132725","0.028177","1.558995"
"140","290","245.329559","1.133719","0.028415","1.54896"
"150","290","239.531862","1.134489","0.028662","1.539591"
"160","290","234.001864","1.135059","0.028917","1.530821"
"170","290","228.721442","1.135452","0.029178","1.522592"
"180","290","223.674075","1.135686","0.029446","1.514851"
"190","290","218.844666","1.13578","0.029718","1.507554"
"200","290","214.219396","1.135749","0.029994","1.50066"
"210","290","209.785589","1.135607","0.030273","1.494133"
"220","290","205.531597","1.135367","0.030556","1.487942"
"230","290","201.4467","1.135039","0.030841","1.482059"
"240","290","197.521012","1.134634","0.031127","1.476459"
"250","290","193.745402","1.13416","0.031416","1.471119"
"260","290","190.111427","1.133625","0.031706","1.46602"
"270","290","186.611263","1.133037","0.031997","1.461144"
"280","290","183.237652","1.132402","0.032288","1.456476"
"290","290","179.983854","1.131726","0.032581","1.452"
"300","290","176.843596","1.131013","0.032874","1.447704"
"310","290","173.811039","1.130268","0.033167","1.443576"
"320","290","170.880734","1.129496","0.03346","1.439606"
"330","290","168.047596","1.128701","0.033753","1.435783"
"340","290","165.30687","1.127884","0.034046","1.4321"
"350","290","162.654108","1.127051","0.034339","1.428549"
"360","290","160.085141","1.126202","0.034631","1.425121"
"370","290","157.596062","1.125342","0.034923","1.421811"
"380","290","155.1832","1.124471","0.035215","1.418612"
"390","290","152.843108","1.123592","0.035506","1.415518"
"400","290","150.572543","1.122707","0.035797","1.412525"
"410","290","148.368451","1.121817","0.036087","1.409628"
"420","290","146.227955","1.120924","0.036377","1.406822"
"430","290","144.148343","1.120029","0.036665","1.404103"
"440","290","142.127052","1.119133","0.036953","1.401467"
"450","290","140.161664","1.118238","0.037241","1.39891"
"460","290","138.249891","1.117343","0.037527","1.39643"
"470","290","136.389568","1.116451","0.037813","1.394023"
"480","290","134.578646","1.115561","0.038098","1.391686"
"490","290","132.815183","1.114675","0.038383","1.389416"
"500","290","131.097338","1.113792","0.038666","1.387211"
"-100","300","605.491414","1.007532","0.047265","2.048752"
"-90","300","572.431549","1.009285","0.042773","2.054608"
"-80","300","542.794917","1.014724","0.039145","2.048865"
"-70","300","516.075994","1.022787","0.036246","2.032293"
"-60","300","491.864125","1.032489","0.033956","2.006889"
"-50","300","469.822264","1.042999","0.032166","1.975376"
"-40","300","449.671191","1.053676","0.03078","1.940482"
"-30","300","431.17762","1.064067","0.029718","1.904456"
"-20","300","414.145124","1.07388","0.028913","1.86891"
"-10","300","398.407138","1.08295","0.028312","1.83487"
"0","300","383.821484","1.091201","0.027874","1.802906"
"10","300","370.266072","1.098617","0.027565","1.77327"
"20","300","357.635471","1.105219","0.027361","1.746006"
"30","300","345.83816","1.111051","0.027241","1.721034"
"40","300","334.79431","1.116169","0.027189","1.698209"
"50","300","324.433973","1.120633","0.027194","1.677354"
"60","300","314.695597","1.124503","0.027244","1.658285"
"70","300","305.524809","1.127837","0.027333","1.640822"
"80","300","296.873392","1.130689","0.027453","1.624798"
"90","300","288.698439","1.13311","0.0276","1.610059"
"100","300","280.961646","1.135146","0.02777","1.596468"
"110","300","273.628705","1.136838","0.027958","1.583903"
"120","300","266.668799","1.138223","0.028162","1.572254"
"130","300","260.054169","1.139335","0.02838","1.561426"
"140","300","253.759744","1.140204","0.028609","1.551334"
"150","300","247.762822","1.140856","0.028849","1.541905"
"160","300","242.042799","1.141315","0.029096","1.533073"
"170","300","236.580928","1.141603","0.029351","1.524779"
"180","300","231.36012","1.141738","0.029612","1.516974"
"190","300","226.364759","1.141737","0.029878","1.509611"
"200","300","221.580552","1.141616","0.030149","1.502653"
"210","300","216.994387","1.141388","0.030423","1.496062"
"220","300","212.594217","1.141065","0.030701","1.489809"
"230","300","208.368952","1.140658","0.030982","1.483864"
"240","300","204.308366","1.140177","0.031264","1.478204"
"250","300","200.403017","1.139629","0.031549","1.472806"
"260","300","196.644168","1.139023","0.031835","1.467651"
"270","300","193.023729","1.138366","0.032122","1.46272"
"280","300","189.534192","1.137664","0.032411","1.457999"
"290","300","186.168584","1.136923","0.0327","1.453472"
"300","300","182.920419","1.136147","0.03299","1.449126"
"310","300","179.783655","1.135341","0.03328","1.44495"
"320","300","176.752657","1.13451","0.03357","1.440933"
"330","300","173.822164","1.133656","0.033861","1.437067"
"340","300","170.98726","1.132783","0.034151","1.433341"
"350","300","168.243341","1.131894","0.034442","1.429747"
"360","300","165.586098","1.130992","0.034732","1.42628"
"370","300","163.011488","1.130078","0.035022","1.422931"
"380","300","160.515713","1.129156","0.035312","1.419695"
"390","300","158.09521","1.128227","0.035601","1.416566"
"400","300","155.746621","1.127292","0.03589","1.413538"
"410","300","153.466791","1.126354","0.036178","1.410608"
"420","300","151.252742","1.125414","0.036466","1.407769"
"430","300","149.101669","1.124473","0.036753","1.405019"
"440","300","147.010921","1.123531","0.037039","1.402354"
"450","300","144.977997","1.122591","0.037325","1.399769"
"460","300","143.00053","1.121653","0.03761","1.397261"
"470","300","141.076281","1.120718","0.037895","1.394827"
"480","300","139.203131","1.119786","0.038179","1.392464"
"490","300","137.379071","1.118858","0.038461","1.39017"
"500","300","135.602197","1.117936","0.038744","1.387941"
"-100","310","625.606522","1.030357","0.048244","2.030648"
"-90","310","591.448372","1.030355","0.043709","2.036765"
"-80","310","560.827177","1.034078","0.040029","2.032233"
"-70","310","533.220622","1.040507","0.037072","2.017688"
"-60","310","508.204407","1.048702","0.034721","1.994798"
"-50","310","485.43029","1.057861","0.032869","1.965914"
"-40","310","464.609776","1.067351","0.031424","1.933486"
"-30","310","445.501827","1.076717","0.030307","1.89961"
"-20","310","427.903493","1.085652","0.029452","1.865846"
"-10","310","411.642672","1.093973","0.028806","1.833229"
"0","310","396.572467","1.101586","0.028328","1.802372"
"10","310","382.566729","1.108455","0.027984","1.773577"
"20","310","369.516525","1.114587","0.027749","1.746942"
"30","310","357.327294","1.120013","0.027601","1.722432"
"40","310","345.916555","1.124776","0.027525","1.69994"
"50","310","335.212035","1.128929","0.027508","1.67932"
"60","310","325.15014","1.132523","0.027539","1.660412"
"70","310","315.674688","1.135611","0.027611","1.643053"
"80","310","306.735861","1.138242","0.027716","1.627091"
"90","310","298.289327","1.140463","0.027849","1.612382"
"100","310","290.295509","1.142317","0.028006","1.598797"
"110","310","282.718959","1.143842","0.028182","1.58622"
"120","310","275.527837","1.145073","0.028376","1.574545"
"130","310","268.693462","1.146042","0.028585","1.563682"
"140","310","262.189929","1.146778","0.028805","1.553547"
"150","310","255.993783","1.147306","0.029037","1.54407"
"160","310","250.083734","1.147648","0.029277","1.535185"
"170","310","244.440414","1.147826","0.029525","1.526837"
"180","310","239.046164","1.147857","0.029779","1.518975"
"190","310","233.884852","1.147757","0.03004","1.511556"
"200","310","228.941708","1.147542","0.030305","1.504541"
"210","310","224.203186","1.147224","0.030574","1.497893"
"220","310","219.656837","1.146815","0.030847","1.491583"
"230","310","215.291204","1.146325","0.031123","1.485584"
"240","310","211.095721","1.145764","0.031401","1.479869"
"250","310","207.060631","1.14514","0.031682","1.474418"
"260","310","203.176909","1.14446","0.031964","1.469211"
"270","310","199.436195","1.143732","0.032248","1.46423"
"280","310","195.830732","1.142961","0.032533","1.459459"
"290","310","192.353315","1.142153","0.032819","1.454884"
"300","310","188.997242","1.141312","0.033106","1.450493"
"310","310","185.756271","1.140443","0.033393","1.446272"
"320","310","182.624579","1.13955","0.033681","1.442212"
"330","310","179.596733","1.138636","0.033969","1.438303"
"340","310","176.667649","1.137706","0.034257","1.434537"
"350","310","173.832575","1.13676","0.034545","1.430905"
"360","310","171.087056","1.135802","0.034833","1.427399"
"370","310","168.426913","1.134835","0.035121","1.424014"
"380","310","165.848227","1.13386","0.035409","1.420743"
"390","310","163.347311","1.13288","0.035696","1.41758"
"400","310","160.9207","1.131895","0.035983","1.414519"
"410","310","158.565131","1.130908","0.036269","1.411557"
"420","310","156.277529","1.129919","0.036555","1.408689"
"430","310","154.054994","1.12893","0.036841","1.405909"
"440","310","151.89479","1.127943","0.037126","1.403215"
"450","310","149.794329","1.126958","0.03741","1.400603"
"460","310","147.751169","1.125975","0.037694","1.398068"
"470","310","145.762994","1.124996","0.037977","1.395609"
"480","310","143.827616","1.124022","0.038259","1.393222"
"490","310","141.942959","1.123053","0.03854","1.390903"
"500","310","140.107055","1.122089","0.038821","1.388651"
"-100","320","645.72163","1.05317","0.049206","2.013635"
"-90","320","610.465194","1.051472","0.044628","2.019938"
"-80","320","578.859437","1.053538","0.040899","2.016417"
"-70","320","550.365249","1.058388","0.037888","2.003618"
"-60","320","524.544688","1.06512","0.035478","1.982948"
"-50","320","501.038316","1.072956","0.033567","1.956441"
"-40","320","479.548361","1.081277","0.032065","1.92629"
"-30","320","459.826034","1.089623","0.030895","1.894439"
"-20","320","441.661862","1.097678","0.029991","1.862384"
"-10","320","424.878207","1.105243","0.029301","1.831159"
"0","320","409.32345","1.112205","0.028783","1.801403"
"10","320","394.867386","1.118515","0.028405","1.773462"
"20","320","381.397579","1.124164","0.028138","1.747476"
"30","320","368.816428","1.129169","0.027963","1.723455"
"40","320","357.0388","1.133564","0.027863","1.701323"
"50","320","345.990098","1.137392","0.027824","1.680966"
"60","320","335.604683","1.140698","0.027836","1.662243"
"70","320","325.824567","1.143529","0.02789","1.645013"
"80","320","316.59833","1.145929","0.02798","1.629134"
"90","320","307.880216","1.14794","0.028099","1.614475"
"100","320","299.629372","1.149603","0.028243","1.600914"
"110","320","291.809214","1.150952","0.028408","1.58834"
"120","320","284.386876","1.152022","0.028592","1.576655"
"130","320","277.332755","1.152842","0.02879","1.565769"
"140","320","270.620114","1.153438","0.029002","1.555604"
"150","320","264.224744","1.153836","0.029226","1.546089"
"160","320","258.124669","1.154056","0.029458","1.537163"
"170","320","252.299899","1.154118","0.029699","1.528769"
"180","320","246.732208","1.15404","0.029948","1.52086"
"190","320","241.404945","1.153837","0.030202","1.513392"
"200","320","236.302864","1.153524","0.030462","1.506327"
"210","320","231.411984","1.153112","0.030726","1.499629"
"220","320","226.719457","1.152613","0.030994","1.493269"
"230","320","222.213456","1.152038","0.031265","1.48722"
"240","320","217.883076","1.151394","0.031539","1.481456"
"250","320","213.718246","1.150691","0.031816","1.475957"
"260","320","209.709651","1.149935","0.032094","1.470702"
"270","320","205.848661","1.149133","0.032375","1.465675"
"280","320","202.127272","1.148291","0.032656","1.460859"
"290","320","198.538045","1.147413","0.032939","1.45624"
"300","320","195.074065","1.146506","0.033223","1.451805"
"310","320","191.728887","1.145572","0.033507","1.447543"
"320","320","188.496502","1.144616","0.033792","1.443443"
"330","320","185.371301","1.143642","0.034078","1.439495"
"340","320","182.348039","1.142651","0.034363","1.43569"
"350","320","179.421809","1.141648","0.034649","1.432021"
"360","320","176.588013","1.140634","0.034935","1.42848"
"370","320","173.842339","1.139611","0.035221","1.425061"
"380","320","171.18074","1.138583","0.035506","1.421756"
"390","320","168.599412","1.13755","0.035791","1.418561"
"400","320","166.094779","1.136514","0.036076","1.415469"
"410","320","163.663471","1.135476","0.036361","1.412477"
"420","320","161.302316","1.134439","0.036645","1.40958"
"430","320","159.00832","1.133402","0.036929","1.406772"
"440","320","156.778658","1.132368","0.037212","1.404051"
"450","320","154.610662","1.131337","0.037495","1.401412"
"460","320","152.501808","1.130309","0.037777","1.398853"
"470","320","150.449708","1.129287","0.038059","1.396369"
"480","320","148.452102","1.128269","0.038339","1.393958"
"490","320","146.506847","1.127258","0.03862","1.391617"
"500","320","144.611913","1.126252","0.038899","1.389343"
"-100","330","665.836739","1.075962","0.050151","1.997606"
"-90","330","629.482016","1.07262","0.045533","2.004038"
"-80","330","596.891697","1.073084","0.041757","2.001368"
"-70","330","567.509876","1.076405","0.038693","1.990079"
"-60","330","540.88497","1.081714","0.036227","1.971372"
"-50","330","516.646342","1.088257","0.03426","1.947012"
"-40","330","494.486945","1.095426","0.032703","1.918961"
"-30","330","474.150242","1.10276","0.031481","1.88901"
"-20","330","455.42023","1.109935","0.030529","1.858589"
"-10","330","438.113742","1.116738","0.029796","1.828716"
"0","330","422.074433","1.123041","0.02924","1.800048"
"10","330","407.168043","1.128781","0.028827","1.772965"
"20","330","393.278633","1.133934","0.02853","1.747645"
"30","330","380.305563","1.138507","0.028327","1.724132"
"40","330","368.161045","1.142522","0.028203","1.702384"
"50","330","356.768161","1.146014","0.028142","1.682311"
"60","330","346.059226","1.149021","0.028135","1.663797"
"70","330","335.974446","1.151584","0.028171","1.646716"
"80","330","326.460799","1.153743","0.028245","1.630941"
"90","330","317.471104","1.155536","0.02835","1.61635"
"100","330","308.963235","1.156998","0.028482","1.602829"
"110","330","300.899468","1.158165","0.028636","1.590274"
"120","330","293.245914","1.159066","0.028808","1.578592"
"130","330","285.972048","1.159729","0.028997","1.567696"
"140","330","279.0503","1.160181","0.0292","1.557511"
"150","330","272.455704","1.160442","0.029415","1.54797"
"160","330","266.165604","1.160535","0.029641","1.539011"
"170","330","260.159385","1.160477","0.029875","1.530581"
"180","330","254.418253","1.160286","0.030117","1.522633"
"190","330","248.925038","1.159976","0.030365","1.515123"
"200","330","243.66402","1.15956","0.030619","1.508014"
"210","330","238.620783","1.159051","0.030878","1.501273"
"220","330","233.782077","1.15846","0.031141","1.494868"
"230","330","229.135708","1.157795","0.031408","1.488774"
"240","330","224.67043","1.157067","0.031678","1.482967"
"250","330","220.37586","1.156281","0.03195","1.477424"
"260","330","216.242392","1.155447","0.032225","1.472126"
"270","330","212.261127","1.154569","0.032502","1.467056"
"280","330","208.423811","1.153653","0.03278","1.462198"
"290","330","204.722776","1.152705","0.033059","1.457539"
"300","330","201.150888","1.151729","0.03334","1.453064"
"310","330","197.701503","1.150729","0.033622","1.448764"
"320","330","194.368425","1.149708","0.033904","1.444626"
"330","330","191.14587","1.148671","0.034187","1.440641"
"340","330","188.028429","1.14762","0.03447","1.436801"
"350","330","185.011043","1.146557","0.034753","1.433098"
"360","330","182.08897","1.145485","0.035037","1.429523"
"370","330","179.257765","1.144407","0.03532","1.426071"
"380","330","176.513253","1.143323","0.035604","1.422735"
"390","330","173.851514","1.142237","0.035887","1.41951"
"400","330","171.268857","1.141149","0.03617","1.416389"
"410","330","168.761811","1.14006","0.036453","1.413368"
"420","330","166.327103","1.138973","0.036735","1.410443"
"430","330","163.961646","1.137888","0.037017","1.407609"
"440","330","161.662527","1.136806","0.037299","1.404862"
"450","330","159.426995","1.135728","0.03758","1.402199"
"460","330","157.252447","1.134655","0.037861","1.399615"
"470","330","155.136421","1.133588","0.038141","1.397108"
"480","330","153.076587","1.132527","0.03842","1.394674"
"490","330","151.070735","1.131472","0.038699","1.392312"
"500","330","149.116771","1.130425","0.038977","1.390016"
"-100","340","685.951847","1.098727","0.051082","1.982468"
"-90","340","648.498839","1.093787","0.046423","1.988988"
"-80","340","614.923957","1.092698","0.042602","1.987037"
"-70","340","584.654503","1.094536","0.039487","1.97706"
"-60","340","557.225251","1.098459","0.036969","1.960091"
"-50","340","532.254368","1.103737","0.034948","1.937672"
"-40","340","509.42553","1.109772","0.033338","1.911553"
"-30","340","488.474449","1.116104","0.032065","1.883384"
"-20","340","469.178599","1.122401","0.031067","1.854518"
"-10","340","451.349277","1.128439","0.030292","1.825953"
"0","340","434.825416","1.134077","0.029698","1.798355"
"10","340","419.4687","1.139238","0.02925","1.772128"
"20","340","405.159687","1.143885","0.028923","1.747482"
"30","340","391.794697","1.148015","0.028693","1.724492"
"40","340","379.28329","1.15164","0.028544","1.703146"
"50","340","367.546224","1.154785","0.028462","1.683378"
"60","340","356.513769","1.157484","0.028435","1.665092"
"70","340","346.124325","1.15977","0.028454","1.648179"
"80","340","336.323269","1.161678","0.028512","1.632524"
"90","340","327.061992","1.163244","0.028603","1.618017"
"100","340","318.297098","1.164499","0.028722","1.604552"
"110","340","309.989723","1.165476","0.028864","1.59203"
"120","340","302.104953","1.166201","0.029026","1.580363"
"130","340","294.611341","1.166702","0.029206","1.569469"
"140","340","287.480485","1.167002","0.0294","1.559275"
"150","340","280.686665","1.167122","0.029606","1.549717"
"160","340","274.206539","1.167083","0.029824","1.540734"
"170","340","268.01887","1.166901","0.030051","1.532276"
"180","340","262.104297","1.166592","0.030286","1.524296"
"190","340","256.445131","1.16617","0.030529","1.516751"
"200","340","251.025177","1.165649","0.030777","1.509606"
"210","340","245.829581","1.16504","0.031031","1.502827"
"220","340","240.844697","1.164352","0.031289","1.496383"
"230","340","236.057959","1.163596","0.031551","1.49025"
"240","340","231.457785","1.162779","0.031817","1.484403"
"250","340","227.033475","1.16191","0.032085","1.478821"
"260","340","222.775133","1.160994","0.032356","1.473484"
"270","340","218.673593","1.160038","0.032629","1.468375"
"280","340","214.720351","1.159047","0.032904","1.46348"
"290","340","210.907506","1.158026","0.03318","1.458783"
"300","340","207.227711","1.156979","0.033458","1.454272"
"310","340","203.674119","1.155911","0.033736","1.449935"
"320","340","200.240348","1.154825","0.034016","1.445762"
"330","340","196.920438","1.153723","0.034296","1.441744"
"340","340","193.708819","1.15261","0.034577","1.437871"
"350","340","190.600276","1.151487","0.034857","1.434135"
"360","340","187.589927","1.150356","0.035139","1.430529"
"370","340","184.67319","1.14922","0.03542","1.427047"
"380","340","181.845766","1.148081","0.035701","1.423681"
"390","340","179.103615","1.14694","0.035983","1.420427"
"400","340","176.442936","1.145799","0.036264","1.417278"
"410","340","173.860151","1.144659","0.036545","1.414231"
"420","340","171.35189","1.143521","0.036825","1.411279"
"430","340","168.914972","1.142387","0.037106","1.40842"
"440","340","166.546396","1.141256","0.037386","1.405648"
"450","340","164.243328","1.140131","0.037665","1.402961"
"460","340","162.003086","1.139012","0.037944","1.400355"
"470","340","159.823134","1.1379","0.038223","1.397825"
"480","340","157.701072","1.136794","0.038501","1.39537"
"490","340","155.634623","1.135696","0.038778","1.392987"
"500","340","153.621629","1.134607","0.039055","1.390671"
"-100","350","706.066955","1.121459","0.051998","1.96814"
"-90","350","667.515661","1.114962","0.0473","1.974716"
"-80","350","632.956217","1.112364","0.043435","1.973378"
"-70","350","601.79913","1.11276","0.040272","1.964543"
"-60","350","573.565533","1.115335","0.037702","1.949119"
"-50","350","547.862394","1.119375","0.035629","1.928454"
"-40","350","524.364114","1.124294","0.033969","1.904112"
"-30","350","502.798656","1.129633","0.032648","1.87761"
"-20","350","482.936967","1.135056","0.031604","1.850222"
"-10","350","464.584812","1.140328","0.030788","1.822917"
"0","350","447.576399","1.145297","0.030156","1.796364"
"10","350","431.769357","1.149871","0.029675","1.770986"
"20","350","417.040741","1.154005","0.029317","1.747017"
"30","350","403.283831","1.157682","0.02906","1.724561"
"40","350","390.405535","1.160907","0.028887","1.703632"
"50","350","378.324287","1.163697","0.028783","1.684185"
"60","350","366.968312","1.166077","0.028737","1.666144"
"70","350","356.274205","1.168078","0.028739","1.649415"
"80","350","346.185738","1.169728","0.028781","1.633897"
"90","350","336.65288","1.171059","0.028858","1.619488"
"100","350","327.630962","1.1721","0.028963","1.606092"
"110","350","319.079977","1.172879","0.029094","1.593616"
"120","350","310.963992","1.173423","0.029245","1.581976"
"130","350","303.250634","1.173756","0.029415","1.571094"
"140","350","295.91067","1.173899","0.0296","1.560902"
"150","350","288.917626","1.173874","0.029798","1.551335"
"160","350","282.247474","1.173697","0.030008","1.542338"
"170","350","275.878356","1.173386","0.030228","1.533859"
"180","350","269.790342","1.172955","0.030457","1.525854"
"190","350","263.965224","1.172419","0.030693","1.518282"
"200","350","258.386333","1.171789","0.030936","1.511106"
"210","350","253.03838","1.171075","0.031184","1.504294"
"220","350","247.907317","1.170289","0.031438","1.497817"
"230","350","242.980211","1.169438","0.031695","1.49165"
"240","350","238.245139","1.168531","0.031956","1.485767"
"250","350","233.691089","1.167575","0.03222","1.48015"
"260","350","229.307875","1.166576","0.032487","1.474778"
"270","350","225.08606","1.165539","0.032757","1.469635"
"280","350","221.016891","1.164471","0.033028","1.464704"
"290","350","217.092237","1.163376","0.033301","1.459973"
"300","350","213.304533","1.162257","0.033576","1.455429"
"310","350","209.646735","1.161119","0.033851","1.451059"
"320","350","206.112271","1.159965","0.034128","1.446854"
"330","350","202.695007","1.158798","0.034405","1.442804"
"340","350","199.389209","1.157621","0.034684","1.438899"
"350","350","196.18951","1.156436","0.034962","1.435134"
"360","350","193.090884","1.155246","0.035241","1.431498"
"370","350","190.088616","1.154052","0.03552","1.427987"
"380","350","187.17828","1.152856","0.035799","1.424594"
"390","350","184.355716","1.15166","0.036079","1.421313"
"400","350","181.617014","1.150465","0.036358","1.418138"
"410","350","178.958491","1.149272","0.036637","1.415065"
"420","350","176.376676","1.148083","0.036916","1.412089"
"430","350","173.868297","1.146898","0.037194","1.409205"
"440","350","171.430265","1.145719","0.037473","1.406411"
"450","350","169.05966","1.144546","0.037751","1.403701"
"460","350","166.753725","1.14338","0.038028","1.401072"
"470","350","164.509848","1.142222","0.038305","1.398522"
"480","350","162.325557","1.141072","0.038582","1.396046"
"490","350","160.198511","1.13993","0.038858","1.393642"
"500","350","158.126487","1.138797","0.039134","1.391308"
"-100","360","726.182064","1.144153","0.052901","1.954551"
"-90","360","686.532483","1.136136","0.048164","1.961159"
"-80","360","650.988477","1.132068","0.044256","1.960346"
"-70","360","618.943757","1.131063","0.041047","1.952512"
"-60","360","589.905814","1.132321","0.038429","1.938461"
"-50","360","563.47042","1.13515","0.036306","1.919383"
"-40","360","539.302699","1.138971","0.034596","1.896677"
"-30","360","517.122864","1.14333","0.033228","1.87173"
"-20","360","496.695336","1.147883","0.032141","1.845743"
"-10","360","477.820347","1.152389","0.031283","1.819649"
"0","360","460.327382","1.156685","0.030615","1.794114"
"10","360","444.070013","1.160667","0.0301","1.769572"
"20","360","428.921795","1.16428","0.029712","1.746281"
"30","360","414.772965","1.167497","0.029429","1.724366"
"40","360","401.52778","1.170314","0.029232","1.703864"
"50","360","389.10235","1.17274","0.029106","1.684751"
"60","360","377.422855","1.174795","0.02904","1.666969"
"70","360","366.424084","1.176502","0.029025","1.650439"
"80","360","356.048207","1.177886","0.029051","1.635071"
"90","360","346.243768","1.178975","0.029114","1.620775"
"100","360","336.964825","1.179796","0.029206","1.60746"
"110","360","328.170232","1.180372","0.029325","1.595041"
"120","360","319.82303","1.180729","0.029465","1.583438"
"130","360","311.889928","1.180888","0.029625","1.572579"
"140","360","304.340855","1.180869","0.029801","1.562397"
"150","360","297.148586","1.180693","0.029991","1.552831"
"160","360","290.288409","1.180375","0.030193","1.543826"
"170","360","283.737841","1.179931","0.030406","1.535335"
"180","360","277.476386","1.179375","0.030628","1.527311"
"190","360","271.485316","1.17872","0.030858","1.519717"
"200","360","265.747489","1.177977","0.031095","1.512516"
"210","360","260.247179","1.177157","0.031338","1.505678"
"220","360","254.969937","1.176269","0.031587","1.499172"
"230","360","249.902463","1.175321","0.031839","1.492975"
"240","360","245.032494","1.174321","0.032096","1.487062"
"250","360","240.348704","1.173276","0.032356","1.481413"
"260","360","235.840616","1.172191","0.032619","1.47601"
"270","360","231.498526","1.171072","0.032885","1.470835"
"280","360","227.313431","1.169925","0.033153","1.465874"
"290","360","223.276968","1.168753","0.033423","1.461111"
"300","360","219.381356","1.167561","0.033694","1.456536"
"310","360","215.619351","1.166352","0.033967","1.452136"
"320","360","211.984193","1.165129","0.034241","1.447901"
"330","360","208.469575","1.163895","0.034515","1.443821"
"340","360","205.069598","1.162654","0.034791","1.439888"
"350","360","201.778744","1.161406","0.035067","1.436095"
"360","360","198.591841","1.160154","0.035344","1.432432"
"370","360","195.504042","1.158901","0.03562","1.428894"
"380","360","192.510793","1.157647","0.035898","1.425475"
"390","360","189.607818","1.156395","0.036175","1.422168"
"400","360","186.791093","1.155145","0.036452","1.418968"
"410","360","184.056831","1.153899","0.036729","1.415871"
"420","360","181.401463","1.152658","0.037006","1.412872"
"430","360","178.821623","1.151422","0.037283","1.409966"
"440","360","176.314133","1.150194","0.03756","1.407149"
"450","360","173.875993","1.148972","0.037836","1.404418"
"460","360","171.504364","1.147759","0.038112","1.401768"
"470","360","169.196561","1.146554","0.038388","1.399198"
"480","360","166.950042","1.145359","0.038663","1.396702"
"490","360","164.762398","1.144173","0.038938","1.39428"
"500","360","162.631345","1.142997","0.039212","1.391927"
"-100","370","746.297172","1.166804","0.053791","1.941637"
"-90","370","705.549306","1.157302","0.049017","1.94826"
"-80","370","669.020737","1.151801","0.045067","1.9479"
"-70","370","636.088384","1.149428","0.041814","1.940945"
"-60","370","606.246096","1.149402","0.039148","1.92812"
"-50","370","579.078446","1.151044","0.036977","1.910479"
"-40","370","554.241284","1.153787","0.03522","1.889277"
"-30","370","531.447071","1.157175","0.033806","1.865782"
"-20","370","510.453705","1.160866","0.032676","1.84112"
"-10","370","491.055882","1.164607","0.031779","1.816187"
"0","370","473.078365","1.168228","0.031074","1.791639"
"10","370","456.37067","1.171615","0.030526","1.767919"
"20","370","440.802849","1.174701","0.030109","1.745301"
"30","370","426.262099","1.177451","0.029799","1.72393"
"40","370","412.650025","1.179852","0.029577","1.703862"
"50","370","399.880413","1.181908","0.02943","1.685094"
"60","370","387.877399","1.183629","0.029345","1.667583"
"70","370","376.573963","1.185036","0.029312","1.651263"
"80","370","365.910676","1.186148","0.029323","1.636058"
"90","370","355.834656","1.186989","0.029371","1.621886"
"100","370","346.298688","1.187582","0.02945","1.608663"
"110","370","337.260486","1.187949","0.029557","1.596312"
"120","370","328.682069","1.188113","0.029687","1.584758"
"130","370","320.529221","1.188093","0.029836","1.57393"
"140","370","312.77104","1.187909","0.030003","1.563767"
"150","370","305.379547","1.187577","0.030185","1.554209"
"160","370","298.329344","1.187113","0.030379","1.545205"
"170","370","291.597327","1.186532","0.030585","1.536706"
"180","370","285.16243","1.185848","0.030801","1.528671"
"190","370","279.005409","1.185071","0.031024","1.521061"
"200","370","273.108645","1.184213","0.031256","1.513841"
"210","370","267.455977","1.183283","0.031493","1.50698"
"220","370","262.032557","1.18229","0.031736","1.500451"
"230","370","256.824715","1.181243","0.031984","1.494228"
"240","370","251.819849","1.180147","0.032237","1.488289"
"250","370","247.006318","1.179011","0.032493","1.482613"
"260","370","242.373357","1.177839","0.032752","1.477182"
"270","370","237.910992","1.176636","0.033014","1.471979"
"280","370","233.609971","1.175408","0.033278","1.466989"
"290","370","229.461698","1.174158","0.033545","1.462198"
"300","370","225.458179","1.17289","0.033813","1.457595"
"310","370","221.591967","1.171609","0.034083","1.453167"
"320","370","217.856116","1.170315","0.034354","1.448905"
"330","370","214.244144","1.169014","0.034626","1.444798"
"340","370","210.749988","1.167706","0.034899","1.440839"
"350","370","207.367978","1.166394","0.035172","1.437019"
"360","370","204.092798","1.165081","0.035446","1.43333"
"370","370","200.919467","1.163767","0.035721","1.429768"
"380","370","197.843306","1.162455","0.035996","1.426324"
"390","370","194.859919","1.161145","0.036271","1.422993"
"400","370","191.965172","1.15984","0.036546","1.41977"
"410","370","189.155171","1.15854","0.036822","1.416651"
"420","370","186.42625","1.157246","0.037097","1.413629"
"430","370","183.774949","1.155959","0.037372","1.410701"
"440","370","181.198002","1.15468","0.037647","1.407864"
"450","370","178.692326","1.153409","0.037922","1.405112"
"460","370","176.255003","1.152148","0.038196","1.402443"
"470","370","173.883274","1.150897","0.03847","1.399853"
"480","370","171.574527","1.149655","0.038744","1.397339"
"490","370","169.326286","1.148424","0.039017","1.394898"
"500","370","167.136203","1.147205","0.03929","1.392528"
"-100","380","766.41228","1.189411","0.05467","1.929343"
"-90","380","724.566128","1.178453","0.049858","1.935968"
"-80","380","687.052997","1.171552","0.045868","1.936001"
"-70","380","653.233012","1.167844","0.042571","1.929822"
"-60","380","622.586377","1.166563","0.03986","1.918093"
"-50","380","594.686472","1.167043","0.037643","1.901755"
"-40","380","569.179868","1.168724","0.03584","1.881936"
"-30","380","545.771278","1.171155","0.034382","1.859796"
"-20","380","524.212073","1.173989","0.03321","1.836385"
"-10","380","504.291417","1.176968","0.032274","1.812562"
"0","380","485.829348","1.179913","0.031533","1.788969"
"10","380","468.671327","1.182701","0.030953","1.766054"
"20","380","452.683904","1.185256","0.030506","1.744101"
"30","380","437.751233","1.187534","0.03017","1.723273"
"40","380","423.77227","1.189514","0.029924","1.703646"
"50","380","410.658475","1.191192","0.029756","1.68523"
"60","380","398.331942","1.192574","0.029651","1.668"
"70","380","386.723842","1.193673","0.0296","1.651902"
"80","380","375.773145","1.194506","0.029595","1.63687"
"90","380","365.425544","1.195093","0.029629","1.622832"
"100","380","355.632551","1.195454","0.029695","1.609712"
"110","380","346.350741","1.195607","0.02979","1.597439"
"120","380","337.541107","1.195573","0.029909","1.585941"
"130","380","329.168514","1.19537","0.030049","1.575154"
"140","380","321.201226","1.195015","0.030206","1.565017"
"150","380","313.610508","1.194523","0.03038","1.555475"
"160","380","306.370279","1.19391","0.030566","1.546477"
"170","380","299.456812","1.193189","0.030765","1.537979"
"180","380","292.848475","1.192372","0.030974","1.529938"
"190","380","286.525502","1.19147","0.031191","1.522317"
"200","380","280.469801","1.190493","0.031416","1.515083"
"210","380","274.664776","1.189451","0.031649","1.508205"
"220","380","269.095177","1.188352","0.031887","1.501656"
"230","380","263.746967","1.187202","0.03213","1.495412"
"240","380","258.607203","1.186009","0.032378","1.48945"
"250","380","253.663933","1.184779","0.03263","1.48375"
"260","380","248.906098","1.183517","0.032885","1.478295"
"270","380","244.323458","1.182229","0.033143","1.473067"
"280","380","239.906511","1.180918","0.033404","1.468052"
"290","380","235.646429","1.179589","0.033667","1.463236"
"300","380","231.535002","1.178244","0.033932","1.458607"
"310","380","227.564583","1.176888","0.034199","1.454154"
"320","380","223.728039","1.175524","0.034467","1.449866"
"330","380","220.018712","1.174153","0.034736","1.445735"
"340","380","216.430378","1.172778","0.035006","1.441751"
"350","380","212.957211","1.171401","0.035278","1.437907"
"360","380","209.593756","1.170024","0.035549","1.434195"
"370","380","206.334893","1.168649","0.035822","1.430609"
"380","380","203.175819","1.167278","0.036095","1.427142"
"390","380","200.11202","1.16591","0.036368","1.423789"
"400","380","197.13925","1.164548","0.036641","1.420544"
"410","380","194.253511","1.163193","0.036914","1.417403"
"420","380","191.451037","1.161846","0.037188","1.414361"
"430","380","188.728275","1.160507","0.037461","1.411413"
"440","380","186.081871","1.159177","0.037735","1.408555"
"450","380","183.508658","1.157857","0.038008","1.405785"
"460","380","181.005642","1.156547","0.038281","1.403097"
"470","380","178.569988","1.155248","0.038553","1.400488"
"480","380","176.199013","1.153961","0.038825","1.397957"
"490","380","173.890174","1.152685","0.039097","1.395499"
"500","380","171.641061","1.15142","0.039369","1.393111"
"-100","390","786.527389","1.211971","0.055537","1.917619"
"-90","390","743.58295","1.199585","0.050688","1.924237"
"-80","390","705.085257","1.191314","0.046659","1.924612"
"-70","390","670.377639","1.186301","0.043321","1.919123"
"-60","390","638.926659","1.183792","0.040566","1.908377"
"-50","390","610.294498","1.183132","0.038304","1.893222"
"-40","390","584.118453","1.183769","0.036456","1.874675"
"-30","390","560.095486","1.185254","0.034955","1.853797"
"-20","390","537.970442","1.187238","0.033742","1.831567"
"-10","390","517.526952","1.18946","0.032768","1.808803"
"0","390","498.580331","1.191729","0.031992","1.786132"
"10","390","480.971984","1.193916","0.031381","1.764001"
"20","390","464.564958","1.195936","0.030905","1.742704"
"30","390","449.240367","1.197737","0.030542","1.722418"
"40","390","434.894515","1.19929","0.030273","1.703233"
"50","390","421.436538","1.200585","0.030083","1.685176"
"60","390","408.786485","1.201622","0.029959","1.668234"
"70","390","396.873721","1.202408","0.02989","1.652366"
"80","390","385.635615","1.202957","0.029869","1.637517"
"90","390","375.016432","1.203285","0.029888","1.623623"
"100","390","364.966414","1.203407","0.029942","1.610615"
"110","390","355.440995","1.203342","0.030025","1.598427"
"120","390","346.400146","1.203105","0.030132","1.586994"
"130","390","337.807807","1.202714","0.030262","1.576255"
"140","390","329.631411","1.202184","0.030411","1.566152"
"150","390","321.841468","1.201529","0.030575","1.556632"
"160","390","314.411214","1.200763","0.030754","1.547648"
"170","390","307.316298","1.199898","0.030945","1.539156"
"180","390","300.534519","1.198946","0.031147","1.531114"
"190","390","294.045595","1.197916","0.031359","1.523488"
"200","390","287.830957","1.196818","0.031578","1.516245"
"210","390","281.873574","1.195661","0.031805","1.509354"
"220","390","276.157796","1.194452","0.032038","1.50279"
"230","390","270.669219","1.193198","0.032276","1.496529"
"240","390","265.394558","1.191905","0.032519","1.490548"
"250","390","260.321547","1.19058","0.032767","1.484828"
"260","390","255.43884","1.189227","0.033018","1.479351"
"270","390","250.735924","1.18785","0.033273","1.474101"
"280","390","246.20305","1.186455","0.03353","1.469064"
"290","390","241.831159","1.185045","0.03379","1.464225"
"300","390","237.611825","1.183622","0.034051","1.459573"
"310","390","233.537199","1.182191","0.034315","1.455097"
"320","390","229.599962","1.180753","0.03458","1.450787"
"330","390","225.793281","1.179312","0.034847","1.446632"
"340","390","222.110768","1.177869","0.035115","1.442626"
"350","390","218.546445","1.176426","0.035383","1.438759"
"360","390","215.094713","1.174985","0.035653","1.435025"
"370","390","211.750318","1.173548","0.035923","1.431418"
"380","390","208.508332","1.172116","0.036194","1.42793"
"390","390","205.364122","1.170689","0.036465","1.424556"
"400","390","202.313329","1.169271","0.036736","1.421291"
"410","390","199.351851","1.16786","0.037007","1.41813"
"420","390","196.475824","1.166458","0.037279","1.415068"
"430","390","193.6816","1.165066","0.037551","1.412101"
"440","390","190.96574","1.163685","0.037822","1.409224"
"450","390","188.324991","1.162315","0.038094","1.406435"
"460","390","185.756281","1.160956","0.038365","1.40373"
"470","390","183.256701","1.159609","0.038636","1.401104"
"480","390","180.823498","1.158275","0.038907","1.398556"
"490","390","178.454062","1.156953","0.039177","1.396081"
"500","390","176.145919","1.155644","0.039448","1.393678"
"-100","400","806.642497","1.234481","0.056394","1.906421"
"-90","400","762.599773","1.220693","0.051509","1.913024"
"-80","400","723.117517","1.211079","0.047441","1.9137"
"-70","400","687.522266","1.204789","0.044062","1.908825"
"-60","400","655.26694","1.201078","0.041264","1.898963"
"-50","400","625.902524","1.199299","0.038959","1.884884"
"-40","400","599.057038","1.198909","0.037069","1.867508"
"-30","400","574.419693","1.19946","0.035526","1.847806"
"-20","400","551.72881","1.200603","0.034273","1.82669"
"-10","400","530.762487","1.202069","0.033262","1.804936"
"0","400","511.331314","1.203664","0.032452","1.783153"
"10","400","493.272641","1.20525","0.031808","1.761785"
"20","400","476.446012","1.206732","0.031304","1.741132"
"30","400","460.729501","1.208052","0.030915","1.721383"
"40","400","446.01676","1.209174","0.030622","1.702641"
"50","400","432.214601","1.210081","0.030411","1.684946"
"60","400","419.241028","1.210767","0.030267","1.668298"
"70","400","407.0236","1.211236","0.030181","1.652668"
"80","400","395.498084","1.211496","0.030144","1.63801"
"90","400","384.60732","1.211559","0.030149","1.624267"
"100","400","374.300277","1.211438","0.030189","1.611379"
"110","400","364.53125","1.211149","0.03026","1.599285"
"120","400","355.259184","1.210706","0.030357","1.587925"
"130","400","346.4471","1.210123","0.030476","1.57724"
"140","400","338.061596","1.209414","0.030616","1.567178"
"150","400","330.072429","1.208593","0.030772","1.557687"
"160","400","322.452149","1.20767","0.030943","1.548723"
"170","400","315.175783","1.206658","0.031127","1.540241"
"180","400","308.220563","1.205567","0.031322","1.532205"
"190","400","301.565688","1.204406","0.031527","1.524578"
"200","400","295.192113","1.203185","0.03174","1.51733"
"210","400","289.082373","1.20191","0.031961","1.510431"
"220","400","283.220416","1.200589","0.032189","1.503856"
"230","400","277.59147","1.199228","0.032423","1.497581"
"240","400","272.181912","1.197834","0.032662","1.491584"
"250","400","266.979161","1.196411","0.032905","1.485847"
"260","400","261.971581","1.194965","0.033152","1.480352"
"270","400","257.148391","1.1935","0.033403","1.475083"
"280","400","252.49959","1.192018","0.033656","1.470026"
"290","400","248.01589","1.190525","0.033913","1.465167"
"300","400","243.688648","1.189023","0.034171","1.460495"
"310","400","239.509815","1.187515","0.034432","1.455998"
"320","400","235.471885","1.186003","0.034694","1.451667"
"330","400","231.567849","1.18449","0.034958","1.447492"
"340","400","227.791158","1.182978","0.035223","1.443465"
"350","400","224.135679","1.181468","0.035489","1.439577"
"360","400","220.59567","1.179962","0.035756","1.435823"
"370","400","217.165744","1.178462","0.036024","1.432195"
"380","400","213.840846","1.176968","0.036293","1.428688"
"390","400","210.616223","1.175483","0.036562","1.425294"
"400","400","207.487407","1.174006","0.036831","1.42201"
"410","400","204.450192","1.172539","0.0371","1.41883"
"420","400","201.500611","1.171082","0.03737","1.41575"
"430","400","198.634926","1.169637","0.03764","1.412765"
"440","400","195.849609","1.168204","0.03791","1.409871"
"450","400","193.141324","1.166783","0.03818","1.407065"
"460","400","190.50692","1.165374","0.03845","1.404342"
"470","400","187.943414","1.163979","0.038719","1.401701"
"480","400","185.447983","1.162597","0.038989","1.399136"
"490","400","183.01795","1.16123","0.039258","1.396646"
"500","400","180.650777","1.159876","0.039527","1.394227"
"-100","410","826.757605","1.25694","0.057241","1.89571"
"-90","410","781.616595","1.241773","0.05232","1.902293"
"-80","410","741.149777","1.230841","0.048214","1.903235"
"-70","410","704.666893","1.2233","0.044795","1.898908"
"-60","410","671.607222","1.21841","0.041957","1.889844"
"-50","410","641.510551","1.215534","0.03961","1.876745"
"-40","410","613.995622","1.214132","0.037677","1.860448"
"-30","410","588.7439","1.213762","0.036094","1.841841"
"-20","410","565.487179","1.214071","0.034802","1.821774"
"-10","410","543.998021","1.214787","0.033755","1.800982"
"0","410","524.082297","1.21571","0.032911","1.780053"
"10","410","505.573298","1.216692","0.032236","1.759425"
"20","410","488.327066","1.217635","0.031703","1.739404"
"30","410","472.218635","1.218471","0.031288","1.720186"
"40","410","457.139005","1.219158","0.030972","1.701885"
"50","410","442.992664","1.219672","0.03074","1.684555"
"60","410","429.695571","1.220004","0.030577","1.668206"
"70","410","417.173479","1.22015","0.030474","1.652819"
"80","410","405.360553","1.220116","0.030421","1.638358"
"90","410","394.198208","1.21991","0.030411","1.624774"
"100","410","383.63414","1.219543","0.030438","1.612013"
"110","410","373.621504","1.219026","0.030497","1.60002"
"120","410","364.118223","1.218372","0.030582","1.588739"
"130","410","355.086393","1.217594","0.030692","1.578116"
"140","410","346.491781","1.216702","0.030822","1.5681"
"150","410","338.30339","1.21571","0.030969","1.558644"
"160","410","330.493084","1.214628","0.031132","1.549704"
"170","410","323.035269","1.213466","0.031309","1.541239"
"180","410","315.906608","1.212234","0.031497","1.533212"
"190","410","309.085781","1.21094","0.031695","1.52559"
"200","410","302.553269","1.209592","0.031903","1.518341"
"210","410","296.291171","1.208197","0.032119","1.511438"
"220","410","290.283036","1.206762","0.032341","1.504855"
"230","410","284.513722","1.205293","0.03257","1.49857"
"240","410","278.969267","1.203795","0.032804","1.492561"
"250","410","273.636776","1.202273","0.033043","1.48681"
"260","410","268.504322","1.200732","0.033286","1.4813"
"270","410","263.560857","1.199175","0.033533","1.476015"
"280","410","258.79613","1.197607","0.033783","1.470941"
"290","410","254.20062","1.196029","0.034036","1.466064"
"300","410","249.76547","1.194447","0.034291","1.461373"
"310","410","245.482431","1.19286","0.034549","1.456858"
"320","410","241.343807","1.191273","0.034808","1.452508"
"330","410","237.342418","1.189688","0.035069","1.448314"
"340","410","233.471547","1.188105","0.035332","1.444268"
"350","410","229.724913","1.186527","0.035596","1.440362"
"360","410","226.096627","1.184955","0.03586","1.436589"
"370","410","222.58117","1.183391","0.036126","1.432943"
"380","410","219.173359","1.181835","0.036392","1.429417"
"390","410","215.868324","1.180289","0.036659","1.426005"
"400","410","212.661486","1.178754","0.036926","1.422703"
"410","410","209.548532","1.17723","0.037194","1.419506"
"420","410","206.525398","1.175718","0.037462","1.416408"
"430","410","203.588252","1.174219","0.03773","1.413406"
"440","410","200.733477","1.172732","0.037998","1.410496"
"450","410","197.957657","1.17126","0.038266","1.407674"
"460","410","195.257559","1.169802","0.038534","1.404935"
"470","410","192.630128","1.168358","0.038802","1.402278"
"480","410","190.072468","1.166928","0.03907","1.399698"
"490","410","187.581838","1.165514","0.039338","1.397193"
"500","410","185.155635","1.164114","0.039606","1.39476"
"-100","420","846.872714","1.279348","0.058079","1.88545"
"-90","420","800.633417","1.262822","0.053121","1.892009"
"-80","420","759.182037","1.250597","0.048979","1.893187"
"-70","420","721.81152","1.241827","0.045521","1.889353"
"-60","420","687.947503","1.23578","0.042643","1.881011"
"-50","420","657.118577","1.231825","0.040255","1.868807"
"-40","420","628.934207","1.229429","0.038282","1.853503"
"-30","420","603.068108","1.228149","0.036659","1.835918"
"-20","420","579.245548","1.227632","0.03533","1.816839"
"-10","420","557.233556","1.227603","0.034247","1.796962"
"0","420","536.83328","1.227855","0.03337","1.776852"
"10","420","517.873955","1.228236","0.032665","1.756942"
"20","420","500.20812","1.228638","0.032103","1.737537"
"30","420","483.70777","1.228987","0.031663","1.718842"
"40","420","468.26125","1.229236","0.031324","1.70098"
"50","420","453.770727","1.229354","0.03107","1.684015"
"60","420","440.150114","1.229326","0.030888","1.667967"
"70","420","427.323358","1.229146","0.030767","1.652829"
"80","420","415.223022","1.228814","0.030698","1.63857"
"90","420","403.789096","1.228335","0.030674","1.625151"
"100","420","392.968003","1.227717","0.030688","1.612524"
"110","420","382.711759","1.226969","0.030734","1.600638"
"120","420","372.977261","1.2261","0.030809","1.589442"
"130","420","363.725686","1.225123","0.030908","1.578886"
"140","420","354.921966","1.224046","0.031028","1.568923"
"150","420","346.53435","1.22288","0.031167","1.559507"
"160","420","338.534019","1.221636","0.031322","1.550597"
"170","420","330.894754","1.220321","0.031491","1.542153"
"180","420","323.592652","1.218944","0.031673","1.53414"
"190","420","316.605874","1.217514","0.031865","1.526526"
"200","420","309.914425","1.216037","0.032067","1.519281"
"210","420","303.49997","1.21452","0.032277","1.512377"
"220","420","297.345656","1.212969","0.032494","1.50579"
"230","420","291.435974","1.211389","0.032718","1.499498"
"240","420","285.756622","1.209786","0.032947","1.493481"
"250","420","280.29439","1.208163","0.033182","1.487719"
"260","420","275.037063","1.206526","0.033421","1.482197"
"270","420","269.973323","1.204877","0.033664","1.476898"
"280","420","265.09267","1.203219","0.03391","1.471809"
"290","420","260.385351","1.201557","0.03416","1.466917"
"300","420","255.842293","1.199891","0.034412","1.46221"
"310","420","251.455046","1.198226","0.034666","1.457678"
"320","420","247.21573","1.196563","0.034923","1.453311"
"330","420","243.116986","1.194903","0.035181","1.4491"
"340","420","239.151937","1.193249","0.035441","1.445037"
"350","420","235.314146","1.191602","0.035702","1.441114"
"360","420","231.597584","1.189963","0.035964","1.437324"
"370","420","227.996595","1.188334","0.036228","1.43366"
"380","420","224.505872","1.186716","0.036492","1.430117"
"390","420","221.120426","1.185109","0.036756","1.426689"
"400","420","217.835565","1.183514","0.037022","1.423371"
"410","420","214.646872","1.181932","0.037287","1.420157"
"420","420","211.550184","1.180364","0.037553","1.417043"
"430","420","208.541578","1.17881","0.03782","1.414025"
"440","420","205.617346","1.177271","0.038086","1.4111"
"450","420","202.773989","1.175747","0.038353","1.408262"
"460","420","200.008198","1.174238","0.038619","1.405508"
"470","420","197.316841","1.172745","0.038886","1.402836"
"480","420","194.696953","1.171267","0.039152","1.400242"
"490","420","192.145725","1.169806","0.039419","1.397723"
"500","420","189.660493","1.16836","0.039685","1.395276"
"-100","430","866.987822","1.301702","0.058907","1.875609"
"-90","430","819.650239","1.283838","0.053914","1.882142"
"-80","430","777.214296","1.27034","0.049735","1.88353"
"-70","430","738.956147","1.260364","0.04624","1.880141"
"-60","430","704.287785","1.253181","0.043323","1.872454"
"-50","430","672.726603","1.248166","0.040896","1.861068"
"-40","430","643.872792","1.244789","0.038883","1.846682"
"-30","430","617.392315","1.242611","0.037222","1.830048"
"-20","430","593.003916","1.241277","0.035856","1.811898"
"-10","430","570.469091","1.240508","0.034738","1.79289"
"0","430","549.584263","1.240092","0.033828","1.773568"
"10","430","530.174612","1.239872","0.033093","1.754351"
"20","430","512.089174","1.239732","0.032504","1.735548"
"30","430","495.196904","1.239593","0.032038","1.717366"
"40","430","479.383495","1.239401","0.031676","1.699939"
"50","430","464.54879","1.23912","0.031401","1.683338"
"60","430","450.604657","1.23873","0.0312","1.667595"
"70","430","437.473237","1.23822","0.031061","1.652707"
"80","430","425.085492","1.237586","0.030977","1.638656"
"90","430","413.379984","1.23683","0.030938","1.625407"
"100","430","402.301866","1.235957","0.030938","1.612918"
"110","430","391.802013","1.234974","0.030973","1.601145"
"120","430","381.8363","1.233888","0.031036","1.59004"
"130","430","372.364979","1.232707","0.031125","1.579557"
"140","430","363.352151","1.231442","0.031236","1.569652"
"150","430","354.765311","1.2301","0.031366","1.560281"
"160","430","346.574954","1.22869","0.031513","1.551405"
"170","430","338.75424","1.22722","0.031675","1.542987"
"180","430","331.278697","1.225697","0.031849","1.534993"
"190","430","324.125966","1.224128","0.032035","1.527391"
"200","430","317.275581","1.22252","0.032231","1.520152"
"210","430","310.708768","1.220879","0.032435","1.513252"
"220","430","304.408276","1.21921","0.032647","1.506664"
"230","430","298.358226","1.217517","0.032866","1.500369"
"240","430","292.543976","1.215807","0.033091","1.494345"
"250","430","286.952005","1.214082","0.033321","1.488575"
"260","430","281.569805","1.212346","0.033556","1.483043"
"270","430","276.385789","1.210603","0.033795","1.477733"
"280","430","271.38921","1.208855","0.034038","1.472631"
"290","430","266.570081","1.207106","0.034284","1.467726"
"300","430","261.919116","1.205357","0.034533","1.463005"
"310","430","257.427662","1.203612","0.034784","1.458459"
"320","430","253.087653","1.201871","0.035038","1.454077"
"330","430","248.891555","1.200136","0.035293","1.449851"
"340","430","244.832327","1.19841","0.03555","1.445772"
"350","430","240.90338","1.196693","0.035809","1.441834"
"360","430","237.098541","1.194987","0.036069","1.438028"
"370","430","233.412021","1.193292","0.03633","1.434349"
"380","430","229.838385","1.19161","0.036591","1.43079"
"390","430","226.372527","1.189941","0.036854","1.427347"
"400","430","223.009643","1.188286","0.037117","1.424013"
"410","430","219.745212","1.186646","0.037381","1.420784"
"420","430","216.574971","1.185022","0.037645","1.417655"
"430","430","213.494903","1.183412","0.03791","1.414622"
"440","430","210.501215","1.18182","0.038174","1.411682"
"450","430","207.590322","1.180243","0.038439","1.40883"
"460","430","204.758837","1.178683","0.038704","1.406063"
"470","430","202.003554","1.17714","0.038969","1.403377"
"480","430","199.321438","1.175614","0.039234","1.400769"
"490","430","196.709613","1.174105","0.039499","1.398237"
"500","430","194.165351","1.172613","0.039764","1.395777"
"-100","440","887.10293","1.324003","0.059728","1.866158"
"-90","440","838.667062","1.304818","0.054699","1.872663"
"-80","440","795.246556","1.290067","0.050484","1.87424"
"-70","440","756.100775","1.278905","0.046952","1.871254"
"-60","440","720.628066","1.270606","0.043997","1.864163"
"-50","440","688.334629","1.264548","0.041531","1.853526"
"-40","440","658.811376","1.260206","0.039481","1.839988"
"-30","440","631.716522","1.257141","0.037782","1.82424"
"-20","440","606.762285","1.254997","0.03638","1.806966"
"-10","440","583.704626","1.253494","0.035228","1.788784"
"0","440","562.335246","1.252414","0.034286","1.770215"
"10","440","542.475269","1.251593","0.033521","1.751668"
"20","440","523.970228","1.250911","0.032905","1.73345"
"30","440","506.686038","1.250283","0.032414","1.715773"
"40","440","490.50574","1.249648","0.032029","1.698775"
"50","440","475.326852","1.248965","0.031733","1.682537"
"60","440","461.0592","1.248209","0.031512","1.667098"
"70","440","447.623116","1.247366","0.031357","1.652464"
"80","440","434.947961","1.246427","0.031256","1.638624"
"90","440","422.970873","1.245391","0.031203","1.625549"
"100","440","411.635729","1.24426","0.03119","1.613204"
"110","440","400.892268","1.243038","0.031212","1.601548"
"120","440","390.695339","1.241731","0.031265","1.590539"
"130","440","381.004272","1.240345","0.031343","1.580134"
"140","440","371.782337","1.238888","0.031445","1.57029"
"150","440","362.996272","1.237367","0.031566","1.560969"
"160","440","354.615889","1.235789","0.031705","1.552132"
"170","440","346.613725","1.234161","0.031859","1.543744"
"180","440","338.964741","1.232489","0.032027","1.535772"
"190","440","331.646059","1.23078","0.032206","1.528186"
"200","440","324.636738","1.229039","0.032395","1.520958"
"210","440","317.917567","1.227271","0.032594","1.514064"
"220","440","311.470896","1.225482","0.032801","1.507479"
"230","440","305.280478","1.223676","0.033015","1.501183"
"240","440","299.331331","1.221856","0.033235","1.495156"
"250","440","293.609619","1.220027","0.033461","1.489381"
"260","440","288.102546","1.218191","0.033692","1.483841"
"270","440","282.798255","1.216353","0.033927","1.478522"
"280","440","277.68575","1.214514","0.034166","1.47341"
"290","440","272.754812","1.212677","0.034409","1.468494"
"300","440","267.995939","1.210843","0.034654","1.463761"
"310","440","263.400278","1.209016","0.034902","1.459202"
"320","440","258.959576","1.207197","0.035153","1.454807"
"330","440","254.666123","1.205387","0.035406","1.450568"
"340","440","250.512717","1.203587","0.03566","1.446475"
"350","440","246.492614","1.201799","0.035916","1.442522"
"360","440","242.599498","1.200024","0.036173","1.438702"
"370","440","238.827447","1.198263","0.036432","1.435009"
"380","440","235.170899","1.196516","0.036692","1.431436"
"390","440","231.624628","1.194785","0.036952","1.427978"
"400","440","228.183722","1.19307","0.037213","1.42463"
"410","440","224.843552","1.191371","0.037475","1.421387"
"420","440","221.599758","1.189689","0.037737","1.418244"
"430","440","218.448229","1.188024","0.038","1.415198"
"440","440","215.385084","1.186377","0.038263","1.412244"
"450","440","212.406655","1.184748","0.038526","1.409378"
"460","440","209.509476","1.183136","0.03879","1.406598"
"470","440","206.690268","1.181543","0.039053","1.403899"
"480","440","203.945924","1.179968","0.039316","1.401278"
"490","440","201.273501","1.178411","0.03958","1.398734"
"500","440","198.670209","1.176873","0.039843","1.396261"
"-100","450","907.218039","1.34625","0.06054","1.857072"
"-90","450","857.683884","1.325761","0.055476","1.863548"
"-80","450","813.278816","1.309776","0.051226","1.865295"
"-70","450","773.245402","1.297446","0.047658","1.862675"
"-60","450","736.968348","1.288049","0.044666","1.856128"
"-50","450","703.942655","1.280965","0.042162","1.846179"
"-40","450","673.749961","1.275671","0.040075","1.833424"
"-30","450","646.04073","1.27173","0.038339","1.818504"
"-20","450","620.520653","1.268785","0.036902","1.802054"
"-10","450","596.940161","1.266553","0.035717","1.784655"
"0","450","575.086229","1.264811","0.034743","1.766807"
"10","450","554.775926","1.263392","0.033949","1.748907"
"20","450","535.851282","1.262169","0.033306","1.731258"
"30","450","518.175172","1.26105","0.03279","1.714074"
"40","450","501.627985","1.25997","0.032382","1.6975"
"50","450","486.104915","1.258883","0.032065","1.681622"
"60","450","471.513743","1.25776","0.031826","1.666486"
"70","450","457.772995","1.25658","0.031653","1.652108"
"80","450","444.81043","1.255333","0.031537","1.638481"
"90","450","432.561761","1.254014","0.031469","1.625584"
"100","450","420.969592","1.252622","0.031443","1.613386"
"110","450","409.982522","1.251159","0.031453","1.601852"
"120","450","399.554377","1.249628","0.031494","1.590943"
"130","450","389.643565","1.248034","0.031562","1.58062"
"140","450","380.212522","1.246383","0.031654","1.570844"
"150","450","371.227232","1.24468","0.031767","1.561576"
"160","450","362.656824","1.242931","0.031898","1.552782"
"170","450","354.473211","1.241143","0.032044","1.544427"
"180","450","346.650785","1.23932","0.032205","1.536481"
"190","450","339.166152","1.237468","0.032377","1.528915"
"200","450","331.997894","1.235592","0.032561","1.521701"
"210","450","325.126365","1.233696","0.032754","1.514816"
"220","450","318.533516","1.231785","0.032955","1.508237"
"230","450","312.20273","1.229863","0.033164","1.501943"
"240","450","306.118685","1.227932","0.03338","1.495915"
"250","450","300.267234","1.225998","0.033601","1.490137"
"260","450","294.635287","1.224061","0.033828","1.484592"
"270","450","289.210721","1.222126","0.034059","1.479267"
"280","450","283.982289","1.220194","0.034295","1.474147"
"290","450","278.939543","1.218268","0.034534","1.469222"
"300","450","274.072762","1.216349","0.034776","1.464479"
"310","450","269.372894","1.214439","0.035021","1.459909"
"320","450","264.831499","1.21254","0.035269","1.455503"
"330","450","260.440692","1.210653","0.035518","1.451251"
"340","450","256.193107","1.208779","0.03577","1.447146"
"350","450","252.081848","1.20692","0.036023","1.443181"
"360","450","248.100455","1.205076","0.036278","1.439348"
"370","450","244.242872","1.203247","0.036535","1.435642"
"380","450","240.503412","1.201436","0.036792","1.432056"
"390","450","236.87673","1.199642","0.03705","1.428584"
"400","450","233.3578","1.197865","0.037309","1.425223"
"410","450","229.941892","1.196107","0.037569","1.421967"
"420","450","226.624545","1.194367","0.037829","1.418812"
"430","450","223.401555","1.192646","0.03809","1.415752"
"440","450","220.268952","1.190944","0.038352","1.412785"
"450","450","217.222987","1.189261","0.038613","1.409907"
"460","450","214.260115","1.187598","0.038875","1.407114"
"470","450","211.376981","1.185954","0.039137","1.404403"
"480","450","208.570409","1.18433","0.039399","1.401771"
"490","450","205.837389","1.182725","0.039661","1.399214"
"500","450","203.175067","1.181139","0.039923","1.39673"
"-100","460","927.333147","1.368442","0.061344","1.848326"
"-90","460","876.700706","1.346666","0.056245","1.854772"
"-80","460","831.311076","1.329463","0.05196","1.856673"
"-70","460","790.390029","1.315984","0.048357","1.854387"
"-60","460","753.30863","1.305505","0.045329","1.848338"
"-50","460","719.550681","1.29741","0.042789","1.839022"
"-40","460","688.688546","1.291177","0.040665","1.826994"
"-30","460","660.364937","1.286371","0.038894","1.812846"
"-20","460","634.279022","1.282633","0.037422","1.79717"
"-10","460","610.175696","1.279678","0.036204","1.780515"
"0","460","587.837212","1.277279","0.0352","1.763357"
"10","460","567.076583","1.275264","0.034377","1.74608"
"20","460","547.732336","1.273499","0.033707","1.728983"
"30","460","529.664306","1.27189","0.033167","1.712282"
"40","460","512.75023","1.270363","0.032736","1.696123"
"50","460","496.882978","1.268871","0.032399","1.680602"
"60","460","481.968286","1.267377","0.032141","1.665769"
"70","460","467.922875","1.265858","0.031951","1.651647"
"80","460","454.672899","1.264301","0.031818","1.638236"
"90","460","442.152649","1.262696","0.031736","1.625519"
"100","460","430.303455","1.261041","0.031697","1.613472"
"110","460","419.072777","1.259333","0.031694","1.602064"
"120","460","408.413416","1.257576","0.031724","1.591259"
"130","460","398.282858","1.255771","0.031782","1.581022"
"140","460","388.642707","1.253923","0.031865","1.571316"
"150","460","379.458193","1.252036","0.031969","1.562106"
"160","460","370.697759","1.250114","0.032091","1.553358"
"170","460","362.332696","1.248163","0.03223","1.545041"
"180","460","354.33683","1.246187","0.032383","1.537124"
"190","460","346.686245","1.24419","0.03255","1.52958"
"200","460","339.35905","1.242177","0.032727","1.522384"
"210","460","332.335164","1.240152","0.032914","1.515511"
"220","460","325.596136","1.238117","0.03311","1.50894"
"230","460","319.124981","1.236077","0.033314","1.50265"
"240","460","312.90604","1.234035","0.033525","1.496625"
"250","460","306.924848","1.231994","0.033742","1.490846"
"260","460","301.168028","1.229955","0.033965","1.485298"
"270","460","295.623188","1.227922","0.034192","1.479968"
"280","460","290.278829","1.225896","0.034424","1.474843"
"290","460","285.124273","1.223879","0.034659","1.46991"
"300","460","280.149585","1.221873","0.034898","1.465159"
"310","460","275.34551","1.21988","0.03514","1.46058"
"320","460","270.703421","1.2179","0.035384","1.456164"
"330","460","266.215261","1.215936","0.035631","1.451902"
"340","460","261.873497","1.213987","0.03588","1.447786"
"350","460","257.671081","1.212055","0.036131","1.443809"
"360","460","253.601413","1.210141","0.036383","1.439965"
"370","460","249.658298","1.208245","0.036637","1.436247"
"380","460","245.835925","1.206367","0.036892","1.432649"
"390","460","242.128831","1.204509","0.037149","1.429166"
"400","460","238.531879","1.202671","0.037406","1.425793"
"410","460","235.040232","1.200852","0.037663","1.422525"
"420","460","231.649332","1.199054","0.037922","1.419357"
"430","460","228.354881","1.197276","0.038181","1.416286"
"440","460","225.152821","1.195519","0.03844","1.413307"
"450","460","222.03932","1.193783","0.0387","1.410417"
"460","460","219.010754","1.192067","0.03896","1.407613"
"470","460","216.063694","1.190372","0.039221","1.40489"
"480","460","213.194894","1.188698","0.039481","1.402247"
"490","460","210.401277","1.187044","0.039742","1.399679"
"500","460","207.679925","1.185412","0.040002","1.397184"
"-100","470","947.448255","1.39058","0.062141","1.8399"
"-90","470","895.717529","1.36753","0.057007","1.846315"
"-80","470","849.343336","1.349126","0.052688","1.848356"
"-70","470","807.534656","1.334513","0.04905","1.846375"
"-60","470","769.648911","1.322969","0.045986","1.840785"
"-50","470","735.158707","1.313878","0.043411","1.832052"
"-40","470","703.62713","1.306719","0.041252","1.820696"
"-30","470","674.689144","1.301058","0.039446","1.80727"
"-20","470","648.03739","1.296536","0.037941","1.792323"
"-10","470","623.411231","1.292863","0.03669","1.776374"
"0","470","600.588195","1.289811","0.035656","1.759875"
"10","470","579.37724","1.287201","0.034805","1.743199"
"20","470","559.61339","1.284897","0.034109","1.726637"
"30","470","541.15344","1.282796","0.033544","1.710406"
"40","470","523.872475","1.280823","0.033091","1.694656"
"50","470","507.661041","1.278923","0.032733","1.679487"
"60","470","492.422829","1.277056","0.032456","1.664955"
"70","470","478.072754","1.275197","0.032249","1.651089"
"80","470","464.535369","1.273327","0.032101","1.637895"
"90","470","451.743537","1.271434","0.032004","1.625361"
"100","470","439.637319","1.269512","0.031951","1.613468"
"110","470","428.163031","1.267558","0.031937","1.602188"
"120","470","417.272454","1.265571","0.031955","1.591491"
"130","470","406.922152","1.263553","0.032003","1.581343"
"140","470","397.072892","1.261506","0.032076","1.57171"
"150","470","387.689154","1.259433","0.032171","1.562561"
"160","470","378.738694","1.257336","0.032285","1.553863"
"170","470","370.192182","1.255221","0.032417","1.545587"
"180","470","362.022874","1.253089","0.032563","1.537703"
"190","470","354.206338","1.250946","0.032722","1.530185"
"200","470","346.720206","1.248794","0.032894","1.523008"
"210","470","339.543962","1.246637","0.033075","1.51615"
"220","470","332.658756","1.244478","0.033266","1.50959"
"230","470","326.047233","1.242319","0.033465","1.503308"
"240","470","319.693395","1.240163","0.033671","1.497286"
"250","470","313.582463","1.238013","0.033883","1.491509"
"260","470","307.70077","1.235871","0.034102","1.485961"
"270","470","302.035654","1.233738","0.034325","1.480628"
"280","470","296.575369","1.231617","0.034553","1.475499"
"290","470","291.309004","1.229509","0.034785","1.470561"
"300","470","286.226407","1.227416","0.03502","1.465803"
"310","470","281.318126","1.225338","0.035259","1.461217"
"320","470","276.575344","1.223277","0.035501","1.456792"
"330","470","271.989829","1.221234","0.035745","1.452521"
"340","470","267.553886","1.219209","0.035991","1.448396"
"350","470","263.260315","1.217204","0.036239","1.444409"
"360","470","259.10237","1.215219","0.036489","1.440555"
"370","470","255.073724","1.213254","0.03674","1.436826"
"380","470","251.168438","1.211311","0.036993","1.433218"
"390","470","247.380933","1.209388","0.037247","1.429724"
"400","470","243.705958","1.207487","0.037502","1.426339"
"410","470","240.138572","1.205608","0.037758","1.42306"
"420","470","236.674119","1.203751","0.038014","1.419882"
"430","470","233.308206","1.201916","0.038272","1.4168"
"440","470","230.03669","1.200103","0.038529","1.41381"
"450","470","226.855653","1.198312","0.038788","1.410909"
"460","470","223.761393","1.196544","0.039046","1.408094"
"470","470","220.750408","1.194797","0.039305","1.40536"
"480","470","217.819379","1.193073","0.039564","1.402706"
"490","470","214.965165","1.191371","0.039823","1.400128"
"500","470","212.184784","1.18969","0.040082","1.397623"
"-100","480","967.563364","1.412663","0.062931","1.831773"
"-90","480","914.734351","1.388354","0.057762","1.838158"
"-80","480","867.375596","1.368762","0.053409","1.840326"
"-70","480","824.679283","1.353032","0.049737","1.838626"
"-60","480","785.989193","1.340438","0.046639","1.833456"
"-50","480","750.766733","1.330364","0.044029","1.825263"
"-40","480","718.565715","1.322292","0.041835","1.814533"
"-30","480","689.013351","1.315786","0.039995","1.801779"
"-20","480","661.795759","1.310486","0.038457","1.78752"
"-10","480","636.646766","1.306102","0.037175","1.77224"
"0","480","613.339178","1.3024","0.036111","1.75637"
"10","480","591.677897","1.299198","0.035232","1.740272"
"20","480","571.494445","1.296355","0.03451","1.724229"
"30","480","552.642574","1.293764","0.033922","1.708457"
"40","480","534.994719","1.291343","0.033446","1.693108"
"50","480","518.439104","1.289034","0.033068","1.678285"
"60","480","502.877372","1.286794","0.032772","1.664052"
"70","480","488.222633","1.284592","0.032548","1.650442"
"80","480","474.397838","1.282407","0.032384","1.637464"
"90","480","461.334425","1.280223","0.032273","1.625115"
"100","480","448.971182","1.278033","0.032207","1.613378"
"110","480","437.253286","1.27583","0.03218","1.60223"
"120","480","426.131493","1.273613","0.032187","1.591643"
"130","480","415.561445","1.271379","0.032225","1.581587"
"140","480","405.503077","1.269131","0.032288","1.572032"
"150","480","395.920114","1.266869","0.032374","1.562947"
"160","480","386.779629","1.264596","0.03248","1.554302"
"170","480","378.051667","1.262313","0.032604","1.546069"
"180","480","369.708918","1.260025","0.032743","1.53822"
"190","480","361.726431","1.257734","0.032896","1.53073"
"200","480","354.081362","1.255441","0.033061","1.523576"
"210","480","346.752761","1.253151","0.033237","1.516736"
"220","480","339.721376","1.250865","0.033422","1.510189"
"230","480","332.969485","1.248586","0.033616","1.503916"
"240","480","326.480749","1.246315","0.033817","1.497901"
"250","480","320.240077","1.244056","0.034025","1.492128"
"260","480","314.233511","1.241809","0.034239","1.486581"
"270","480","308.44812","1.239576","0.034459","1.481248"
"280","480","302.871909","1.237358","0.034683","1.476116"
"290","480","297.493734","1.235158","0.034911","1.471174"
"300","480","292.30323","1.232976","0.035143","1.466412"
"310","480","287.290742","1.230812","0.035379","1.46182"
"320","480","282.447267","1.228669","0.035617","1.457388"
"330","480","277.764398","1.226547","0.035858","1.45311"
"340","480","273.234276","1.224446","0.036102","1.448977"
"350","480","268.849549","1.222366","0.036347","1.444981"
"360","480","264.603327","1.22031","0.036595","1.441118"
"370","480","260.489149","1.218276","0.036844","1.43738"
"380","480","256.500951","1.216265","0.037094","1.433762"
"390","480","252.633034","1.214278","0.037346","1.430258"
"400","480","248.880036","1.212314","0.037599","1.426864"
"410","480","245.236912","1.210373","0.037853","1.423574"
"420","480","241.698906","1.208457","0.038107","1.420386"
"430","480","238.261532","1.206564","0.038363","1.417293"
"440","480","234.920559","1.204695","0.038619","1.414294"
"450","480","231.671986","1.20285","0.038875","1.411383"
"460","480","228.512032","1.201028","0.039132","1.408557"
"470","480","225.437121","1.19923","0.039389","1.405814"
"480","480","222.443864","1.197455","0.039646","1.40315"
"490","480","219.529052","1.195703","0.039904","1.400562"
"500","480","216.689642","1.193975","0.040162","1.398047"
"-100","490","987.678472","1.434692","0.063714","1.823928"
"-90","490","933.751173","1.409136","0.058511","1.830282"
"-80","490","885.407856","1.388371","0.054124","1.832567"
"-70","490","841.82391","1.371537","0.050418","1.831125"
"-60","490","802.329474","1.357906","0.047286","1.826344"
"-50","490","766.374759","1.346864","0.044643","1.81865"
"-40","490","733.504299","1.337889","0.042415","1.808501"
"-30","490","703.337559","1.330548","0.040542","1.796378"
"-20","490","675.554128","1.32448","0.038972","1.782765"
"-10","490","649.882301","1.31939","0.037659","1.76812"
"0","490","626.090161","1.315043","0.036566","1.752852"
"10","490","603.978553","1.311252","0.035659","1.737309"
"20","490","583.375499","1.307871","0.034912","1.721768"
"30","490","564.131708","1.304789","0.034299","1.706442"
"40","490","546.116964","1.301921","0.033802","1.691486"
"50","490","529.217167","1.299202","0.033404","1.677005"
"60","490","513.331915","1.296587","0.033089","1.663068"
"70","490","498.372512","1.294041","0.032848","1.649711"
"80","490","484.260307","1.291538","0.032668","1.636952"
"90","490","470.925313","1.289063","0.032542","1.624788"
"100","490","458.305045","1.286602","0.032463","1.613208"
"110","490","446.34354","1.284148","0.032424","1.602193"
"120","490","434.990531","1.281697","0.03242","1.591719"
"130","490","424.200738","1.279246","0.032447","1.581759"
"140","490","413.933263","1.276795","0.032501","1.572284"
"150","490","404.151075","1.274342","0.032578","1.563266"
"160","490","394.820564","1.27189","0.032676","1.554676"
"170","490","385.911153","1.26944","0.032792","1.546489"
"180","490","377.394963","1.266993","0.032924","1.538679"
"190","490","369.246524","1.264552","0.03307","1.53122"
"200","490","361.442518","1.262117","0.033229","1.524091"
"210","490","353.961559","1.259692","0.033399","1.517271"
"220","490","346.783996","1.257279","0.033579","1.510739"
"230","490","339.891737","1.254877","0.033767","1.504479"
"240","490","333.268104","1.252491","0.033964","1.498472"
"250","490","326.897692","1.25012","0.034167","1.492704"
"260","490","320.766252","1.247767","0.034377","1.487161"
"270","490","314.860586","1.245433","0.034593","1.481829"
"280","490","309.168449","1.243118","0.034813","1.476697"
"290","490","303.678465","1.240825","0.035038","1.471753"
"300","490","298.380053","1.238552","0.035266","1.466987"
"310","490","293.263358","1.236303","0.035498","1.46239"
"320","490","288.31919","1.234077","0.035734","1.457954"
"330","490","283.538966","1.231874","0.035972","1.453669"
"340","490","278.914666","1.229695","0.036213","1.449529"
"350","490","274.438783","1.227542","0.036456","1.445526"
"360","490","270.104284","1.225413","0.036701","1.441655"
"370","490","265.904575","1.223309","0.036947","1.437908"
"380","490","261.833465","1.22123","0.037195","1.434282"
"390","490","257.885135","1.219177","0.037445","1.430769"
"400","490","254.054115","1.21715","0.037696","1.427366"
"410","490","250.335252","1.215148","0.037948","1.424067"
"420","490","246.723692","1.213171","0.0382","1.420869"
"430","490","243.214858","1.21122","0.038454","1.417768"
"440","490","239.804427","1.209295","0.038708","1.414759"
"450","490","236.488318","1.207394","0.038963","1.411838"
"460","490","233.262671","1.205519","0.039218","1.409004"
"470","490","230.123834","1.203669","0.039473","1.406251"
"480","490","227.068349","1.201843","0.039729","1.403577"
"490","490","224.09294","1.200042","0.039985","1.40098"
"500","490","221.1945","1.198265","0.040242","1.398456"
"-100","500","1007.79358","1.456667","0.064491","1.816348"
"-90","500","952.767996","1.429875","0.059253","1.822672"
"-80","500","903.440116","1.407951","0.054834","1.825064"
"-70","500","858.968538","1.390026","0.051094","1.823861"
"-60","500","818.669756","1.375373","0.047929","1.81944"
"-50","500","781.982785","1.363373","0.045252","1.812208"
"-40","500","748.442884","1.353508","0.042991","1.802601"
"-30","500","717.661766","1.345341","0.041086","1.791068"
"-20","500","689.312496","1.338511","0.039484","1.778065"
"-10","500","663.117836","1.332721","0.038141","1.764021"
"0","500","638.841144","1.327733","0.03702","1.749328"
"10","500","616.27921","1.323355","0.036086","1.734318"
"20","500","595.256553","1.319439","0.035313","1.719262"
"30","500","575.620843","1.315867","0.034677","1.704371"
"40","500","557.239209","1.312551","0.034158","1.689798"
"50","500","539.99523","1.309423","0.03374","1.675654"
"60","500","523.786458","1.306431","0.033407","1.662008"
"70","500","508.522391","1.303539","0.033148","1.648904"
"80","500","494.122776","1.300718","0.032953","1.636362"
"90","500","480.516201","1.297948","0.032813","1.624384"
"100","500","467.638908","1.295215","0.03272","1.612963"
"110","500","455.433795","1.292509","0.032669","1.602084"
"120","500","443.84957","1.289823","0.032654","1.591725"
"130","500","432.840031","1.287153","0.03267","1.581862"
"140","500","422.363448","1.284496","0.032714","1.572469"
"150","500","412.382036","1.281851","0.032783","1.563521"
"160","500","402.861499","1.279219","0.032872","1.55499"
"170","500","393.770638","1.276599","0.03298","1.546852"
"180","500","385.081007","1.273992","0.033105","1.539082"
"190","500","376.766616","1.271399","0.033245","1.531657"
"200","500","368.803674","1.268821","0.033397","1.524555"
"210","500","361.170358","1.26626","0.033561","1.517757"
"220","500","353.846615","1.263717","0.033736","1.511243"
"230","500","346.813989","1.261193","0.033919","1.504996"
"240","500","340.055458","1.258689","0.034111","1.499"
"250","500","333.555306","1.256206","0.03431","1.493239"
"260","500","327.298994","1.253746","0.034516","1.487701"
"270","500","321.273052","1.251309","0.034727","1.482372"
"280","500","315.464989","1.248896","0.034943","1.477241"
"290","500","309.863195","1.246508","0.035164","1.472297"
"300","500","304.456876","1.244145","0.03539","1.467529"
"310","500","299.235974","1.241809","0.035619","1.462929"
"320","500","294.191113","1.239498","0.035851","1.458489"
"330","500","289.313535","1.237215","0.036086","1.454199"
"340","500","284.595056","1.234958","0.036324","1.450053"
"350","500","280.028016","1.232729","0.036564","1.446044"
"360","500","275.605241","1.230527","0.036807","1.442166"
"370","500","271.320001","1.228353","0.037051","1.438413"
"380","500","267.165978","1.226206","0.037297","1.434778"
"390","500","263.137237","1.224087","0.037544","1.431258"
"400","500","259.228193","1.221996","0.037793","1.427847"
"410","500","255.433592","1.219931","0.038043","1.42454"
"420","500","251.748479","1.217895","0.038293","1.421334"
"430","500","248.168184","1.215885","0.038545","1.418223"
"440","500","244.688296","1.213902","0.038797","1.415206"
"450","500","241.304651","1.211946","0.03905","1.412277"
"460","500","238.01331","1.210017","0.039304","1.409433"
"470","500","234.810548","1.208114","0.039558","1.406672"
"480","500","231.692835","1.206237","0.039812","1.40399"
"490","500","228.656828","1.204386","0.040067","1.401384"
"500","500","225.699358","1.202561","0.040322","1.398852"
