"1.01","Hydrogen Sulfide","H2 S","14/05/2015"
"-80","0","2.150295","0.002187","0.454373","1.565976"
"-70","0","2.044447","0.002116","0.352587","1.59564"
"-60","0","1.948531","0.976977","0.008753","1.357892"
"-50","0","1.861212","0.98032","0.009166","1.353107"
"-40","0","1.781383","0.983019","0.009585","1.349094"
"-30","0","1.70812","0.985229","0.010008","1.345616"
"-20","0","1.640646","0.98706","0.010436","1.342515"
"-10","0","1.578299","0.988592","0.010866","1.339682"
"0","0","1.520518","0.989886","0.011298","1.337042"
"10","0","1.466818","0.990988","0.011733","1.33454"
"20","0","1.416781","0.991933","0.012169","1.332138"
"30","0","1.370046","0.992749","0.012605","1.329811"
"40","0","1.326296","0.993459","0.013043","1.327539"
"50","0","1.285253","0.994079","0.013482","1.325309"
"60","0","1.246674","0.994624","0.01392","1.323113"
"70","0","1.210344","0.995105","0.014359","1.320945"
"80","0","1.176071","0.995532","0.014798","1.318801"
"90","0","1.143686","0.995913","0.015237","1.316678"
"100","0","1.113036","0.996252","0.015676","1.314576"
"110","0","1.083987","0.996557","0.016114","1.312493"
"120","0","1.056415","0.996832","0.016552","1.31043"
"130","0","1.030211","0.99708","0.016989","1.308385"
"140","0","1.005275","0.997304","0.017426","1.306359"
"150","0","0.981518","0.997508","0.017862","1.304352"
"160","0","0.958858","0.997694","0.018297","1.302363"
"170","0","0.937221","0.997863","0.018731","1.300394"
"180","0","0.916539","0.998018","0.019165","1.298444"
"190","0","0.896749","0.998161","0.019598","1.296513"
"200","0","0.877797","0.998291","0.02003","1.2946"
"210","0","0.859628","0.998411","0.02046","1.292707"
"220","0","0.842197","0.998522","0.02089","1.290833"
"230","0","0.825459","0.998624","0.021319","1.288977"
"240","0","0.809372","0.998719","0.021747","1.287141"
"250","0","0.793901","0.998807","0.022174","1.285323"
"260","0","0.779011","0.998888","0.0226","1.283524"
"270","0","0.764668","0.998963","0.023025","1.281744"
"280","0","0.750844","0.999034","0.023448","1.279983"
"290","0","0.737511","0.999099","0.023871","1.278241"
"300","0","0.724644","0.99916","0.024293","1.276518"
"310","0","0.712217","0.999217","0.024713","1.274814"
"320","0","0.70021","0.999271","0.025132","1.273129"
"330","0","0.688601","0.999321","0.025551","1.271464"
"340","0","0.67737","0.999367","0.025968","1.269817"
"350","0","0.6665","0.999411","0.026384","1.268191"
"360","0","0.655973","0.999452","0.026799","1.266583"
"370","0","0.645774","0.999491","0.027213","1.264996"
"380","0","0.635887","0.999527","0.027625","1.263428"
"390","0","0.626298","0.999561","0.028037","1.26188"
"400","0","0.616994","0.999593","0.028448","1.260352"
"410","0","0.607962","0.999623","0.028857","1.258844"
"420","0","0.599191","0.999652","0.029265","1.257357"
"430","0","0.59067","0.999679","0.029673","1.25589"
"440","0","0.582387","0.999704","0.030079","1.254442"
"450","0","0.574334","0.999728","0.030484","1.253016"
"460","0","0.5665","0.999751","0.030888","1.251609"
"470","0","0.558877","0.999772","0.031291","1.250223"
"480","0","0.551456","0.999793","0.031692","1.248858"
"-80","10","23.372056","0.023753","0.454509","1.564041"
"-70","10","22.221573","0.022981","0.353256","1.593352"
"-60","10","21.179041","0.022303","0.294204","1.624647"
"-50","10","20.229946","0.021709","0.255651","1.658327"
"-40","10","19.362267","0.021193","0.227678","1.694921"
"-30","10","18.565957","0.020749","0.20554","1.73514"
"-20","10","17.83256","0.020375","0.186872","1.779969"
"-10","10","17.154902","0.02007","0.170441","1.830811"
"0","10","16.526863","0.019835","0.155571","1.889747"
"10","10","15.943184","0.891813","0.01192","1.478101"
"20","10","15.399326","0.904531","0.012333","1.454607"
"30","10","14.891349","0.915172","0.01275","1.435872"
"40","10","14.415815","0.924193","0.013172","1.420475"
"50","10","13.969712","0.931924","0.013598","1.407523"
"60","10","13.55039","0.938607","0.014025","1.396419"
"70","10","13.155508","0.944427","0.014454","1.38675"
"80","10","12.782989","0.94953","0.014884","1.378217"
"90","10","12.430986","0.95403","0.015315","1.370599"
"100","10","12.097849","0.958018","0.015747","1.363732"
"110","10","11.782102","0.961569","0.016179","1.357486"
"120","10","11.482418","0.964745","0.016612","1.351762"
"130","10","11.1976","0.967596","0.017044","1.346479"
"140","10","10.92657","0.970164","0.017476","1.341574"
"150","10","10.668351","0.972485","0.017908","1.336995"
"160","10","10.422054","0.97459","0.01834","1.332699"
"170","10","10.186872","0.976503","0.018771","1.328651"
"180","10","9.962071","0.978247","0.019201","1.324821"
"190","10","9.746977","0.97984","0.019631","1.321185"
"200","10","9.540975","0.9813","0.02006","1.31772"
"210","10","9.343501","0.98264","0.020489","1.314411"
"220","10","9.154035","0.983872","0.020917","1.31124"
"230","10","8.972101","0.985007","0.021343","1.308195"
"240","10","8.797257","0.986055","0.02177","1.305264"
"250","10","8.629098","0.987024","0.022195","1.302438"
"260","10","8.467247","0.987922","0.022619","1.299708"
"270","10","8.311355","0.988754","0.023042","1.297065"
"280","10","8.1611","0.989528","0.023464","1.294505"
"290","10","8.016181","0.990247","0.023886","1.29202"
"300","10","7.87632","0.990917","0.024306","1.289606"
"310","10","7.741254","0.991542","0.024725","1.287258"
"320","10","7.610744","0.992125","0.025144","1.284972"
"330","10","7.48456","0.99267","0.025561","1.282744"
"340","10","7.362493","0.99318","0.025977","1.280572"
"350","10","7.244343","0.993658","0.026392","1.278452"
"360","10","7.129926","0.994105","0.026807","1.276383"
"370","10","7.019066","0.994526","0.02722","1.274361"
"380","10","6.911602","0.99492","0.027632","1.272385"
"390","10","6.807378","0.995291","0.028043","1.270452"
"400","10","6.706251","0.99564","0.028453","1.268562"
"410","10","6.608084","0.995969","0.028861","1.266712"
"420","10","6.51275","0.996278","0.029269","1.264902"
"430","10","6.420127","0.99657","0.029676","1.263129"
"440","10","6.330102","0.996845","0.030082","1.261394"
"450","10","6.242567","0.997105","0.030486","1.259694"
"460","10","6.15742","0.997351","0.03089","1.258029"
"470","10","6.074564","0.997583","0.031292","1.256397"
"480","10","5.993909","0.997802","0.031694","1.254799"
"-80","20","44.593816","0.045285","0.454654","1.562134"
"-70","20","42.398699","0.043809","0.353931","1.5911"
"-60","20","40.40955","0.042511","0.295086","1.621972"
"-50","20","38.598681","0.041374","0.256611","1.655129"
"-40","20","36.943151","0.040384","0.228668","1.691062"
"-30","20","35.423794","0.039531","0.206546","1.730432"
"-20","20","34.024474","0.03881","0.187894","1.774144"
"-10","20","32.731505","0.038218","0.171487","1.823477"
"0","20","31.533207","0.037757","0.15665","1.880301"
"10","20","30.41955","0.037436","0.142984","1.947485"
"20","20","29.381871","0.03727","0.130218","2.029698"
"30","20","28.412653","0.82146","0.012927","1.632277"
"40","20","27.505335","0.843106","0.013331","1.576863"
"50","20","26.654172","0.860889","0.01374","1.536178"
"60","20","25.854107","0.875796","0.014153","1.504755"
"70","20","25.100672","0.888482","0.014571","1.479592"
"80","20","24.389907","0.899402","0.014991","1.458888"
"90","20","23.718286","0.908889","0.015413","1.441482"
"100","20","23.082663","0.917197","0.015837","1.426594"
"110","20","22.480218","0.924519","0.016262","1.413672"
"120","20","21.908421","0.93101","0.016689","1.402319"
"130","20","21.36499","0.936794","0.017115","1.392237"
"140","20","20.847865","0.94197","0.017542","1.383201"
"150","20","20.355183","0.946623","0.01797","1.375035"
"160","20","19.885249","0.95082","0.018397","1.367603"
"170","20","19.436524","0.954619","0.018824","1.360793"
"180","20","19.007604","0.958068","0.019251","1.354517"
"190","20","18.597205","0.961208","0.019678","1.348703"
"200","20","18.204154","0.964075","0.020104","1.34329"
"210","20","17.827374","0.966699","0.02053","1.33823"
"220","20","17.465874","0.969106","0.020955","1.333479"
"230","20","17.118743","0.971318","0.021379","1.329003"
"240","20","16.785142","0.973356","0.021803","1.324772"
"250","20","16.464294","0.975236","0.022226","1.32076"
"260","20","16.155483","0.976975","0.022648","1.316946"
"270","20","15.858042","0.978585","0.02307","1.313309"
"280","20","15.571356","0.980077","0.02349","1.309835"
"290","20","15.294851","0.981464","0.02391","1.306508"
"300","20","15.027995","0.982754","0.024329","1.303317"
"310","20","14.770292","0.983955","0.024747","1.300249"
"320","20","14.521277","0.985075","0.025164","1.297296"
"330","20","14.28052","0.98612","0.02558","1.294449"
"340","20","14.047616","0.987098","0.025995","1.2917"
"350","20","13.822187","0.988012","0.026409","1.289043"
"360","20","13.603878","0.988869","0.026822","1.286471"
"370","20","13.392359","0.989672","0.027234","1.28398"
"380","20","13.187316","0.990425","0.027645","1.281565"
"390","20","12.988458","0.991133","0.028055","1.279221"
"400","20","12.795507","0.991798","0.028464","1.276944"
"410","20","12.608206","0.992424","0.028872","1.274731"
"420","20","12.426308","0.993014","0.029279","1.272578"
"430","20","12.249585","0.993569","0.029685","1.270484"
"440","20","12.077818","0.994093","0.03009","1.268445"
"450","20","11.910801","0.994587","0.030494","1.266458"
"460","20","11.74834","0.995053","0.030897","1.264522"
"470","20","11.590252","0.995494","0.031299","1.262635"
"480","20","11.436361","0.99591","0.0317","1.260794"
"-80","30","65.815577","0.066783","0.454809","1.560252"
"-70","30","62.575824","0.0646","0.354613","1.588882"
"-60","30","59.64006","0.06268","0.295972","1.619345"
"-50","30","56.967415","0.060996","0.257573","1.651994"
"-40","30","54.524035","0.059527","0.229658","1.68729"
"-30","30","52.281631","0.05826","0.207549","1.725846"
"-20","30","50.216388","0.057185","0.188912","1.768495"
"-10","30","48.308108","0.056297","0.172525","1.816402"
"0","30","46.539552","0.055599","0.15772","1.871253"
"10","30","44.895916","0.055101","0.144098","1.935588"
"20","30","43.364416","0.054823","0.131394","2.01346"
"30","30","41.933956","0.054805","0.119402","2.111822"
"40","30","40.594854","0.055117","0.10792","2.243945"
"50","30","39.338631","0.775392","0.013924","1.773582"
"60","30","38.157823","0.802857","0.01432","1.683796"
"70","30","37.045836","0.825187","0.014722","1.621314"
"80","30","35.996825","0.843806","0.015129","1.574832"
"90","30","35.005586","0.859609","0.015539","1.538647"
"100","30","34.067476","0.873199","0.015953","1.50953"
"110","30","33.178334","0.885008","0.01637","1.485499"
"120","30","32.334424","0.895357","0.016788","1.465263"
"130","30","31.532379","0.90449","0.017208","1.447939"
"140","30","30.769161","0.9126","0.017628","1.432903"
"150","30","30.042015","0.919839","0.01805","1.419699"
"160","30","29.348444","0.92633","0.018472","1.407985"
"170","30","28.686176","0.932176","0.018894","1.397501"
"180","30","28.053136","0.937459","0.019317","1.388045"
"190","30","27.447433","0.942251","0.019739","1.379455"
"200","30","26.867333","0.94661","0.020162","1.371603"
"210","30","26.311246","0.950587","0.020584","1.364386"
"220","30","25.777712","0.954225","0.021006","1.357718"
"230","30","25.265385","0.95756","0.021428","1.351528"
"240","30","24.773027","0.960625","0.021849","1.345759"
"250","30","24.299491","0.963447","0.022269","1.34036"
"260","30","23.843719","0.966051","0.022689","1.335291"
"270","30","23.404729","0.968458","0.023108","1.330515"
"280","30","22.981612","0.970687","0.023526","1.326002"
"290","30","22.573522","0.972754","0.023944","1.321726"
"300","30","22.179671","0.974674","0.024361","1.317664"
"310","30","21.799329","0.97646","0.024777","1.313796"
"320","30","21.431811","0.978123","0.025193","1.310106"
"330","30","21.07648","0.979674","0.025607","1.306579"
"340","30","20.732739","0.981122","0.026021","1.303201"
"350","30","20.40003","0.982476","0.026433","1.29996"
"360","30","20.077831","0.983743","0.026845","1.296846"
"370","30","19.765651","0.984929","0.027256","1.29385"
"380","30","19.463031","0.986042","0.027666","1.290964"
"390","30","19.169537","0.987086","0.028075","1.28818"
"400","30","18.884764","0.988067","0.028483","1.285492"
"410","30","18.608327","0.98899","0.02889","1.282895"
"420","30","18.339867","0.989858","0.029296","1.280382"
"430","30","18.079042","0.990675","0.029701","1.277948"
"440","30","17.825533","0.991445","0.030105","1.27559"
"450","30","17.579034","0.992171","0.030509","1.273304"
"460","30","17.33926","0.992857","0.030911","1.271086"
"470","30","17.105939","0.993504","0.031312","1.268931"
"480","30","16.878814","0.994115","0.031712","1.266839"
"-80","40","87.037338","0.088247","0.454973","1.558397"
"-70","40","82.75295","0.085355","0.355301","1.586699"
"-60","40","78.870569","0.08281","0.296863","1.616762"
"-50","40","75.336149","0.080575","0.258538","1.64892"
"-40","40","72.104919","0.078624","0.230648","1.683602"
"-30","40","69.139468","0.076937","0.208551","1.721377"
"-20","40","66.408302","0.0755","0.189925","1.763012"
"-10","40","63.884711","0.074309","0.173558","1.80957"
"0","40","61.545897","0.073363","0.158781","1.862573"
"10","40","59.372282","0.072674","0.145199","1.924277"
"20","40","57.346961","0.072266","0.132553","1.998211"
"30","40","55.455259","0.072182","0.120641","2.090268"
"40","40","53.684374","0.072504","0.109277","2.211254"
"50","40","52.023091","0.073381","0.098237","2.383926"
"60","40","50.461539","0.712136","0.01456","2.053784"
"70","40","48.991","0.750514","0.014935","1.869164"
"80","40","47.603743","0.780452","0.015318","1.75694"
"90","40","46.292887","0.804817","0.01571","1.680143"
"100","40","45.052289","0.825177","0.016108","1.623691"
"110","40","43.87645","0.842502","0.016511","1.580145"
"120","40","42.760427","0.857443","0.016918","1.545363"
"130","40","41.699769","0.870464","0.017327","1.516833"
"140","40","40.690456","0.88191","0.017739","1.492938"
"150","40","39.728847","0.892041","0.018153","1.47258"
"160","40","38.81164","0.901063","0.018568","1.454987"
"170","40","37.935827","0.90914","0.018985","1.439601"
"180","40","37.098669","0.916403","0.019401","1.426004"
"190","40","36.297661","0.92296","0.019819","1.41388"
"200","40","35.530512","0.928903","0.020237","1.402982"
"210","40","34.795119","0.934306","0.020654","1.393118"
"220","40","34.08955","0.939233","0.021072","1.384132"
"230","40","33.412028","0.943738","0.02149","1.3759"
"240","40","32.760912","0.947868","0.021908","1.36832"
"250","40","32.134687","0.951663","0.022325","1.361308"
"260","40","31.531955","0.955158","0.022742","1.354793"
"270","40","30.951416","0.958382","0.023158","1.348716"
"280","40","30.391868","0.961362","0.023574","1.343028"
"290","40","29.852192","0.964122","0.023989","1.337687"
"300","40","29.331347","0.966682","0.024404","1.332656"
"310","40","28.828366","0.96906","0.024818","1.327904"
"320","40","28.342345","0.971272","0.025231","1.323404"
"330","40","27.872439","0.973333","0.025644","1.319133"
"340","40","27.417861","0.975255","0.026055","1.31507"
"350","40","26.977873","0.97705","0.026466","1.311198"
"360","40","26.551784","0.978728","0.026877","1.3075"
"370","40","26.138944","0.980299","0.027286","1.303963"
"380","40","25.738746","0.981771","0.027695","1.300575"
"390","40","25.350617","0.983151","0.028102","1.297325"
"400","40","24.97402","0.984447","0.028509","1.294202"
"410","40","24.608449","0.985664","0.028915","1.291198"
"420","40","24.253425","0.986809","0.02932","1.288305"
"430","40","23.9085","0.987887","0.029724","1.285516"
"440","40","23.573248","0.988902","0.030127","1.282825"
"450","40","23.247268","0.989858","0.030529","1.280226"
"460","40","22.93018","0.99076","0.03093","1.277714"
"470","40","22.621627","0.991612","0.03133","1.275283"
"480","40","22.321266","0.992416","0.03173","1.27293"
"-80","50","108.259098","0.109679","0.455145","1.556566"
"-70","50","102.930075","0.106076","0.355996","1.584548"
"-60","50","98.101078","0.102901","0.297758","1.614224"
"-50","50","93.704884","0.100112","0.259504","1.645905"
"-40","50","89.685802","0.097674","0.231638","1.679994"
"-30","50","85.997305","0.095562","0.209551","1.717019"
"-20","50","82.600217","0.093759","0.190935","1.757686"
"-10","50","79.461314","0.092255","0.174584","1.802968"
"0","50","76.552242","0.091052","0.159833","1.854237"
"10","50","73.848649","0.09016","0.146289","1.913503"
"20","50","71.329507","0.089604","0.133695","1.983851"
"30","50","68.976562","0.089432","0.121857","2.070301"
"40","50","66.773894","0.089729","0.110598","2.181735"
"50","50","64.70755","0.090651","0.09972","2.335851"
"60","50","62.765255","0.092515","0.088934","2.575243"
"70","50","60.936164","0.654143","0.015288","2.453961"
"80","50","59.210661","0.70471","0.015608","2.092193"
"90","50","57.580187","0.742144","0.015957","1.906734"
"100","50","56.037103","0.771822","0.016324","1.790673"
"110","50","54.574566","0.796241","0.016703","1.710005"
"120","50","53.18643","0.816816","0.017091","1.650148"
"130","50","51.867158","0.834443","0.017485","1.60369"
"140","50","50.611751","0.849735","0.017884","1.566427"
"150","50","49.41568","0.863132","0.018286","1.535771"
"160","50","48.274835","0.874963","0.018691","1.510041"
"170","50","47.185479","0.885481","0.019099","1.488087"
"180","50","46.144201","0.894884","0.019508","1.469095"
"190","50","45.147889","0.903332","0.019919","1.452475"
"200","50","44.193691","0.910956","0.02033","1.437782"
"210","50","43.278992","0.917862","0.020743","1.42468"
"220","50","42.401389","0.924139","0.021155","1.412904"
"230","50","41.55867","0.929862","0.021568","1.402249"
"240","50","40.748796","0.935096","0.021981","1.392548"
"250","50","39.969884","0.939893","0.022395","1.383667"
"260","50","39.220191","0.944302","0.022808","1.375496"
"270","50","38.498103","0.948363","0.023221","1.367943"
"280","50","37.802124","0.95211","0.023633","1.360933"
"290","50","37.130862","0.955574","0.024046","1.354403"
"300","50","36.483023","0.958783","0.024457","1.348297"
"310","50","35.857403","0.96176","0.024869","1.342571"
"320","50","35.252878","0.964526","0.02528","1.337185"
"330","50","34.668399","0.9671","0.02569","1.332105"
"340","50","34.102984","0.969499","0.0261","1.327302"
"350","50","33.555717","0.971737","0.026508","1.32275"
"360","50","33.025736","0.973827","0.026917","1.318427"
"370","50","32.512236","0.975782","0.027324","1.314313"
"380","50","32.01446","0.977612","0.027731","1.310391"
"390","50","31.531697","0.979328","0.028137","1.306646"
"400","50","31.063277","0.980937","0.028542","1.303064"
"410","50","30.60857","0.982448","0.028946","1.299633"
"420","50","30.166984","0.983868","0.02935","1.296342"
"430","50","29.737958","0.985204","0.029753","1.293182"
"440","50","29.320963","0.986461","0.030155","1.290144"
"450","50","28.915501","0.987646","0.030556","1.287219"
"460","50","28.521101","0.988762","0.030956","1.284402"
"470","50","28.137314","0.989816","0.031355","1.281685"
"480","50","27.763719","0.99081","0.031753","1.279062"
"-80","60","129.480859","0.131079","0.455327","1.554761"
"-70","60","123.107201","0.126761","0.356697","1.58243"
"-60","60","117.331588","0.122955","0.298656","1.611728"
"-50","60","112.073618","0.119609","0.260472","1.642947"
"-40","60","107.266686","0.11668","0.232628","1.676464"
"-30","60","102.855143","0.114138","0.210549","1.712767"
"-20","60","98.792131","0.111961","0.191942","1.75251"
"-10","60","95.037917","0.110139","0.175605","1.796581"
"0","60","91.558587","0.108669","0.160877","1.84622"
"10","60","88.325015","0.107562","0.147367","1.903223"
"20","60","85.312052","0.106843","0.134821","1.970292"
"30","60","82.497865","0.106562","0.12305","2.051727"
"40","60","79.863413","0.106806","0.111886","2.154888"
"50","60","77.39201","0.107731","0.101151","2.293745"
"60","60","75.068972","0.109638","0.090602","2.499309"
"70","60","72.881329","0.113222","0.079804","2.861763"
"80","60","70.817579","0.603488","0.016165","2.995415"
"90","60","68.867487","0.666711","0.016361","2.337777"
"100","60","67.021916","0.710895","0.016649","2.059041"
"110","60","65.272681","0.745088","0.016977","1.898533"
"120","60","63.612433","0.772864","0.017328","1.7922"
"130","60","62.034548","0.796087","0.017695","1.71576"
"140","60","60.533046","0.815886","0.018072","1.657767"
"150","60","59.102512","0.833007","0.018458","1.612048"
"160","60","57.73803","0.847975","0.018848","1.574948"
"170","60","56.43513","0.861173","0.019244","1.544155"
"180","60","55.189734","0.872896","0.019642","1.518126"
"190","60","53.998117","0.88337","0.020043","1.495792"
"200","60","52.85687","0.892778","0.020446","1.476384"
"210","60","51.762864","0.901266","0.020851","1.459335"
"220","60","50.713227","0.908955","0.021257","1.444217"
"230","60","49.705312","0.915945","0.021664","1.430701"
"240","60","48.736681","0.922319","0.022072","1.418529"
"250","60","47.805081","0.928149","0.02248","1.407496"
"260","60","46.908427","0.933496","0.022889","1.397437"
"270","60","46.04479","0.93841","0.023297","1.388218"
"280","60","45.21238","0.942938","0.023706","1.379729"
"290","60","44.409532","0.947118","0.024114","1.371878"
"300","60","43.634699","0.950984","0.024523","1.364588"
"310","60","42.886441","0.954566","0.024931","1.357796"
"320","60","42.163412","0.95789","0.025339","1.351445"
"330","60","41.464359","0.96098","0.025746","1.34549"
"340","60","40.788107","0.963857","0.026153","1.339889"
"350","60","40.13356","0.966538","0.02656","1.334608"
"360","60","39.499689","0.969041","0.026966","1.329617"
"370","60","38.885529","0.97138","0.027371","1.32489"
"380","60","38.290175","0.973568","0.027776","1.320403"
"390","60","37.712777","0.975617","0.02818","1.316136"
"400","60","37.152533","0.977538","0.028583","1.312071"
"410","60","36.608692","0.979341","0.028986","1.308192"
"420","60","36.080542","0.981034","0.029387","1.304485"
"430","60","35.567415","0.982626","0.029789","1.300938"
"440","60","35.068678","0.984123","0.030189","1.297538"
"450","60","34.583735","0.985533","0.030588","1.294276"
"460","60","34.112021","0.986862","0.030987","1.291143"
"470","60","33.653001","0.988115","0.031385","1.288131"
"480","60","33.206171","0.989297","0.031782","1.285231"
"-80","70","150.70262","0.152446","0.455517","1.552979"
"-70","70","143.284327","0.147412","0.357405","1.580344"
"-60","70","136.562097","0.142972","0.299559","1.609274"
"-50","70","130.442353","0.139064","0.261443","1.640045"
"-40","70","124.84757","0.135641","0.233619","1.673007"
"-30","70","119.71298","0.132664","0.211546","1.708617"
"-20","70","114.984045","0.130109","0.192944","1.747476"
"-10","70","110.61452","0.127961","0.17662","1.790397"
"0","70","106.564931","0.126216","0.161913","1.838504"
"10","70","102.801381","0.124883","0.148435","1.893399"
"20","70","99.294597","0.123987","0.135933","1.957461"
"30","70","96.019169","0.123579","0.124223","2.034386"
"40","70","92.952933","0.123745","0.113145","2.130319"
"50","70","90.076469","0.124638","0.102535","2.256425"
"60","70","87.372688","0.126541","0.092187","2.435853"
"70","70","84.826493","0.130057","0.081765","2.727985"
"80","70","82.424497","0.136876","0.070488","3.363993"
"90","70","80.154787","0.564085","0.017227","3.594719"
"100","70","78.006729","0.637901","0.017201","2.568426"
"110","70","75.970797","0.687188","0.017395","2.196197"
"120","70","74.038436","0.724718","0.017668","1.994108"
"130","70","72.201937","0.754965","0.017983","1.864508"
"140","70","70.454341","0.780146","0.018323","1.773285"
"150","70","68.789344","0.80156","0.01868","1.705107"
"160","70","67.201226","0.820051","0.019048","1.651965"
"170","70","65.684782","0.836203","0.019425","1.609227"
"180","70","64.235266","0.850441","0.019809","1.574014"
"190","70","62.848345","0.863086","0.020197","1.544434"
"200","70","61.520049","0.874386","0.020589","1.519187"
"210","70","60.246737","0.884538","0.020984","1.49735"
"220","70","59.025065","0.893701","0.021381","1.478247"
"230","70","57.851955","0.902004","0.02178","1.461372"
"240","70","56.724566","0.909556","0.022181","1.446337"
"250","70","55.640277","0.916447","0.022583","1.43284"
"260","70","54.596663","0.922752","0.022985","1.420643"
"270","70","53.591477","0.928537","0.023389","1.409554"
"280","70","52.622636","0.933857","0.023792","1.399419"
"290","70","51.688202","0.938762","0.024196","1.390111"
"300","70","50.786375","0.943292","0.024601","1.381523"
"310","70","49.915478","0.947483","0.025005","1.373568"
"320","70","49.073946","0.951369","0.025409","1.366173"
"330","70","48.260318","0.954978","0.025813","1.359274"
"340","70","47.47323","0.958333","0.026217","1.352818"
"350","70","46.711403","0.961459","0.026621","1.34676"
"360","70","45.973641","0.964373","0.027024","1.341059"
"370","70","45.258821","0.967094","0.027427","1.335683"
"380","70","44.56589","0.969638","0.027829","1.3306"
"390","70","43.893857","0.972019","0.028231","1.325784"
"400","70","43.24179","0.97425","0.028632","1.321213"
"410","70","42.608814","0.976342","0.029032","1.316866"
"420","70","41.994101","0.978306","0.029432","1.312726"
"430","70","41.396873","0.980152","0.029832","1.308776"
"440","70","40.816393","0.981887","0.03023","1.305002"
"450","70","40.251968","0.98352","0.030628","1.301392"
"460","70","39.702941","0.985058","0.031025","1.297933"
"470","70","39.168689","0.986508","0.031422","1.294616"
"480","70","38.648624","0.987876","0.031817","1.291431"
"-80","80","171.92438","0.173782","0.455716","1.55122"
"-70","80","163.461452","0.168029","0.358118","1.578287"
"-60","80","155.792606","0.162952","0.300466","1.60686"
"-50","80","148.811087","0.158481","0.262415","1.637195"
"-40","80","142.428454","0.154558","0.234609","1.669623"
"-30","80","136.570817","0.151143","0.212541","1.704565"
"-20","80","131.175959","0.148204","0.193944","1.742579"
"-10","80","126.191123","0.145724","0.17763","1.784406"
"0","80","121.571276","0.143695","0.162941","1.831067"
"10","80","117.277747","0.142126","0.149492","1.883997"
"20","80","113.277142","0.141041","0.137031","1.94529"
"30","80","109.540472","0.140489","0.125377","2.018141"
"40","80","106.042453","0.140555","0.114377","2.10771"
"50","80","102.760929","0.141387","0.103879","2.223019"
"60","80","99.676404","0.143249","0.093702","2.3817"
"70","80","96.771657","0.146668","0.083581","2.624658"
"80","80","94.031415","0.15293","0.072987","3.080159"
"90","80","91.442087","0.16716","0.060092","4.598855"
"100","80","88.991542","0.540382","0.018413","3.988481"
"110","80","86.668913","0.61911","0.018106","2.735146"
"120","80","84.464439","0.67109","0.018184","2.300326"
"130","80","82.369327","0.71053","0.018392","2.068862"
"140","80","80.375636","0.742274","0.018663","1.922219"
"150","80","78.476176","0.768691","0.018972","1.819881"
"160","80","76.664421","0.791161","0.019305","1.743891"
"170","80","74.934433","0.810573","0.019654","1.684963"
"180","80","73.280799","0.827539","0.020015","1.637773"
"190","80","71.698573","0.842505","0.020385","1.599033"
"200","80","70.183227","0.855807","0.020761","1.566591"
"210","80","68.73061","0.867704","0.021143","1.538978"
"220","80","67.336904","0.878401","0.021529","1.515154"
"230","80","65.998597","0.888063","0.021918","1.49436"
"240","80","64.712451","0.896827","0.02231","1.47603"
"250","80","63.475474","0.904803","0.022704","1.459732"
"260","80","62.284899","0.912086","0.023099","1.445128"
"270","80","61.138165","0.918756","0.023496","1.431955"
"280","80","60.032892","0.92488","0.023894","1.42"
"290","80","58.966872","0.930517","0.024293","1.409091"
"300","80","57.938051","0.935716","0.024692","1.399088"
"310","80","56.944515","0.940521","0.025092","1.389874"
"320","80","55.98448","0.94497","0.025492","1.381353"
"330","80","55.056278","0.949098","0.025892","1.373443"
"340","80","54.158353","0.952932","0.026292","1.366075"
"350","80","53.289247","0.9565","0.026692","1.359191"
"360","80","52.447594","0.959825","0.027092","1.352739"
"370","80","51.632114","0.962928","0.027491","1.346678"
"380","80","50.841605","0.965826","0.027891","1.340969"
"390","80","50.074936","0.968536","0.02829","1.335579"
"400","80","49.331047","0.971074","0.028689","1.33048"
"410","80","48.608935","0.973453","0.029087","1.325646"
"420","80","47.907659","0.975686","0.029484","1.321056"
"430","80","47.22633","0.977782","0.029882","1.316689"
"440","80","46.564109","0.979752","0.030278","1.312528"
"450","80","45.920202","0.981605","0.030674","1.308558"
"460","80","45.293861","0.98335","0.03107","1.304764"
"470","80","44.684376","0.984995","0.031464","1.301134"
"480","80","44.091076","0.986545","0.031858","1.297657"
"-80","90","193.146141","0.195087","0.455924","1.549485"
"-70","90","183.638578","0.188612","0.358837","1.576261"
"-60","90","175.023116","0.182896","0.301376","1.604484"
"-50","90","167.179821","0.177858","0.263389","1.634398"
"-40","90","160.009338","0.173433","0.235599","1.666308"
"-30","90","153.428654","0.169575","0.213534","1.700607"
"-20","90","147.367873","0.166247","0.19494","1.73781"
"-10","90","141.767726","0.163428","0.178634","1.778597"
"0","90","136.577621","0.161109","0.163963","1.823893"
"10","90","131.754113","0.159295","0.15054","1.874986"
"20","90","127.259687","0.158008","0.138116","1.933724"
"30","90","123.061775","0.157297","0.126514","2.002878"
"40","90","119.131972","0.157244","0.115584","2.086805"
"50","90","115.445388","0.15799","0.105186","2.192866"
"60","90","111.98012","0.159781","0.095158","2.334716"
"70","90","108.716821","0.163081","0.085282","2.541515"
"80","90","105.638333","0.168911","0.075178","2.891422"
"90","90","102.729388","0.180341","0.063877","3.71335"
"100","90","99.976356","0.231958","0.042525","20.020438"
"110","90","97.367029","0.533103","0.019576","3.999714"
"120","90","94.890442","0.609958","0.019032","2.809088"
"130","90","92.536716","0.662096","0.018996","2.361365"
"140","90","90.296931","0.702026","0.019135","2.118142"
"150","90","88.163009","0.734328","0.01936","1.962846"
"160","90","86.127617","0.761303","0.019635","1.854097"
"170","90","84.184085","0.784309","0.019942","1.773224"
"180","90","82.326332","0.804227","0.020271","1.710473"
"190","90","80.548801","0.821669","0.020615","1.660217"
"200","90","78.846406","0.837081","0.02097","1.618969"
"210","90","77.214482","0.850801","0.021334","1.58444"
"220","90","75.648742","0.863088","0.021705","1.555065"
"230","90","74.145239","0.874151","0.022081","1.529737"
"240","90","72.700335","0.884156","0.022462","1.507644"
"250","90","71.31067","0.893241","0.022846","1.488183"
"260","90","69.973135","0.901519","0.023232","1.47089"
"270","90","68.684852","0.909085","0.023621","1.455409"
"280","90","67.443148","0.916021","0.024012","1.441454"
"290","90","66.245542","0.922395","0.024404","1.4288"
"300","90","65.089727","0.928266","0.024797","1.417263"
"310","90","63.973552","0.933686","0.025191","1.406693"
"320","90","62.895013","0.9387","0.025586","1.396965"
"330","90","61.852238","0.943346","0.025982","1.387977"
"340","90","60.843476","0.947659","0.026377","1.379641"
"350","90","59.86709","0.951668","0.026774","1.371883"
"360","90","58.921546","0.955401","0.02717","1.364641"
"370","90","58.005406","0.958882","0.027566","1.357861"
"380","90","57.117319","0.962132","0.027962","1.351497"
"390","90","56.256016","0.965169","0.028358","1.345508"
"400","90","55.420303","0.968012","0.028754","1.339859"
"410","90","54.609057","0.970675","0.029149","1.33452"
"420","90","53.821218","0.973172","0.029544","1.329464"
"430","90","53.055788","0.975516","0.029939","1.324667"
"440","90","52.311824","0.977718","0.030333","1.320107"
"450","90","51.588435","0.979789","0.030727","1.315767"
"460","90","50.884781","0.981738","0.03112","1.31163"
"470","90","50.200063","0.983573","0.031513","1.307679"
"480","90","49.533529","0.985303","0.031905","1.303903"
"-80","100","214.367902","0.21636","0.45614","1.547771"
"-70","100","203.815704","0.209163","0.359563","1.574264"
"-60","100","194.253625","0.202805","0.30229","1.602147"
"-50","100","185.548556","0.197196","0.264365","1.63165"
"-40","100","177.590222","0.192266","0.23659","1.663059"
"-30","100","170.286491","0.187961","0.214525","1.696739"
"-20","100","163.559787","0.184239","0.195933","1.733165"
"-10","100","157.344329","0.181076","0.179634","1.772961"
"0","100","151.583966","0.178459","0.164977","1.816966"
"10","100","146.230479","0.176391","0.151578","1.866337"
"20","100","141.242232","0.174892","0.139189","1.922712"
"30","100","136.583078","0.174009","0.127634","1.988496"
"40","100","132.221492","0.17382","0.116768","2.067393"
"50","100","128.129847","0.174458","0.10646","2.165452"
"60","100","124.283837","0.176152","0.096562","2.293402"
"70","100","120.661985","0.179314","0.086892","2.472599"
"80","100","117.24525","0.184778","0.07716","2.753755"
"90","100","114.016688","0.194652","0.066769","3.300344"
"100","100","110.961169","0.217785","0.053583","5.188283"
"110","100","108.065145","0.405221","0.024464","9.206135"
"120","100","105.316445","0.538112","0.020608","3.76529"
"130","100","102.704106","0.608888","0.019937","2.798852"
"140","100","100.218226","0.659213","0.019807","2.380503"
"150","100","97.849841","0.698461","0.019884","2.142135"
"160","100","95.590812","0.730527","0.020065","1.986418"
"170","100","93.433736","0.75748","0.020307","1.875958"
"180","100","91.371864","0.780573","0.020588","1.793149"
"190","100","89.399029","0.80064","0.020895","1.728553"
"200","100","87.509585","0.818264","0.021221","1.67663"
"210","100","85.698355","0.833877","0.021562","1.633899"
"220","100","83.96058","0.847805","0.021913","1.598062"
"230","100","82.291882","0.860304","0.022273","1.567532"
"240","100","80.68822","0.871576","0.022639","1.54118"
"250","100","79.145867","0.881786","0.02301","1.518178"
"260","100","77.661371","0.891071","0.023386","1.497906"
"270","100","76.231539","0.899542","0.023765","1.479887"
"280","100","74.853404","0.907295","0.024147","1.463752"
"290","100","73.524212","0.914409","0.024531","1.449207"
"300","100","72.241403","0.920954","0.024917","1.436019"
"310","100","71.00259","0.92699","0.025305","1.423996"
"320","100","69.805547","0.932567","0.025694","1.412984"
"330","100","68.648197","0.93773","0.026084","1.402852"
"340","100","67.528599","0.942518","0.026475","1.393493"
"350","100","66.444933","0.946966","0.026866","1.384816"
"360","100","65.395499","0.951105","0.027258","1.376745"
"370","100","64.378699","0.954961","0.02765","1.369215"
"380","100","63.393034","0.958559","0.028042","1.362168"
"390","100","62.437096","0.961921","0.028435","1.355557"
"400","100","61.50956","0.965064","0.028827","1.349339"
"410","100","60.609178","0.968008","0.02922","1.343477"
"420","100","59.734776","0.970767","0.029612","1.337941"
"430","100","58.885245","0.973355","0.030004","1.332701"
"440","100","58.059539","0.975786","0.030396","1.327732"
"450","100","57.256669","0.978071","0.030787","1.323013"
"460","100","56.475701","0.98022","0.031178","1.318523"
"470","100","55.715751","0.982244","0.031569","1.314245"
"480","100","54.975981","0.984151","0.031959","1.310164"
"-80","110","235.589662","0.237603","0.456364","1.54608"
"-70","110","223.992829","0.229681","0.360294","1.572294"
"-60","110","213.484135","0.222679","0.303208","1.599846"
"-50","110","203.91729","0.216497","0.265343","1.628951"
"-40","110","195.171106","0.211059","0.237581","1.659874"
"-30","110","187.144328","0.206302","0.215515","1.692958"
"-20","110","179.751702","0.202182","0.196922","1.728638"
"-10","110","172.920932","0.198669","0.180629","1.767489"
"0","110","166.59031","0.195748","0.165985","1.810272"
"10","110","160.706845","0.193417","0.152607","1.858028"
"20","110","155.224777","0.191697","0.14025","1.912209"
"30","110","150.104382","0.190629","0.128738","1.974913"
"40","110","145.311012","0.190288","0.117931","2.049298"
"50","110","140.814307","0.1908","0.107703","2.140374"
"60","110","136.587553","0.192376","0.097921","2.256671"
"70","110","132.607149","0.195383","0.088425","2.414173"
"80","110","128.852168","0.200518","0.078988","2.647317"
"90","110","125.303988","0.209339","0.069206","3.048496"
"100","110","121.945982","0.22656","0.058053","3.987029"
"110","110","118.763261","0.28278","0.040693","8.690367"
"120","110","115.742448","0.452318","0.024074","5.693784"
"130","110","112.871495","0.550421","0.021497","3.470677"
"140","110","110.139521","0.61386","0.020793","2.734201"
"150","110","107.536673","0.661218","0.0206","2.366792"
"160","110","105.054007","0.698971","0.020627","2.144668"
"170","110","102.683388","0.730209","0.020768","1.994919"
"180","110","100.417397","0.756685","0.02098","1.886644"
"190","110","98.249257","0.779507","0.021235","1.804445"
"200","110","96.172764","0.79943","0.021522","1.739757"
"210","110","94.182228","0.816995","0.021832","1.687426"
"220","110","92.272419","0.832603","0.022157","1.644151"
"230","110","90.438524","0.846564","0.022495","1.607723"
"240","110","88.676105","0.859121","0.022844","1.576599"
"250","110","86.981063","0.870469","0.0232","1.549672"
"260","110","85.349608","0.880768","0.023562","1.526126"
"270","110","83.778226","0.890148","0.023929","1.505343"
"280","110","82.26366","0.89872","0.024301","1.486848"
"290","110","80.802882","0.906575","0.024676","1.470271"
"300","110","79.393079","0.913793","0.025053","1.455317"
"310","110","78.031627","0.920442","0.025433","1.44175"
"320","110","76.716081","0.926579","0.025815","1.429376"
"330","110","75.444157","0.932256","0.026199","1.418039"
"340","110","74.213721","0.937517","0.026584","1.407606"
"350","110","73.022777","0.9424","0.02697","1.397968"
"360","110","71.869452","0.94694","0.027357","1.389032"
"370","110","70.751991","0.951168","0.027745","1.38072"
"380","110","69.668749","0.955111","0.028133","1.372965"
"390","110","68.618176","0.958792","0.028521","1.36571"
"400","110","67.598816","0.962232","0.02891","1.358904"
"410","110","66.6093","0.965453","0.029299","1.352505"
"420","110","65.648335","0.96847","0.029688","1.346475"
"430","110","64.714703","0.971299","0.030076","1.34078"
"440","110","63.807254","0.973955","0.030465","1.335392"
"450","110","62.924903","0.976451","0.030854","1.330285"
"460","110","62.066621","0.978797","0.031242","1.325436"
"470","110","61.231438","0.981006","0.03163","1.320825"
"480","110","60.418434","0.983086","0.032018","1.316434"
"-80","120","256.811423","0.258816","0.456597","1.54441"
"-70","120","244.169955","0.250167","0.361031","1.570353"
"-60","120","232.714644","0.242518","0.30413","1.597582"
"-50","120","222.286024","0.235761","0.266322","1.626298"
"-40","120","212.75199","0.22981","0.238572","1.656752"
"-30","120","204.002165","0.224599","0.216504","1.689259"
"-20","120","195.943616","0.220076","0.197909","1.724224"
"-10","120","188.497535","0.216208","0.181619","1.762172"
"0","120","181.596655","0.212976","0.166986","1.803797"
"10","120","175.183212","0.210376","0.153628","1.850034"
"20","120","169.207322","0.208425","0.141299","1.902175"
"30","120","163.625685","0.20716","0.129827","1.962052"
"40","120","158.400531","0.206654","0.119075","2.032371"
"50","120","153.498766","0.207024","0.10892","2.117307"
"60","120","148.891269","0.208464","0.099239","2.223709"
"70","120","144.552313","0.211303","0.089894","2.363758"
"80","120","140.459086","0.216131","0.080697","2.561663"
"90","120","136.591288","0.224155","0.071358","2.874043"
"100","120","132.930796","0.238381","0.061282","3.471523"
"110","120","129.461376","0.269803","0.048779","5.109025"
"120","120","126.168451","0.368349","0.031606","7.342918"
"130","120","123.038885","0.488221","0.024208","4.42574"
"140","120","120.060817","0.566599","0.022271","3.198541"
"150","120","117.223505","0.622999","0.021591","2.643551"
"160","120","114.517203","0.666916","0.021364","2.331405"
"170","120","111.933039","0.702704","0.021354","2.131115"
"180","120","109.462929","0.732718","0.021464","1.991331"
"190","120","107.099485","0.758393","0.021648","1.887991"
"200","120","104.835943","0.780676","0.021882","1.80833"
"210","120","102.6661","0.800231","0.022149","1.744946"
"220","120","100.584257","0.817543","0.022442","1.693242"
"230","120","98.585166","0.832982","0.022754","1.650213"
"240","120","96.66399","0.846834","0.023079","1.613809"
"250","120","94.81626","0.859324","0.023416","1.58258"
"260","120","93.037844","0.870639","0.023762","1.555474"
"270","120","91.324913","0.880927","0.024115","1.531706"
"280","120","89.673915","0.890316","0.024474","1.510681"
"290","120","88.081553","0.898909","0.024838","1.491936"
"300","120","86.544755","0.906796","0.025206","1.475109"
"310","120","85.060664","0.914053","0.025577","1.45991"
"320","120","83.626614","0.920747","0.025951","1.446105"
"330","120","82.240117","0.926933","0.026328","1.433504"
"340","120","80.898844","0.932661","0.026706","1.421949"
"350","120","79.60062","0.937975","0.027086","1.41131"
"360","120","78.343404","0.942912","0.027467","1.401476"
"370","120","77.125284","0.947507","0.027849","1.392356"
"380","120","75.944464","0.951789","0.028233","1.38387"
"390","120","74.799256","0.955785","0.028617","1.375951"
"400","120","73.688073","0.959519","0.029001","1.368541"
"410","120","72.609422","0.963011","0.029386","1.36159"
"420","120","71.561893","0.966282","0.029771","1.355054"
"430","120","70.54416","0.969349","0.030157","1.348895"
"440","120","69.554969","0.972226","0.030542","1.343079"
"450","120","68.593136","0.974929","0.030928","1.337576"
"460","120","67.657541","0.977469","0.031313","1.332362"
"470","120","66.747126","0.979859","0.031699","1.327412"
"480","120","65.860886","0.98211","0.032084","1.322706"
"-70","130","264.347081","0.270621","0.361774","1.568438"
"-60","130","251.945153","0.262323","0.305056","1.595352"
"-50","130","240.654759","0.254988","0.267304","1.623691"
"-40","130","230.332873","0.248522","0.239563","1.65369"
"-30","130","220.860002","0.242852","0.217491","1.685641"
"-20","130","212.13553","0.237923","0.198893","1.719918"
"-10","130","204.074138","0.233695","0.182604","1.757003"
"0","130","196.603","0.230146","0.167981","1.797529"
"10","130","189.659578","0.22727","0.15464","1.842336"
"20","130","183.189867","0.225079","0.142338","1.892574"
"30","130","177.146988","0.223608","0.130903","1.949851"
"40","130","171.490051","0.222924","0.120199","2.016488"
"50","130","166.183226","0.223137","0.110111","2.095986"
"60","130","161.194986","0.224426","0.100522","2.193895"
"70","130","156.497478","0.227083","0.091306","2.319634"
"80","130","152.066004","0.23162","0.08231","2.49069"
"90","130","147.878589","0.238997","0.073311","2.74377"
"100","130","143.915609","0.25132","0.063926","3.170234"
"110","130","140.159492","0.274378","0.053338","4.049483"
"120","130","136.594454","0.328425","0.04001","5.875854"
"130","130","133.206274","0.430308","0.028677","5.275931"
"140","130","129.982112","0.519454","0.024489","3.743673"
"150","130","126.910338","0.584678","0.022963","2.968172"
"160","130","123.980398","0.634855","0.022334","2.545389"
"170","130","121.182691","0.675283","0.022095","2.283863"
"180","130","118.508462","0.708896","0.022061","2.106713"
"190","130","115.949713","0.737459","0.022147","1.978796"
"200","130","113.499122","0.762123","0.022309","1.882026"
"210","130","111.149973","0.783679","0.022523","1.806193"
"220","130","108.896095","0.802701","0.022773","1.745113"
"230","130","106.731808","0.819618","0.023051","1.69482"
"240","130","104.651875","0.834761","0.023349","1.652656"
"250","130","102.651456","0.84839","0.023662","1.616771"
"260","130","100.72608","0.860715","0.023989","1.58584"
"270","130","98.8716","0.871906","0.024325","1.558885"
"280","130","97.084171","0.882104","0.024669","1.535171"
"290","130","95.360223","0.891428","0.02502","1.514135"
"300","130","93.696431","0.899978","0.025376","1.495336"
"310","130","92.089701","0.907837","0.025737","1.478426"
"320","130","90.537148","0.91508","0.026102","1.463126"
"330","130","89.036076","0.921769","0.02647","1.449209"
"340","130","87.583967","0.927958","0.026841","1.436489"
"350","130","86.178463","0.933696","0.027214","1.424813"
"360","130","84.817357","0.939025","0.027588","1.414052"
"370","130","83.498576","0.943981","0.027965","1.404099"
"380","130","82.220178","0.948597","0.028343","1.394861"
"390","130","80.980335","0.952903","0.028722","1.386262"
"400","130","79.77733","0.956925","0.029101","1.378233"
"410","130","78.609543","0.960685","0.029482","1.370718"
"420","130","77.475452","0.964206","0.029863","1.363665"
"430","130","76.373618","0.967505","0.030245","1.357033"
"440","130","75.302684","0.970599","0.030627","1.350781"
"450","130","74.26137","0.973505","0.031009","1.344878"
"460","130","73.248461","0.976235","0.031391","1.339292"
"470","130","72.262813","0.978804","0.031774","1.333998"
"480","130","71.303339","0.981221","0.032156","1.328973"
"-70","140","284.524206","0.291043","0.362523","1.566549"
"-60","140","271.175663","0.282095","0.305985","1.593156"
"-50","140","259.023493","0.274179","0.268287","1.621129"
"-40","140","247.913757","0.267195","0.240554","1.650685"
"-30","140","237.717839","0.261064","0.218477","1.682099"
"-20","140","228.327444","0.255723","0.199874","1.715715"
"-10","140","219.650741","0.251131","0.183586","1.751976"
"0","140","211.609345","0.24726","0.16897","1.791456"
"10","140","204.135944","0.2441","0.155645","1.834915"
"20","140","197.172412","0.241661","0.143367","1.883376"
"30","140","190.668291","0.239975","0.131965","1.938251"
"40","140","184.57957","0.239102","0.121307","2.001542"
"50","140","178.867685","0.239145","0.111279","2.076196"
"60","140","173.498702","0.240268","0.101771","2.166743"
"70","140","168.442642","0.242735","0.092671","2.28056"
"80","140","163.672922","0.246988","0.083844","2.430556"
"90","140","159.165889","0.253814","0.075115","2.641538"
"100","140","154.900422","0.264774","0.066218","2.967089"
"110","140","150.857608","0.283466","0.056689","3.536709"
"120","140","147.020457","0.319584","0.045762","4.592434"
"130","140","143.373664","0.390381","0.034367","5.247437"
"140","140","139.903407","0.476663","0.027636","4.215121"
"150","140","136.59717","0.547844","0.02483","3.309873"
"160","140","133.443593","0.603571","0.023595","2.777513"
"170","140","130.432342","0.648403","0.023028","2.449452"
"180","140","127.553994","0.685513","0.022793","2.230894"
"190","140","124.799941","0.716911","0.022745","2.075737"
"200","140","122.162301","0.74392","0.022813","1.960106"
"210","140","119.633846","0.767452","0.022958","1.870651"
"220","140","117.207934","0.788162","0.023155","1.799384"
"230","140","114.878451","0.806539","0.023391","1.741253"
"240","140","112.639759","0.822957","0.023655","1.692914"
"250","140","110.486653","0.837709","0.023941","1.652066"
"260","140","108.414316","0.85103","0.024243","1.617078"
"270","140","106.418287","0.863111","0.024559","1.586759"
"280","140","104.494427","0.874108","0.024886","1.560219"
"290","140","102.638893","0.884152","0.025222","1.536783"
"300","140","100.848107","0.893354","0.025565","1.515927"
"310","140","99.118739","0.901806","0.025914","1.497237"
"320","140","97.447682","0.90959","0.026268","1.480387"
"330","140","95.832036","0.916773","0.026627","1.465109"
"340","140","94.26909","0.923416","0.026989","1.451188"
"350","140","92.756307","0.92957","0.027354","1.438445"
"360","140","91.291309","0.935283","0.027722","1.426732"
"370","140","89.871869","0.940594","0.028092","1.415924"
"380","140","88.495893","0.945539","0.028463","1.405918"
"390","140","87.161415","0.950149","0.028837","1.396623"
"400","140","85.866586","0.954453","0.029211","1.387963"
"410","140","84.609665","0.958476","0.029587","1.379873"
"420","140","83.38901","0.962241","0.029964","1.372296"
"430","140","82.203075","0.965768","0.030341","1.365182"
"440","140","81.0504","0.969075","0.030719","1.358489"
"450","140","79.929603","0.97218","0.031097","1.352179"
"460","140","78.839381","0.975097","0.031476","1.346218"
"470","140","77.7785","0.977839","0.031855","1.340577"
"480","140","76.745791","0.98042","0.032235","1.33523"
"-70","150","304.701332","0.311435","0.363278","1.564687"
"-60","150","290.406172","0.301833","0.306918","1.590993"
"-50","150","277.392228","0.293335","0.269273","1.618609"
"-40","150","265.494641","0.28583","0.241546","1.647737"
"-30","150","254.575676","0.279233","0.219462","1.678632"
"-20","150","244.519358","0.273478","0.200852","1.711611"
"-10","150","235.227344","0.268517","0.184563","1.747082"
"0","150","226.615689","0.264318","0.169953","1.785568"
"10","150","218.61231","0.260869","0.156642","1.827754"
"20","150","211.154957","0.258175","0.144386","1.874552"
"30","150","204.189595","0.256265","0.133015","1.927205"
"40","150","197.66909","0.255193","0.122398","1.987442"
"50","150","191.552145","0.255055","0.112425","2.057755"
"60","150","185.802418","0.256","0.102991","2.141868"
"70","150","180.387806","0.258267","0.093992","2.245618"
"80","150","175.27984","0.262242","0.08531","2.378705"
"90","150","170.453189","0.268581","0.076803","2.558436"
"100","150","165.885235","0.278489","0.068273","2.818255"
"110","150","161.555724","0.294419","0.059428","3.226489"
"120","150","157.44646","0.321891","0.049855","3.896493"
"130","150","153.541053","0.371488","0.039661","4.637072"
"140","150","149.824702","0.443549","0.031554","4.387724"
"150","150","146.284002","0.514807","0.027254","3.600652"
"160","150","142.906789","0.57416","0.025202","3.006722"
"170","150","139.681994","0.62267","0.024185","2.619732"
"180","150","136.599527","0.662943","0.023681","2.36005"
"190","150","133.650169","0.696996","0.023459","2.176737"
"200","150","130.825479","0.726242","0.023406","2.04132"
"210","150","128.117718","0.751676","0.023463","1.937503"
"220","150","125.519772","0.774021","0.023595","1.855491"
"230","150","123.025093","0.793817","0.023779","1.789105"
"240","150","120.627644","0.811478","0.024002","1.734278"
"250","150","118.32185","0.827327","0.024254","1.688231"
"260","150","116.102552","0.841623","0.024528","1.649005"
"270","150","113.964974","0.854574","0.024821","1.615181"
"280","150","111.904683","0.866352","0.025127","1.585706"
"290","150","109.917563","0.877102","0.025446","1.559784"
"300","150","107.999783","0.886942","0.025773","1.536801"
"310","150","106.147776","0.895974","0.026109","1.516277"
"320","150","104.358216","0.904287","0.026451","1.497831"
"330","150","102.627996","0.911954","0.026799","1.481156"
"340","150","100.954213","0.919041","0.027151","1.466003"
"350","150","99.33415","0.925604","0.027507","1.452169"
"360","150","97.765262","0.931693","0.027867","1.439483"
"370","150","96.245161","0.937351","0.028229","1.427805"
"380","150","94.771608","0.942617","0.028594","1.417016"
"390","150","93.342495","0.947525","0.028961","1.407014"
"400","150","91.955843","0.952106","0.02933","1.397713"
"410","150","90.609786","0.956386","0.029701","1.38904"
"420","150","89.302569","0.96039","0.030072","1.380932"
"430","150","88.032533","0.96414","0.030445","1.373332"
"440","150","86.798115","0.967655","0.030819","1.366192"
"450","150","85.597837","0.970954","0.031193","1.359471"
"460","150","84.430302","0.974053","0.031568","1.353132"
"470","150","83.294188","0.976966","0.031944","1.347141"
"480","150","82.188243","0.979706","0.03232","1.341469"
"-70","160","324.878458","0.331796","0.364037","1.562849"
"-60","160","309.636681","0.321539","0.307854","1.588862"
"-50","160","295.760962","0.312455","0.27026","1.61613"
"-40","160","283.075525","0.304427","0.242537","1.644843"
"-30","160","271.433513","0.297362","0.220446","1.675236"
"-20","160","260.711273","0.291188","0.201828","1.707603"
"-10","160","250.803947","0.285854","0.185536","1.742317"
"0","160","241.622034","0.281323","0.170931","1.779856"
"10","160","233.088676","0.277579","0.157632","1.820837"
"20","160","225.137502","0.274623","0.145395","1.866076"
"30","160","217.710898","0.27248","0.134053","1.916666"
"40","160","210.75861","0.2712","0.123474","1.974107"
"50","160","204.236604","0.27087","0.113551","2.040512"
"60","160","198.106134","0.271627","0.104184","2.118959"
"70","160","192.33297","0.273687","0.095275","2.214109"
"80","160","186.886758","0.277388","0.086719","2.333357"
"90","160","181.740489","0.283284","0.078396","2.489083"
"100","160","176.870049","0.292334","0.070154","2.703124"
"110","160","172.25384","0.306318","0.061793","3.014685"
"120","160","167.872463","0.328752","0.053069","3.481162"
"130","160","163.708443","0.366034","0.043955","4.059831"
"140","160","159.745997","0.422674","0.035676","4.233476"
"150","160","155.970835","0.487984","0.030162","3.761089"
"160","160","152.369984","0.547931","0.027171","3.200721"
"170","160","148.931645","0.598811","0.025591","2.781589"
"180","160","145.645059","0.641628","0.024744","2.48812"
"190","160","142.500397","0.678004","0.0243","2.278624"
"200","160","139.488658","0.709287","0.024097","2.123831"
"210","160","136.601591","0.736494","0.024045","2.005599"
"220","160","133.83161","0.760384","0.024096","1.912668"
"230","160","131.171735","0.781534","0.024218","1.837841"
"240","160","128.615529","0.800388","0.024391","1.77636"
"250","160","126.157046","0.817294","0.024603","1.724975"
"260","160","123.790788","0.832531","0.024845","1.681397"
"270","160","121.511661","0.846325","0.02511","1.643976"
"280","160","119.314939","0.858862","0.025394","1.611492"
"290","160","117.196233","0.870297","0.025692","1.583024"
"300","160","115.151459","0.880758","0.026002","1.557867"
"310","160","113.176813","0.890356","0.026322","1.535469"
"320","160","111.268749","0.899184","0.026651","1.515395"
"330","160","109.423955","0.907323","0.026986","1.497296"
"340","160","107.639336","0.914843","0.027327","1.480891"
"350","160","105.911993","0.921804","0.027674","1.465947"
"360","160","104.239214","0.92826","0.028025","1.452274"
"370","160","102.618454","0.934257","0.028379","1.439713"
"380","160","101.047322","0.939837","0.028736","1.42813"
"390","160","99.523575","0.945035","0.029097","1.417413"
"400","160","98.045099","0.949886","0.029459","1.407465"
"410","160","96.609908","0.954416","0.029824","1.398204"
"420","160","95.216127","0.958654","0.03019","1.389558"
"430","160","93.861991","0.962621","0.030557","1.381468"
"440","160","92.54583","0.96634","0.030926","1.373879"
"450","160","91.26607","0.969828","0.031296","1.366745"
"460","160","90.021222","0.973104","0.031667","1.360024"
"470","160","88.809875","0.976183","0.032039","1.353681"
"480","160","87.630696","0.979079","0.032411","1.347684"
"-70","170","345.055583","0.352127","0.364803","1.561035"
"-60","170","328.867191","0.341213","0.308794","1.586763"
"-50","170","314.129696","0.331541","0.271249","1.613692"
"-40","170","300.656409","0.322987","0.243529","1.642001"
"-30","170","288.29135","0.315451","0.221428","1.671908"
"-20","170","276.903187","0.308855","0.202801","1.703685"
"-10","170","266.38055","0.303143","0.186506","1.737674"
"0","170","256.628379","0.298275","0.171903","1.77431"
"10","170","247.565042","0.29423","0.158615","1.81415"
"20","170","239.120047","0.291006","0.146396","1.857925"
"30","170","231.232201","0.288623","0.13508","1.906596"
"40","170","223.848129","0.287127","0.124536","1.961468"
"50","170","216.921064","0.286595","0.114659","2.024338"
"60","170","210.409851","0.287155","0.105352","2.097763"
"70","170","204.278134","0.289","0.096524","2.185493"
"80","170","198.493676","0.292429","0.088078","2.293233"
"90","170","193.027789","0.297916","0.079911","2.430014"
"100","170","187.854862","0.30624","0.0719","2.610586"
"110","170","182.951955","0.318748","0.063903","2.858789"
"120","170","178.298466","0.337857","0.05576","3.20575"
"130","170","173.875832","0.367666","0.047435","3.64054"
"140","170","169.667292","0.412372","0.039501","3.932073"
"150","170","165.657667","0.468776","0.033327","3.761677"
"160","170","161.83318","0.526102","0.029461","3.326869"
"170","170","158.181297","0.577593","0.027248","2.918671"
"180","170","154.690592","0.622047","0.025992","2.607106"
"190","170","151.350624","0.660247","0.025279","2.377185"
"200","170","148.151837","0.69327","0.024892","2.205229"
"210","170","145.085464","0.722059","0.02471","2.073459"
"220","170","142.143449","0.747365","0.024663","1.969951"
"230","170","139.318378","0.769775","0.024711","1.886802"
"240","170","136.603414","0.789751","0.024827","1.818692"
"250","170","133.992243","0.80766","0.024992","1.761953"
"260","170","131.479024","0.823796","0.025196","1.713996"
"270","170","129.058348","0.838398","0.025429","1.672946"
"280","170","126.725195","0.851664","0.025686","1.637421"
"290","170","124.474903","0.863759","0.025961","1.606379"
"300","170","122.303135","0.87482","0.026251","1.579022"
"310","170","120.205851","0.884965","0.026554","1.554729"
"320","170","118.179283","0.894292","0.026867","1.533009"
"330","170","116.219915","0.902889","0.027189","1.513472"
"340","170","114.324458","0.910829","0.027519","1.495801"
"350","170","112.489837","0.918177","0.027854","1.479738"
"360","170","110.713167","0.92499","0.028195","1.465069"
"370","170","108.991746","0.931316","0.02854","1.451618"
"380","170","107.323037","0.937201","0.028889","1.439236"
"390","170","105.704655","0.942682","0.029242","1.427798"
"400","170","104.134356","0.947795","0.029598","1.417198"
"410","170","102.61003","0.95257","0.029956","1.407345"
"420","170","101.129686","0.957034","0.030316","1.398161"
"430","170","99.691448","0.961214","0.030678","1.389578"
"440","170","98.293545","0.96513","0.031042","1.381538"
"450","170","96.934304","0.968803","0.031407","1.373989"
"460","170","95.612142","0.972252","0.031773","1.366886"
"470","170","94.325562","0.975493","0.032141","1.36019"
"480","170","93.073148","0.97854","0.032509","1.353867"
"-70","180","365.232709","0.372428","0.365574","1.559245"
"-60","180","348.0977","0.360854","0.309737","1.584694"
"-50","180","332.498431","0.350593","0.272239","1.611294"
"-40","180","318.237293","0.34151","0.244522","1.639211"
"-30","180","305.149187","0.3335","0.222409","1.668648"
"-20","180","293.095101","0.326479","0.203771","1.699855"
"-10","180","281.957153","0.320386","0.187471","1.733148"
"0","180","271.634724","0.315176","0.172871","1.768922"
"10","180","262.041408","0.310825","0.159591","1.807681"
"20","180","253.102592","0.307328","0.147388","1.850077"
"30","180","244.753504","0.304698","0.136095","1.89696"
"40","180","236.937649","0.302977","0.125584","1.949464"
"50","180","229.605523","0.302236","0.115749","2.009124"
"60","180","222.713567","0.30259","0.106497","2.078071"
"70","180","216.223298","0.304213","0.097741","2.15934"
"80","180","210.100594","0.307372","0.089392","2.257379"
"90","180","204.31509","0.312474","0.081359","2.378879"
"100","180","198.839675","0.320164","0.07354","2.534064"
"110","180","193.650071","0.331493","0.065825","2.738042"
"120","180","188.724469","0.348215","0.058106","3.00856"
"130","180","184.043222","0.373115","0.050354","3.341827"
"140","180","179.588587","0.409404","0.042863","3.629123"
"150","180","175.344499","0.456976","0.036488","3.643727"
"160","180","171.296375","0.509425","0.031964","3.369298"
"170","180","167.430948","0.55968","0.029129","3.015961"
"180","180","163.736124","0.604663","0.027421","2.708264"
"190","180","160.200852","0.644041","0.0264","2.467523"
"200","180","156.815016","0.678412","0.025797","2.28266"
"210","180","153.569336","0.70853","0.025461","2.139327"
"220","180","150.455287","0.735079","0.025301","2.026202"
"230","180","147.46502","0.758627","0.025262","1.935217"
"240","180","144.591298","0.779636","0.02531","1.860731"
"250","180","141.827439","0.798478","0.025422","1.798774"
"260","180","139.16726","0.815458","0.025582","1.746507"
"270","180","136.605035","0.830825","0.025779","1.701865"
"280","180","134.135451","0.844785","0.026005","1.663318"
"290","180","131.753573","0.857511","0.026254","1.629711"
"300","180","129.454811","0.869147","0.026522","1.600157"
"310","180","127.234888","0.879816","0.026806","1.573968"
"320","180","125.089817","0.889625","0.027102","1.550602"
"330","180","123.015875","0.898663","0.027409","1.529624"
"340","180","121.009581","0.907008","0.027725","1.510684"
"350","180","119.06768","0.91473","0.028048","1.493499"
"360","180","117.18712","0.921888","0.028378","1.477832"
"370","180","115.365039","0.928533","0.028713","1.463489"
"380","180","113.598752","0.934713","0.029054","1.450306"
"390","180","111.885734","0.940469","0.029398","1.438147"
"400","180","110.223613","0.945836","0.029746","1.426894"
"410","180","108.610151","0.950848","0.030097","1.416449"
"420","180","107.043244","0.955533","0.030451","1.406725"
"430","180","105.520906","0.959918","0.030807","1.397649"
"440","180","104.04126","0.964026","0.031165","1.389157"
"450","180","102.602537","0.967879","0.031525","1.381193"
"460","180","101.203062","0.971496","0.031887","1.373709"
"470","180","99.84125","0.974894","0.03225","1.366661"
"480","180","98.515601","0.978089","0.032614","1.360011"
"-70","190","385.409834","0.392699","0.36635","1.557479"
"-60","190","367.32821","0.380465","0.310684","1.582654"
"-50","190","350.867165","0.369612","0.273232","1.608933"
"-40","190","335.818177","0.359998","0.245514","1.636469"
"-30","190","322.007024","0.351511","0.223389","1.665451"
"-20","190","309.287015","0.344061","0.20474","1.69611"
"-10","190","297.533756","0.337583","0.188433","1.728734"
"0","190","286.641069","0.332027","0.173833","1.763684"
"10","190","276.517775","0.327366","0.16056","1.801417"
"20","190","267.085137","0.323588","0.148373","1.842513"
"30","190","258.274807","0.320706","0.137101","1.887727"
"40","190","250.027169","0.318753","0.126619","1.938043"
"50","190","242.289983","0.317795","0.116823","1.994775"
"60","190","235.017283","0.317935","0.107621","2.059707"
"70","190","228.168462","0.319332","0.09893","2.135309"
"80","190","221.707512","0.322221","0.090667","2.225073"
"90","190","215.60239","0.326957","0.08275","2.334022"
"100","190","209.824488","0.33408","0.075092","2.469382"
"110","190","204.348187","0.344431","0.067604","2.641018"
"120","190","199.150472","0.359334","0.060208","2.859387"
"130","190","194.210611","0.380774","0.052882","3.12227"
"140","190","189.509882","0.411126","0.045794","3.373451"
"150","190","185.031331","0.451273","0.039468","3.472867"
"160","190","180.75957","0.497966","0.034546","3.33693"
"170","190","176.6806","0.545486","0.031175","3.065327"
"180","190","172.781657","0.589857","0.029013","2.784074"
"190","190","169.05108","0.629674","0.027656","2.544738"
"200","190","165.478195","0.664921","0.026812","2.353082"
"210","190","162.053209","0.696059","0.026301","2.201279"
"220","190","158.767125","0.723641","0.026011","2.080164"
"230","190","155.611662","0.748177","0.025873","1.982234"
"240","190","152.579183","0.770108","0.025844","1.90188"
"250","190","149.662636","0.789801","0.025895","1.835003"
"260","190","146.855496","0.80756","0.026005","1.77861"
"270","190","144.151722","0.82364","0.026161","1.730492"
"280","190","141.545707","0.838252","0.026353","1.688996"
"290","190","139.032243","0.851573","0.026573","1.652871"
"300","190","136.606487","0.863755","0.026816","1.621153"
"310","190","134.263925","0.874925","0.027078","1.593091"
"320","190","132.00035","0.885193","0.027355","1.568093"
"330","190","129.811834","0.894653","0.027645","1.545685"
"340","190","127.694704","0.903389","0.027946","1.525486"
"350","190","125.645523","0.91147","0.028256","1.507185"
"360","190","123.661072","0.91896","0.028574","1.490524"
"370","190","121.738331","0.925913","0.028899","1.475293"
"380","190","119.874467","0.932378","0.029229","1.461313"
"390","190","118.066814","0.938399","0.029565","1.448435"
"400","190","116.312869","0.944012","0.029904","1.436531"
"410","190","114.610273","0.949253","0.030248","1.425496"
"420","190","112.956803","0.954152","0.030595","1.415234"
"430","190","111.350363","0.958736","0.030945","1.405667"
"440","190","109.788975","0.963031","0.031297","1.396725"
"450","190","108.270771","0.967058","0.031651","1.388348"
"460","190","106.793982","0.970837","0.032007","1.380484"
"470","190","105.356937","0.974387","0.032365","1.373084"
"480","190","103.958053","0.977725","0.032725","1.36611"
"-70","200","405.58696","0.412941","0.367132","1.555735"
"-60","200","386.558719","0.400045","0.311635","1.580644"
"-50","200","369.235899","0.388597","0.274226","1.60661"
"-40","200","353.39906","0.37845","0.246507","1.633775"
"-30","200","338.864861","0.369483","0.224369","1.662316"
"-20","200","325.478929","0.361602","0.205706","1.692445"
"-10","200","313.110359","0.354735","0.189391","1.724427"
"0","200","301.647413","0.34883","0.17479","1.75859"
"10","200","290.994141","0.343853","0.161524","1.795346"
"20","200","281.067682","0.339791","0.149349","1.835217"
"30","200","271.796111","0.336649","0.138097","1.878867"
"40","200","263.116688","0.334458","0.127642","1.927156"
"50","200","254.974442","0.333276","0.117881","1.98121"
"60","200","247.320999","0.333196","0.108725","2.042524"
"70","200","240.113627","0.334361","0.100093","2.113119"
"80","200","233.31443","0.336981","0.091907","2.195754"
"90","200","226.88969","0.341365","0.084091","2.294237"
"100","200","220.809302","0.347972","0.076569","2.413749"
"110","200","215.046303","0.357487","0.069269","2.560868"
"120","200","209.576474","0.370939","0.062128","2.741866"
"130","200","204.378001","0.389799","0.055129","2.95482"
"140","200","199.431177","0.415837","0.048376","3.167681"
"150","200","194.718164","0.450118","0.042201","3.295597"
"160","200","190.222766","0.491205","0.037091","3.254602"
"170","200","185.930251","0.535098","0.033313","3.068379"
"180","200","181.82719","0.577865","0.030733","2.830261"
"190","200","177.901308","0.617373","0.029034","2.604813"
"200","200","174.141374","0.652981","0.027932","2.413639"
"210","200","170.537082","0.684788","0.027228","2.257395"
"220","200","167.078964","0.713158","0.026793","2.130539"
"230","200","163.758305","0.738508","0.026545","2.026958"
"240","200","160.567068","0.761233","0.026429","1.941506"
"250","200","157.497832","0.781679","0.026411","1.870184"
"260","200","154.543732","0.800142","0.026465","1.809967"
"270","200","151.698409","0.816875","0.026575","1.758568"
"280","200","148.955963","0.83209","0.026729","1.714257"
"290","200","146.310914","0.845968","0.026917","1.675705"
"300","200","143.758163","0.858662","0.027132","1.641887"
"310","200","141.292962","0.870305","0.02737","1.611998"
"320","200","138.910884","0.881009","0.027626","1.585403"
"330","200","136.607794","0.890871","0.027898","1.561591"
"340","200","134.379827","0.899978","0.028183","1.540152"
"350","200","132.223367","0.908403","0.028478","1.520749"
"360","200","130.135025","0.916212","0.028783","1.503108"
"370","200","128.111624","0.92346","0.029096","1.486998"
"380","200","126.150181","0.9302","0.029416","1.472228"
"390","200","124.247894","0.936475","0.029742","1.458637"
"400","200","122.402126","0.942326","0.030073","1.44609"
"410","200","120.610394","0.947788","0.030408","1.434468"
"420","200","118.870361","0.952893","0.030748","1.423673"
"430","200","117.179821","0.95767","0.03109","1.413618"
"440","200","115.536691","0.962144","0.031436","1.40423"
"450","200","113.939004","0.966339","0.031785","1.395443"
"460","200","112.384902","0.970276","0.032135","1.3872"
"470","200","110.872625","0.973974","0.032488","1.379453"
"480","200","109.400506","0.97745","0.032843","1.372156"
"-70","210","425.764086","0.433155","0.367918","1.554014"
"-60","210","405.789228","0.419594","0.312588","1.578662"
"-50","210","387.604634","0.40755","0.275222","1.604322"
"-40","210","370.979944","0.396867","0.247501","1.631128"
"-30","210","355.722698","0.387418","0.225347","1.659241"
"-20","210","341.670843","0.379103","0.206669","1.688859"
"-10","210","328.686962","0.371844","0.190346","1.720223"
"0","210","316.653758","0.365585","0.175743","1.753632"
"10","210","305.470507","0.360289","0.162481","1.78946"
"20","210","295.050227","0.355936","0.150317","1.828171"
"30","210","285.317414","0.35253","0.139083","1.870355"
"40","210","276.206208","0.350095","0.128653","1.916762"
"50","210","267.658902","0.348682","0.118925","1.968357"
"60","210","259.624716","0.348375","0.109811","2.026398"
"70","210","252.058791","0.349304","0.101232","2.092541"
"80","210","244.921348","0.351655","0.093114","2.168979"
"90","210","238.17699","0.355699","0.085388","2.258618"
"100","210","231.794115","0.361829","0.077984","2.365215"
"110","210","225.744419","0.370612","0.07084","2.493213"
"120","210","220.002477","0.382866","0.063905","2.646381"
"130","210","214.54539","0.399715","0.057165","2.822839"
"140","210","209.352473","0.422501","0.050687","3.002659"
"150","210","204.404996","0.452211","0.04469","3.133163"
"160","210","199.685961","0.488334","0.039524","3.148126"
"170","210","195.179903","0.528294","0.035472","3.034572"
"180","210","190.872722","0.568752","0.032539","2.846842"
"190","210","186.751536","0.607277","0.030514","2.645413"
"200","210","182.804553","0.64273","0.029147","2.462074"
"210","210","179.020954","0.674834","0.028239","2.305953"
"220","210","175.390802","0.703725","0.027646","2.176091"
"230","210","171.904947","0.729695","0.027276","2.068508"
"240","210","168.554953","0.75307","0.027065","1.978974"
"250","210","165.333029","0.77416","0.026971","1.903852"
"260","210","162.231969","0.793242","0.026963","1.840229"
"270","210","159.245096","0.810561","0.027023","1.785831"
"280","210","156.366219","0.826326","0.027134","1.738896"
"290","210","153.589584","0.840716","0.027286","1.698054"
"300","210","150.909839","0.853886","0.027471","1.662233"
"310","210","148.322","0.86597","0.027683","1.630589"
"320","210","145.821418","0.877084","0.027916","1.602449"
"330","210","143.403754","0.887326","0.028168","1.577273"
"340","210","141.06495","0.896785","0.028435","1.554624"
"350","210","138.80121","0.905537","0.028715","1.534146"
"360","210","136.608977","0.913649","0.029006","1.515542"
"370","210","134.484916","0.92118","0.029306","1.498569"
"380","210","132.425896","0.928182","0.029615","1.483023"
"390","210","130.428974","0.934701","0.02993","1.468731"
"400","210","128.491382","0.94078","0.030251","1.455547"
"410","210","126.610516","0.946454","0.030578","1.443348"
"420","210","124.78392","0.951758","0.030909","1.432026"
"430","210","123.009278","0.95672","0.031245","1.42149"
"440","210","121.284406","0.961367","0.031584","1.41166"
"450","210","119.607238","0.965724","0.031926","1.402467"
"460","210","117.975822","0.969813","0.03227","1.39385"
"470","210","116.388312","0.973653","0.032618","1.385758"
"480","210","114.842958","0.977263","0.032967","1.378142"
"-70","220","445.941211","0.45334","0.368711","1.552314"
"-60","220","425.019738","0.439113","0.313545","1.576707"
"-50","220","405.973368","0.426471","0.27622","1.60207"
"-40","220","388.560828","0.41525","0.248494","1.628525"
"-30","220","372.580535","0.405317","0.226324","1.656224"
"-20","220","357.862758","0.396564","0.207631","1.685347"
"-10","220","344.263565","0.38891","0.191297","1.716116"
"0","220","331.660103","0.382294","0.176691","1.748805"
"10","220","319.946873","0.376674","0.163432","1.783747"
"20","220","309.032772","0.372027","0.151278","1.821362"
"30","220","298.838717","0.368351","0.140061","1.862169"
"40","220","289.295728","0.365666","0.129653","1.906823"
"50","220","280.343361","0.364016","0.119955","1.956154"
"60","220","271.928432","0.363477","0.110879","2.011221"
"70","220","264.003955","0.364165","0.102348","2.073383"
"80","220","256.528266","0.366247","0.094293","2.144392"
"90","220","249.464291","0.369961","0.086645","2.226475"
"100","220","242.778928","0.375644","0.079344","2.322375"
"110","220","236.442535","0.383774","0.072332","2.435111"
"120","220","230.42848","0.395011","0.065568","2.566907"
"130","220","224.71278","0.410236","0.059037","2.715912"
"140","220","219.273768","0.430485","0.052785","2.868806"
"150","220","214.091828","0.456605","0.046959","2.991575"
"160","220","209.149156","0.488522","0.041814","3.035849"
"170","220","204.429555","0.524655","0.037596","2.976452"
"180","220","199.918255","0.562411","0.034385","2.837654"
"190","220","195.601764","0.599425","0.032066","2.666288"
"200","220","191.467731","0.634253","0.030442","2.497063"
"210","220","187.504827","0.666285","0.029324","2.345631"
"220","220","183.70264","0.695421","0.028566","2.215753"
"230","220","180.051589","0.721804","0.028066","2.106075"
"240","220","176.542838","0.745672","0.027752","2.013681"
"250","220","173.168225","0.767287","0.027574","1.935554"
"260","220","169.920205","0.786896","0.0275","1.869055"
"270","220","166.791783","0.804728","0.027504","1.812019"
"280","220","163.776475","0.820982","0.027569","1.762711"
"290","220","160.868254","0.835836","0.027682","1.719757"
"300","220","158.061515","0.849443","0.027834","1.682063"
"310","220","155.351037","0.861935","0.028017","1.648759"
"320","220","152.731952","0.873429","0.028226","1.619147"
"330","220","150.199713","0.884027","0.028456","1.592663"
"340","220","147.750073","0.893818","0.028704","1.568848"
"350","220","145.379053","0.902878","0.028967","1.547327"
"360","220","143.08293","0.911278","0.029242","1.527788"
"370","220","140.858209","0.919076","0.029529","1.509975"
"380","220","138.701611","0.926328","0.029825","1.49367"
"390","220","136.610054","0.933081","0.030129","1.478691"
"400","220","134.580639","0.939377","0.03044","1.464884"
"410","220","132.610638","0.945254","0.030758","1.452117"
"420","220","130.697478","0.950748","0.03108","1.440277"
"430","220","128.838736","0.955887","0.031408","1.429267"
"440","220","127.032121","0.960701","0.031739","1.419002"
"450","220","125.275471","0.965215","0.032074","1.409409"
"460","220","123.566742","0.969449","0.032413","1.400425"
"470","220","121.903999","0.973427","0.032754","1.391992"
"480","220","120.285411","0.977165","0.033098","1.384061"
"-70","230","466.118337","0.473497","0.369508","1.550636"
"-60","230","444.250247","0.458602","0.314506","1.57478"
"-50","230","424.342102","0.445361","0.277219","1.599851"
"-40","230","406.141712","0.4336","0.249488","1.625966"
"-30","230","389.438372","0.423179","0.2273","1.653263"
"-20","230","374.054672","0.413987","0.20859","1.681908"
"-10","230","359.840168","0.405935","0.192245","1.712105"
"0","230","346.666448","0.398958","0.177634","1.744101"
"10","230","334.423239","0.393009","0.164378","1.7782"
"20","230","323.015317","0.388063","0.152233","1.814775"
"30","230","312.36002","0.384113","0.14103","1.854287"
"40","230","302.385247","0.381173","0.130643","1.897306"
"50","230","293.02782","0.379281","0.120972","1.944546"
"60","230","284.232148","0.378505","0.111931","1.9969"
"70","230","275.949119","0.378948","0.103444","2.055486"
"80","230","268.135184","0.38076","0.095445","2.121704"
"90","230","260.751591","0.384151","0.087868","2.197268"
"100","230","253.763742","0.389414","0.080656","2.284185"
"110","230","247.14065","0.39695","0.073758","2.384503"
"120","230","240.854483","0.407304","0.067137","2.499469"
"130","230","234.880169","0.42118","0.060778","2.627294"
"140","230","229.195063","0.439391","0.054712","2.758535"
"150","230","223.77866","0.462641","0.049043","2.870291"
"160","230","218.612352","0.491053","0.043954","2.927928"
"170","230","213.679206","0.52368","0.039648","2.905457"
"180","230","208.963787","0.558613","0.036232","2.808746"
"190","230","204.451992","0.593762","0.033664","2.669131"
"200","230","200.13091","0.627571","0.0318","2.518383"
"210","230","195.9887","0.65919","0.030475","2.375656"
"220","230","192.014479","0.688299","0.029548","2.248725"
"230","230","188.198231","0.714884","0.028911","2.13898"
"240","230","184.530722","0.739085","0.028487","2.045088"
"250","230","181.003422","0.761098","0.02822","1.964871"
"260","230","177.608441","0.781134","0.028073","1.896121"
"270","230","174.33847","0.7994","0.028018","1.836879"
"280","230","171.186731","0.816081","0.028033","1.785505"
"290","230","168.146924","0.831347","0.028104","1.740658"
"300","230","165.213191","0.845346","0.02822","1.701252"
"310","230","162.380074","0.858211","0.028372","1.666409"
"320","230","159.642485","0.870056","0.028554","1.635415"
"330","230","156.995673","0.880984","0.028761","1.607692"
"340","230","154.435196","0.891083","0.028988","1.582766"
"350","230","151.956897","0.900432","0.029233","1.560245"
"360","230","149.556883","0.909102","0.029492","1.539807"
"370","230","147.231501","0.917154","0.029764","1.521181"
"380","230","144.977326","0.924642","0.030047","1.50414"
"390","230","142.791133","0.931616","0.030339","1.488493"
"400","230","140.669896","0.938119","0.030639","1.474079"
"410","230","138.610759","0.94419","0.030947","1.460758"
"420","230","136.611037","0.949865","0.03126","1.448412"
"430","230","134.668193","0.955175","0.031579","1.436937"
"440","230","132.779836","0.960148","0.031903","1.426246"
"450","230","130.943705","0.964811","0.032231","1.416261"
"460","230","129.157662","0.969186","0.032562","1.406914"
"470","230","127.419687","0.973295","0.032897","1.398146"
"480","230","125.727863","0.977157","0.033235","1.389906"
"-70","240","486.295463","0.493626","0.37031","1.548978"
"-60","240","463.480756","0.478061","0.31547","1.572878"
"-50","240","442.710837","0.464219","0.278221","1.597666"
"-40","240","423.722596","0.451916","0.250482","1.62345"
"-30","240","406.296209","0.441006","0.228275","1.650356"
"-20","240","390.246586","0.431371","0.209547","1.678539"
"-10","240","375.416771","0.422918","0.19319","1.708184"
"0","240","361.672792","0.415577","0.178573","1.739516"
"10","240","348.899605","0.409297","0.165318","1.77281"
"20","240","336.997862","0.404048","0.15318","1.808399"
"30","240","325.881324","0.399818","0.14199","1.846689"
"40","240","315.474767","0.396618","0.131622","1.888181"
"50","240","305.71228","0.394479","0.121976","1.933485"
"60","240","296.535864","0.393462","0.112967","1.983356"
"70","240","287.894283","0.393657","0.104521","2.038714"
"80","240","279.742102","0.395199","0.096572","2.100677"
"90","240","272.038891","0.398273","0.089058","2.170568"
"100","240","264.748555","0.403134","0.081926","2.24985"
"110","240","257.838766","0.410125","0.075127","2.339901"
"120","240","251.280486","0.419699","0.068627","2.441337"
"130","240","245.047559","0.432425","0.062411","2.552456"
"140","240","239.116358","0.448955","0.056501","2.666245"
"150","240","233.465493","0.469869","0.050971","2.766664"
"160","240","228.075547","0.495363","0.045954","2.82881"
"170","240","222.928858","0.524882","0.04161","2.829976"
"180","240","218.00932","0.557057","0.038051","2.766581"
"190","240","213.30222","0.59015","0.035279","2.656971"
"200","240","208.794089","0.622649","0.0332","2.526848"
"210","240","204.472572","0.653561","0.031678","2.395874"
"220","240","200.326317","0.682389","0.030582","2.274545"
"230","240","196.344874","0.708972","0.029805","2.166728"
"240","240","192.518607","0.733341","0.029267","2.072755"
"250","240","188.838618","0.755622","0.028907","1.991441"
"260","240","185.296677","0.775984","0.028683","1.921134"
"270","240","181.885157","0.7946","0.028564","1.860178"
"280","240","178.596987","0.811641","0.028526","1.80709"
"290","240","175.425594","0.827264","0.028552","1.760609"
"300","240","172.364867","0.841611","0.028629","1.719681"
"310","240","169.409111","0.85481","0.028748","1.68344"
"320","240","166.553019","0.866973","0.028902","1.651174"
"330","240","163.791633","0.878203","0.029083","1.622296"
"340","240","161.120318","0.888587","0.029289","1.596324"
"350","240","158.53474","0.898205","0.029514","1.572856"
"360","240","156.030835","0.907127","0.029756","1.551559"
"370","240","153.604794","0.915416","0.030012","1.532154"
"380","240","151.25304","0.923127","0.03028","1.514405"
"390","240","148.972213","0.93031","0.03056","1.498114"
"400","240","146.759152","0.937009","0.030848","1.483111"
"410","240","144.610881","0.943264","0.031145","1.469253"
"420","240","142.524595","0.949111","0.031449","1.456413"
"430","240","140.497651","0.954583","0.031759","1.444487"
"440","240","138.527551","0.959708","0.032074","1.433379"
"450","240","136.611938","0.964513","0.032395","1.42301"
"460","240","134.748582","0.969023","0.032719","1.413309"
"470","240","132.935374","0.973257","0.033048","1.404214"
"480","240","131.170316","0.977238","0.03338","1.395669"
"-70","250","506.472588","0.513727","0.371117","1.547341"
"-60","250","482.711266","0.497492","0.316436","1.571002"
"-50","250","461.079571","0.483046","0.279224","1.595514"
"-40","250","441.30348","0.470199","0.251477","1.620974"
"-30","250","423.154046","0.458798","0.22925","1.647501"
"-20","250","406.4385","0.448717","0.210503","1.675236"
"-10","250","390.993374","0.439861","0.194132","1.70435"
"0","250","376.679137","0.432152","0.179508","1.735045"
"10","250","363.375971","0.425537","0.166253","1.76757"
"20","250","350.980407","0.419982","0.154121","1.802221"
"30","250","339.402627","0.415469","0.142942","1.83936"
"40","250","328.564287","0.412004","0.132592","1.87942"
"50","250","318.396739","0.409613","0.122969","1.922928"
"60","250","308.839581","0.40835","0.113989","1.970518"
"70","250","299.839447","0.408294","0.10558","2.022949"
"80","250","291.34902","0.409565","0.097677","2.081114"
"90","250","283.326191","0.412327","0.09022","2.146029"
"100","250","275.733368","0.416804","0.083157","2.218757"
"110","250","268.536882","0.423288","0.076445","2.300199"
"120","250","261.706489","0.432161","0.070049","2.390565"
"130","250","255.214948","0.44389","0.063956","2.488256"
"140","250","249.037653","0.459003","0.058177","2.587864"
"150","250","243.152325","0.477977","0.052768","2.67775"
"160","250","237.538743","0.501026","0.047826","2.739748"
"170","250","232.178509","0.527832","0.043477","2.755277"
"180","250","227.054852","0.557422","0.039823","2.71679"
"190","250","222.152448","0.588405","0.036891","2.633412"
"200","250","217.457268","0.619401","0.034625","2.524064"
"210","250","212.956445","0.649373","0.03292","2.406714"
"220","250","208.638155","0.677698","0.031661","2.293115"
"230","250","204.491516","0.704084","0.030745","2.189036"
"240","250","200.506492","0.728462","0.03009","2.096368"
"250","250","196.673815","0.750884","0.029633","2.014974"
"260","250","192.984913","0.771465","0.029328","1.943847"
"270","250","189.431844","0.790348","0.029141","1.881711"
"280","250","186.007243","0.807679","0.029047","1.827299"
"290","250","182.704264","0.823602","0.029025","1.77947"
"300","250","179.516542","0.838249","0.029061","1.737235"
"310","250","176.438149","0.851742","0.029145","1.69976"
"320","250","173.463553","0.86419","0.029268","1.666346"
"330","250","170.587592","0.875693","0.029423","1.636411"
"340","250","167.805441","0.886337","0.029605","1.609469"
"350","250","165.112583","0.896202","0.029809","1.585114"
"360","250","162.504788","0.905359","0.030032","1.563008"
"370","250","159.978086","0.913868","0.030272","1.542863"
"380","250","157.528755","0.921787","0.030526","1.524439"
"390","250","155.153293","0.929166","0.030792","1.50753"
"400","250","152.848409","0.936049","0.031068","1.491961"
"410","250","150.611002","0.942478","0.031353","1.477584"
"420","250","148.438154","0.948488","0.031647","1.464268"
"430","250","146.327108","0.954114","0.031947","1.451902"
"440","250","144.275267","0.959383","0.032254","1.440391"
"450","250","142.280172","0.964324","0.032566","1.429648"
"460","250","140.339503","0.968961","0.032883","1.419602"
"470","250","138.451061","0.973316","0.033205","1.410186"
"480","250","136.612768","0.977409","0.03353","1.401345"
"-70","260","526.649714","0.533802","0.37193","1.545723"
"-60","260","501.941775","0.516894","0.317407","1.569151"
"-50","260","479.448306","0.501843","0.280228","1.593392"
"-40","260","458.884364","0.48845","0.252472","1.618538"
"-30","260","440.011883","0.476555","0.230223","1.644697"
"-20","260","422.630414","0.466027","0.211456","1.671999"
"-10","260","406.569977","0.456764","0.195071","1.7006"
"0","260","391.685482","0.448685","0.180439","1.730683"
"10","260","377.852338","0.441732","0.167183","1.762472"
"20","260","364.962952","0.435866","0.155055","1.796232"
"30","260","352.92393","0.431066","0.143887","1.832281"
"40","260","341.653806","0.427332","0.133552","1.870999"
"50","260","331.081199","0.424686","0.12395","1.912836"
"60","260","321.143297","0.423172","0.114998","1.958326"
"70","260","311.784611","0.422862","0.106623","2.008093"
"80","260","302.955938","0.423862","0.098761","2.062849"
"90","260","294.613491","0.426317","0.091355","2.123369"
"100","260","286.718181","0.430422","0.084355","2.190418"
"110","260","279.234998","0.436431","0.077718","2.264557"
"120","260","272.132492","0.444666","0.071413","2.345731"
"130","260","265.382338","0.455515","0.065424","2.432448"
"140","260","258.958948","0.469409","0.059758","2.520415"
"150","260","252.839157","0.486744","0.054454","2.60092"
"160","260","247.001938","0.507726","0.049585","2.660464"
"170","260","241.428161","0.532175","0.04525","2.684237"
"180","260","236.100385","0.559402","0.041536","2.663646"
"190","260","231.002676","0.588313","0.038481","2.601965"
"200","260","226.120447","0.617707","0.036058","2.51208"
"210","260","221.440317","0.646569","0.034189","2.409079"
"220","260","216.949994","0.674204","0.032775","2.304684"
"230","260","212.638158","0.700222","0.031722","2.205848"
"240","260","208.494377","0.724459","0.030949","2.115753"
"250","260","204.509012","0.746895","0.030394","2.035268"
"260","260","200.673149","0.767593","0.030006","1.964067"
"270","260","196.978532","0.786657","0.029749","1.901307"
"280","260","193.417499","0.804208","0.029595","1.845986"
"290","260","189.982934","0.820372","0.029523","1.797119"
"300","260","186.668218","0.83527","0.029516","1.753812"
"310","260","183.467186","0.849016","0.029563","1.715283"
"320","260","180.374086","0.861714","0.029653","1.68086"
"330","260","177.383552","0.873459","0.02978","1.649976"
"340","260","174.490564","0.884339","0.029937","1.62215"
"350","260","171.690427","0.894429","0.030119","1.596978"
"360","260","168.97874","0.903799","0.030323","1.574117"
"370","260","166.351379","0.912512","0.030545","1.553278"
"380","260","163.80447","0.920625","0.030783","1.534215"
"390","260","161.334373","0.928186","0.031034","1.516719"
"400","260","158.937665","0.935242","0.031297","1.50061"
"410","260","156.611124","0.941834","0.031571","1.485735"
"420","260","154.351712","0.947998","0.031854","1.471961"
"430","260","152.156566","0.953767","0.032144","1.459172"
"440","260","150.022982","0.959173","0.032442","1.447269"
"450","260","147.948405","0.964243","0.032746","1.436165"
"460","260","145.930423","0.969001","0.033055","1.425783"
"470","260","143.966749","0.97347","0.033369","1.416057"
"480","260","142.055221","0.977671","0.033687","1.406926"
"-70","270","546.82684","0.553849","0.372747","1.544125"
"-60","270","521.172285","0.536267","0.31838","1.567325"
"-50","270","497.81704","0.52061","0.281235","1.591302"
"-40","270","476.465248","0.506669","0.253467","1.616141"
"-30","270","456.86972","0.494278","0.231196","1.641943"
"-20","270","438.822329","0.483301","0.212408","1.668825"
"-10","270","422.14658","0.473628","0.196007","1.69693"
"0","270","406.691827","0.465177","0.181366","1.726425"
"10","270","392.328704","0.457882","0.168107","1.75751"
"20","270","378.945497","0.451702","0.155983","1.790422"
"30","270","366.445233","0.44661","0.144824","1.82544"
"40","270","354.743326","0.442604","0.134504","1.862896"
"50","270","343.765658","0.439698","0.124921","1.903175"
"60","270","333.447013","0.43793","0.115993","1.946726"
"70","270","323.729776","0.437363","0.107649","1.994059"
"80","270","314.562856","0.438092","0.099825","2.04574"
"90","270","305.900792","0.440243","0.092465","2.102356"
"100","270","297.702995","0.443989","0.085521","2.164444"
"110","270","289.933114","0.449548","0.078952","2.232323"
"120","270","282.558495","0.457196","0.072726","2.305764"
"130","270","275.549727","0.467257","0.066827","2.383385"
"140","270","268.880243","0.480088","0.061258","2.461695"
"150","270","262.52599","0.496015","0.056045","2.533994"
"160","270","256.465133","0.515227","0.051245","2.590056"
"170","270","250.677812","0.537627","0.046934","2.618173"
"180","270","245.145917","0.562723","0.043184","2.610072"
"190","270","239.852904","0.589662","0.040038","2.565651"
"200","270","234.783626","0.617424","0.037485","2.493059"
"210","270","229.92419","0.645065","0.035471","2.404178"
"220","270","225.261832","0.671866","0.033914","2.309791"
"230","270","220.784801","0.697367","0.03273","2.217321"
"240","270","216.482261","0.721328","0.031842","2.13088"
"250","270","212.344208","0.743661","0.031187","2.052214"
"260","270","208.361385","0.764375","0.030714","1.981661"
"270","270","204.525219","0.783536","0.030385","1.918834"
"280","270","200.827755","0.801237","0.030169","1.86303"
"290","270","197.261604","0.817583","0.030044","1.813453"
"300","270","193.819894","0.832682","0.029993","1.769324"
"310","270","190.496223","0.846639","0.03","1.729933"
"320","270","187.28462","0.859551","0.030057","1.694653"
"330","270","184.179512","0.871509","0.030154","1.662938"
"340","270","181.175687","0.882597","0.030284","1.634322"
"350","270","178.26827","0.892889","0.030443","1.608407"
"360","270","175.452693","0.902453","0.030626","1.584852"
"370","270","172.724671","0.911353","0.03083","1.563369"
"380","270","170.080184","0.919642","0.031051","1.543708"
"390","270","167.515453","0.927373","0.031287","1.525659"
"400","270","165.026922","0.934589","0.031537","1.509038"
"410","270","162.611246","0.941332","0.031798","1.49369"
"420","270","160.265271","0.94764","0.032069","1.479477"
"430","270","157.986024","0.953546","0.032349","1.466283"
"440","270","155.770697","0.959081","0.032637","1.454004"
"450","270","153.616639","0.964271","0.032932","1.442551"
"460","270","151.521343","0.969144","0.033233","1.431846"
"470","270","149.482436","0.973721","0.03354","1.421818"
"480","270","147.497673","0.978024","0.033851","1.412406"
"-70","280","567.003965","0.57387","0.373569","1.542547"
"-60","280","540.402794","0.555613","0.319356","1.565522"
"-50","280","516.185774","0.539347","0.282243","1.589241"
"-40","280","494.046131","0.524857","0.254463","1.613782"
"-30","280","473.727557","0.511968","0.232168","1.639236"
"-20","280","455.014243","0.500539","0.213357","1.665712"
"-10","280","437.723183","0.490455","0.19694","1.693338"
"0","280","421.698171","0.481627","0.18229","1.722267"
"10","280","406.80507","0.473988","0.169027","1.752677"
"20","280","392.928042","0.46749","0.156906","1.78478"
"30","280","379.966537","0.462105","0.145755","1.818822"
"40","280","367.832845","0.457822","0.135447","1.85509"
"50","280","356.450118","0.454652","0.125882","1.893914"
"60","280","345.75073","0.452627","0.116977","1.935669"
"70","280","335.67494","0.451801","0.10866","1.980772"
"80","280","326.169774","0.452257","0.100871","2.029668"
"90","280","317.188092","0.454108","0.093553","2.082796"
"100","280","308.687808","0.457504","0.08666","2.14052"
"110","280","300.631229","0.462636","0.08015","2.202983"
"120","280","292.984498","0.469738","0.073994","2.269846"
"130","280","285.717117","0.479085","0.068174","2.339833"
"140","280","278.801538","0.490973","0.062688","2.410047"
"150","280","272.212822","0.505674","0.057556","2.475219"
"160","280","265.928329","0.523355","0.052819","2.527453"
"170","280","259.927464","0.543966","0.048536","2.557479"
"180","280","254.19145","0.567151","0.044769","2.557897"
"190","280","248.703132","0.592247","0.041555","2.526831"
"200","280","243.446804","0.618402","0.038897","2.469018"
"210","280","238.408063","0.644764","0.036757","2.393355"
"220","280","233.57367","0.670626","0.03507","2.309176"
"230","280","228.931443","0.695491","0.033762","2.223792"
"240","280","224.470146","0.719057","0.032762","2.141856"
"250","280","220.179405","0.741178","0.032008","2.0658"
"260","280","216.049621","0.761814","0.03145","1.996563"
"270","280","212.071906","0.78099","0.031047","1.934207"
"280","280","208.238011","0.798771","0.030768","1.878344"
"290","280","204.540274","0.815241","0.030589","1.828387"
"300","280","200.97157","0.830492","0.03049","1.783695"
"310","280","197.52526","0.844617","0.030457","1.743645"
"320","280","194.195154","0.857707","0.030478","1.707665"
"330","280","190.975471","0.869846","0.030544","1.675246"
"340","280","187.86081","0.881115","0.030647","1.645942"
"350","280","184.846113","0.891585","0.030781","1.619365"
"360","280","181.926645","0.901324","0.030943","1.595183"
"370","280","179.097964","0.910392","0.031127","1.573109"
"380","280","176.355899","0.918843","0.031331","1.552896"
"390","280","173.696533","0.926728","0.031551","1.53433"
"400","280","171.116178","0.934092","0.031786","1.517229"
"410","280","168.611367","0.940976","0.032035","1.501434"
"420","280","166.178829","0.947418","0.032294","1.486805"
"430","280","163.815481","0.95345","0.032563","1.473224"
"440","280","161.518412","0.959105","0.032841","1.460586"
"450","280","159.284872","0.96441","0.033126","1.448798"
"460","280","157.112263","0.96939","0.033419","1.437781"
"470","280","154.998124","0.974069","0.033717","1.427462"
"480","280","152.940126","0.978469","0.034021","1.41778"
"-70","290","587.181091","0.593864","0.374396","1.540986"
"-60","290","559.633303","0.574931","0.320336","1.563743"
"-50","290","534.554509","0.558055","0.283252","1.58721"
"-40","290","511.627015","0.543014","0.255459","1.611459"
"-30","290","490.585394","0.529626","0.233139","1.636575"
"-20","290","471.206157","0.517742","0.214305","1.662657"
"-10","290","453.299786","0.507244","0.19787","1.689821"
"0","290","436.704516","0.498038","0.183209","1.718204"
"10","290","421.281436","0.490052","0.169942","1.747968"
"20","290","406.910587","0.483233","0.157822","1.7793"
"30","290","393.48784","0.47755","0.146678","1.812415"
"40","290","380.922365","0.472987","0.136381","1.847563"
"50","290","369.134577","0.46955","0.126832","1.885024"
"60","290","358.054446","0.467265","0.117948","1.925113"
"70","290","347.620104","0.466177","0.109658","1.968166"
"80","290","337.776692","0.466361","0.1019","2.01453"
"90","290","328.475392","0.467914","0.09462","2.064526"
"100","290","319.672621","0.470969","0.087772","2.118385"
"110","290","311.329345","0.475691","0.081316","2.176125"
"120","290","303.410501","0.482282","0.075221","2.237337"
"130","290","295.884506","0.490975","0.06947","2.300845"
"140","290","288.722833","0.502017","0.064057","2.364208"
"150","290","281.899654","0.515636","0.058996","2.423197"
"160","290","275.391524","0.531976","0.054316","2.471608"
"170","290","269.177115","0.551016","0.050065","2.502057"
"180","290","263.236982","0.572492","0.04629","2.508153"
"190","290","257.55336","0.595885","0.043028","2.487224"
"200","290","252.109983","0.620491","0.040285","2.441693"
"210","290","246.891935","0.645558","0.038037","2.377944"
"220","290","241.885509","0.670415","0.036234","2.303697"
"230","290","237.078085","0.694549","0.034811","2.225737"
"240","290","232.458031","0.717621","0.033703","2.148903"
"250","290","228.014601","0.739434","0.032853","2.076102"
"260","290","223.737857","0.759904","0.03221","2.008769"
"270","290","219.618593","0.779019","0.031733","1.947384"
"280","290","215.648267","0.796813","0.03139","1.89187"
"290","290","211.818945","0.813349","0.031155","1.84186"
"300","290","208.123246","0.828702","0.031008","1.796865"
"310","290","204.554298","0.842954","0.030933","1.756364"
"320","290","201.105688","0.856185","0.030917","1.71985"
"330","290","197.771431","0.868474","0.03095","1.686859"
"340","290","194.545933","0.879897","0.031024","1.656972"
"350","290","191.423957","0.890522","0.031134","1.62982"
"360","290","188.400598","0.900414","0.031272","1.605082"
"370","290","185.471256","0.909631","0.031436","1.582475"
"380","290","182.631614","0.918228","0.031621","1.561756"
"390","290","179.877612","0.926254","0.031826","1.542715"
"400","290","177.205435","0.933753","0.032046","1.525167"
"410","290","174.611489","0.940766","0.03228","1.508952"
"420","290","172.092388","0.947331","0.032527","1.493932"
"430","290","169.644939","0.953481","0.032785","1.479985"
"440","290","167.266127","0.959248","0.033052","1.467005"
"450","290","164.953106","0.964659","0.033328","1.454897"
"460","290","162.703183","0.96974","0.033611","1.443581"
"470","290","160.513811","0.974515","0.033901","1.432984"
"480","290","158.382578","0.979005","0.034198","1.42304"
"-70","300","607.358217","0.613833","0.375227","1.539444"
"-60","300","578.863813","0.594221","0.321319","1.561986"
"-50","300","552.923243","0.576734","0.284263","1.585207"
"-40","300","529.207899","0.561141","0.256456","1.609172"
"-30","300","507.443231","0.547251","0.23411","1.633959"
"-20","300","487.398071","0.534911","0.215251","1.659658"
"-10","300","468.876389","0.523996","0.198798","1.686375"
"0","300","451.710861","0.514409","0.184125","1.714234"
"10","300","435.757802","0.506073","0.170853","1.743378"
"20","300","420.893132","0.498931","0.158733","1.773972"
"30","300","407.009143","0.492946","0.147594","1.806208"
"40","300","394.011885","0.488101","0.137308","1.840298"
"50","300","381.819037","0.484394","0.127774","1.876482"
"60","300","370.358162","0.481845","0.118909","1.91502"
"70","300","359.565268","0.480494","0.110642","1.956183"
"80","300","349.383609","0.480404","0.102913","2.000236"
"90","300","339.762692","0.481662","0.095668","2.047407"
"100","300","330.657435","0.484382","0.088861","2.097824"
"110","300","322.027461","0.488711","0.082452","2.151414"
"120","300","313.836504","0.49482","0.076413","2.20773"
"130","300","306.051896","0.502908","0.070722","2.265686"
"140","300","298.644129","0.513184","0.065373","2.323198"
"150","300","291.586486","0.525837","0.060374","2.376816"
"160","300","284.854719","0.540991","0.055746","2.421581"
"170","300","278.426767","0.55864","0.051526","2.451567"
"180","300","272.282515","0.578585","0.047751","2.461346"
"190","300","266.403588","0.600417","0.044454","2.448006"
"200","300","260.773162","0.623553","0.041645","2.412475"
"210","300","255.375808","0.647338","0.039306","2.359165"
"220","300","250.197347","0.671153","0.037399","2.294238"
"230","300","245.224728","0.694491","0.03587","2.223715"
"240","300","240.445916","0.716987","0.034661","2.152338"
"250","300","235.849798","0.73841","0.033718","2.083274"
"260","300","231.426093","0.758635","0.032991","2.018339"
"270","300","227.16528","0.777617","0.03244","1.95837"
"280","300","223.058522","0.795361","0.032032","1.903584"
"290","300","219.097615","0.811908","0.031741","1.853836"
"300","300","215.274922","0.827316","0.031544","1.808794"
"310","300","211.583335","0.841652","0.031426","1.768048"
"320","300","208.016221","0.854988","0.031372","1.731168"
"330","300","204.567391","0.867396","0.031371","1.69774"
"340","300","201.231056","0.878945","0.031416","1.667381"
"350","300","198.0018","0.889701","0.031499","1.639744"
"360","300","194.874551","0.899725","0.031614","1.614522"
"370","300","191.844549","0.909074","0.031757","1.591443"
"380","300","188.907329","0.9178","0.031923","1.57027"
"390","300","186.058692","0.925951","0.03211","1.550795"
"400","300","183.294692","0.933573","0.032315","1.532835"
"410","300","180.61161","0.940704","0.032535","1.516232"
"420","300","178.005946","0.947382","0.032769","1.500845"
"430","300","175.474396","0.95364","0.033015","1.486554"
"440","300","173.013842","0.95951","0.033271","1.473251"
"450","300","170.62134","0.96502","0.033537","1.460841"
"460","300","168.294103","0.970195","0.033811","1.44924"
"470","300","166.029498","0.975059","0.034092","1.438376"
"480","300","163.82503","0.979633","0.03438","1.428183"
"-70","310","627.535342","0.633775","0.376064","1.53792"
"-60","310","598.094322","0.613485","0.322305","1.560252"
"-50","310","571.291977","0.595385","0.285276","1.583232"
"-40","310","546.788783","0.579237","0.257452","1.60692"
"-30","310","524.301068","0.564843","0.23508","1.631387"
"-20","310","503.589985","0.552045","0.216196","1.656715"
"-10","310","484.452992","0.540713","0.199723","1.683"
"0","310","466.717206","0.530742","0.185037","1.710352"
"10","310","450.234168","0.522053","0.171759","1.7389"
"20","310","434.875677","0.514585","0.159639","1.768791"
"30","310","420.530446","0.508297","0.148504","1.800189"
"40","310","407.101404","0.503165","0.138227","1.83328"
"50","310","394.503496","0.499185","0.128706","1.868265"
"60","310","382.661878","0.49637","0.119858","1.905356"
"70","310","371.510432","0.494753","0.111614","1.944771"
"80","310","360.990527","0.494389","0.103911","1.986709"
"90","310","351.049992","0.495353","0.096697","2.031321"
"100","310","341.642248","0.497746","0.089927","2.078657"
"110","310","332.725577","0.501694","0.083562","2.128578"
"120","310","324.262507","0.507346","0.077571","2.180616"
"130","310","316.219285","0.514871","0.071935","2.233773"
"140","310","308.565424","0.524445","0.066642","2.286249"
"150","310","301.273319","0.536227","0.061698","2.335183"
"160","310","294.317915","0.550322","0.057117","2.376559"
"170","310","287.676418","0.56673","0.052926","2.40557"
"180","310","281.328048","0.5853","0.049157","2.417647"
"190","310","275.253816","0.605703","0.045836","2.409929"
"200","310","269.436341","0.627458","0.042973","2.382427"
"210","310","263.859681","0.649997","0.040558","2.338072"
"220","310","258.509185","0.67276","0.03856","2.28165"
"230","310","253.37137","0.695257","0.036935","2.218325"
"240","310","248.433801","0.717116","0.035632","2.152538"
"250","310","243.684994","0.738079","0.034599","2.087535"
"260","310","239.114329","0.757991","0.03379","2.025382"
"270","310","234.711967","0.776775","0.033167","1.967209"
"280","310","230.468778","0.794411","0.032694","1.913493"
"290","310","226.376285","0.810916","0.032345","1.8643"
"300","310","222.426598","0.826331","0.032098","1.819457"
"310","310","218.612372","0.840711","0.031936","1.778669"
"320","310","214.926755","0.854117","0.031843","1.741589"
"330","310","211.36335","0.866613","0.031808","1.707861"
"340","310","207.916178","0.878261","0.031822","1.677141"
"350","310","204.579643","0.889124","0.031878","1.649111"
"360","310","201.348503","0.899259","0.031968","1.623482"
"370","310","198.217842","0.90872","0.032089","1.599995"
"380","310","195.183043","0.917559","0.032236","1.57842"
"390","310","192.239772","0.925822","0.032405","1.558555"
"400","310","189.383948","0.933552","0.032594","1.540221"
"410","310","186.611732","0.940789","0.032799","1.523261"
"420","310","183.919505","0.94757","0.033019","1.507535"
"430","310","181.303854","0.953927","0.033253","1.492923"
"440","310","178.761558","0.959892","0.033498","1.479316"
"450","310","176.289573","0.965492","0.033753","1.46662"
"460","310","173.885023","0.970754","0.034017","1.454751"
"470","310","171.545186","0.9757","0.03429","1.443633"
"480","310","169.267483","0.980354","0.034569","1.433201"
"-70","320","647.712468","0.653692","0.376904","1.536414"
"-60","320","617.324832","0.632721","0.323293","1.55854"
"-50","320","589.660712","0.614008","0.286291","1.581284"
"-40","320","564.369667","0.597303","0.25845","1.604702"
"-30","320","541.158905","0.582405","0.236049","1.628857"
"-20","320","519.781899","0.569147","0.217139","1.653825"
"-10","320","500.029595","0.557394","0.200645","1.679691"
"0","320","481.723551","0.547038","0.185946","1.706555"
"10","320","464.710534","0.537993","0.172661","1.734531"
"20","320","448.858222","0.530196","0.160539","1.763748"
"30","320","434.051749","0.523601","0.149408","1.79435"
"40","320","420.190924","0.51818","0.139139","1.826494"
"50","320","407.187956","0.513924","0.12963","1.86035"
"60","320","394.965595","0.510841","0.120798","1.896091"
"70","320","383.455596","0.508957","0.112573","1.933887"
"80","320","372.597445","0.508318","0.104895","1.973881"
"90","320","362.337293","0.50899","0.09771","2.016165"
"100","320","352.627061","0.511061","0.090973","2.060729"
"110","320","343.423693","0.51464","0.084647","2.107387"
"120","320","334.68851","0.519856","0.0787","2.155665"
"130","320","326.386675","0.526852","0.073111","2.204641"
"140","320","318.486719","0.535778","0.067869","2.252747"
"150","320","310.960151","0.546767","0.062974","2.297583"
"160","320","303.78111","0.559908","0.058435","2.335848"
"170","320","296.92607","0.575203","0.054273","2.363611"
"180","320","290.37358","0.592532","0.050512","2.377028"
"190","320","284.104044","0.611629","0.047173","2.37344"
"200","320","278.09952","0.632093","0.044268","2.352319"
"210","320","272.343553","0.653436","0.041789","2.315531"
"220","320","266.821024","0.675154","0.039712","2.266706"
"230","320","261.518012","0.696788","0.038","2.21016"
"240","320","256.421685","0.717965","0.036609","2.149914"
"250","320","251.520191","0.738412","0.035492","2.089145"
"260","320","246.802566","0.757952","0.034605","2.030053"
"270","320","242.258654","0.77648","0.033909","1.973984"
"280","320","237.879034","0.793953","0.033372","1.921635"
"290","320","233.654955","0.810367","0.032967","1.873262"
"300","320","229.578274","0.825746","0.032669","1.828848"
"310","320","225.641409","0.840131","0.032461","1.788212"
"320","320","221.837289","0.853572","0.032329","1.751095"
"330","320","218.15931","0.866124","0.032259","1.717201"
"340","320","214.601301","0.877846","0.032241","1.686233"
"350","320","211.157487","0.888791","0.032269","1.657903"
"360","320","207.822456","0.899017","0.032335","1.631944"
"370","320","204.591134","0.908572","0.032433","1.608113"
"380","320","201.458758","0.917507","0.032559","1.586191"
"390","320","198.420852","0.925867","0.03271","1.565982"
"400","320","195.473205","0.933693","0.032881","1.547313"
"410","320","192.611854","0.941024","0.033072","1.530028"
"420","320","189.833063","0.947896","0.033278","1.513992"
"430","320","187.133311","0.954342","0.033499","1.499083"
"440","320","184.509273","0.960393","0.033732","1.485194"
"450","320","181.957807","0.966076","0.033976","1.47223"
"460","320","179.475943","0.971418","0.03423","1.460107"
"470","320","177.060873","0.976441","0.034493","1.44875"
"480","320","174.709935","0.981167","0.034764","1.438091"
"-70","330","667.889593","0.673584","0.37775","1.534925"
"-60","330","636.555341","0.651932","0.324285","1.556849"
"-50","330","608.029446","0.632603","0.287307","1.579362"
"-40","330","581.950551","0.615341","0.259447","1.602516"
"-30","330","558.016742","0.599936","0.237018","1.626369"
"-20","330","535.973814","0.586215","0.21808","1.650986"
"-10","330","515.606198","0.57404","0.201565","1.676447"
"0","330","496.729895","0.563296","0.186852","1.70284"
"10","330","479.186901","0.553894","0.173558","1.730266"
"20","330","462.840767","0.545766","0.161434","1.758838"
"30","330","447.573053","0.538861","0.150306","1.788681"
"40","330","433.280444","0.533148","0.140044","1.819928"
"50","330","419.872415","0.528613","0.130545","1.85272"
"60","330","407.269311","0.525259","0.121728","1.887197"
"70","330","395.40076","0.523106","0.113521","1.923488"
"80","330","384.204363","0.522192","0.105865","1.961692"
"90","330","373.624593","0.522574","0.098707","2.001851"
"100","330","363.611874","0.524328","0.092001","2.04391"
"110","330","354.121808","0.527548","0.085709","2.087651"
"120","330","345.114513","0.532346","0.079802","2.1326"
"130","330","336.554064","0.538843","0.074256","2.177909"
"140","330","328.408014","0.547167","0.069058","2.222199"
"150","330","320.646983","0.557429","0.064206","2.263432"
"160","330","313.244305","0.569701","0.059705","2.298865"
"170","330","306.175721","0.583989","0.055569","2.32525"
"180","330","299.419113","0.600193","0.051818","2.339354"
"190","330","292.954272","0.618095","0.048469","2.338771"
"200","330","286.762699","0.637358","0.045529","2.322691"
"210","330","280.827426","0.657562","0.042996","2.292223"
"220","330","275.132862","0.678259","0.040851","2.250075"
"230","330","269.664655","0.69902","0.039062","2.199781"
"240","330","264.40957","0.719486","0.03759","2.144887"
"250","330","259.355387","0.739375","0.036393","2.088394"
"260","330","254.490802","0.758493","0.035431","2.03254"
"270","330","249.805341","0.776715","0.034666","1.978808"
"280","330","245.28929","0.793976","0.034066","1.928071"
"290","330","240.933625","0.810254","0.033603","1.880753"
"300","330","236.72995","0.825555","0.033255","1.836976"
"310","330","232.670447","0.839908","0.033002","1.796675"
"320","330","228.747822","0.85335","0.032829","1.759676"
"330","330","224.95527","0.86593","0.032723","1.725748"
"340","330","221.286424","0.877698","0.032673","1.694642"
"350","330","217.73533","0.888704","0.032672","1.666104"
"360","330","214.296408","0.898998","0.032712","1.639893"
"370","330","210.964427","0.90863","0.032787","1.615784"
"380","330","207.734473","0.917644","0.032893","1.59357"
"390","330","204.601932","0.926086","0.033024","1.573064"
"400","330","201.562461","0.933994","0.033179","1.554099"
"410","330","198.611975","0.941408","0.033353","1.536524"
"420","330","195.746622","0.948361","0.033545","1.520206"
"430","330","192.962769","0.954887","0.033752","1.505025"
"440","330","190.256988","0.961015","0.033973","1.490876"
"450","330","187.62604","0.966773","0.034206","1.477663"
"460","330","185.066863","0.972187","0.03445","1.465303"
"470","330","182.57656","0.97728","0.034703","1.45372"
"480","330","180.152388","0.982073","0.034965","1.442848"
"-70","340","688.066719","0.693451","0.3786","1.533452"
"-60","340","655.78585","0.671116","0.32528","1.555178"
"-50","340","626.398181","0.65117","0.288325","1.577466"
"-40","340","599.531435","0.633349","0.260446","1.600363"
"-30","340","574.874579","0.617436","0.237985","1.62392"
"-20","340","552.165728","0.603252","0.219019","1.648198"
"-10","340","531.182801","0.590652","0.202482","1.673266"
"0","340","511.73624","0.579518","0.187754","1.699204"
"10","340","493.663267","0.569756","0.174452","1.726101"
"20","340","476.823312","0.561294","0.162325","1.754055"
"30","340","461.094356","0.554077","0.151198","1.783173"
"40","340","446.369963","0.54807","0.140941","1.813569"
"50","340","432.556874","0.543254","0.131453","1.845357"
"60","340","419.573027","0.539627","0.122649","1.878649"
"70","340","407.345924","0.537203","0.114459","1.91354"
"80","340","395.811281","0.536014","0.106823","1.950089"
"90","340","384.911893","0.536107","0.099688","1.988303"
"100","340","374.596688","0.537548","0.09301","2.02809"
"110","340","364.819924","0.540418","0.08675","2.069209"
"120","340","355.540516","0.544813","0.080878","2.111196"
"130","340","346.721454","0.550837","0.075371","2.153267"
"140","340","338.329309","0.558597","0.070213","2.194203"
"150","340","330.333815","0.568186","0.065399","2.232254"
"160","340","322.707501","0.579665","0.060932","2.265119"
"170","340","315.425373","0.593034","0.056821","2.290087"
"180","340","308.464645","0.608214","0.053081","2.304433"
"190","340","301.8045","0.625019","0.049724","2.306015"
"200","340","295.425878","0.643166","0.046758","2.293896"
"210","340","289.311299","0.662292","0.04418","2.268669"
"220","340","283.4447","0.681999","0.041975","2.232318"
"230","340","277.811297","0.701893","0.040116","2.187695"
"240","340","272.397455","0.72163","0.03857","2.137862"
"250","340","267.190584","0.740931","0.037299","2.085583"
"260","340","262.179038","0.759587","0.036266","2.033048"
"270","340","257.352028","0.777461","0.035434","1.981817"
"280","340","252.699546","0.794467","0.034772","1.932887"
"290","340","248.212295","0.810567","0.034253","1.886821"
"300","340","243.881626","0.825753","0.033854","1.843868"
"310","340","239.699484","0.840037","0.033556","1.804068"
"320","340","235.658356","0.85345","0.033342","1.767332"
"330","340","231.751229","0.866029","0.0332","1.733496"
"340","340","227.971547","0.877817","0.033118","1.702359"
"350","340","224.313173","0.88886","0.033087","1.673705"
"360","340","220.770361","0.899203","0.033101","1.64732"
"370","340","217.337719","0.908892","0.033152","1.622998"
"380","340","214.010188","0.91797","0.033236","1.600547"
"390","340","210.783011","0.926479","0.033348","1.579792"
"400","340","207.651718","0.934457","0.033484","1.560571"
"410","340","204.612097","0.941941","0.033643","1.542741"
"420","340","201.66018","0.948965","0.03382","1.526171"
"430","340","198.792226","0.955561","0.034013","1.510744"
"440","340","196.004703","0.961758","0.034222","1.496356"
"450","340","193.294274","0.967583","0.034443","1.482914"
"460","340","190.657784","0.973062","0.034676","1.470334"
"470","340","188.092248","0.978217","0.03492","1.458541"
"480","340","185.59484","0.983071","0.035173","1.447468"
"-60","350","675.01636","0.690274","0.326278","1.553528"
"-50","350","644.766915","0.66971","0.289344","1.575596"
"-40","350","617.112319","0.651329","0.261444","1.598241"
"-30","350","591.732416","0.634906","0.238953","1.62151"
"-20","350","568.357642","0.620256","0.219957","1.645457"
"-10","350","546.759404","0.60723","0.203397","1.670145"
"0","350","526.742585","0.595704","0.188653","1.695644"
"10","350","508.139633","0.585581","0.175341","1.722031"
"20","350","490.805857","0.576782","0.16321","1.749392"
"30","350","474.615659","0.569251","0.152084","1.777819"
"40","350","459.459483","0.562947","0.141833","1.807406"
"50","350","445.241334","0.557848","0.132352","1.838246"
"60","350","431.876743","0.553946","0.12356","1.870425"
"70","350","419.291089","0.55125","0.115386","1.904008"
"80","350","407.418199","0.549784","0.107768","1.939027"
"90","350","396.199193","0.54959","0.100655","1.975453"
"100","350","385.581501","0.550722","0.094003","2.01317"
"110","350","375.51804","0.55325","0.087772","2.051924"
"120","350","365.966519","0.557255","0.081932","2.091261"
"130","350","356.888843","0.562828","0.076459","2.130457"
"140","350","348.250604","0.570058","0.071337","2.168427"
"150","350","340.020648","0.579021","0.066558","2.203657"
"160","350","332.170696","0.589767","0.062121","2.234195"
"170","350","324.675024","0.602296","0.058033","2.257763"
"180","350","317.510178","0.616536","0.054303","2.27205"
"190","350","310.654728","0.632333","0.050942","2.275173"
"200","350","304.089056","0.649443","0.047954","2.266158"
"210","350","297.795171","0.667552","0.045338","2.245252"
"220","350","291.756539","0.686307","0.043082","2.21389"
"230","350","285.957939","0.705348","0.041161","2.174344"
"240","350","280.38534","0.724351","0.039548","2.129221"
"250","350","275.02578","0.743041","0.038208","2.08101"
"260","350","269.867274","0.761206","0.037107","2.031799"
"270","350","264.898715","0.778695","0.03621","1.983163"
"280","350","260.109802","0.79541","0.035488","1.936184"
"290","350","255.490965","0.811295","0.034915","1.891531"
"300","350","251.033302","0.826329","0.034466","1.849561"
"310","350","246.728521","0.840513","0.034122","1.810412"
"320","350","242.56889","0.853866","0.033867","1.774074"
"330","350","238.547189","0.866416","0.033688","1.740448"
"340","350","234.65667","0.8782","0.033573","1.709383"
"350","350","230.891017","0.889258","0.033513","1.680701"
"360","350","227.244313","0.899631","0.0335","1.654216"
"370","350","223.711012","0.90936","0.033527","1.629746"
"380","350","220.285902","0.918485","0.033588","1.607115"
"390","350","216.964091","0.927047","0.033681","1.586157"
"400","350","213.740975","0.935081","0.033799","1.566722"
"410","350","210.612218","0.942624","0.033941","1.548671"
"420","350","207.573739","0.949708","0.034102","1.53188"
"430","350","204.621684","0.956364","0.034282","1.516233"
"440","350","201.752418","0.962621","0.034477","1.50163"
"450","350","198.962507","0.968505","0.034687","1.487978"
"460","350","196.248704","0.974042","0.034909","1.475195"
"470","350","193.607935","0.979254","0.035142","1.463207"
"480","350","191.037293","0.984163","0.035386","1.451947"
"-60","360","694.246869","0.709406","0.327278","1.551898"
"-50","360","663.135649","0.688223","0.290365","1.57375"
"-40","360","634.693202","0.66928","0.262443","1.596149"
"-30","360","608.590253","0.652346","0.239919","1.619137"
"-20","360","584.549556","0.63723","0.220894","1.642764"
"-10","360","562.336007","0.623775","0.20431","1.667083"
"0","360","541.74893","0.611856","0.189549","1.692157"
"10","360","522.615999","0.601368","0.176227","1.718053"
"20","360","504.788402","0.592231","0.164091","1.744845"
"30","360","488.136962","0.584383","0.152965","1.772611"
"40","360","472.549003","0.577781","0.142717","1.801429"
"50","360","457.925793","0.572396","0.133245","1.831372"
"60","360","444.18046","0.568217","0.124463","1.862503"
"70","360","431.236253","0.565247","0.116303","1.894865"
"80","360","419.025117","0.563505","0.108702","1.928462"
"90","360","407.486494","0.563024","0.101609","1.963242"
"100","360","396.566314","0.56385","0.09498","1.999068"
"110","360","386.216156","0.566043","0.088775","2.035677"
"120","360","376.392522","0.569672","0.082964","2.072633"
"130","360","367.056233","0.574812","0.077522","2.109263"
"140","360","358.171899","0.581539","0.072432","2.144596"
"150","360","349.70748","0.589917","0.067684","2.177314"
"160","360","341.633892","0.599984","0.063275","2.205745"
"170","360","333.924676","0.611737","0.059208","2.227959"
"180","360","326.55571","0.625113","0.055488","2.24199"
"190","360","319.504955","0.63998","0.052125","2.246187"
"200","360","312.752235","0.656125","0.04912","2.239599"
"210","360","306.279044","0.673277","0.046472","2.222247"
"220","360","300.068377","0.69112","0.04417","2.195151"
"230","360","294.104581","0.709329","0.042195","2.160107"
"240","360","288.373224","0.727601","0.040521","2.119307"
"250","360","282.860977","0.745668","0.039117","2.074961"
"260","360","277.55551","0.76332","0.037952","2.029012"
"270","360","272.445402","0.780396","0.036994","1.983009"
"280","360","267.520058","0.796787","0.036214","1.938076"
"290","360","262.769635","0.812425","0.035586","1.89496"
"300","360","258.184978","0.827275","0.035088","1.854107"
"310","360","253.757558","0.841329","0.034699","1.815739"
"320","360","249.479424","0.854593","0.034404","1.779921"
"330","360","245.343149","0.867089","0.034188","1.746614"
"340","360","241.341793","0.878846","0.03404","1.715716"
"350","360","237.46886","0.889897","0.033949","1.687091"
"360","360","233.718266","0.90028","0.033909","1.660581"
"370","360","230.084304","0.910031","0.033911","1.636026"
"380","360","226.561617","0.919188","0.03395","1.613268"
"390","360","223.145171","0.927788","0.034022","1.592155"
"400","360","219.830231","0.935867","0.034122","1.572546"
"410","360","216.61234","0.943456","0.034246","1.55431"
"420","360","213.487297","0.95059","0.034392","1.537327"
"430","360","210.451141","0.957297","0.034558","1.521488"
"440","360","207.500133","0.963605","0.03474","1.506692"
"450","360","204.630741","0.96954","0.034937","1.492851"
"460","360","201.839624","0.975127","0.035148","1.479883"
"470","360","199.123623","0.980389","0.035371","1.467715"
"480","360","196.479745","0.985346","0.035604","1.456282"
"-60","370","713.477378","0.728514","0.328282","1.550288"
"-50","370","681.504384","0.70671","0.291388","1.571928"
"-40","370","652.274086","0.687204","0.263443","1.594087"
"-30","370","625.448091","0.669757","0.240886","1.616802"
"-20","370","600.74147","0.654172","0.221829","1.640116"
"-10","370","577.91261","0.640288","0.205221","1.664077"
"0","370","556.755274","0.627973","0.190442","1.68874"
"10","370","537.092365","0.617119","0.177108","1.714163"
"20","370","518.770947","0.607641","0.164967","1.740409"
"30","370","501.658266","0.599475","0.153841","1.767543"
"40","370","485.638522","0.592571","0.143596","1.795628"
"50","370","470.610253","0.586898","0.13413","1.824721"
"60","370","456.484176","0.582441","0.125358","1.854865"
"70","370","443.181417","0.579196","0.11721","1.886083"
"80","370","430.632035","0.577177","0.109625","1.918358"
"90","370","418.773794","0.57641","0.102551","1.951617"
"100","370","407.551127","0.576934","0.095942","1.98571"
"110","370","396.914272","0.578797","0.089761","2.020369"
"120","370","386.818525","0.58206","0.083976","2.055174"
"130","370","377.223622","0.586785","0.078562","2.089502"
"140","370","368.093194","0.593035","0.073501","2.122481"
"150","370","359.394312","0.600861","0.068781","2.152952"
"160","370","351.097087","0.610295","0.064397","2.179474"
"170","370","343.174327","0.621328","0.060348","2.200398"
"180","370","335.601243","0.633906","0.056639","2.214044"
"190","370","328.355183","0.64791","0.053274","2.21897"
"200","370","321.415414","0.663158","0.050256","2.214277"
"210","370","314.762917","0.679408","0.047581","2.19984"
"220","370","308.380215","0.696382","0.045239","2.176376"
"230","370","302.251224","0.713785","0.043215","2.145294"
"240","370","296.361109","0.731334","0.041486","2.108424"
"250","370","290.696174","0.748775","0.040023","2.067699"
"260","370","285.243746","0.765897","0.038798","2.024904"
"270","370","279.992089","0.782537","0.037782","1.981521"
"280","370","274.930314","0.798578","0.036946","1.938686"
"290","370","270.048305","0.813941","0.036266","1.897197"
"300","370","265.336654","0.82858","0.03572","1.857567"
"310","370","260.786596","0.842475","0.035287","1.820089"
"320","370","256.389957","0.855625","0.034951","1.784897"
"330","370","252.139108","0.868043","0.034698","1.752008"
"340","370","248.026915","0.879749","0.034516","1.721369"
"350","370","244.046703","0.890774","0.034396","1.692879"
"360","370","240.192219","0.901147","0.034327","1.666413"
"370","370","236.457597","0.910904","0.034305","1.641835"
"380","370","232.837332","0.920077","0.034321","1.619003"
"390","370","229.326251","0.928702","0.034372","1.597782"
"400","370","225.919488","0.936812","0.034453","1.57804"
"410","370","222.612462","0.944438","0.03456","1.559654"
"420","370","219.400856","0.95161","0.03469","1.54251"
"430","370","216.280599","0.958358","0.034841","1.526504"
"440","370","213.247849","0.964709","0.035009","1.511539"
"450","370","210.298974","0.970687","0.035194","1.497529"
"460","370","207.430544","0.976318","0.035393","1.484394"
"470","370","204.63931","0.981623","0.035605","1.472063"
"480","370","201.922198","0.986623","0.035829","1.46047"
"-60","380","732.707888","0.747596","0.329288","1.548696"
"-50","380","699.873118","0.725171","0.292412","1.57013"
"-40","380","669.85497","0.705101","0.264442","1.592054"
"-30","380","642.305928","0.687139","0.241851","1.614502"
"-20","380","616.933384","0.671084","0.222763","1.637512"
"-10","380","593.489213","0.656769","0.206129","1.661126"
"0","380","571.761619","0.644056","0.191332","1.685392"
"10","380","551.568731","0.632834","0.177986","1.710358"
"20","380","532.753492","0.623014","0.165839","1.73608"
"30","380","515.179569","0.614527","0.154711","1.762608"
"40","380","498.728042","0.60732","0.144468","1.789995"
"50","380","483.294712","0.601357","0.135008","1.818281"
"60","380","468.787892","0.596619","0.126245","1.847495"
"70","380","455.126581","0.593099","0.118108","1.877639"
"80","380","442.238953","0.590803","0.110537","1.908681"
"90","380","430.061094","0.589751","0.10348","1.940532"
"100","380","418.535941","0.589974","0.096891","1.97303"
"110","380","407.612388","0.591514","0.090731","2.005909"
"120","380","397.244528","0.59442","0.08497","2.038765"
"130","380","387.391011","0.598745","0.079581","2.07102"
"140","380","378.014489","0.604539","0.074546","2.101887"
"150","380","369.081144","0.611844","0.069851","2.13034"
"160","380","360.560282","0.620683","0.065489","2.155129"
"170","380","352.423979","0.631046","0.061458","2.174837"
"180","380","344.646775","0.642882","0.057759","2.18802"
"190","380","337.205411","0.656085","0.054394","2.193418"
"200","380","330.078593","0.670494","0.051363","2.190199"
"210","380","323.246789","0.685896","0.048665","2.178154"
"220","380","316.692054","0.702044","0.046289","2.157773"
"230","380","310.397866","0.718669","0.044222","2.13016"
"240","380","304.348994","0.735508","0.042442","2.096832"
"250","380","298.53137","0.752323","0.040925","2.059467"
"260","380","292.931982","0.768907","0.039645","2.019677"
"270","380","287.538776","0.785095","0.038573","1.978863"
"280","380","282.34057","0.800765","0.037684","1.93814"
"290","380","277.326976","0.815828","0.036953","1.898333"
"300","380","272.48833","0.830231","0.036359","1.860006"
"310","380","267.815633","0.843943","0.035883","1.823511"
"320","380","263.300491","0.856955","0.035507","1.789036"
"330","380","258.935068","0.869271","0.035217","1.756653"
"340","380","254.712038","0.880907","0.035002","1.726353"
"350","380","250.624547","0.891885","0.034851","1.698073"
"360","380","246.666171","0.902231","0.034755","1.671718"
"370","380","242.830889","0.911977","0.034707","1.647175"
"380","380","239.113046","0.921152","0.0347","1.624322"
"390","380","235.507331","0.929788","0.03473","1.603037"
"400","380","232.008744","0.937916","0.034792","1.583201"
"410","380","228.612583","0.945566","0.034881","1.564699"
"420","380","225.314414","0.952768","0.034995","1.547425"
"430","380","222.110057","0.959548","0.03513","1.531278"
"440","380","218.995564","0.965932","0.035285","1.516168"
"450","380","215.967208","0.971947","0.035457","1.502009"
"460","380","213.021464","0.977614","0.035644","1.488725"
"470","380","210.154997","0.982955","0.035845","1.476246"
"480","380","207.36465","0.987992","0.036058","1.464508"
"-60","390","751.938397","0.766654","0.330297","1.547123"
"-50","390","718.241852","0.743606","0.293438","1.568354"
"-40","390","687.435854","0.72297","0.265443","1.590049"
"-30","390","659.163765","0.704493","0.242816","1.612237"
"-20","390","633.125299","0.687966","0.223695","1.634951"
"-10","390","609.065816","0.673217","0.207035","1.658228"
"0","390","586.767964","0.660105","0.192219","1.682109"
"10","390","566.045098","0.648514","0.178861","1.706635"
"20","390","546.736037","0.63835","0.166707","1.731852"
"30","390","528.700872","0.629539","0.155576","1.757801"
"40","390","511.817561","0.622027","0.145335","1.784521"
"50","390","495.979172","0.615774","0.13588","1.812041"
"60","390","481.091608","0.610754","0.127124","1.840375"
"70","390","467.071745","0.606956","0.118998","1.869511"
"80","390","453.845871","0.604382","0.11144","1.8994"
"90","390","441.348394","0.603046","0.104398","1.929945"
"100","390","429.520754","0.602972","0.097826","1.960974"
"110","390","418.310503","0.604194","0.091686","1.992222"
"120","390","407.670531","0.606751","0.085947","2.023305"
"130","390","397.558401","0.610688","0.080581","2.053685"
"140","390","387.935784","0.616045","0.075569","2.082648"
"150","390","378.767977","0.622855","0.070896","2.109283"
"160","390","370.023478","0.631135","0.066554","2.132497"
"170","390","361.673631","0.64087","0.062539","2.151065"
"180","390","353.692308","0.652013","0.058849","2.163739"
"190","390","346.055639","0.664468","0.055484","2.169419"
"200","390","338.741772","0.678093","0.052445","2.167345"
"210","390","331.730662","0.692698","0.049726","2.157261"
"220","390","325.003892","0.708059","0.04732","2.139494"
"230","390","318.544508","0.723935","0.045214","2.114906"
"240","390","312.336879","0.740084","0.043389","2.084751"
"250","390","306.366567","0.756278","0.041822","2.050475"
"260","390","300.620218","0.77232","0.040489","2.013522"
"270","390","295.085463","0.788045","0.039366","1.975192"
"280","390","289.750826","0.803326","0.038426","1.936563"
"290","390","284.605646","0.81807","0.037646","1.898467"
"300","390","279.640006","0.832214","0.037006","1.861499"
"310","390","274.84467","0.845721","0.036487","1.826056"
"320","390","270.211025","0.858573","0.036071","1.792376"
"330","390","265.731028","0.870767","0.035745","1.760576"
"340","390","261.397161","0.882312","0.035496","1.730689"
"350","390","257.20239","0.893226","0.035315","1.702687"
"360","390","253.140124","0.903529","0.035191","1.676504"
"370","390","249.204182","0.913247","0.035117","1.65205"
"380","390","245.388761","0.92241","0.035087","1.629225"
"390","390","241.68841","0.931044","0.035096","1.60792"
"400","390","238.098001","0.939179","0.035138","1.588028"
"410","390","234.612705","0.946842","0.035209","1.569445"
"420","390","231.227973","0.954062","0.035306","1.55207"
"430","390","227.939514","0.960865","0.035427","1.535809"
"440","390","224.743279","0.967275","0.035567","1.520576"
"450","390","221.635441","0.973317","0.035726","1.506289"
"460","390","218.612384","0.979014","0.035901","1.492875"
"470","390","215.670685","0.984386","0.036091","1.480264"
"480","390","212.807103","0.989453","0.036294","1.468394"
"-60","400","771.168907","0.785687","0.331309","1.545569"
"-50","400","736.610587","0.762015","0.294465","1.566601"
"-40","400","705.016738","0.740812","0.266443","1.588071"
"-30","400","676.021602","0.721818","0.243781","1.610005"
"-20","400","649.317213","0.704819","0.224626","1.632432"
"-10","400","624.642419","0.689635","0.207939","1.655382"
"0","400","601.774309","0.676122","0.193103","1.67889"
"10","400","580.521464","0.664159","0.179732","1.702991"
"20","400","560.718582","0.653649","0.16757","1.727721"
"30","400","542.222175","0.644514","0.156436","1.753114"
"40","400","524.907081","0.636695","0.146196","1.779198"
"50","400","508.663631","0.630149","0.136745","1.805991"
"60","400","493.395325","0.624845","0.127996","1.833492"
"70","400","479.016909","0.620769","0.119879","1.861678"
"80","400","465.452789","0.617917","0.112333","1.89049"
"90","400","452.635694","0.616297","0.105304","1.919819"
"100","400","440.505567","0.615928","0.098749","1.949489"
"110","400","429.008619","0.616836","0.092627","1.97924"
"120","400","418.096534","0.619053","0.086907","2.008705"
"130","400","407.72579","0.622613","0.081562","2.037382"
"140","400","397.85708","0.62755","0.076571","2.064622"
"150","400","388.454809","0.633889","0.071918","2.089613"
"160","400","379.486673","0.641638","0.067595","2.111394"
"170","400","370.923282","0.650783","0.063593","2.128896"
"180","400","362.737841","0.661277","0.059912","2.141039"
"190","400","354.905867","0.673033","0.056548","2.146861"
"200","400","347.404951","0.685921","0.0535","2.145673"
"210","400","340.214535","0.699774","0.050764","2.137199"
"220","400","333.31573","0.714389","0.048332","2.121647"
"230","400","326.691151","0.729547","0.046191","2.099691"
"240","400","320.324764","0.745024","0.044324","2.072366"
"250","400","314.201763","0.760607","0.042712","2.040911"
"260","400","308.308454","0.776107","0.041331","2.006609"
"270","400","302.63215","0.791361","0.040158","1.970657"
"280","400","297.161082","0.806241","0.039169","1.934079"
"290","400","291.884316","0.82065","0.038343","1.897696"
"300","400","286.791682","0.834517","0.037658","1.86212"
"310","400","281.873707","0.8478","0.037097","1.827782"
"320","400","277.121559","0.860472","0.036642","1.794959"
"330","400","272.526987","0.872525","0.03628","1.763807"
"340","400","268.082284","0.883961","0.035999","1.734397"
"350","400","263.780233","0.894792","0.035787","1.706734"
"360","400","259.614076","0.905036","0.035635","1.68078"
"370","400","255.577474","0.914713","0.035535","1.656469"
"380","400","251.664476","0.923848","0.035482","1.633717"
"390","400","247.86949","0.932468","0.035469","1.612434"
"400","400","244.187258","0.940597","0.035491","1.592524"
"410","400","240.612827","0.948264","0.035544","1.573891"
"420","400","237.141531","0.955493","0.035625","1.556445"
"430","400","233.768972","0.962309","0.035729","1.540096"
"440","400","230.490994","0.968737","0.035856","1.524763"
"450","400","227.303675","0.974799","0.036001","1.510369"
"460","400","224.203304","0.980518","0.036164","1.496841"
"470","400","221.186372","0.985913","0.036342","1.484114"
"480","400","218.249555","0.991005","0.036534","1.472128"
"-60","410","790.399416","0.804695","0.332324","1.544033"
"-50","410","754.979321","0.780399","0.295494","1.56487"
"-40","410","722.597622","0.758628","0.267445","1.586121"
"-30","410","692.879439","0.739116","0.244745","1.607807"
"-20","410","665.509127","0.721642","0.225556","1.629953"
"-10","410","640.219021","0.706023","0.208841","1.652585"
"0","410","616.780654","0.692107","0.193984","1.675732"
"10","410","594.99783","0.679771","0.180599","1.699422"
"20","410","574.701127","0.668913","0.168429","1.723685"
"30","410","555.743479","0.659452","0.157292","1.748545"
"40","410","537.996601","0.651324","0.147052","1.77402"
"50","410","521.348091","0.644483","0.137604","1.800119"
"60","410","505.699041","0.638894","0.128861","1.826832"
"70","410","490.962073","0.634539","0.120752","1.854124"
"80","410","477.059707","0.631408","0.113217","1.881925"
"90","410","463.922995","0.629506","0.106201","1.91012"
"100","410","451.490381","0.628844","0.09966","1.938531"
"110","410","439.706735","0.629441","0.093554","1.966904"
"120","410","428.522537","0.631324","0.087852","1.994886"
"130","410","417.89318","0.634519","0.082526","2.022012"
"140","410","407.778375","0.639051","0.077554","2.047689"
"150","410","398.141641","0.644938","0.07292","2.071188"
"160","410","388.949868","0.652184","0.068612","2.091659"
"170","410","380.172934","0.660772","0.064624","2.108169"
"180","410","371.783373","0.670655","0.06095","2.119776"
"190","410","363.756095","0.681753","0.057587","2.125636"
"200","410","356.06813","0.69395","0.054533","2.12513"
"210","410","348.698407","0.707092","0.051781","2.117978"
"220","410","341.627569","0.720998","0.049325","2.104304"
"230","410","334.837793","0.735467","0.047153","2.084635"
"240","410","328.312648","0.750294","0.045249","2.059824"
"250","410","322.03696","0.765279","0.043594","2.030932"
"260","410","315.99669","0.78024","0.042168","1.999093"
"270","410","310.178837","0.79502","0.040949","1.965396"
"280","410","304.571338","0.80949","0.039914","1.930806"
"290","410","299.162986","0.82355","0.039043","1.896117"
"300","410","293.943358","0.837126","0.038315","1.861948"
"310","410","288.902745","0.850167","0.037713","1.82875"
"320","410","284.032092","0.862642","0.03722","1.79683"
"330","410","279.322947","0.874536","0.036823","1.766381"
"340","410","274.767407","0.885847","0.036508","1.737504"
"350","410","270.358077","0.89658","0.036266","1.710234"
"360","410","266.088029","0.906748","0.036086","1.68456"
"370","410","261.950767","0.916369","0.035961","1.660439"
"380","410","257.940191","0.925465","0.035884","1.637805"
"390","410","254.05057","0.934057","0.035849","1.616583"
"400","410","250.276514","0.942171","0.035851","1.596689"
"410","410","246.612948","0.94983","0.035886","1.57804"
"420","410","243.05509","0.957058","0.035949","1.56055"
"430","410","239.598429","0.963879","0.036038","1.544139"
"440","410","236.238709","0.970316","0.03615","1.528728"
"450","410","232.971908","0.976391","0.036282","1.514246"
"460","410","229.794224","0.982125","0.036432","1.500623"
"470","410","226.702059","0.987538","0.036599","1.487797"
"480","410","223.692008","0.992649","0.03678","1.475707"
"-60","420","809.629925","0.82368","0.333342","1.542514"
"-50","420","773.348055","0.798758","0.296524","1.56316"
"-40","420","740.178506","0.776418","0.268446","1.584197"
"-30","420","709.737276","0.756387","0.245709","1.605641"
"-20","420","681.701041","0.738437","0.226484","1.627514"
"-10","420","655.795624","0.72238","0.209741","1.649837"
"0","420","631.786998","0.70806","0.194863","1.672633"
"10","420","609.474196","0.695349","0.181464","1.695926"
"20","420","588.683672","0.684142","0.169284","1.719738"
"30","420","569.264782","0.674353","0.158142","1.744086"
"40","420","551.08612","0.665915","0.147902","1.76898"
"50","420","534.03255","0.658777","0.138456","1.794419"
"60","420","518.002757","0.652902","0.129719","1.820384"
"70","420","502.907238","0.648267","0.121618","1.846831"
"80","420","488.666625","0.644858","0.114092","1.873683"
"90","420","475.210295","0.642673","0.107087","1.900819"
"100","420","462.475194","0.641719","0.100559","1.928061"
"110","420","450.404851","0.642011","0.094469","1.95516"
"120","420","438.94854","0.643565","0.088783","1.98178"
"130","420","428.060569","0.646404","0.083473","2.007489"
"140","420","417.69967","0.650545","0.078518","2.031742"
"150","420","407.828474","0.655998","0.073901","2.053883"
"160","420","398.413064","0.662765","0.069608","2.073157"
"170","420","389.422585","0.670823","0.065631","2.088744"
"180","420","380.828906","0.680129","0.061964","2.099819"
"190","420","372.606323","0.690608","0.058603","2.105642"
"200","420","364.731308","0.702152","0.055542","2.105657"
"210","420","357.18228","0.714623","0.052777","2.099592"
"220","420","349.939407","0.727855","0.0503","2.087512"
"230","420","342.984435","0.741665","0.0481","2.069828"
"240","420","336.300533","0.755863","0.046161","2.047246"
"250","420","329.872156","0.770263","0.044468","2.020674"
"260","420","323.684927","0.784692","0.043","1.991109"
"270","420","317.725524","0.798998","0.041737","1.959536"
"280","420","311.981594","0.813052","0.040659","1.926853"
"290","420","306.441656","0.826754","0.039744","1.893822"
"300","420","301.095034","0.840025","0.038975","1.861057"
"310","420","295.931782","0.85281","0.038333","1.829019"
"320","420","290.942626","0.865073","0.037803","1.798038"
"330","420","286.118907","0.876794","0.037371","1.768334"
"340","420","281.45253","0.887963","0.037024","1.740036"
"350","420","276.93592","0.898582","0.036751","1.713208"
"360","420","272.561981","0.908661","0.036544","1.68786"
"370","420","268.324059","0.918214","0.036393","1.663972"
"380","420","264.215905","0.927256","0.036292","1.641496"
"390","420","260.23165","0.93581","0.036236","1.620372"
"400","420","256.365771","0.943897","0.036218","1.600529"
"410","420","252.61307","0.951538","0.036234","1.581893"
"420","420","248.968648","0.958756","0.03628","1.564387"
"430","420","245.427887","0.965574","0.036353","1.547938"
"440","420","241.986424","0.972012","0.03645","1.532472"
"450","420","238.640142","0.978093","0.036569","1.517921"
"460","420","235.385144","0.983835","0.036706","1.504221"
"470","420","232.217747","0.989259","0.036861","1.49131"
"480","420","229.13446","0.994383","0.037031","1.479132"
"-60","430","828.860435","0.842641","0.334362","1.541012"
"-50","430","791.71679","0.817092","0.297556","1.561472"
"-40","430","757.759389","0.794182","0.269448","1.582298"
"-30","430","726.595113","0.77363","0.246672","1.603506"
"-20","430","697.892955","0.755203","0.227412","1.625113"
"-10","430","671.372227","0.738707","0.210639","1.647135"
"0","430","646.793343","0.723982","0.195739","1.669592"
"10","430","623.950562","0.710895","0.182324","1.692501"
"20","430","602.666217","0.699336","0.170136","1.715878"
"30","430","582.786085","0.689218","0.158989","1.739734"
"40","430","564.17564","0.680468","0.148747","1.764071"
"50","430","546.71701","0.673032","0.139303","1.78888"
"60","430","530.306474","0.66687","0.13057","1.814135"
"70","430","514.852402","0.661953","0.122476","1.839784"
"80","430","500.273543","0.658265","0.114958","1.865743"
"90","430","486.497595","0.655799","0.107964","1.891889"
"100","430","473.460007","0.654556","0.101448","1.918042"
"110","430","461.102967","0.654544","0.095371","1.943962"
"120","430","449.374543","0.655777","0.0897","1.969328"
"130","430","438.227959","0.658267","0.084406","1.993737"
"140","430","427.620965","0.662028","0.079466","2.016688"
"150","430","417.515306","0.667065","0.074864","2.037589"
"160","430","407.876259","0.673372","0.070584","2.055767"
"170","430","398.672237","0.680928","0.066617","2.070495"
"180","430","389.874438","0.689687","0.062957","2.081051"
"190","430","381.456551","0.69958","0.059596","2.086782"
"200","430","373.394487","0.710507","0.056531","2.087193"
"210","430","365.666153","0.722342","0.053754","2.082022"
"220","430","358.251245","0.734933","0.051257","2.071295"
"230","430","351.131078","0.748112","0.049031","2.055336"
"240","430","344.288418","0.761704","0.047062","2.034729"
"250","430","337.707353","0.775534","0.045332","2.010249"
"260","430","331.373163","0.789439","0.043825","1.982773"
"270","430","325.272211","0.803272","0.042522","1.953188"
"280","430","319.39185","0.816908","0.041402","1.922323"
"290","430","313.720326","0.830244","0.040447","1.890902"
"300","430","308.24671","0.8432","0.039638","1.859523"
"310","430","302.960819","0.855718","0.038958","1.828651"
"320","430","297.85316","0.867755","0.038391","1.798632"
"330","430","292.914866","0.879288","0.037925","1.769706"
"340","430","288.137653","0.890302","0.037545","1.742025"
"350","430","283.513763","0.900795","0.037243","1.715678"
"360","430","279.035934","0.910771","0.037008","1.690697"
"370","430","274.697352","0.920242","0.036832","1.667082"
"380","430","270.49162","0.92922","0.036707","1.644802"
"390","430","266.41273","0.937724","0.036629","1.62381"
"400","430","262.455027","0.945773","0.03659","1.604049"
"410","430","258.613191","0.953387","0.036588","1.585455"
"420","430","254.882207","0.960586","0.036617","1.567959"
"430","430","251.257344","0.967392","0.036674","1.551495"
"440","430","247.73414","0.973824","0.036756","1.535995"
"450","430","244.308375","0.979903","0.03686","1.521395"
"460","430","240.976064","0.985647","0.036985","1.507634"
"470","430","237.733434","0.991076","0.037127","1.494654"
"480","430","234.576913","0.996208","0.037286","1.482402"
"-60","440","848.090944","0.861579","0.335385","1.539528"
"-50","440","810.085524","0.835402","0.298589","1.559804"
"-40","440","775.340273","0.81192","0.270451","1.580425"
"-30","440","743.45295","0.790847","0.247635","1.601402"
"-20","440","714.08487","0.771942","0.228338","1.622749"
"-10","440","686.94883","0.755006","0.211535","1.644479"
"0","440","661.799688","0.739874","0.196613","1.666607"
"10","440","638.426928","0.726409","0.183182","1.689144"
"20","440","616.648763","0.714497","0.170983","1.712102"
"30","440","596.307388","0.704047","0.159831","1.735485"
"40","440","577.26516","0.694984","0.149587","1.759288"
"50","440","559.401469","0.68725","0.140144","1.783496"
"60","440","542.61019","0.680799","0.131415","1.808075"
"70","440","526.797566","0.6756","0.123326","1.832968"
"80","440","511.880461","0.671633","0.115816","1.858087"
"90","440","497.784895","0.668885","0.108832","1.883304"
"100","440","484.44482","0.667354","0.102327","1.908443"
"110","440","471.801082","0.667043","0.096262","1.933268"
"120","440","459.800546","0.667958","0.090604","1.957477"
"130","440","448.395348","0.670108","0.085324","1.98069"
"140","440","437.54226","0.6735","0.080398","2.002448"
"150","440","427.202138","0.678134","0.075809","2.022214"
"160","440","417.339455","0.684001","0.071541","2.039384"
"170","440","407.921888","0.691076","0.067584","2.053315"
"180","440","398.919971","0.699316","0.063929","2.063368"
"190","440","390.306779","0.708654","0.060569","2.068969"
"200","440","382.057666","0.718996","0.057499","2.069675"
"210","440","374.150025","0.730227","0.054711","2.065241"
"220","440","366.563084","0.742207","0.052198","2.055666"
"230","440","359.27772","0.754782","0.049948","2.041205"
"240","440","352.276303","0.767789","0.04795","2.022345"
"250","440","345.542549","0.781065","0.046188","1.99975"
"260","440","339.061399","0.794456","0.044645","1.974187"
"270","440","332.818899","0.807822","0.043303","1.946453"
"280","440","326.802106","0.821038","0.042144","1.91731"
"290","440","320.998996","0.834004","0.041149","1.88744"
"300","440","315.398386","0.846638","0.040302","1.857418"
"310","440","309.989856","0.858878","0.039585","1.827707"
"320","440","304.763693","0.870678","0.038983","1.798661"
"330","440","299.710826","0.882011","0.038483","1.770535"
"340","440","294.822775","0.892857","0.038072","1.743502"
"350","440","290.091607","0.903211","0.03774","1.71767"
"360","440","285.509887","0.913072","0.037478","1.693091"
"370","440","281.070644","0.922449","0.037276","1.669783"
"380","440","276.767335","0.931352","0.037128","1.647732"
"390","440","272.593809","0.939796","0.037027","1.626905"
"400","440","268.544284","0.947797","0.036969","1.607256"
"410","440","264.613313","0.955374","0.036947","1.58873"
"420","440","260.795765","0.962546","0.036959","1.57127"
"430","440","257.086802","0.969331","0.037","1.554813"
"440","440","253.481855","0.97575","0.037067","1.539299"
"450","440","249.976609","0.98182","0.037157","1.524668"
"460","440","246.566985","0.98756","0.037269","1.510864"
"470","440","243.249122","0.992988","0.037399","1.49783"
"480","440","240.019365","0.998121","0.037546","1.485516"
"-60","450","867.321453","0.880493","0.336411","1.53806"
"-50","450","828.454259","0.853687","0.299624","1.558156"
"-40","450","792.921157","0.829634","0.271454","1.578576"
"-30","450","760.310787","0.808037","0.248597","1.599327"
"-20","450","730.276784","0.788652","0.229262","1.620421"
"-10","450","702.525433","0.771275","0.212429","1.641867"
"0","450","676.806033","0.755735","0.197484","1.663675"
"10","450","652.903294","0.741891","0.184037","1.685853"
"20","450","630.631308","0.729625","0.171827","1.708406"
"30","450","609.828691","0.718843","0.160668","1.731333"
"40","450","590.354679","0.709465","0.150422","1.754625"
"50","450","572.085929","0.70143","0.14098","1.778259"
"60","450","554.913906","0.694689","0.132254","1.802195"
"70","450","538.74273","0.689208","0.12417","1.826372"
"80","450","523.487379","0.684961","0.116667","1.850698"
"90","450","509.072196","0.681932","0.109691","1.875043"
"100","450","495.429634","0.680115","0.103196","1.899233"
"110","450","482.499198","0.679506","0.097142","1.92304"
"120","450","470.226549","0.680109","0.091496","1.946177"
"130","450","458.562738","0.681926","0.086228","1.968289"
"140","450","447.463555","0.684958","0.081316","1.988951"
"150","450","436.88897","0.689203","0.076738","2.007675"
"160","450","426.80265","0.694646","0.072481","2.023918"
"170","450","417.17154","0.701262","0.068532","2.037107"
"180","450","407.965503","0.709006","0.064882","2.046677"
"190","450","399.157007","0.717815","0.061523","2.05212"
"200","450","390.720845","0.727602","0.058449","2.053042"
"210","450","382.633898","0.738258","0.055651","2.049216"
"220","450","374.874922","0.749656","0.053122","2.040623"
"230","450","367.424362","0.761652","0.050851","2.027466"
"240","450","360.264187","0.774096","0.048826","2.010152"
"250","450","353.377746","0.786835","0.047033","1.98925"
"260","450","346.749635","0.799723","0.045457","1.965435"
"270","450","340.365586","0.812626","0.044079","1.93942"
"280","450","334.212362","0.825425","0.042883","1.9119"
"290","450","328.277666","0.838018","0.041851","1.883512"
"300","450","322.550062","0.850324","0.040967","1.854809"
"310","450","317.018894","0.862278","0.040214","1.826244"
"320","450","311.674227","0.873832","0.039577","1.798172"
"330","450","306.506786","0.884953","0.039045","1.770861"
"340","450","301.507898","0.895621","0.038603","1.744499"
"350","450","296.66945","0.905824","0.038242","1.719209"
"360","450","291.983839","0.91556","0.037953","1.695062"
"370","450","287.443937","0.924832","0.037726","1.672092"
"380","450","283.04305","0.933648","0.037554","1.6503"
"390","450","278.774889","0.942022","0.037432","1.629666"
"400","450","274.633541","0.949966","0.037353","1.610156"
"410","450","270.613435","0.957498","0.037312","1.591725"
"420","450","266.709324","0.964633","0.037306","1.574323"
"430","450","262.916259","0.971391","0.037331","1.557895"
"440","450","259.22957","0.977788","0.037383","1.542387"
"450","450","255.644842","0.983843","0.037459","1.527744"
"460","450","252.157905","0.989573","0.037557","1.513911"
"470","450","248.764809","0.994994","0.037675","1.500839"
"480","450","245.461817","1.000123","0.037811","1.488477"
"-60","460","886.551963","0.899384","0.337439","1.536608"
"-50","460","846.822993","0.871949","0.30066","1.556528"
"-40","460","810.502041","0.847322","0.272458","1.576751"
"-30","460","777.168624","0.825202","0.249559","1.597282"
"-20","460","746.468698","0.805336","0.230186","1.618129"
"-10","460","718.102036","0.787516","0.213321","1.639298"
"0","460","691.812377","0.771566","0.198352","1.660795"
"10","460","667.379661","0.757342","0.184888","1.682625"
"20","460","644.613853","0.744721","0.172667","1.704787"
"30","460","623.349995","0.733604","0.161502","1.727276"
"40","460","603.444199","0.72391","0.151252","1.750076"
"50","460","584.770388","0.715573","0.14181","1.773161"
"60","460","567.217622","0.708542","0.133086","1.796486"
"70","460","550.687894","0.702777","0.125007","1.819984"
"80","460","535.094297","0.69825","0.11751","1.84356"
"90","460","520.359496","0.694941","0.110542","1.867084"
"100","460","506.414447","0.692839","0.104056","1.890386"
"110","460","493.197314","0.691936","0.098012","1.913246"
"120","460","480.652552","0.69223","0.092377","1.935388"
"130","460","468.730127","0.69372","0.08712","1.956482"
"140","460","457.38485","0.696402","0.082219","1.976134"
"150","460","446.575803","0.700269","0.077652","1.993899"
"160","460","436.265845","0.705303","0.073405","2.009287"
"170","460","426.421191","0.711478","0.069463","2.021786"
"180","460","417.011036","0.718748","0.065817","2.030895"
"190","460","408.007235","0.727053","0.062459","2.036162"
"200","460","399.384024","0.736311","0.05938","2.037237"
"210","460","391.117771","0.74642","0.056574","2.033913"
"220","460","383.18676","0.757261","0.05403","2.026159"
"230","460","375.571004","0.768703","0.05174","2.014138"
"240","460","368.252072","0.780604","0.049691","1.998192"
"250","460","361.212943","0.792822","0.047869","1.978813"
"260","460","354.437871","0.80522","0.046261","1.95659"
"270","460","347.912273","0.817668","0.04485","1.932163"
"280","460","341.622618","0.830051","0.043619","1.906166"
"290","460","335.556336","0.842271","0.042551","1.879191"
"300","460","329.701738","0.854244","0.041631","1.851762"
"310","460","324.047931","0.865905","0.040844","1.824318"
"320","460","318.584761","0.877205","0.040174","1.797216"
"330","460","313.302745","0.888106","0.03961","1.770726"
"340","460","308.193021","0.898585","0.039138","1.745049"
"350","460","303.247293","0.908628","0.038749","1.720322"
"360","460","298.457792","0.918227","0.038432","1.696632"
"370","460","293.817229","0.927385","0.03818","1.674026"
"380","460","289.318764","0.936106","0.037985","1.652519"
"390","460","284.955969","0.944399","0.037841","1.632104"
"400","460","280.722797","0.952278","0.037742","1.612758"
"410","460","276.613556","0.959755","0.037683","1.594446"
"420","460","272.622882","0.966847","0.037659","1.577124"
"430","460","268.745717","0.973569","0.037667","1.560745"
"440","460","264.977285","0.979938","0.037704","1.545262"
"450","460","261.313076","0.985971","0.037766","1.530623"
"460","460","257.748825","0.991684","0.037851","1.516778"
"470","460","254.280496","0.997093","0.037956","1.503681"
"480","460","250.90427","1.002213","0.03808","1.491284"
"-60","470","905.782472","0.918253","0.33847","1.535172"
"-50","470","865.191727","0.890186","0.301698","1.554919"
"-40","470","828.082925","0.864985","0.273462","1.574949"
"-30","470","794.026461","0.84234","0.250521","1.595264"
"-20","470","762.660612","0.821993","0.231108","1.61587"
"-10","470","733.678639","0.803729","0.214212","1.63677"
"0","470","706.818722","0.787369","0.199218","1.657966"
"10","470","681.856027","0.772762","0.185737","1.679459"
"20","470","658.596398","0.759785","0.173503","1.701243"
"30","470","636.871298","0.748333","0.162331","1.72331"
"40","470","616.533719","0.738321","0.152078","1.745638"
"50","470","597.454847","0.729681","0.142635","1.768198"
"60","470","579.521339","0.722359","0.133913","1.790939"
"70","470","562.633058","0.71631","0.125837","1.813791"
"80","470","546.701215","0.711502","0.118346","1.836658"
"90","470","531.646796","0.707913","0.111384","1.859411"
"100","470","517.39926","0.705527","0.104906","1.88188"
"110","470","503.89543","0.704332","0.098872","1.903854"
"120","470","491.078555","0.704322","0.093246","1.925072"
"130","470","478.897517","0.70549","0.088","1.945222"
"140","470","467.306145","0.70783","0.083109","1.963942"
"150","470","456.262635","0.711329","0.078552","1.980822"
"160","470","445.729041","0.715969","0.074313","1.99542"
"170","470","435.670843","0.721719","0.070378","2.007277"
"180","470","426.056568","0.728535","0.066736","2.015946"
"190","470","416.857463","0.736358","0.063378","2.021026"
"200","470","408.047203","0.74511","0.060295","2.022205"
"210","470","399.601643","0.754696","0.05748","2.019295"
"220","470","391.498599","0.765006","0.054923","2.012259"
"230","470","383.717647","0.775915","0.052615","2.00123"
"240","470","376.239957","0.787293","0.050543","1.986496"
"250","470","369.048139","0.799007","0.048696","1.968484"
"260","470","362.126107","0.810926","0.047058","1.947712"
"270","470","355.45896","0.822927","0.045615","1.92475"
"280","470","349.032873","0.834899","0.04435","1.900177"
"290","470","342.835007","0.846746","0.043249","1.874541"
"300","470","336.853414","0.858385","0.042296","1.848335"
"310","470","331.076968","0.86975","0.041475","1.821983"
"320","470","325.495295","0.880788","0.040773","1.795836"
"330","470","320.098705","0.891462","0.040178","1.770167"
"340","470","314.878144","0.901743","0.039676","1.745185"
"350","470","309.825137","0.911616","0.039259","1.721037"
"360","470","304.931744","0.92107","0.038916","1.697823"
"370","470","300.190522","0.930103","0.038639","1.675603"
"380","470","295.594479","0.938719","0.038421","1.654405"
"390","470","291.137049","0.946924","0.038255","1.634232"
"400","470","286.812054","0.954728","0.038136","1.615073"
"410","470","282.613678","0.962144","0.038058","1.5969"
"420","470","278.536441","0.969184","0.038016","1.579678"
"430","470","274.575175","0.975863","0.038008","1.563369"
"440","470","270.725","0.982198","0.038029","1.547927"
"450","470","266.981309","0.988202","0.038077","1.533308"
"460","470","263.339745","0.993892","0.038148","1.519467"
"470","470","259.796184","0.999283","0.038242","1.506358"
"480","470","256.346722","1.00439","0.038354","1.493939"
"-60","480","925.012982","0.937098","0.339504","1.533751"
"-50","480","883.560462","0.908401","0.302737","1.553329"
"-40","480","845.663809","0.882625","0.274466","1.57317"
"-30","480","810.884298","0.859453","0.251482","1.593275"
"-20","480","778.852526","0.838623","0.23203","1.613646"
"-10","480","749.255242","0.819914","0.2151","1.634283"
"0","480","721.825067","0.803142","0.200082","1.655186"
"10","480","696.332393","0.788152","0.186582","1.676352"
"20","480","672.578943","0.774817","0.174337","1.697771"
"30","480","650.392601","0.763028","0.163156","1.71943"
"40","480","629.623238","0.752698","0.152899","1.741306"
"50","480","610.139307","0.743755","0.143455","1.763362"
"60","480","591.825055","0.736139","0.134734","1.785545"
"70","480","574.578222","0.729805","0.126662","1.807785"
"80","480","558.308133","0.724717","0.119175","1.82998"
"90","480","542.934096","0.720849","0.112219","1.852004"
"100","480","528.384074","0.718179","0.105748","1.873691"
"110","480","514.593546","0.716695","0.099722","1.894837"
"120","480","501.504558","0.716383","0.094105","1.915194"
"130","480","489.064906","0.717236","0.088868","1.934468"
"140","480","477.22744","0.71924","0.083986","1.952324"
"150","480","465.949467","0.722382","0.079438","1.968387"
"160","480","455.192236","0.726639","0.075206","1.982254"
"170","480","444.920494","0.73198","0.071277","1.993512"
"180","480","435.102101","0.73836","0.067638","2.001763"
"190","480","425.707691","0.745721","0.06428","2.00665"
"200","480","416.710382","0.753989","0.061194","2.007895"
"210","480","408.085516","0.763075","0.058371","2.005326"
"220","480","399.810437","0.772875","0.055802","1.998907"
"230","480","391.864289","0.783273","0.053477","1.988744"
"240","480","384.227842","0.794148","0.051384","1.975086"
"250","480","376.883336","0.805373","0.049512","1.958302"
"260","480","369.814343","0.816825","0.047847","1.938848"
"270","480","363.005647","0.828388","0.046374","1.917237"
"280","480","356.443129","0.839955","0.045078","1.893992"
"290","480","350.113677","0.85143","0.043945","1.869619"
"300","480","344.005089","0.862734","0.042959","1.844583"
"310","480","338.106005","0.873798","0.042106","1.819289"
"320","480","332.405828","0.88457","0.041373","1.794078"
"330","480","326.894665","0.89501","0.040747","1.769224"
"340","480","321.563267","0.905087","0.040217","1.744939"
"350","480","316.40298","0.914781","0.039773","1.721381"
"360","480","311.405697","0.924081","0.039404","1.698658"
"370","480","306.563814","0.932983","0.039102","1.676842"
"380","480","301.870194","0.941485","0.038861","1.655972"
"390","480","297.318129","0.949593","0.038674","1.636062"
"400","480","292.90131","0.957315","0.038534","1.617109"
"410","480","288.613799","0.964661","0.038437","1.599095"
"420","480","284.449999","0.971642","0.038378","1.581994"
"430","480","280.404632","0.978272","0.038353","1.56577"
"440","480","276.472715","0.984565","0.038359","1.550388"
"450","480","272.649543","0.990536","0.038392","1.535805"
"460","480","268.930665","0.996197","0.038451","1.52198"
"470","480","265.311871","1.001565","0.038531","1.508874"
"480","480","261.789175","1.006652","0.038632","1.496444"
"-60","490","944.243491","0.955922","0.34054","1.532346"
"-50","490","901.929196","0.926592","0.303777","1.551758"
"-40","490","863.244693","0.90024","0.275471","1.571413"
"-30","490","827.742135","0.876542","0.252443","1.591312"
"-20","490","795.04444","0.855228","0.23295","1.611454"
"-10","490","764.831845","0.836072","0.215987","1.631836"
"0","490","736.831412","0.818887","0.200943","1.652454"
"10","490","710.808759","0.803513","0.187425","1.673302"
"20","490","686.561488","0.789818","0.175166","1.694368"
"30","490","663.913904","0.777692","0.163977","1.715635"
"40","490","642.712758","0.767042","0.153716","1.737074"
"50","490","622.823766","0.757793","0.14427","1.758648"
"60","490","604.128771","0.749884","0.135549","1.780299"
"70","490","586.523387","0.743265","0.12748","1.801955"
"80","490","569.915051","0.737896","0.119997","1.823514"
"90","490","554.221396","0.733749","0.113047","1.844849"
"100","490","539.368887","0.730798","0.106582","1.865801"
"110","490","525.291661","0.729025","0.100563","1.886171"
"120","490","511.930561","0.728416","0.094954","1.905723"
"130","490","499.232296","0.728957","0.089725","1.924183"
"140","490","487.148736","0.730634","0.084851","1.941238"
"150","490","475.636299","0.733427","0.080311","1.956543"
"160","490","464.655431","0.737312","0.076086","1.969731"
"170","490","454.170146","0.742256","0.072162","1.980432"
"180","490","444.147633","0.748216","0.068526","1.988286"
"190","490","434.557919","0.755134","0.065168","1.992977"
"200","490","425.37356","0.762938","0.062078","1.994257"
"210","490","416.569389","0.771545","0.059247","1.991971"
"220","490","408.122275","0.780856","0.056667","1.986082"
"230","490","400.010931","0.790763","0.054326","1.976679"
"240","490","392.215727","0.801152","0.052214","1.963976"
"250","490","384.718532","0.811903","0.050319","1.948295"
"260","490","377.502579","0.822902","0.048628","1.930041"
"270","490","370.552334","0.834036","0.047127","1.909671"
"280","490","363.853385","0.845203","0.045801","1.887661"
"290","490","357.392347","0.85631","0.044637","1.864478"
"300","490","351.156765","0.867278","0.043621","1.840556"
"310","490","345.135043","0.87804","0.042737","1.81628"
"320","490","339.316362","0.888542","0.041974","1.791982"
"330","490","333.690624","0.898742","0.041319","1.767931"
"340","490","328.24839","0.908608","0.040761","1.744343"
"350","490","322.980823","0.918117","0.040289","1.72138"
"360","490","317.87965","0.927256","0.039895","1.699159"
"370","490","312.937107","0.936018","0.039569","1.677762"
"380","490","308.145908","0.944399","0.039305","1.657236"
"390","490","303.499208","0.952403","0.039097","1.637607"
"400","490","298.990567","0.960035","0.038937","1.618878"
"410","490","294.613921","0.967304","0.038821","1.601042"
"420","490","290.363558","0.974219","0.038744","1.584077"
"430","490","286.23409","0.980794","0.038703","1.567956"
"440","490","282.220431","0.987039","0.038693","1.552647"
"450","490","278.317777","0.992969","0.038712","1.538115"
"460","490","274.521585","0.998597","0.038757","1.524321"
"470","490","270.827559","1.003936","0.038824","1.511229"
"480","490","267.231627","1.008999","0.038913","1.4988"
"-60","500","963.474","0.974723","0.341578","1.530956"
"-50","500","920.29793","0.94476","0.304819","1.550205"
"-40","500","880.825577","0.917831","0.276476","1.569679"
"-30","500","844.599972","0.893605","0.253403","1.589376"
"-20","500","811.236355","0.871806","0.233869","1.609293"
"-10","500","780.408448","0.852204","0.216873","1.629426"
"0","500","751.837756","0.834604","0.201802","1.649768"
"10","500","725.285125","0.818845","0.188265","1.670308"
"20","500","700.544033","0.804789","0.175993","1.691032"
"30","500","677.435208","0.792324","0.164795","1.71192"
"40","500","655.802277","0.781353","0.154528","1.73294"
"50","500","635.508226","0.771798","0.14508","1.754051"
"60","500","616.432487","0.763595","0.13636","1.775194"
"70","500","598.468551","0.75669","0.128292","1.796292"
"80","500","581.521969","0.75104","0.120812","1.817247"
"90","500","565.508697","0.746613","0.113867","1.837932"
"100","500","550.3537","0.743382","0.107408","1.85819"
"110","500","535.989777","0.741323","0.101395","1.877832"
"120","500","522.356564","0.74042","0.095793","1.896632"
"130","500","509.399685","0.740654","0.090572","1.914333"
"140","500","497.070031","0.742008","0.085706","1.930643"
"150","500","485.323132","0.744461","0.081172","1.945244"
"160","500","474.118627","0.747985","0.076953","1.957803"
"170","500","463.419797","0.752546","0.073033","1.967982"
"180","500","453.193166","0.758099","0.069399","1.975461"
"190","500","443.408147","0.76459","0.066041","1.979957"
"200","500","434.036739","0.771949","0.062947","1.981247"
"210","500","425.053261","0.780095","0.06011","1.979194"
"220","500","416.434114","0.788936","0.057518","1.973762"
"230","500","408.157574","0.798371","0.055163","1.965027"
"240","500","400.203611","0.808291","0.053032","1.953173"
"250","500","392.553729","0.818584","0.051116","1.938485"
"260","500","385.190815","0.829142","0.049401","1.921321"
"270","500","378.099021","0.839856","0.047873","1.902092"
"280","500","371.263641","0.850629","0.04652","1.881229"
"290","500","364.671017","0.861372","0.045327","1.859163"
"300","500","358.308441","0.872006","0.04428","1.836299"
"310","500","352.16408","0.882465","0.043367","1.813001"
"320","500","346.226896","0.892694","0.042575","1.789588"
"330","500","340.486584","0.90265","0.041891","1.766326"
"340","500","334.933512","0.912299","0.041306","1.743428"
"350","500","329.558667","0.921618","0.040808","1.721061"
"360","500","324.353602","0.930589","0.040388","1.69935"
"370","500","319.310399","0.939203","0.040039","1.678382"
"380","500","314.421623","0.947456","0.039753","1.658214"
"390","500","309.680288","0.955348","0.039523","1.63888"
"400","500","305.079823","0.962884","0.039343","1.620391"
"410","500","300.614043","0.970069","0.039209","1.602748"
"420","500","296.277116","0.976913","0.039115","1.585935"
"430","500","292.063547","0.983425","0.039057","1.569932"
"440","500","287.968146","0.989617","0.039032","1.554712"
"450","500","283.98601","0.995501","0.039036","1.540243"
"460","500","280.112505","1.00109","0.039067","1.526493"
"470","500","276.343246","1.006395","0.039122","1.513427"
"480","500","272.67408","1.01143","0.039199","1.50101"
"-80","0","2.150295","0.002187","0.454373","1.565976"
"-70","0","2.044447","0.002116","0.352587","1.59564"
"-60","0","1.948531","0.976977","0.008753","1.357892"
"-50","0","1.861212","0.98032","0.009166","1.353107"
"-40","0","1.781383","0.983019","0.009585","1.349094"
"-30","0","1.70812","0.985229","0.010008","1.345616"
"-20","0","1.640646","0.98706","0.010436","1.342515"
"-10","0","1.578299","0.988592","0.010866","1.339682"
"0","0","1.520518","0.989886","0.011298","1.337042"
"10","0","1.466818","0.990988","0.011733","1.33454"
"20","0","1.416781","0.991933","0.012169","1.332138"
"30","0","1.370046","0.992749","0.012605","1.329811"
"40","0","1.326296","0.993459","0.013043","1.327539"
"50","0","1.285253","0.994079","0.013482","1.325309"
"60","0","1.246674","0.994624","0.01392","1.323113"
"70","0","1.210344","0.995105","0.014359","1.320945"
"80","0","1.176071","0.995532","0.014798","1.318801"
"90","0","1.143686","0.995913","0.015237","1.316678"
"100","0","1.113036","0.996252","0.015676","1.314576"
"110","0","1.083987","0.996557","0.016114","1.312493"
"120","0","1.056415","0.996832","0.016552","1.31043"
"130","0","1.030211","0.99708","0.016989","1.308385"
"140","0","1.005275","0.997304","0.017426","1.306359"
"150","0","0.981518","0.997508","0.017862","1.304352"
"160","0","0.958858","0.997694","0.018297","1.302363"
"170","0","0.937221","0.997863","0.018731","1.300394"
"180","0","0.916539","0.998018","0.019165","1.298444"
"190","0","0.896749","0.998161","0.019598","1.296513"
"200","0","0.877797","0.998291","0.02003","1.2946"
"210","0","0.859628","0.998411","0.02046","1.292707"
"220","0","0.842197","0.998522","0.02089","1.290833"
"230","0","0.825459","0.998624","0.021319","1.288977"
"240","0","0.809372","0.998719","0.021747","1.287141"
"250","0","0.793901","0.998807","0.022174","1.285323"
"260","0","0.779011","0.998888","0.0226","1.283524"
"270","0","0.764668","0.998963","0.023025","1.281744"
"280","0","0.750844","0.999034","0.023448","1.279983"
"290","0","0.737511","0.999099","0.023871","1.278241"
"300","0","0.724644","0.99916","0.024293","1.276518"
"310","0","0.712217","0.999217","0.024713","1.274814"
"320","0","0.70021","0.999271","0.025132","1.273129"
"330","0","0.688601","0.999321","0.025551","1.271464"
"340","0","0.67737","0.999367","0.025968","1.269817"
"350","0","0.6665","0.999411","0.026384","1.268191"
"360","0","0.655973","0.999452","0.026799","1.266583"
"370","0","0.645774","0.999491","0.027213","1.264996"
"380","0","0.635887","0.999527","0.027625","1.263428"
"390","0","0.626298","0.999561","0.028037","1.26188"
"400","0","0.616994","0.999593","0.028448","1.260352"
"410","0","0.607962","0.999623","0.028857","1.258844"
"420","0","0.599191","0.999652","0.029265","1.257357"
"430","0","0.59067","0.999679","0.029673","1.25589"
"440","0","0.582387","0.999704","0.030079","1.254442"
"450","0","0.574334","0.999728","0.030484","1.253016"
"460","0","0.5665","0.999751","0.030888","1.251609"
"470","0","0.558877","0.999772","0.031291","1.250223"
"480","0","0.551456","0.999793","0.031692","1.248858"
"-80","1","4.272471","0.004345","0.454386","1.565781"
"-70","1","4.06216","0.004204","0.352654","1.59541"
"-60","1","3.871582","0.004081","0.293413","1.627095"
"-50","1","3.698085","0.003972","0.254864","1.661261"
"-40","1","3.539471","0.96564","0.009621","1.370498"
"-30","1","3.393904","0.9702","0.010039","1.363806"
"-20","1","3.259837","0.973953","0.010461","1.358176"
"-10","1","3.13596","0.977078","0.010888","1.353309"
"0","1","3.021152","0.979707","0.011318","1.349005"
"10","1","2.914454","0.98194","0.01175","1.345123"
"20","1","2.815036","0.983851","0.012183","1.341564"
"30","1","2.722176","0.985498","0.012619","1.338256"
"40","1","2.635248","0.986927","0.013055","1.335145"
"50","1","2.553699","0.988174","0.013492","1.332192"
"60","1","2.477046","0.989269","0.01393","1.329369"
"70","1","2.40486","0.990235","0.014368","1.326653"
"80","1","2.336763","0.991091","0.014806","1.324027"
"90","1","2.272416","0.991852","0.015244","1.321479"
"100","1","2.211518","0.992532","0.015682","1.319"
"110","1","2.153798","0.993142","0.01612","1.316581"
"120","1","2.099015","0.993691","0.016557","1.314216"
"130","1","2.04695","0.994186","0.016994","1.3119"
"140","1","1.997405","0.994635","0.01743","1.30963"
"150","1","1.950202","0.995042","0.017866","1.307402"
"160","1","1.905178","0.995412","0.018301","1.305214"
"170","1","1.862186","0.99575","0.018735","1.303062"
"180","1","1.821092","0.996059","0.019168","1.300945"
"190","1","1.781772","0.996342","0.019601","1.298862"
"200","1","1.744114","0.996602","0.020032","1.29681"
"210","1","1.708016","0.996842","0.020463","1.294788"
"220","1","1.673381","0.997062","0.020892","1.292796"
"230","1","1.640123","0.997266","0.021321","1.290831"
"240","1","1.608161","0.997454","0.021749","1.288894"
"250","1","1.577421","0.997629","0.022176","1.286982"
"260","1","1.547834","0.997791","0.022601","1.285097"
"270","1","1.519337","0.997941","0.023026","1.283236"
"280","1","1.49187","0.998081","0.02345","1.2814"
"290","1","1.465378","0.998211","0.023872","1.279588"
"300","1","1.439811","0.998332","0.024294","1.277799"
"310","1","1.415121","0.998446","0.024714","1.276034"
"320","1","1.391263","0.998552","0.025133","1.274292"
"330","1","1.368197","0.998651","0.025551","1.272573"
"340","1","1.345882","0.998744","0.025968","1.270876"
"350","1","1.324284","0.998831","0.026384","1.269202"
"360","1","1.303369","0.998913","0.026799","1.26755"
"370","1","1.283103","0.998989","0.027213","1.265921"
"380","1","1.263458","0.999061","0.027626","1.264313"
"390","1","1.244406","0.999129","0.028037","1.262728"
"400","1","1.22592","0.999193","0.028448","1.261165"
"410","1","1.207974","0.999253","0.028857","1.259624"
"420","1","1.190547","0.99931","0.029265","1.258105"
"430","1","1.173616","0.999363","0.029673","1.256608"
"440","1","1.157159","0.999414","0.030079","1.255133"
"450","1","1.141157","0.999461","0.030484","1.25368"
"460","1","1.125592","0.999506","0.030888","1.252248"
"470","1","1.110446","0.999549","0.031291","1.250838"
"480","1","1.095702","0.999589","0.031692","1.249449"
"-80","2","6.394647","0.006503","0.4544","1.565587"
"-70","2","6.079872","0.006292","0.35272","1.59518"
"-60","2","5.794633","0.006107","0.293501","1.626821"
"-50","2","5.534959","0.005945","0.254884","1.660933"
"-40","2","5.29756","0.005804","0.226939","1.698073"
"-30","2","5.079688","0.95466","0.010071","1.383966"
"-20","2","4.879029","0.960475","0.010488","1.375253"
"-10","2","4.69362","0.965288","0.010911","1.367986"
"0","2","4.521787","0.969319","0.011337","1.361765"
"10","2","4.362091","0.972731","0.011767","1.356323"
"20","2","4.21329","0.975642","0.012199","1.351475"
"30","2","4.074307","0.978147","0.012632","1.347086"
"40","2","3.9442","0.980316","0.013067","1.343061"
"50","2","3.822145","0.982207","0.013503","1.339328"
"60","2","3.707417","0.983864","0.01394","1.335832"
"70","2","3.599377","0.985323","0.014377","1.332531"
"80","2","3.497455","0.986616","0.014814","1.329395"
"90","2","3.401146","0.987765","0.015252","1.326399"
"100","2","3.309999","0.98879","0.015689","1.323523"
"110","2","3.22361","0.989709","0.016126","1.320752"
"120","2","3.141615","0.990535","0.016563","1.318073"
"130","2","3.063689","0.991281","0.016999","1.315477"
"140","2","2.989534","0.991955","0.017435","1.312954"
"150","2","2.918885","0.992567","0.01787","1.310498"
"160","2","2.851497","0.993124","0.018304","1.308103"
"170","2","2.787151","0.993631","0.018738","1.305763"
"180","2","2.725645","0.994096","0.019171","1.303476"
"190","2","2.666795","0.994521","0.019603","1.301236"
"200","2","2.610432","0.994911","0.020035","1.299041"
"210","2","2.556403","0.99527","0.020465","1.296889"
"220","2","2.504565","0.995601","0.020895","1.294775"
"230","2","2.454787","0.995907","0.021323","1.2927"
"240","2","2.406949","0.996189","0.021751","1.290659"
"250","2","2.360941","0.996451","0.022177","1.288653"
"260","2","2.316658","0.996693","0.022603","1.286679"
"270","2","2.274005","0.996919","0.023027","1.284737"
"280","2","2.232895","0.997128","0.023451","1.282824"
"290","2","2.193245","0.997323","0.023873","1.280941"
"300","2","2.154979","0.997505","0.024295","1.279087"
"310","2","2.118025","0.997675","0.024715","1.277259"
"320","2","2.082317","0.997834","0.025134","1.275459"
"330","2","2.047793","0.997982","0.025552","1.273686"
"340","2","2.014395","0.998121","0.025969","1.271938"
"350","2","1.982069","0.998252","0.026385","1.270217"
"360","2","1.950764","0.998374","0.0268","1.26852"
"370","2","1.920432","0.998489","0.027213","1.266848"
"380","2","1.89103","0.998597","0.027626","1.265201"
"390","2","1.862514","0.998698","0.028038","1.263579"
"400","2","1.834845","0.998794","0.028448","1.26198"
"410","2","1.807987","0.998884","0.028857","1.260406"
"420","2","1.781903","0.998968","0.029266","1.258855"
"430","2","1.756561","0.999048","0.029673","1.257328"
"440","2","1.73193","0.999124","0.030079","1.255824"
"450","2","1.70798","0.999195","0.030484","1.254344"
"460","2","1.684684","0.999263","0.030888","1.252887"
"470","2","1.662014","0.999326","0.031291","1.251453"
"480","2","1.639947","0.999387","0.031692","1.250042"
"-80","3","8.516823","0.00866","0.454413","1.565393"
"-70","3","8.097585","0.008379","0.352787","1.59495"
"-60","3","7.717684","0.008133","0.293588","1.626547"
"-50","3","7.371832","0.007917","0.254979","1.660605"
"-40","3","7.055648","0.00773","0.226984","1.697676"
"-30","3","6.765471","0.007569","0.204859","1.738511"
"-20","3","6.49822","0.946585","0.010516","1.393999"
"-10","3","6.25128","0.953197","0.010934","1.383865"
"0","3","6.022421","0.958707","0.011358","1.375418"
"10","3","5.809728","0.96335","0.011785","1.368202"
"20","3","5.611545","0.967302","0.012214","1.361911"
"30","3","5.426437","0.970693","0.012646","1.356331"
"40","3","5.253151","0.973624","0.01308","1.351309"
"50","3","5.090591","0.976174","0.013514","1.34673"
"60","3","4.937789","0.978406","0.01395","1.342511"
"70","3","4.793893","0.98037","0.014386","1.338588"
"80","3","4.658146","0.982107","0.014822","1.334911"
"90","3","4.529876","0.98365","0.015259","1.331442"
"100","3","4.40848","0.985026","0.015696","1.32815"
"110","3","4.293421","0.986258","0.016132","1.325011"
"120","3","4.184216","0.987365","0.016568","1.322005"
"130","3","4.080428","0.988363","0.017004","1.319116"
"140","3","3.981664","0.989266","0.017439","1.316331"
"150","3","3.887568","0.990085","0.017874","1.313639"
"160","3","3.797817","0.990829","0.018308","1.311031"
"170","3","3.712116","0.991508","0.018742","1.308499"
"180","3","3.630198","0.992128","0.019175","1.306036"
"190","3","3.551818","0.992696","0.019606","1.303636"
"200","3","3.47675","0.993218","0.020038","1.301295"
"210","3","3.40479","0.993697","0.020468","1.299008"
"220","3","3.335749","0.994139","0.020897","1.296772"
"230","3","3.269451","0.994547","0.021325","1.294583"
"240","3","3.205738","0.994924","0.021753","1.292438"
"250","3","3.14446","0.995273","0.022179","1.290335"
"260","3","3.085481","0.995596","0.022605","1.288272"
"270","3","3.028674","0.995897","0.023029","1.286246"
"280","3","2.973921","0.996176","0.023452","1.284257"
"290","3","2.921112","0.996436","0.023875","1.282302"
"300","3","2.870146","0.996679","0.024296","1.28038"
"310","3","2.820928","0.996905","0.024716","1.27849"
"320","3","2.77337","0.997117","0.025135","1.276632"
"330","3","2.727389","0.997315","0.025553","1.274803"
"340","3","2.682907","0.9975","0.02597","1.273005"
"350","3","2.639853","0.997674","0.026386","1.271234"
"360","3","2.598159","0.997837","0.0268","1.269493"
"370","3","2.557762","0.997989","0.027214","1.267778"
"380","3","2.518601","0.998133","0.027627","1.266091"
"390","3","2.480622","0.998268","0.028038","1.264431"
"400","3","2.443771","0.998396","0.028448","1.262797"
"410","3","2.407999","0.998515","0.028858","1.261189"
"420","3","2.373259","0.998628","0.029266","1.259606"
"430","3","2.339507","0.998735","0.029673","1.258049"
"440","3","2.306702","0.998835","0.030079","1.256517"
"450","3","2.274804","0.99893","0.030484","1.25501"
"460","3","2.243776","0.99902","0.030888","1.253527"
"470","3","2.213583","0.999105","0.031291","1.252069"
"480","3","2.184192","0.999185","0.031692","1.250634"
"-80","4","10.638999","0.010818","0.454426","1.565199"
"-70","4","10.115298","0.010467","0.352854","1.59472"
"-60","4","9.640735","0.010158","0.293676","1.626274"
"-50","4","9.208706","0.009889","0.255075","1.660277"
"-40","4","8.813737","0.009654","0.227083","1.697279"
"-30","4","8.451255","0.009453","0.204935","1.738026"
"-20","4","8.117411","0.932233","0.010545","1.41473"
"-10","4","7.80894","0.940777","0.010959","1.401129"
"0","4","7.523056","0.947852","0.011379","1.390076"
"10","4","7.257364","0.953788","0.011803","1.380832"
"20","4","7.009799","0.958822","0.01223","1.372922"
"30","4","6.778567","0.963131","0.01266","1.366023"
"40","4","6.562103","0.966847","0.013092","1.359909"
"50","4","6.359037","0.970074","0.013525","1.354415"
"60","4","6.168161","0.972895","0.01396","1.34942"
"70","4","5.988409","0.975374","0.014395","1.344832"
"80","4","5.818838","0.977564","0.014831","1.340581"
"90","4","5.658606","0.979507","0.015266","1.336613"
"100","4","5.506962","0.981239","0.015702","1.332883"
"110","4","5.363233","0.982788","0.016138","1.329359"
"120","4","5.226816","0.98418","0.016574","1.326012"
"130","4","5.097167","0.985434","0.017009","1.32282"
"140","4","4.973793","0.986567","0.017444","1.319763"
"150","4","4.856251","0.987595","0.017879","1.316828"
"160","4","4.744136","0.988529","0.018312","1.314"
"170","4","4.637082","0.98938","0.018746","1.311269"
"180","4","4.534752","0.990157","0.019178","1.308626"
"190","4","4.436841","0.990869","0.01961","1.306063"
"200","4","4.343068","0.991522","0.02004","1.303572"
"210","4","4.253177","0.992123","0.02047","1.301148"
"220","4","4.166932","0.992676","0.020899","1.298786"
"230","4","4.084115","0.993186","0.021328","1.296481"
"240","4","4.004526","0.993658","0.021755","1.29423"
"250","4","3.92798","0.994095","0.022181","1.292029"
"260","4","3.854305","0.994499","0.022606","1.289875"
"270","4","3.783343","0.994875","0.023031","1.287765"
"280","4","3.714947","0.995225","0.023454","1.285697"
"290","4","3.648979","0.99555","0.023876","1.283669"
"300","4","3.585314","0.995854","0.024297","1.281679"
"310","4","3.523832","0.996137","0.024717","1.279726"
"320","4","3.464423","0.996401","0.025136","1.277809"
"330","4","3.406984","0.996648","0.025554","1.275925"
"340","4","3.351419","0.99688","0.025971","1.274074"
"350","4","3.297637","0.997097","0.026386","1.272256"
"360","4","3.245554","0.9973","0.026801","1.270468"
"370","4","3.195091","0.997491","0.027215","1.268711"
"380","4","3.146173","0.997671","0.027627","1.266983"
"390","4","3.09873","0.99784","0.028038","1.265285"
"400","4","3.052697","0.997999","0.028449","1.263615"
"410","4","3.008011","0.998148","0.028858","1.261973"
"420","4","2.964615","0.998289","0.029266","1.260359"
"430","4","2.922453","0.998422","0.029673","1.258771"
"440","4","2.881473","0.998548","0.030079","1.257211"
"450","4","2.841627","0.998666","0.030484","1.255676"
"460","4","2.802868","0.998778","0.030888","1.254168"
"470","4","2.765152","0.998884","0.031291","1.252685"
"480","4","2.728437","0.998984","0.031692","1.251227"
"-80","5","12.761175","0.012974","0.45444","1.565005"
"-70","5","12.13301","0.012553","0.352921","1.594491"
"-60","5","11.563786","0.012183","0.293764","1.626002"
"-50","5","11.045579","0.01186","0.255171","1.65995"
"-40","5","10.571825","0.011579","0.227182","1.696884"
"-30","5","10.137039","0.011337","0.205036","1.737542"
"-20","5","9.736603","0.011134","0.186359","1.78295"
"-10","5","9.366601","0.927996","0.010984","1.420003"
"0","5","9.02369","0.936737","0.0114","1.405872"
"10","5","8.705001","0.944032","0.011821","1.394296"
"20","5","8.408054","0.950196","0.012246","1.38456"
"30","5","8.130698","0.955455","0.012675","1.376197"
"40","5","7.871055","0.959981","0.013105","1.368886"
"50","5","7.627483","0.963905","0.013537","1.362399"
"60","5","7.398532","0.967329","0.01397","1.356569"
"70","5","7.182926","0.970334","0.014404","1.351271"
"80","5","6.97953","0.972985","0.014839","1.346411"
"90","5","6.787336","0.975336","0.015274","1.341916"
"100","5","6.605443","0.977429","0.015709","1.337727"
"110","5","6.433044","0.9793","0.016145","1.3338"
"120","5","6.269416","0.98098","0.01658","1.330097"
"130","5","6.113905","0.982492","0.017015","1.326589"
"140","5","5.965923","0.983859","0.017449","1.323251"
"150","5","5.824934","0.985097","0.017883","1.320064"
"160","5","5.690456","0.986222","0.018317","1.31701"
"170","5","5.562047","0.987246","0.018749","1.314075"
"180","5","5.439305","0.988182","0.019182","1.311247"
"190","5","5.321863","0.989039","0.019613","1.308515"
"200","5","5.209386","0.989824","0.020043","1.305871"
"210","5","5.101565","0.990546","0.020473","1.303308"
"220","5","4.998116","0.991211","0.020902","1.300817"
"230","5","4.89878","0.991825","0.02133","1.298395"
"240","5","4.803315","0.992392","0.021757","1.296035"
"250","5","4.7115","0.992916","0.022183","1.293734"
"260","5","4.623129","0.993403","0.022608","1.291487"
"270","5","4.538012","0.993854","0.023032","1.289292"
"280","5","4.455972","0.994274","0.023455","1.287145"
"290","5","4.376846","0.994665","0.023877","1.285043"
"300","5","4.300482","0.995029","0.024298","1.282985"
"310","5","4.226736","0.995369","0.024718","1.280968"
"320","5","4.155477","0.995686","0.025137","1.27899"
"330","5","4.08658","0.995983","0.025555","1.277051"
"340","5","4.019931","0.996261","0.025972","1.275148"
"350","5","3.955422","0.996521","0.026387","1.27328"
"360","5","3.89295","0.996765","0.026802","1.271447"
"370","5","3.83242","0.996994","0.027215","1.269646"
"380","5","3.773744","0.99721","0.027628","1.267878"
"390","5","3.716838","0.997412","0.028039","1.266141"
"400","5","3.661622","0.997603","0.028449","1.264435"
"410","5","3.608023","0.997782","0.028858","1.262759"
"420","5","3.555971","0.997951","0.029266","1.261113"
"430","5","3.505399","0.998111","0.029673","1.259495"
"440","5","3.456245","0.998261","0.030079","1.257905"
"450","5","3.408451","0.998403","0.030484","1.256344"
"460","5","3.36196","0.998538","0.030888","1.254809"
"470","5","3.316721","0.998665","0.031291","1.253302"
"480","5","3.272683","0.998785","0.031692","1.251821"
"-80","6","14.883351","0.015131","0.454454","1.564812"
"-70","6","14.150723","0.014639","0.352988","1.594263"
"-60","6","13.486837","0.014208","0.293852","1.62573"
"-50","6","12.882453","0.01383","0.255267","1.659624"
"-40","6","12.329913","0.013502","0.227282","1.69649"
"-30","6","11.822823","0.013221","0.205137","1.737059"
"-20","6","11.355794","0.012984","0.186462","1.78235"
"-10","6","10.924261","0.914815","0.01101","1.440764"
"0","6","10.524325","0.925338","0.011422","1.422964"
"10","6","10.152637","0.934069","0.01184","1.408688"
"20","6","9.806308","0.941414","0.012263","1.396886"
"30","6","9.482828","0.947661","0.012689","1.386893"
"40","6","9.180007","0.953024","0.013118","1.378268"
"50","6","8.895929","0.957663","0.013549","1.370701"
"60","6","8.628904","0.961705","0.013981","1.363972"
"70","6","8.377442","0.965248","0.014414","1.357915"
"80","6","8.140222","0.96837","0.014848","1.352408"
"90","6","7.916066","0.971135","0.015282","1.347356"
"100","6","7.703924","0.973595","0.015717","1.342684"
"110","6","7.502856","0.975793","0.016151","1.338335"
"120","6","7.312017","0.977764","0.016586","1.334261"
"130","6","7.130644","0.979538","0.01702","1.330426"
"140","6","6.958052","0.98114","0.017454","1.326797"
"150","6","6.793618","0.982591","0.017888","1.323349"
"160","6","6.636775","0.983908","0.018321","1.320062"
"170","6","6.487012","0.985108","0.018753","1.316916"
"180","6","6.343858","0.986203","0.019185","1.313898"
"190","6","6.206886","0.987205","0.019616","1.310994"
"200","6","6.075704","0.988124","0.020047","1.308194"
"210","6","5.949952","0.988968","0.020476","1.305487"
"220","6","5.8293","0.989746","0.020905","1.302866"
"230","6","5.713444","0.990463","0.021332","1.300324"
"240","6","5.602103","0.991125","0.021759","1.297854"
"250","6","5.495019","0.991738","0.022185","1.295451"
"260","6","5.391952","0.992306","0.02261","1.293111"
"270","6","5.29268","0.992833","0.023034","1.290828"
"280","6","5.196998","0.993324","0.023457","1.288601"
"290","6","5.104713","0.99378","0.023879","1.286424"
"300","6","5.015649","0.994205","0.0243","1.284297"
"310","6","4.92964","0.994601","0.024719","1.282215"
"320","6","4.84653","0.994972","0.025138","1.280177"
"330","6","4.766176","0.995318","0.025556","1.278181"
"340","6","4.688444","0.995642","0.025973","1.276225"
"350","6","4.613206","0.995946","0.026388","1.274308"
"360","6","4.540345","0.996231","0.026803","1.272428"
"370","6","4.469749","0.996498","0.027216","1.270584"
"380","6","4.401316","0.996749","0.027628","1.268775"
"390","6","4.334946","0.996986","0.02804","1.266999"
"400","6","4.270548","0.997208","0.02845","1.265257"
"410","6","4.208035","0.997417","0.028859","1.263547"
"420","6","4.147326","0.997614","0.029267","1.261868"
"430","6","4.088344","0.9978","0.029674","1.260219"
"440","6","4.031016","0.997976","0.03008","1.258601"
"450","6","3.975274","0.998142","0.030485","1.257012"
"460","6","3.921052","0.998298","0.030888","1.255452"
"470","6","3.868289","0.998446","0.031291","1.25392"
"480","6","3.816928","0.998586","0.031693","1.252416"
"-80","7","17.005527","0.017287","0.454467","1.564619"
"-70","7","16.168435","0.016725","0.353055","1.594035"
"-60","7","15.409888","0.016232","0.29394","1.625458"
"-50","7","14.719326","0.015801","0.255363","1.659299"
"-40","7","14.088002","0.015426","0.227381","1.696096"
"-30","7","13.508606","0.015104","0.205238","1.736577"
"-20","7","12.974986","0.014832","0.186564","1.781752"
"-10","7","12.481921","0.014611","0.170126","1.833064"
"0","7","12.024959","0.91363","0.011445","1.441542"
"10","7","11.600274","0.923883","0.01186","1.424121"
"20","7","11.204563","0.932467","0.01228","1.409968"
"30","7","10.834958","0.939742","0.012704","1.398156"
"40","7","10.488959","0.945971","0.013131","1.388083"
"50","7","10.164374","0.951348","0.01356","1.379342"
"60","7","9.859275","0.956023","0.013991","1.371642"
"70","7","9.571959","0.960116","0.014424","1.364774"
"80","7","9.300914","0.963718","0.014857","1.358579"
"90","7","9.044796","0.966905","0.01529","1.352939"
"100","7","8.802405","0.969738","0.015724","1.347759"
"110","7","8.572668","0.972267","0.016158","1.342968"
"120","7","8.354617","0.974533","0.016592","1.338508"
"130","7","8.147383","0.976572","0.017026","1.334331"
"140","7","7.950182","0.978411","0.01746","1.3304"
"150","7","7.762301","0.980077","0.017893","1.326684"
"160","7","7.583095","0.981588","0.018325","1.323155"
"170","7","7.411977","0.982964","0.018758","1.319794"
"180","7","7.248411","0.98422","0.019189","1.316581"
"190","7","7.091909","0.985369","0.01962","1.313501"
"200","7","6.942022","0.986422","0.02005","1.31054"
"210","7","6.798339","0.987389","0.020479","1.307687"
"220","7","6.660484","0.988279","0.020908","1.304933"
"230","7","6.528108","0.9891","0.021335","1.302268"
"240","7","6.400892","0.989858","0.021762","1.299686"
"250","7","6.278539","0.99056","0.022187","1.29718"
"260","7","6.160776","0.99121","0.022612","1.294744"
"270","7","6.047349","0.991813","0.023036","1.292374"
"280","7","5.938023","0.992374","0.023459","1.290065"
"290","7","5.83258","0.992896","0.02388","1.287813"
"300","7","5.730817","0.993382","0.024301","1.285615"
"310","7","5.632543","0.993835","0.024721","1.283467"
"320","7","5.537583","0.994259","0.025139","1.281369"
"330","7","5.445772","0.994655","0.025557","1.279316"
"340","7","5.356956","0.995025","0.025974","1.277306"
"350","7","5.27099","0.995372","0.026389","1.275339"
"360","7","5.18774","0.995698","0.026804","1.273412"
"370","7","5.107079","0.996003","0.027217","1.271524"
"380","7","5.028887","0.99629","0.027629","1.269674"
"390","7","4.953054","0.99656","0.02804","1.26786"
"400","7","4.879474","0.996814","0.02845","1.266081"
"410","7","4.808047","0.997053","0.028859","1.264336"
"420","7","4.738682","0.997279","0.029267","1.262624"
"430","7","4.67129","0.997491","0.029674","1.260945"
"440","7","4.605788","0.997692","0.03008","1.259298"
"450","7","4.542097","0.997881","0.030485","1.257681"
"460","7","4.480144","0.99806","0.030889","1.256095"
"470","7","4.419858","0.998229","0.031291","1.254538"
"480","7","4.361173","0.998389","0.031693","1.253011"
"-80","8","19.127703","0.019443","0.454481","1.564426"
"-70","8","18.186148","0.018811","0.353122","1.593807"
"-60","8","17.332939","0.018256","0.294028","1.625187"
"-50","8","16.5562","0.01777","0.255459","1.658974"
"-40","8","15.84609","0.017348","0.22748","1.695703"
"-30","8","15.19439","0.016986","0.205338","1.736097"
"-20","8","14.594177","0.016681","0.186667","1.781156"
"-10","8","14.039582","0.016432","0.170231","1.83231"
"0","8","13.525594","0.901585","0.011468","1.461838"
"10","8","13.047911","0.913458","0.011879","1.440726"
"20","8","12.602817","0.923345","0.012297","1.423886"
"30","8","12.187089","0.931693","0.012719","1.410034"
"40","8","11.797911","0.938817","0.013145","1.398365"
"50","8","11.43282","0.944954","0.013573","1.388343"
"60","8","11.089647","0.950281","0.014002","1.379596"
"70","8","10.766475","0.954936","0.014433","1.371858"
"80","8","10.461605","0.959028","0.014866","1.364932"
"90","8","10.173526","0.962645","0.015298","1.35867"
"100","8","9.900887","0.965856","0.015732","1.352956"
"110","8","9.642479","0.968721","0.016165","1.347703"
"120","8","9.397217","0.971287","0.016598","1.342839"
"130","8","9.164122","0.973593","0.017032","1.338308"
"140","8","8.942311","0.975673","0.017465","1.334064"
"150","8","8.730984","0.977554","0.017898","1.330069"
"160","8","8.529415","0.979262","0.01833","1.326293"
"170","8","8.336942","0.980816","0.018762","1.322709"
"180","8","8.152965","0.982233","0.019193","1.319295"
"190","8","7.976932","0.983529","0.019623","1.316034"
"200","8","7.80834","0.984717","0.020053","1.312909"
"210","8","7.646727","0.985807","0.020482","1.309907"
"220","8","7.491668","0.986811","0.02091","1.307017"
"230","8","7.342772","0.987736","0.021338","1.304228"
"240","8","7.19968","0.988591","0.021764","1.301532"
"250","8","7.062059","0.989381","0.02219","1.298921"
"260","8","6.929599","0.990114","0.022614","1.296388"
"270","8","6.802018","0.990793","0.023038","1.293929"
"280","8","6.679049","0.991425","0.023461","1.291537"
"290","8","6.560447","0.992012","0.023882","1.289208"
"300","8","6.445984","0.992559","0.024303","1.286939"
"310","8","6.335447","0.99307","0.024722","1.284725"
"320","8","6.228637","0.993546","0.025141","1.282565"
"330","8","6.125368","0.993992","0.025558","1.280454"
"340","8","6.025468","0.994409","0.025975","1.278391"
"350","8","5.928775","0.9948","0.02639","1.276374"
"360","8","5.835135","0.995166","0.026804","1.2744"
"370","8","5.744408","0.99551","0.027218","1.272467"
"380","8","5.656459","0.995833","0.02763","1.270575"
"390","8","5.571162","0.996136","0.028041","1.268722"
"400","8","5.488399","0.996422","0.028451","1.266906"
"410","8","5.40806","0.996691","0.02886","1.265126"
"420","8","5.330038","0.996944","0.029268","1.263382"
"430","8","5.254236","0.997183","0.029675","1.261672"
"440","8","5.180559","0.997408","0.030081","1.259995"
"450","8","5.108921","0.997621","0.030485","1.258351"
"460","8","5.039236","0.997822","0.030889","1.256739"
"470","8","4.971427","0.998012","0.031291","1.255157"
"480","8","4.905418","0.998192","0.031693","1.253606"
"-80","9","21.24988","0.021598","0.454495","1.564234"
"-70","9","20.20386","0.020896","0.353189","1.593579"
"-60","9","19.25599","0.020279","0.294116","1.624917"
"-50","9","18.393073","0.01974","0.255555","1.65865"
"-40","9","17.604179","0.019271","0.227579","1.695312"
"-30","9","16.880174","0.018868","0.205439","1.735618"
"-20","9","16.213368","0.018528","0.186769","1.780561"
"-10","9","15.597242","0.018251","0.170336","1.831559"
"0","9","15.026228","0.889168","0.011491","1.484137"
"10","9","14.495547","0.902775","0.0119","1.458657"
"20","9","14.001072","0.914038","0.012315","1.43873"
"30","9","13.539219","0.923505","0.012735","1.422585"
"40","9","13.106863","0.93156","0.013158","1.409149"
"50","9","12.701266","0.938481","0.013585","1.397728"
"60","9","12.320019","0.944476","0.014013","1.387849"
"70","9","11.960991","0.949707","0.014444","1.37918"
"80","9","11.622297","0.954299","0.014875","1.371475"
"90","9","11.302256","0.958353","0.015307","1.364554"
"100","9","10.999368","0.96195","0.015739","1.358279"
"110","9","10.712291","0.965155","0.016172","1.352541"
"120","9","10.439817","0.968024","0.016605","1.347256"
"130","9","10.180861","0.970601","0.017038","1.342356"
"140","9","9.934441","0.972923","0.01747","1.337788"
"150","9","9.699667","0.975024","0.017903","1.333506"
"160","9","9.475734","0.976929","0.018335","1.329474"
"170","9","9.261907","0.978662","0.018766","1.325661"
"180","9","9.057518","0.980242","0.019197","1.322042"
"190","9","8.861955","0.981686","0.019627","1.318595"
"200","9","8.674658","0.98301","0.020057","1.315303"
"210","9","8.495114","0.984224","0.020485","1.312149"
"220","9","8.322852","0.985342","0.020913","1.309119"
"230","9","8.157437","0.986372","0.021341","1.306204"
"240","9","7.998469","0.987323","0.021767","1.303391"
"250","9","7.845578","0.988203","0.022192","1.300673"
"260","9","7.698423","0.989018","0.022617","1.298043"
"270","9","7.556686","0.989774","0.02304","1.295492"
"280","9","7.420075","0.990476","0.023462","1.293017"
"290","9","7.288314","0.991129","0.023884","1.29061"
"300","9","7.161152","0.991738","0.024304","1.288269"
"310","9","7.038351","0.992305","0.024724","1.285989"
"320","9","6.91969","0.992835","0.025142","1.283766"
"330","9","6.804964","0.99333","0.02556","1.281597"
"340","9","6.693981","0.993794","0.025976","1.27948"
"350","9","6.586559","0.994228","0.026391","1.277411"
"360","9","6.482531","0.994635","0.026806","1.27539"
"370","9","6.381737","0.995017","0.027219","1.273413"
"380","9","6.28403","0.995376","0.027631","1.271479"
"390","9","6.18927","0.995713","0.028042","1.269586"
"400","9","6.097325","0.99603","0.028452","1.267733"
"410","9","6.008072","0.996329","0.028861","1.265919"
"420","9","5.921394","0.996611","0.029269","1.264141"
"430","9","5.837182","0.996876","0.029675","1.2624"
"440","9","5.755331","0.997126","0.030081","1.260694"
"450","9","5.675744","0.997363","0.030486","1.259022"
"460","9","5.598328","0.997586","0.030889","1.257383"
"470","9","5.522996","0.997797","0.031292","1.255777"
"480","9","5.449664","0.997997","0.031693","1.254202"
"-80","10","23.372056","0.023753","0.454509","1.564041"
"-70","10","22.221573","0.022981","0.353256","1.593352"
"-60","10","21.179041","0.022303","0.294204","1.624647"
"-50","10","20.229946","0.021709","0.255651","1.658327"
"-40","10","19.362267","0.021193","0.227678","1.694921"
"-30","10","18.565957","0.020749","0.20554","1.73514"
"-20","10","17.83256","0.020375","0.186872","1.779969"
"-10","10","17.154902","0.02007","0.170441","1.830811"
"0","10","16.526863","0.019835","0.155571","1.889747"
"10","10","15.943184","0.891813","0.01192","1.478101"
"20","10","15.399326","0.904531","0.012333","1.454607"
"30","10","14.891349","0.915172","0.01275","1.435872"
"40","10","14.415815","0.924193","0.013172","1.420475"
"50","10","13.969712","0.931924","0.013598","1.407523"
"60","10","13.55039","0.938607","0.014025","1.396419"
"70","10","13.155508","0.944427","0.014454","1.38675"
"80","10","12.782989","0.94953","0.014884","1.378217"
"90","10","12.430986","0.95403","0.015315","1.370599"
"100","10","12.097849","0.958018","0.015747","1.363732"
"110","10","11.782102","0.961569","0.016179","1.357486"
"120","10","11.482418","0.964745","0.016612","1.351762"
"130","10","11.1976","0.967596","0.017044","1.346479"
"140","10","10.92657","0.970164","0.017476","1.341574"
"150","10","10.668351","0.972485","0.017908","1.336995"
"160","10","10.422054","0.97459","0.01834","1.332699"
"170","10","10.186872","0.976503","0.018771","1.328651"
"180","10","9.962071","0.978247","0.019201","1.324821"
"190","10","9.746977","0.97984","0.019631","1.321185"
"200","10","9.540975","0.9813","0.02006","1.31772"
"210","10","9.343501","0.98264","0.020489","1.314411"
"220","10","9.154035","0.983872","0.020917","1.31124"
"230","10","8.972101","0.985007","0.021343","1.308195"
"240","10","8.797257","0.986055","0.02177","1.305264"
"250","10","8.629098","0.987024","0.022195","1.302438"
"260","10","8.467247","0.987922","0.022619","1.299708"
"270","10","8.311355","0.988754","0.023042","1.297065"
"280","10","8.1611","0.989528","0.023464","1.294505"
"290","10","8.016181","0.990247","0.023886","1.29202"
"300","10","7.87632","0.990917","0.024306","1.289606"
"310","10","7.741254","0.991542","0.024725","1.287258"
"320","10","7.610744","0.992125","0.025144","1.284972"
"330","10","7.48456","0.99267","0.025561","1.282744"
"340","10","7.362493","0.99318","0.025977","1.280572"
"350","10","7.244343","0.993658","0.026392","1.278452"
"360","10","7.129926","0.994105","0.026807","1.276383"
"370","10","7.019066","0.994526","0.02722","1.274361"
"380","10","6.911602","0.99492","0.027632","1.272385"
"390","10","6.807378","0.995291","0.028043","1.270452"
"400","10","6.706251","0.99564","0.028453","1.268562"
"410","10","6.608084","0.995969","0.028861","1.266712"
"420","10","6.51275","0.996278","0.029269","1.264902"
"430","10","6.420127","0.99657","0.029676","1.263129"
"440","10","6.330102","0.996845","0.030082","1.261394"
"450","10","6.242567","0.997105","0.030486","1.259694"
"460","10","6.15742","0.997351","0.03089","1.258029"
"470","10","6.074564","0.997583","0.031292","1.256397"
"480","10","5.993909","0.997802","0.031694","1.254799"
