Filename,Title,Usecase,Status
12_volt___amps__amps_vs__wire_gauge__choosing_the_.md,12 Volt - Amps  Amps vs. Wire Gauge: Choosing the Right Wire Size,datatable,done
12_volt___electric_automotive_wiring.md,12 Volt - Electric Automotive Wiring,calculator-table,done
12_volt___maximum_wire_length_vs__current.md,12 Volt - Maximum Wire Length vs. Current,calculator-table,done
1st_law_of_thermodynamics.md,1st Law of Thermodynamics,none,pending
2d_schematic_drawings.md,2D Schematic Drawings,none,pending
2nd_law_of_thermodynamics.md,2nd Law of Thermodynamics,calculator,done
absolute_or_dynamic_viscosity_online_converter.md,Absolute or Dynamic Viscosity Online Converter,calculator-table,done
absorbed_solar_radiation.md,Absorbed Solar Radiation,chart-table,done
ac___active__reactive_and_apparent_power.md,"AC - Active, Reactive and Apparent Power",calculator-chart,done
ac_circuits___power_vs__voltage_and_current.md,AC Circuits - Power vs. Voltage and Current,calculator-chart,done
acceleration.md,Acceleration,calculator,done
acceleration_of_gravity_and_newton_s_second_law.md,Acceleration of Gravity and Newton's Second Law,calculator,done
acceleration_of_gravity_vs__latitude_and_elevation.md,Acceleration of Gravity vs. Latitude and Elevation,chart,done
acceleration_units_converter.md,Acceleration Units Converter,calculator,done
acceleration_vs__velocity_equations.md,Acceleration vs. Velocity Equations,calculator,done
accounting_rate_of_return.md,Accounting Rate of Return,calculator,done
acetone___density_and_specific_weight.md,Acetone - Density and Specific Weight,calculator-table,done
acetone___thermophysical_properties.md,Acetone - Thermophysical Properties,calculator-table,done
acetylene___thermophysical_properties.md,Acetylene - Thermophysical Properties,datatable,done
aci___american_concrete_institute.md,ACI - American Concrete Institute,none,pending
acid_and_base_ph_indicators.md,Acid and Base pH Indicators,chart-table,done
acids___ph_values.md,Acids - pH Values,datatable,done
acoustic_impedance.md,Acoustic Impedance,calculator,done
addition_and_subtraction_of_fractions.md,Addition and Subtraction of Fractions,calculator-table,done
adiabatic_flame_temperatures.md,Adiabatic Flame Temperatures,chart-table,done
affinity_laws_for_pumps__principles__formulas___ca.md,"Affinity Laws for Pumps: Principles, Formulas & Calculator",calculator,done
age_and_physical_growth___weight_and_height.md,Age and Physical Growth - Weight and Height,chart,done
air___absolute_humidity.md,Air - Absolute Humidity,calculator,done
air___composition_and_molecular_weight.md,Air - Composition and Molecular Weight,calculator,done
air___density_and_specific_volume_vs__altitude.md,Air - Density and Specific Volume vs. Altitude,chart-table,done
air___diffusion_coefficients_of_gases_in_excess_of.md,Air - Diffusion Coefficients of Gases in Excess of Air,calculator-chart,done
air___drying_force.md,Air - Drying Force,chart-table,done
air___heating__cooling__mixing__humidifying_or_deh.md,"Air - Heating, Cooling, Mixing, Humidifying or Dehumidifying Processes",datatable,done
air___humidifying_by_adding_steam_or_water.md,Air - Humidifying by Adding Steam or Water,chart-table,done
air___humidifying_with_steam___imperial_units.md,Air - Humidifying with Steam - Imperial Units,datatable,done
air___humidifying_with_steam__si_units.md,"Air - Humidifying with Steam, SI units",calculator-chart,done
air___humidity_measurement_from_dry_and_wet_bulb_t.md,Air - Humidity Measurement from Dry and Wet Bulb Temperature,chart-table,done
air___humidity_ratio.md,Air - Humidity Ratio,datatable,done
air___maximum_moisture_carrying_capacity.md,Air - Maximum Moisture Carrying Capacity,chart-table,done
air___moisture_holding_capacity_vs__temperature.md,Air - Moisture Holding Capacity vs. Temperature,calculator,done
air___molecular_weight_and_composition.md,Air - Molecular Weight and Composition,datatable,done
air___prandtl_number.md,Air - Prandtl Number,none,pending
air___properties_at_gas_liquid_equilibrium_conditi.md,Air - Properties at Gas-Liquid Equilibrium Conditions,datatable,done
air___psychrometric_chart_for_standard_atmospheric.md,Air - Psychrometric Chart for Standard Atmospheric Conditions - Imperial Units,datatable,done
air___scfm_versus_acfm_and_icfm.md,Air - SCFM versus ACFM and ICFM,datatable,done
air___specific_heat_ratio.md,Air - Specific Heat Ratio,chart-table,done
air___specific_heat_vs__pressure_at_constant_tempe.md,Air - Specific Heat vs. Pressure at Constant Temperature,datatable,done
air___speed_of_sound_vs__temperature.md,Air - Speed of Sound vs. Temperature,chart,done
air___thermal_diffusivity_vs__temperature_and_pres.md,Air - Thermal Diffusivity vs. Temperature and Pressure,datatable,done
air___volume_vs__temperature.md,Air - Volume vs. Temperature,datatable,done
air_and_steam_mixtures.md,Air and Steam Mixtures,datatable,done
air_compressor___power_cost_per_year.md,Air Compressor - Power Cost per Year,datatable,done
air_compressors___maximum_air_flow_vs__inlet_pipe_.md,Air Compressors - Maximum Air Flow vs. Inlet Pipe Size,datatable,done
air_conditioning_systems.md,Air Conditioning Systems,datatable,done
air_contaminants___exposure_limits.md,Air Contaminants - Exposure Limits,calculator,done
air_density__specific_weight__and_thermal_expansio.md,"Air Density, Specific Weight, and Thermal Expansion Coefficients at Varying Temperatures and Pressures",datatable,done
air_duct_components___minor_dynamic_loss_coefficie.md,Air Duct Components - Minor Dynamic Loss Coefficients,chart-table,done
air_ducts___sizing.md,Air Ducts - Sizing,datatable,done
air_properties___density__viscosity__heat_capacity.md,"Air Properties - Density, Viscosity, Heat Capacity, Thermal Conductivity, and more",calculator-chart,done
air_properties___imperial_units.md,Air Properties - Imperial Units,calculator-table,done
air_properties___si_units.md,Air Properties - SI Units,datatable,done
air_properties___thermal_conductivity_vs__temperat.md,Air Properties - Thermal Conductivity vs. Temperature and Pressure Charts and Calculator,calculator-table,done
air_properties__temperature__pressure___density_da.md,"Air Properties: Temperature, Pressure & Density Data",calculator,done
air_supply_to_boiler_house.md,Air Supply to Boiler House,calculator-table,done
air_temperature__pressure_and_density_vs__altitude.md,"Air Temperature, Pressure and Density vs. Altitude",calculator-table,done
air_tools___air_consumption.md,Air Tools - Air Consumption,datatable,done
air_viscosity__dynamic_and_kinematic_viscosity_at_.md,Air Viscosity: Dynamic and Kinematic Viscosity at Various Temperatures and Pressures,calculator-chart,done
aisi_310_stainless_steel___properties.md,AISI 310 Stainless Steel - Properties,datatable,done
aisi_sae_steel_and_alloys___designation_system.md,AISI/SAE Steel and Alloys - Designation System,none,pending
alcohols_and_carboxylic_acids___physical_data.md,Alcohols and Carboxylic Acids - Physical Data,none,pending
algebraic_expressions.md,Algebraic Expressions,datatable,done
alloy_steels.md,Alloy Steels,datatable,done
alternating_pumps.md,Alternating Pumps,datatable,done
alternative_fuels___properties.md,Alternative Fuels - Properties,none,pending
aluminum___melting_points_of_binary_eutectic_alloy.md,Aluminum - Melting Points of Binary Eutectic Alloys,datatable,done
aluminum___radiation_heat_emissivity.md,Aluminum - Radiation Heat Emissivity,none,pending
aluminum___thermophysical_properties.md,Aluminum - Thermophysical Properties,calculator-table,done
aluminum_alloys___mechanical_properties.md,Aluminum Alloys - Mechanical Properties,calculator-table,done
aluminum_and_copper_wires___electrical_resistance_.md,Aluminum and Copper Wires - Electrical Resistance vs. Cross-Sectional Area,datatable,done
aluminum_conductor_characteristics.md,Aluminum Conductor Characteristics,calculator,done
american_standard_beams___s_beam.md,American Standard Beams - S Beam,calculator,done
american_vs__british_piping_standards.md,American vs. British Piping Standards,calculator,done
american_wide_flange_steel_beams__dimensions_and_p.md,American Wide Flange Steel Beams: Dimensions and Properties (ASTM A6 in Metric),calculator,done
american_wide_flange_steel_beams__w_beams____dimen.md,American Wide Flange Steel Beams (W-Beams) - Dimensions and Properties in Imperial Units,calculator,done
amines__diamines_and_cyclic_organic_nitrogen_compo.md,"Amines, Diamines and Cyclic Organic Nitrogen Compounds - pKa Values",calculator,done
ammonia___dynamic_and_kinematic_viscosity_vs__temp.md,Ammonia - Dynamic and Kinematic Viscosity vs. Temperature and Pressure,calculator,done
ammonia___nh3___concentration_in_air_and_health_ef.md,Ammonia - NH3 - Concentration in Air and Health Effects,calculator,done
ammonia___prandtl_number_vs__temperature_and_press.md,Ammonia - Prandtl Number vs. Temperature and Pressure,datatable,done
ammonia___properties_at_gas_liquid_equilibrium_con.md,Ammonia - Properties at Gas-Liquid Equilibrium Conditions,calculator,done
ammonia___specific_heat_vs__temperature_and_pressu.md,Ammonia - Specific Heat vs. Temperature and Pressure,datatable,done
ammonia___thermal_conductivity_vs__temperature_and.md,Ammonia - Thermal Conductivity vs. Temperature and Pressure,datatable,done
ammonia___thermophysical_properties.md,Ammonia - Thermophysical Properties,none,pending
ammonia___vapour_pressure_at_gas_liquid_equilibriu.md,Ammonia - Vapour Pressure at Gas-Liquid Equilibrium,none,pending
ammonia_gas___density_vs__temperature_and_pressure.md,Ammonia Gas - Density vs. Temperature and Pressure,none,pending
angle_calculator___carpenter_s_square.md,Angle Calculator - Carpenter's Square,datatable,done
angle_converter.md,Angle Converter,none,pending
angles_of_repose.md,Angles of Repose,datatable,done
angular_motion___power_and_torque.md,Angular Motion - Power and Torque,chart-table,done
animals___laboratory_environments.md,Animals - Laboratory Environments,datatable,done
ansi___american_national_standards_institute.md,ANSI - American National Standards Institute,datatable,done
ansi_asme_y14_1___u_s__standard_engineering_drawin.md,ANSI/ASME Y14.1 - U.S. Standard Engineering Drawing Sizes,datatable,done
ansi_steel_pipe_schedule_40_chart__dimensions__wei.md,"ANSI Steel Pipe Schedule 40 Chart: Dimensions, Weights & Specifications",none,pending
ansi_steel_pipes_schedule_80__dimensions__sizes__a.md,"ANSI Steel Pipes Schedule 80: Dimensions, Sizes, and Specifications",datatable,done
anthracite_coal.md,Anthracite Coal,calculator-chart,done
antifreeze___ethylene_glycol_volume_vs__temperatur.md,Antifreeze - Ethylene Glycol Volume vs. Temperature Rating,calculator,done
antifreeze___ethylene_glycol_vs__propylene_glycol.md,Antifreeze - Ethylene Glycol vs. Propylene Glycol,datatable,done
api___american_petroleum_institute.md,API - American Petroleum Institute,datatable,done
api_gravity__definition__calculation__and_converte.md,"API Gravity: Definition, Calculation, and Converter",datatable,done
apothecaries__weight_system.md,Apothecaries' Weight System,datatable,done
aqueous_salt_solutions___acid_and_base_properties.md,Aqueous Salt Solutions - Acid and Base Properties,datatable,done
archimedes__law.md,Archimedes' Law,calculator,done
area_moment_of_inertia___typical_cross_sections_ii.md,Area Moment of Inertia - Typical Cross Sections II,datatable,done
area_moment_of_inertia_converter.md,Area Moment of Inertia Converter,chart-table,done
area_moment_of_inertia_with_definitions__formulas_.md,"Area Moment of Inertia with Definitions, Formulas & Calculator",datatable,done
area_of_intersecting_circles.md,Area of Intersecting Circles,chart-table,done
area_survey_app.md,Area Survey App,calculator,done
area_units_converter.md,Area Units Converter,calculator,done
argon____density_and_specific_weight.md,Argon -  Density and Specific Weight,calculator,done
argon___thermophysical_properties.md,Argon - Thermophysical Properties,calculator,done
arithmetic_and_logarithmic_mean_temperature_differ.md,Arithmetic and Logarithmic Mean Temperature Difference,calculator,done
arsenic___melting_points_of_binary_eutectic_alloys.md,Arsenic - Melting Points of Binary Eutectic Alloys,datatable,done
ascii_codes.md,ASCII Codes,calculator-table,done
ashrae___american_society_of_heating__refrigeratin.md,"ASHRAE - American Society of Heating, Refrigerating and Air-Conditioning Engineers",calculator,done
asme___american_society_of_mechanical_engineers.md,ASME - American Society of Mechanical Engineers,calculator-table,done
asme___international_boiler_and_pressure_vessel_co.md,ASME - International Boiler and Pressure Vessel Code,calculator,done
asme_ansi_b36_10_19___carbon__alloy_and_stainless_.md,"ASME/ANSI B36.10/19 - Carbon, Alloy and Stainless Steel Pipe - Dimensions",calculator-chart,done
aspe___american_society_of_plumbing_engineers.md,ASPE - American Society of Plumbing Engineers,datatable,done
astm___sections_and_volumes.md,ASTM - Sections and Volumes,chart-table,done
astm_b306_copper_tubes_for_drain__waste_and_vent__.md,"ASTM B306 Copper Tubes for Drain, Waste and Vent - Dimensions and Working Pressures",datatable,done
astm_b819_seamless_copper_tubes_for_medical_gas_sy.md,ASTM B819 Seamless Copper Tubes for Medical Gas Systems - Dimensions,chart,done
astm_cross_reference_material_specifications.md,ASTM Cross Reference Material Specifications,calculator,done
astm_international.md,ASTM International,chart-table,done
astm_standard___volume_05_06_gaseous_fuels__coal_a.md,"ASTM Standard - Volume 05.06 Gaseous Fuels, Coal and Coke",none,pending
asynchronous_induction_motors___electrical_propert.md,Asynchronous Induction Motors - Electrical Properties,none,pending
atmospheric_pressure_vs__elevation_above_sea_level.md,Atmospheric Pressure vs. Elevation above Sea Level,calculator,done
average_velocity.md,Average Velocity,datatable,done
awg___american_wire_gauge_vs__circular_mils.md,AWG - American Wire Gauge vs. Circular Mils,calculator,done
awg___wire_gauge_sizes__current_ratings__charts__m.md,"AWG - Wire Gauge Sizes: Current Ratings, Charts, Measurements, and Conversion Guide",calculator,done
awg_wire_gauge_chart___table___american_wire_gauge.md,AWG Wire Gauge Chart & Table – American Wire Gauge (AWG) Standards,calculator,done
ball_valves___flow_coefficients_cv.md,Ball Valves - Flow Coefficients Cv,datatable,done
bands_vs__frequencies_and_wavelengths.md,Bands vs. Frequencies and Wavelengths,datatable,done
banked_turn.md,Banked Turn,datatable,done
barometer___altitude_compensation.md,Barometer - Altitude Compensation,datatable,done
barometric_pressure___pressure_in_psi__psf_and_kpa.md,"Barometric Pressure - Pressure in psi, psf and kPa",datatable,done
bases___ph_values.md,Bases - pH Values,calculator,done
baume_s_hydrometer.md,Baume's Hydrometer,calculator-table,done
beam_loads___support_force_calculator.md,Beam Loads - Support Force Calculator,datatable,done
beams___fixed_at_one_end_and_supported_at_the_othe.md,Beams - Fixed at One End and Supported at the Other - Continuous and Point Loads,calculator,done
beams_and_columns.md,Beams and Columns,datatable,done
beams_fixed_at_both_ends_with_continuous_and_point.md,Beams Fixed at Both Ends with Continuous and Point Loads:  Load & Deflection Formulas,calculator-chart,done
beams_supported_at_both_ends_with_continuous_and_p.md,"Beams Supported at Both Ends with Continuous and Point Loads: Stress, Deflection,  Formulas and Calculators",chart-table,done
beaufort_s_wind_scale.md,Beaufort's Wind Scale,calculator,done
belt_transmissions___speed_and_length_of_belts.md,Belt Transmissions - Speed and Length of Belts,datatable,done
belts___power_transmission_and_efficiency.md,Belts - Power Transmission and Efficiency,datatable,done
belts___pulley_diameters_vs__speed.md,Belts - Pulley Diameters vs. Speed,datatable,done
benzene___density_and_specific_weight_vs__temperat.md,Benzene - Density and Specific Weight vs. Temperature and Pressure,calculator,done
benzene___dynamic_and_kinematic_viscosity_vs__temp.md,Benzene - Dynamic and Kinematic Viscosity vs. Temperature and Pressure,chart-table,done
benzene___thermophysical_properties.md,Benzene - Thermophysical properties,chart,done
benzene_gas___specific_heat_vs__temperature.md,Benzene Gas - Specific Heat vs. Temperature,none,pending
benzene_liquid___thermal_properties.md,Benzene Liquid - Thermal Properties,datatable,done
bep___the_best_efficiency_point_of_a_pump.md,BEP - the Best Efficiency Point of a Pump,datatable,done
bernoulli_equation.md,Bernoulli Equation,datatable,done
beryllium___specific_heat_vs__temperatures.md,Beryllium - Specific Heat vs. Temperatures,calculator,done
bfd___block_flow_diagram.md,BFD - Block Flow Diagram,datatable,done
bid_work_flow_template.md,Bid Work Flow Template,calculator,done
bimetallic_strips.md,Bimetallic Strips,datatable,done
binary__octal_and_hexadecimal_numbers.md,"Binary, Octal and Hexadecimal Numbers",datatable,done
binary_adding__subtraction__multiplicaton_and_divi.md,"Binary Adding, Subtraction, Multiplicaton and Division",datatable,done
binary_to_decimal__hexadecimal_and_ascii_converter.md,"Binary to Decimal, Hexadecimal and ASCII Converter",datatable,done
binomial_theorem.md,Binomial Theorem,datatable,done
bio_ethanol_production___raw_materials.md,Bio Ethanol Production - Raw Materials,chart,done
biogas___carbon_nitrogen_ratios.md,Biogas - Carbon Nitrogen Ratios,datatable,done
biogas___composition.md,Biogas - Composition,datatable,done
biogas___energy_content.md,Biogas - Energy Content,none,pending
biogas___potential_from_animal_manure.md,Biogas - Potential from Animal Manure,calculator,done
biomass_energy_units.md,Biomass Energy Units,calculator,done
biomasses___energy_content_when_used_as_fuel.md,Biomasses - Energy Content when Used as Fuel,datatable,done
biomasses___higher_heating_values.md,Biomasses - Higher Heating Values,datatable,done
blood_sugar_units.md,Blood Sugar Units,datatable,done
blueprint_letters.md,Blueprint Letters,calculator-table,done
board_feet_chart_and_calculator.md,Board Feet Chart and Calculator,datatable,done
bodies___weight_vs__height.md,Bodies - Weight vs. Height,calculator,done
bodies_moving_on_inclined_planes___acting_forces.md,Bodies Moving on Inclined Planes - Acting Forces,calculator,done
boiler___efficiency.md,Boiler - Efficiency,calculator,done
boiler___exhaust_velocity.md,Boiler - Exhaust Velocity,calculator-chart,done
boiler_blowdown.md,Boiler Blowdown,calculator-chart,done
boiler_blowdown_rate.md,Boiler Blowdown Rate,calculator-table,done
boiler_feed_water___chemistry_and_impurity_limits.md,Boiler Feed Water - Chemistry and Impurity Limits,datatable,done
boiler_rooms___sizing.md,Boiler Rooms - Sizing,datatable,done
boilers___classification.md,Boilers - Classification,none,pending
boiling_fluids___max_suction_flow_velocities.md,Boiling Fluids - Max Suction Flow Velocities,datatable,done
boiling_liquids___max_pumping_flow_velocities.md,Boiling Liquids - Max Pumping Flow Velocities,calculator,done
boiling_points_of_fluids.md,Boiling Points of Fluids,datatable,done
bollard_forces.md,Bollard Forces,chart,done
boolean_algebra.md,Boolean Algebra,calculator,done
boyle_s_law__mariotte_s_law_.md,Boyle's Law (Mariotte's Law),calculator,done
brick_densities.md,Brick Densities,calculator,done
bricks___quantity_and_mortar_consumption.md,Bricks - Quantity and Mortar Consumption,calculator-table,done
brinell_hardness_number___bhn.md,Brinell Hardness Number - BHN,calculator,done
british_imperial_system.md,British Imperial System,calculator-chart,done
british_universal_columns_and_beams.md,British Universal Columns and Beams,calculator,done
brix_scale.md,Brix Scale,calculator,done
bronze_flanges___asme_ansi_150_lb.md,Bronze Flanges - ASME/ANSI 150 lb,calculator-chart,done
bronze_flanges___asme_ansi_300_lb.md,Bronze Flanges - ASME/ANSI 300 lb,none,pending
bsi___british_standards_institute.md,BSi - British Standards institute,datatable,done
buffer_solutions.md,Buffer Solutions,chart-table,done
builder_s_to_surveyor_s_measurements.md,Builder's to Surveyor's Measurements,calculator,done
building_elements___heat_loss_vs__thermal_resistiv.md,Building Elements - Heat Loss vs. Thermal Resistivity,calculator-chart,done
building_foundations___loads.md,Building Foundations - Loads,chart-table,done
building_materials___radiation_constants.md,Building Materials - Radiation Constants,chart-table,done
building_materials___vapour_resistance.md,Building Materials - Vapour Resistance,chart-table,done
building_tolerances.md,Building Tolerances,chart-table,done
bulk_modulus_and_fluid_elasticities.md,Bulk Modulus and Fluid Elasticities,datatable,done
buoyancy.md,Buoyancy,datatable,done
butane___density_and_specific_weight_vs__temperatu.md,Butane - Density and Specific Weight vs. Temperature and Pressure,calculator-chart,done
butane___dynamic_and_kinematic_viscosity_vs__tempe.md,Butane - Dynamic and Kinematic Viscosity vs. Temperature and Pressure,calculator-table,done
butane___specific_heat_vs__temperature_and_pressur.md,Butane - Specific Heat vs. Temperature and Pressure,datatable,done
butane___thermal_conductivity_vs__temperature_and_.md,Butane - Thermal Conductivity vs. Temperature and Pressure,datatable,done
butane___thermophysical_properties.md,Butane - Thermophysical Properties,calculator,done
butterfly_valves___flow_coefficients_cv.md,Butterfly Valves - Flow Coefficients Cv,chart-table,done
butterfly_valves___sizing_and_selection.md,Butterfly Valves - Sizing and Selection,chart-table,done
bytes__kilobytes_and_megabytes.md,"Bytes, Kilobytes and Megabytes",chart-table,done
cable_loads.md,Cable Loads,datatable,done
calcium_chloride_water_solutions.md,Calcium Chloride Water Solutions,calculator,done
calcium_silicate_insulation.md,Calcium Silicate Insulation,calculator-chart,done
california_pipe_flow_metering_method.md,California Pipe Flow Metering Method,calculator,done
capacitors.md,Capacitors,none,pending
capacitors___parallel_and_serial_circuits.md,Capacitors - Parallel and Serial Circuits,none,pending
capacitors___stored_energy.md,Capacitors - Stored Energy,datatable,done
capillarity.md,Capillarity,datatable,done
car___required_power_and_torque.md,Car - Required Power and Torque,datatable,done
car___traction_force.md,Car - Traction Force,datatable,done
car_acceleration.md,Car Acceleration,calculator,done
car_fuel_consumption___liter_100_km.md,Car Fuel Consumption - liter/100 km,chart-table,done
carbon_and_low_alloy_steel_classifications.md,Carbon and Low-Alloy Steel Classifications,calculator,done
carbon_and_stainless_steel_flanges___asme_ansi_cla.md,Carbon and Stainless Steel Flanges - ASME/ANSI Class 150,none,pending
carbon_dioxide___co2___liquid___properties__imperi.md,"Carbon Dioxide - CO2 - Liquid - Properties, Imperial Units",none,pending
carbon_dioxide___density_and_specific_weight_vs__t.md,Carbon dioxide - Density and Specific Weight vs. Temperature and Pressure,calculator,done
carbon_dioxide___dynamic_and_kinematic_viscosity_v.md,Carbon Dioxide - Dynamic and Kinematic Viscosity vs. Temperature and Pressure,calculator,done
carbon_dioxide___liquid_properties.md,Carbon Dioxide - Liquid Properties,none,pending
carbon_dioxide___prandtl_number_vs__temperature_an.md,Carbon dioxide - Prandtl Number vs. Temperature and Pressure,datatable,done
carbon_dioxide___specific_heat_of_gas_vs__temperat.md,Carbon Dioxide - Specific Heat of Gas vs. Temperature,none,pending
carbon_dioxide___thermal_conductivity_vs__temperat.md,Carbon dioxide - Thermal Conductivity vs. Temperature and Pressure,chart,done
carbon_dioxide__co___properties___characteristics_.md,"Carbon Dioxide (CO₂) Properties & Characteristics: Density, Thermal Data & More",calculator,done
carbon_dioxide_concentration___comfort_levels.md,Carbon Dioxide Concentration - Comfort Levels,calculator,done
carbon_dioxide_concentration_in_rooms_occupied_wit.md,Carbon Dioxide Concentration in Rooms Occupied with People,calculator,done
carbon_dioxide_emission_from_the_human_body_vs__ac.md,Carbon Dioxide Emission from the Human Body vs. Activity,calculator,done
carbon_dioxide_gas___ideal_properties.md,Carbon Dioxide Gas - Ideal Properties,chart,done
carbon_monoxide___co___thermophysical_properties.md,Carbon Monoxide - CO - Thermophysical Properties,calculator,done
carbon_monoxide___density_and_specific_weight_vs__.md,Carbon Monoxide - Density and Specific Weight vs. Temperature and Pressure,calculator-table,done
carbon_monoxide_and_health_effects.md,Carbon Monoxide and Health Effects,datatable,done
carbon_monoxide_gas___co___specific_heat_vs__tempe.md,Carbon Monoxide Gas - CO - Specific Heat vs. Temperature,calculator,done
carbon_steel_flanges___pressure_and_temperature_ra.md,Carbon Steel Flanges - Pressure and Temperature Ratings,datatable,done
carbon_steel_pipes___comparing_american___european.md,Carbon Steel Pipes - Comparing American & European Standards,datatable,done
carnot__otto__diesel_and_joule_cycles.md,"Carnot, Otto, Diesel and Joule Cycles",calculator,done
carnot_cycle_efficiency.md,Carnot Cycle Efficiency,datatable,done
cartesian_coordinate_system___distance_and_interme.md,Cartesian Coordinate System - Distance and Intermediate Position Between Two Points,datatable,done
cash_flow_diagrams.md,Cash Flow Diagrams,calculator-chart,done
cast_iron.md,Cast Iron,none,pending
cast_iron_flanges___asme_ansi_class_125.md,Cast Iron Flanges - ASME/ANSI Class 125,datatable,done
cast_iron_flanges___asme_ansi_class_25.md,Cast Iron Flanges - ASME/ANSI Class 25,chart-table,done
cast_iron_flanges___asme_ansi_class_250.md,Cast Iron Flanges - ASME/ANSI Class 250,calculator-table,done
cast_iron_soil_pipes___dimensions.md,Cast Iron Soil Pipes - Dimensions,calculator,done
cauchy_number.md,Cauchy Number,chart-table,done
cavitation.md,Cavitation,none,pending
cavitation_number.md,Cavitation Number,calculator,done
ce_marking.md,CE Marking,datatable,done
cen___the_european_committee_for_standardization.md,CEN - The European Committee for Standardization,datatable,done
center_mass.md,Center Mass,datatable,done
center_of_gravity.md,Center of Gravity,datatable,done
center_of_gravity_and_buoyancy.md,Center of Gravity and Buoyancy,calculator,done
centrifugal_pump_standards.md,Centrifugal Pump Standards,calculator-chart,done
centrifugal_pumps.md,Centrifugal Pumps,calculator,done
centrifugal_pumps___capacity_modulation.md,Centrifugal Pumps - Capacity Modulation,calculator,done
centrifugal_pumps___influence_of_viscosity.md,Centrifugal Pumps - Influence of Viscosity,datatable,done
centrifugal_pumps___minimum_flow.md,Centrifugal Pumps - Minimum Flow,datatable,done
centrifugal_pumps___shut_off_head.md,Centrifugal Pumps - Shut-Off Head,datatable,done
centrifugal_pumps___speed_torque_curve.md,Centrifugal Pumps - Speed Torque Curve,calculator,done
centrifugal_pumps___stable_and_unstable_flow.md,Centrifugal Pumps - Stable and Unstable Flow,datatable,done
centripetal_and_centrifugal_acceleration_force.md,Centripetal and Centrifugal Acceleration Force,datatable,done
centroids_of_plane_areas.md,Centroids of Plane Areas,datatable,done
ceramic_materials___properties.md,Ceramic Materials - Properties,calculator,done
charles__law.md,Charles' Law,datatable,done
chemicals___formulas_and_trading_names.md,Chemicals - Formulas and Trading Names,calculator,done
chemicals_hazard_rating_system.md,Chemicals Hazard Rating System,datatable,done
chezys_conduit_flow_equation.md,Chezys Conduit Flow Equation,datatable,done
chimney_s_explosion_doors.md,Chimney's Explosion Doors,calculator,done
chimney_s_size_vs__boiler_power.md,Chimney's Size vs. Boiler Power,datatable,done
chimney_sizing.md,Chimney Sizing,datatable,done
chimneys___roof_termination.md,Chimneys - Roof Termination,calculator-chart,done
chimneys_and_fireplace_sizing.md,Chimneys and Fireplace Sizing,datatable,done
chromium___specific_heat_and_thermal_conductivitie.md,Chromium - Specific Heat and Thermal Conductivities vs. Temperatures,chart-table,done
circle___the_chord_lengths_when_divided_in_to_equa.md,Circle - the Chord Lengths when Divided in to Equal Segments,chart,done
circle_equation.md,Circle Equation,none,pending
circles___circumferences_and_areas.md,Circles - Circumferences and Areas,calculator,done
circles_on_the_outside_of_a_circle.md,Circles on the Outside of a Circle,calculator,done
circles_within_a_rectangle___calculator.md,Circles within a Rectangle - Calculator,calculator,done
classification_of_gases.md,Classification of Gases,calculator,done
clo___clothing_and_thermal_insulation.md,Clo - Clothing and Thermal Insulation,datatable,done
clothing__activity_and_human_metabolism.md,"Clothing, Activity and Human Metabolism",calculator,done
clothing_sizes___us_vs__uk_and_europe.md,Clothing Sizes - US vs. UK and Europe,datatable,done
cm___circular_mil_area.md,CM - Circular Mil Area,chart,done
co2_calculator____emissions_from_trains.md,CO2 Calculator  - Emissions from Trains,datatable,done
co2_calculator___emissions_from_airplanes.md,CO2 Calculator - Emissions from Airplanes,datatable,done
co2_calculator___emissions_from_cars.md,CO2 Calculator - Emissions from Cars,chart,done
coal___classification.md,Coal - Classification,datatable,done
cold_water_dwellings___storage_capacities.md,Cold Water Dwellings - Storage Capacities,calculator,done
cold_water_storage_per_occupant.md,Cold Water Storage per Occupant,calculator,done
colebrook_equation.md,Colebrook Equation,datatable,done
color_mixing_theory.md,Color Mixing Theory,calculator,done
combustion_appliances___exhaust_temperatures.md,Combustion Appliances - Exhaust Temperatures,calculator,done
combustion_efficiency_and_excess_air.md,Combustion Efficiency and Excess Air,datatable,done
combustion_heat.md,Combustion Heat,chart,done
combustion_of_fuels___carbon_dioxide_emission.md,Combustion of Fuels - Carbon Dioxide Emission,calculator,done
combustion_processes_and_combustion_efficiency.md,Combustion Processes and Combustion Efficiency,calculator,done
combustion_testing.md,Combustion Testing,calculator,done
comparing_hydraulic_pumps.md,Comparing Hydraulic Pumps,calculator-table,done
complex_numbers.md,Complex Numbers,none,pending
composition_of_steels.md,Composition of Steels,calculator,done
compound_interest_tables.md,Compound Interest Tables,datatable,done
comprehensive_guide_to_temperature_scales_and_conv.md,Comprehensive Guide to Temperature Scales and Conversion,datatable,done
compressed_air___air_flow_and_recommended_pipe_siz.md,Compressed Air - Air Flow and Recommended Pipe Size,datatable,done
compressed_air___air_flow_discharge_through_hoses.md,Compressed Air - Air Flow Discharge through Hoses,none,pending
compressed_air___friction_loss_in_hoses.md,Compressed Air - Friction Loss in Hoses,calculator-chart,done
compressed_air___glossary_of_terms.md,Compressed Air - Glossary of Terms,calculator,done
compressed_air___laboratory_consumption.md,Compressed Air - Laboratory Consumption,datatable,done
compressed_air___pipe_line_pressure_drop_diagram.md,Compressed Air - Pipe Line Pressure Drop Diagram,datatable,done
compressed_air___pipe_line_pressure_loss___online_.md,Compressed Air - Pipe Line Pressure Loss - Online Calculator with Metric and Imperial Units,datatable,done
compressed_air___pressure_drop_diagrams__metric_un.md,"Compressed Air - Pressure Drop Diagrams, Metric Units",datatable,done
compressed_air___size_of_pipe_vs__capacity.md,Compressed Air - Size of Pipe vs. Capacity,calculator,done
compressed_air___storage_volume.md,Compressed Air - Storage Volume,calculator,done
compressed_air___water_content.md,Compressed Air - Water Content,calculator,done
compressed_air_pipe_line_capacity.md,Compressed Air Pipe Line Capacity,chart,done
compressed_air_pipe_lines___pressure_loss_vs__capa.md,Compressed Air Pipe Lines - Pressure Loss vs. Capacity and Operating Pressure,calculator,done
compressed_air_pipes___fittings_and_pressure_loss.md,Compressed Air Pipes - Fittings and Pressure Loss,calculator,done
compressed_air_piping___pressure_loss_diagrams__im.md,"Compressed Air Piping - Pressure Loss Diagrams, Imperial Units",datatable,done
compressed_air_quality.md,Compressed Air Quality,datatable,done
compressed_air_receivers.md,Compressed Air Receivers,calculator-chart,done
compressed_air_vs__free_air___compression_ratio.md,Compressed Air vs. Free Air - Compression Ratio,none,pending
compressed_water___properties_vs__temperature.md,Compressed Water - Properties vs. Temperature,calculator,done
compressible_gas_flow___entropy.md,Compressible Gas Flow - Entropy,none,pending
compression_and_expansion_of_gases.md,Compression and Expansion of Gases,datatable,done
compression_and_tension_strength_of_some_common_ma.md,Compression and Tension Strength of some common Materials,chart,done
concentration_of_carbon_dioxide_in_the_atmosphere.md,Concentration of Carbon Dioxide in the Atmosphere,calculator-table,done
concentration_units_converter.md,Concentration Units Converter,chart,done
concrete___calculating_cubic_volume.md,Concrete - Calculating Cubic Volume,datatable,done
concrete___water_to_cement_ratios.md,Concrete - Water to Cement Ratios,datatable,done
concrete_columns.md,Concrete Columns,calculator,done
concrete_footing.md,Concrete Footing,datatable,done
concrete_footings___volume.md,Concrete Footings - Volume,calculator,done
concrete_mixtures.md,Concrete Mixtures,datatable,done
concrete_properties.md,Concrete Properties,chart-table,done
concrete_slabs___load_capacities.md,Concrete Slabs - Load Capacities,datatable,done
concrete_slabs___required_thickness.md,Concrete Slabs - Required Thickness,none,pending
concrete_slabs___volume_estimates.md,Concrete Slabs - Volume Estimates,chart,done
concrete_walls___volume.md,Concrete Walls - Volume,datatable,done
condensate_generated_in_cold_steam_pipes___si_unit.md,Condensate Generated in Cold Steam Pipes - SI Units,datatable,done
condensate_generated_in_cold_steam_pipes___sizing_.md,Condensate Generated in Cold Steam Pipes - Sizing of Steam Traps,datatable,done
condensate_pipe_lines___friction_resistance_imperi.md,Condensate Pipe Lines - Friction Resistance Imperial Units,datatable,done
condensate_pipe_lines___sizing.md,Condensate Pipe Lines - Sizing,datatable,done
condensate_pumping.md,Condensate Pumping,datatable,done
conductive_heat_transfer.md,Conductive Heat Transfer,none,pending
conn_rod_mechanism.md,Conn-Rod Mechanism,calculator,done
consanguinity.md,Consanguinity,datatable,done
conservation_of_mass.md,Conservation of Mass,datatable,done
conservation_of_momentum.md,Conservation of Momentum,datatable,done
constants_of__.md,Constants of π,chart,done
constants_of_e.md,Constants of e,chart,done
content_in_horizontal___or_sloped___cylindrical_ta.md,Content in Horizontal - or Sloped - Cylindrical Tanks or Pipes,datatable,done
contract_types.md,Contract Types,chart,done
control_valve_sizing.md,Control Valve Sizing,datatable,done
control_valves___sizing_and_selection.md,Control Valves - Sizing and Selection,datatable,done
control_valves_for_water_flow___kv_sizing___pressu.md,Control Valves for Water Flow – Kv Sizing & Pressure Drop Calculations,calculator,done
conveyors___belt_speed.md,Conveyors - Belt Speed,datatable,done
conveyors___capacities.md,Conveyors - Capacities,calculator,done
conveyors___load___power_consumption.md,Conveyors - Load & Power Consumption,calculator,done
conveyors___maximum_inclination_vs__product.md,Conveyors - Maximum Inclination vs. Product,datatable,done
cooking_units_volume_converter___u_s__and_metric_u.md,Cooking Units Volume Converter - U.S. and Metric Units,calculator,done
cooking_volumes___u_s__unit_converter.md,Cooking Volumes - U.S. Unit Converter,calculator-table,done
cooling_mode___heat_flux.md,Cooling Mode - Heat Flux,datatable,done
cooling_tower_efficiency.md,Cooling Tower Efficiency,datatable,done
cooling_water___pipe_lines.md,Cooling Water - Pipe Lines,none,pending
copper___density__specific_heat_and_thermal_conduc.md,"Copper - Density, Specific Heat and Thermal Conductivity vs. Temperature",calculator,done
copper__zinc_and_tin_alloys.md,"Copper, Zinc and Tin Alloys",datatable,done
copper_alloys___typical_applications.md,Copper Alloys - Typical Applications,datatable,done
copper_and_aluminum_wire___max_amps_vs__gauge.md,Copper and Aluminum Wire - Max Amps vs. Gauge,datatable,done
copper_binary_eutectic_alloys___melting_points.md,Copper Binary Eutectic Alloys - Melting Points,datatable,done
copper_tubes___heat_losses.md,Copper Tubes - Heat Losses,datatable,done
copper_tubes___maximum_water_velocities.md,Copper Tubes - Maximum Water Velocities,calculator-chart,done
copper_tubes___uninsulated_heat_losses.md,Copper Tubes - Uninsulated Heat Losses,calculator-table,done
copper_tubes_type_k__l_and_m___working_pressures_v.md,"Copper Tubes Type K, L and M - Working Pressures vs. Size",datatable,done
copper_wire___electrical_resistance_vs__gauge.md,Copper Wire - Electrical Resistance vs. Gauge,datatable,done
corrosion.md,Corrosion,datatable,done
coulomb_s_law.md,Coulomb's Law,datatable,done
cpvc___chemical_resistance.md,CPVC - Chemical Resistance,calculator,done
critical_points_for_some_substances.md,Critical Points for some Substances,none,pending
critical_temperatures_and_pressures_for_some_commo.md,Critical Temperatures and Pressures for some Common Substances,datatable,done
crude_oil___density_vs__temperature.md,Crude Oil - Density vs. Temperature,calculator,done
crude_oil_metal__ni__v__content_vs__gravity.md,"Crude Oil Metal (Ni, V) Content vs. Gravity",datatable,done
crude_oil_properties___standard_test_methods__astm.md,Crude Oil Properties - Standard test methods (ASTM and others),datatable,done
crude_oil_viscosity_vs__gravity.md,Crude Oil Viscosity vs. Gravity,chart-table,done
cryogenic_fluids_and_liquefied_gas_properties.md,Cryogenic Fluids and Liquefied Gas Properties,chart-table,done
csi_masterformat_specifications.md,CSI MasterFormat Specifications,datatable,done
current_divider___online_calculator.md,Current Divider - Online Calculator,datatable,done
cylindrical_tanks___volumes.md,Cylindrical Tanks - Volumes,datatable,done
dalton_s_law.md,Dalton's Law,datatable,done
darcy_weisbach_equation__flow_resistance___pressur.md,Darcy-Weisbach Equation: Flow Resistance & Pressure Loss Calculator,chart-table,done
data_types.md,Data Types,none,pending
decibel.md,Decibel,none,pending
decibel_a__b_and_c.md,"Decibel A, B and C",calculator,done
decimal_system_prefixes.md,Decimal System Prefixes,calculator-table,done
dehumidification___removing_moisture_from_air.md,Dehumidification - Removing Moisture from Air,calculator,done
dehumidifiers.md,Dehumidifiers,calculator,done
densities.md,Densities,calculator,done
densities_of_aqueous_solutions_of_inorganic_chlori.md,Densities of Aqueous Solutions of Inorganic Chlorides,calculator,done
densities_of_aqueous_solutions_of_inorganic_potass.md,Densities of Aqueous Solutions of Inorganic Potassium Salts,datatable,done
densities_of_aqueous_solutions_of_inorganic_sodium.md,Densities of Aqueous Solutions of Inorganic Sodium Salts,calculator-chart,done
densities_of_aqueous_solutions_of_organic_acids.md,Densities of Aqueous Solutions of Organic Acids,datatable,done
densities_of_common_products.md,Densities of common Products,calculator,done
density__specific_weight__and_specific_gravity___d.md,"Density, Specific Weight, and Specific Gravity – Definitions & Calculator",calculator,done
density_converter.md,Density Converter,calculator-table,done
density_of_aqueous_solutions_of_organic_substances.md,Density of Aqueous Solutions of Organic Substances as Sugars and Alcohols,chart,done
density_of_aqueous_solutions_of_some_inorganic_sub.md,Density of Aqueous Solutions of some Inorganic Substances,none,pending
density_of_gases.md,Density of Gases,chart-table,done
density_of_wood_species__data___material_guide.md,Density of Wood Species: Data & Material Guide,calculator-table,done
design_of_control_and_safety_valves.md,Design of Control and Safety Valves,datatable,done
design_strategies_for_piping_systems.md,Design Strategies for Piping Systems,datatable,done
designation_of_large_numbers.md,Designation of Large Numbers,chart,done
dfa___design_for_assembly_index.md,DFA - Design for Assembly index,calculator-chart,done
dfu___drainage_fixture_units.md,DFU - Drainage Fixture Units,calculator,done
diaphragm_valves___diaphragm_materials.md,Diaphragm Valves - Diaphragm Materials,none,pending
dichlorodifluoromethane___properties.md,Dichlorodifluoromethane - Properties,datatable,done
dichlorodifluoromethane___properties__imperial_uni.md,"Dichlorodifluoromethane - Properties, Imperial Units",datatable,done
dielectric_strength_of_insulating_materials.md,Dielectric Strength of Insulating Materials,chart-table,done
differential_calculus.md,Differential Calculus,datatable,done
dimensionless_numbers.md,Dimensionless Numbers,calculator,done
dimensions_of_pipes_and_tubes.md,Dimensions of Pipes and Tubes,datatable,done
dimethyl_propylmethane_gas___specific_heat_vs__tem.md,Dimethyl Propylmethane Gas - Specific Heat vs. Temperature,datatable,done
din___deutsches_institut_f_r_normung.md,DIN - Deutsches Institut für Normung,datatable,done
dirt_and_mud___densities.md,Dirt and Mud - Densities,datatable,done
discomfort_index.md,Discomfort Index,calculator-table,done
discount_rates.md,Discount Rates,calculator,done
discrete_compounding_cash_flow_formulas.md,Discrete Compounding Cash Flow Formulas,calculator,done
discrete_data_sets_and_their_mean__median_and_mode.md,"Discrete Data Sets and their Mean, Median and Mode Values",calculator,done
disk_brakes___torque_and_force.md,Disk Brakes - Torque and Force,datatable,done
distance_between_3d_points.md,Distance between 3D Points,calculator,done
distance_between_cities.md,Distance between Cities,datatable,done
distance_traveled_vs__speed_and_time___calculator_.md,Distance Traveled vs. Speed and Time - Calculator and Chart,calculator,done
ditch_filling_materials___densities.md,Ditch Filling Materials - Densities,calculator,done
domestic_hot_water_heaters___sizing.md,Domestic Hot Water Heaters - Sizing,none,pending
domestic_hot_water_service_systems___design_proced.md,Domestic Hot Water Service Systems - Design Procedures,datatable,done
domestic_service_water_supply_systems.md,Domestic Service Water Supply Systems,chart,done
domestic_water_supply___lime_deposits.md,Domestic Water Supply - Lime Deposits,datatable,done
download_ansi__american_national_standards_institu.md,"Download ANSI, American National Standards Institute, Standards",none,pending
dowtherm_a.md,Dowtherm A,calculator-table,done
drag_coefficient.md,Drag Coefficient,calculator,done
drain_pipes_and_vent_stacks.md,Drain Pipes and Vent Stacks,datatable,done
drain_waste_and_vent_pipes___hanger_spacing.md,Drain Waste and Vent Pipes - Hanger Spacing,datatable,done
drains_and_sewers___capacities_vs__size.md,Drains and Sewers - Capacities vs. Size,calculator-table,done
drawbridge___force_and_moment_vs__elevation.md,Drawbridge - Force and Moment vs. Elevation,datatable,done
drawing_scales.md,Drawing Scales,datatable,done
drawings___sheet_layouts.md,Drawings - Sheet Layouts,datatable,done
drawings___standard_metric_sizes.md,Drawings - Standard Metric Sizes,calculator,done
driving_distances_between_european_cities.md,Driving Distances between European Cities,calculator-table,done
dry_air_and_water_vapor___density_and_specific_vol.md,Dry Air and Water Vapor - Density and Specific Volume vs. Temperature - Imperial Units,calculator-table,done
dry_air_thermodynamic_and_physical_properties___de.md,"Dry Air Thermodynamic and Physical Properties – Density, Specific Heat, Viscosity",chart-table,done
dry_bulb__wet_bulb_and_dew_point_temperatures.md,"Dry Bulb, Wet Bulb and Dew Point Temperatures",datatable,done
drying_temperatures_and_times_for_various_products.md,Drying Temperatures and Times for Various Products,datatable,done
duct_wrap_insulation___thermal_resistance.md,Duct Wrap Insulation - Thermal Resistance,datatable,done
ducts_or_pipes_through_steel_joists___maximum_size.md,Ducts or Pipes through Steel Joists - Maximum Sizes,datatable,done
dust_explosions___substances__critical_temperature.md,"Dust Explosions - Substances, Critical Temperatures and Concentrations",calculator,done
dynamic__absolute__and_kinematic_viscosity___defin.md,"Dynamic, Absolute, and Kinematic Viscosity – Definitions & Conversions",calculator,done
dynamic__absolute__viscosity___converting_chart.md,Dynamic (Absolute) Viscosity - Converting Chart,calculator-table,done
dynamic_pressure.md,Dynamic Pressure,calculator-table,done
earth_pressure_acting_on_basement_walls.md,Earth Pressure Acting on Basement Walls,chart-table,done
earthquake_scales.md,Earthquake Scales,datatable,done
effective_interest_rate_vs__nominal_interest_rate.md,Effective Interest Rate vs. Nominal Interest Rate,calculator,done
effectiveness_of_biocides.md,Effectiveness of Biocides,datatable,done
efficiency.md,Efficiency,datatable,done
efficiency_in_pumps_or_fans.md,Efficiency in Pumps or Fans,calculator-table,done
efficiency_of_small_machine_elements.md,Efficiency of Small Machine Elements,datatable,done
elastomers.md,Elastomers,datatable,done
elastomers_properties.md,Elastomers Properties,datatable,done
electric_cable_size_vs__current_rating.md,Electric Cable Size vs. Current Rating,datatable,done
electric_circuit_diagram___drawing_template.md,Electric Circuit Diagram - Drawing Template,datatable,done
electric_circuits_voltage_drop.md,Electric Circuits Voltage Drop,calculator-table,done
electric_heating_of_mass.md,Electric Heating of Mass,calculator,done
electric_motors___230___460v_three_phase_circuits_.md,Electric Motors - 230 & 460V Three Phase Circuits Wiring,datatable,done
electric_motors___480_volt_wiring.md,Electric Motors - 480 Volt Wiring,datatable,done
electric_motors___efficiency.md,Electric Motors - Efficiency,chart-table,done
electric_motors___iec_and_nema_standard_torques.md,Electric Motors - IEC and NEMA Standard Torques,chart,done
electric_motors___torque_vs__power_and_speed.md,Electric Motors - Torque vs. Power and Speed,datatable,done
electric_shocks.md,Electric Shocks,calculator-table,done
electric_wire___calculating_cross_section_areas.md,Electric Wire - Calculating Cross-Section Areas,calculator,done
electric_wire___maximum_length_with_240_volts_sing.md,Electric Wire - Maximum Length with 240 Volts Single-Phase Power,calculator,done
electric_wire___resistance.md,Electric Wire - Resistance,calculator,done
electrical_conductivity___elements_and_other_mater.md,Electrical Conductivity - Elements and other Materials,datatable,done
electrical_dc_motors___full_load_currents.md,Electrical DC Motors - Full-load Currents,calculator,done
electrical_distribution_systems.md,Electrical Distribution Systems,datatable,done
electrical_enclosure_types_by_nema.md,Electrical Enclosure Types by NEMA,datatable,done
electrical_equipment___power_consumption.md,Electrical Equipment - Power Consumption,calculator,done
electrical_formulas.md,Electrical Formulas,datatable,done
electrical_inductance___serial_and_parallel_connec.md,Electrical Inductance - Serial and Parallel Connections,chart,done
electrical_induction_motors____slip.md,Electrical Induction Motors -  Slip,calculator-chart,done
electrical_induction_motors___synchronous_speed.md,Electrical Induction Motors - Synchronous Speed,datatable,done
electrical_induction_motors___torque_vs__speed.md,Electrical Induction Motors - Torque vs. Speed,datatable,done
electrical_metal_tubing__emt____conduits.md,Electrical Metal Tubing (EMT) - Conduits,datatable,done
electrical_motor_calculator__power__efficiency___t.md,"Electrical Motor Calculator: Power, Efficiency & Torque Calculations",calculator,done
electrical_motors___frame_dimensions.md,Electrical Motors - Frame Dimensions,datatable,done
electrical_motors___full_load_amps.md,Electrical Motors - Full Load Amps,datatable,done
electrical_motors___heat_loss.md,Electrical Motors - Heat Loss,datatable,done
electrical_motors___horsepower_vs__voltage_and_amp.md,Electrical Motors - Horsepower vs. Voltage and Amps,calculator,done
electrical_motors___insulation_classes.md,Electrical Motors - Insulation Classes,datatable,done
electrical_motors___locked_rotor_design_code_lette.md,Electrical Motors - Locked Rotor Design Code Letters,datatable,done
electrical_motors___maximum_cable_size_and_length_.md,Electrical Motors - Maximum Cable Size and Length vs. Power,datatable,done
electrical_motors___nema_frame_assignments.md,Electrical Motors - NEMA Frame Assignments,datatable,done
electrical_motors___service_factors.md,Electrical Motors - Service Factors,calculator,done
electrical_motors___shaft_power_vs__voltage_and_cu.md,Electrical Motors - Shaft Power vs. Voltage and Current,calculator-chart,done
electrical_motors___single_phase_230_v_circuit_wir.md,Electrical Motors - Single Phase 230 V Circuit Wiring,calculator,done
electrical_motors___speed_at_operating_vs__synchro.md,Electrical Motors - Speed at Operating vs. Synchronous Load,calculator,done
electrical_motors___speed_vs__no__of_poles_and_fre.md,Electrical Motors - Speed vs. No. of Poles and Frequency,datatable,done
electrical_motors___starting_devices.md,Electrical Motors - Starting Devices,none,pending
electrical_motors_efficiency_ratings.md,Electrical Motors Efficiency Ratings,calculator,done
electrical_parallel_circuits.md,Electrical Parallel Circuits,none,pending
electrical_resistance_in_serial_and_parallel_netwo.md,Electrical Resistance in Serial and Parallel Networks,calculator,done
electrical_resistance_vs__conductance.md,Electrical Resistance vs. Conductance,datatable,done
electrical_series_circuits.md,Electrical Series Circuits,chart-table,done
electrical_units.md,Electrical Units,datatable,done
electrical_vehicle_charging___power_vs__voltage_an.md,Electrical Vehicle Charging - Power vs. Voltage and Amps,calculator,done
electrical_voltage_and_frequency_standards_by_coun.md,Electrical Voltage and Frequency Standards by Country,datatable,done
electromagnetic_spectrum.md,Electromagnetic Spectrum,datatable,done
electromotive_force___e_m_f.md,Electromotive Force - e.m.f,calculator,done
electrotechnical_abbreviations.md,Electrotechnical Abbreviations,none,pending
elementary_curves.md,Elementary Curves,calculator,done
elementary_surfaces.md,Elementary Surfaces,none,pending
elements___boiling_points.md,Elements - Boiling Points,calculator,done
elements___melting_points.md,Elements - Melting Points,calculator,done
elements_of_the_periodic_system.md,Elements of the Periodic System,calculator-chart-table,done
elevators___force_and_power.md,Elevators - Force and Power,calculator-chart,done
emissions_from_biomass_combustion.md,Emissions from Biomass Combustion,datatable,done
emissions_from_the_human_body.md,Emissions from the Human Body,chart-table,done
emissivity_coefficients_of_common_materials__data_.md,Emissivity Coefficients of Common Materials: Data & Reference Guide,datatable,done
empirical_equations.md,Empirical Equations,calculator-chart,done
en_10255___non_alloy_steel_tubes_for_welding_and_t.md,EN 10255 - Non-alloy Steel Tubes for Welding and Threading - Dimensions,calculator,done
en_1057_copper_tubes_for_water_and_gas_in_sanitary.md,EN 1057 Copper Tubes for Water and Gas in Sanitary and Heating Applications - Dimensions,calculator,done
en_12735_seamless__round_copper_tubes_for_air_cond.md,"EN 12735 Seamless, Round Copper Tubes for Air Conditioning and Refrigeration - Dimensions",datatable,done
en_13348_seamless__round_copper_tubes_for_medical_.md,"EN 13348 Seamless, Round Copper Tubes for Medical Gases or Vacuum - Dimensions",calculator-chart,done
energy.md,Energy,datatable,done
energy_accumulated_in_heated_water___kwh.md,Energy Accumulated in Heated Water - kWh,calculator,done
energy_and_hydraulic_grade_line.md,Energy and Hydraulic Grade Line,calculator-chart,done
energy_balance_and_energy_ratio.md,Energy Balance and Energy Ratio,calculator-chart,done
energy_content_in_common_energy_sources.md,Energy Content in common Energy Sources,datatable,done
energy_conversion_factors.md,Energy Conversion Factors,chart,done
energy_equation___pressure_loss_vs__head_loss.md,Energy Equation - Pressure Loss vs. Head Loss,chart-table,done
energy_storage_density.md,Energy Storage Density,none,pending
energy_transfer_equation.md,Energy Transfer Equation,calculator,done
engine___gear_oil___recommended_viscosity_vs__outs.md,Engine & Gear Oil - Recommended Viscosity vs. Outside Temperature,calculator-chart,done
engine_oil___density_and_specific_heat_vs__tempera.md,Engine Oil - Density and Specific Heat vs. Temperatures,calculator-chart,done
engineering_materials___properties.md,Engineering Materials - Properties,calculator-chart,done
environmental_noise_directive___eu.md,Environmental Noise Directive - EU,calculator,done
epoxy___chemical_resistance.md,Epoxy - Chemical Resistance,chart,done
epoxy_pipes___support_spacing.md,Epoxy Pipes - Support Spacing,datatable,done
equal_areas___circles_vs__squares.md,Equal Areas - Circles vs. Squares,calculator,done
equations_in_fluid_mechanics.md,Equations in Fluid Mechanics,datatable,done
equilibrant_force.md,Equilibrant Force,datatable,done
equilibrium.md,Equilibrium,calculator-table,done
equivalent_length_vs__minor_pressure_head_loss_in_.md,Equivalent Length vs. Minor Pressure Head Loss in Pipe and Duct Components,calculator-table,done
ethane____density_and_specific_weight_vs__temperat.md,Ethane -  Density and Specific Weight vs. Temperature and Pressure,datatable,done
ethane____thermal_conductivity_vs__temperature_and.md,Ethane -  Thermal Conductivity vs. Temperature and Pressure,calculator,done
ethane___dynamic_and_kinematic_viscosity.md,Ethane - Dynamic and Kinematic Viscosity,datatable,done
ethane___thermophysical_properties.md,Ethane - Thermophysical Properties,chart-table,done
ethane_gas___specific_heat_vs__temperature.md,Ethane Gas - Specific Heat vs. Temperature,none,pending
ethane_liquid___thermal_properties.md,Ethane Liquid - Thermal Properties,calculator-table,done
ethanol____dynamic_and_kinematic_viscosity_vs__tem.md,Ethanol -  Dynamic and Kinematic Viscosity vs. Temperature and Pressure,chart,done
ethanol___density_and_specific_weight_vs__temperat.md,Ethanol - Density and Specific Weight vs. Temperature and Pressure,datatable,done
ethanol___specific_heat_vs__temperature_and_pressu.md,Ethanol - Specific Heat vs. Temperature and Pressure,datatable,done
ethanol___thermophysical_properties.md,Ethanol - Thermophysical properties,calculator,done
ethanol_freeze_protected_water_solutions.md,Ethanol Freeze Protected Water Solutions,calculator-chart,done
ethanol_water_mixtures___densities_vs__temperature.md,Ethanol Water Mixtures - Densities vs. Temperature,datatable,done
ethylene___density_and_specific_weight_vs__tempera.md,Ethylene - Density and Specific Weight vs. Temperature and Pressure,datatable,done
ethylene___dynamic_and_kinematic_viscosity_vs__tem.md,Ethylene - Dynamic and Kinematic Viscosity vs. Temperature and Pressure,datatable,done
ethylene___thermal_conductivity_vs__temperature_an.md,Ethylene - Thermal Conductivity vs. Temperature and Pressure,datatable,done
ethylene___thermophysical_properties.md,Ethylene - Thermophysical Properties,datatable,done
ethylene_gas___specific_heat_vs__temperature.md,Ethylene Gas - Specific Heat vs. Temperature,calculator-chart,done
ethylene_glycol_heat_transfer_fluid_properties__de.md,"Ethylene Glycol Heat-Transfer Fluid Properties: Density, Data & Charts",datatable,done
etsi_european_telecommunications_standards_institu.md,ETSI European Telecommunications Standards Institute,datatable,done
euler_number.md,Euler Number,chart-table,done
ev___electric_vehicles_energy_consumption____miles.md,EV - Electric Vehicles Energy Consumption -  miles/kWh vs. kWh/100 km,calculator-chart,done
ev___electric_vehicles_range_vs__state_of_charge__.md,EV - Electric Vehicles Range vs. State of Charge (SOC) Calculator,calculator,done
ev___electrical_vehicles_charging_speed__km_h_and_.md,EV - Electrical Vehicles Charging Speed (km/h and mph),calculator,done
evaporation_from_a_water_surface.md,Evaporation from a Water Surface,calculator,done
evaporative_cooling.md,Evaporative Cooling,chart,done
excavation_slopes.md,Excavation Slopes,calculator,done
exponents___powers_and_roots.md,Exponents - Powers and Roots,calculator,done
extension_cords___load_rating_vs__wire_gauge_and_l.md,Extension Cords - Load Rating vs. Wire Gauge and Length,calculator-table,done
factorials.md,Factorials,none,pending
factors_of_safety___fos.md,Factors of Safety - FOS,calculator,done
fans___noise_power_generation.md,Fans - Noise Power Generation,calculator,done
farm_livestock___animals_and_water_consumption.md,Farm Livestock - Animals and Water Consumption,chart-table,done
fasteners.md,Fasteners,datatable,done
fasteners___type_chart.md,Fasteners - Type Chart,calculator,done
feed_pumps_in_steam_systems___suction_lift_head_vs.md,Feed Pumps in Steam Systems - Suction Lift Head vs. Temperature,chart-table,done
feed_water_treatment_to_avoid_corrosion.md,Feed Water Treatment to Avoid Corrosion,datatable,done
feet_vs__inches_converting_chart.md,Feet vs. Inches Converting Chart,datatable,done
fiberglass_insulation.md,Fiberglass Insulation,datatable,done
fibre_reinforced_polymer_composites.md,Fibre-reinforced Polymer Composites,datatable,done
fire_stop_ratings.md,Fire-Stop Ratings,datatable,done
fire_wood___the_cord.md,Fire Wood - the Cord,datatable,done
firefighting_water___required_volume_flow.md,Firefighting Water - Required Volume Flow,datatable,done
fixture_water_consumption_and_required_water_suppl.md,Fixture Water Consumption and Required Water Supply,datatable,done
fixtures___hot_water_content.md,Fixtures - Hot Water Content,datatable,done
fixtures_hot_water_consumption.md,Fixtures Hot Water Consumption,calculator,done
fixtures_trap_sizes.md,Fixtures Trap Sizes,calculator,done
flash_points___liquids.md,Flash Points - Liquids,calculator,done
flash_steam.md,Flash Steam,calculator-chart,done
flash_steam_generation___imperial_units__psig_.md,Flash Steam Generation - Imperial Units (psig),calculator,done
flash_steam_generation___si_units.md,Flash Steam Generation - SI-units,calculator,done
float_glass___weight_vs__thickness.md,Float Glass - Weight vs. Thickness,calculator-table,done
floor_vibrations.md,Floor Vibrations,datatable,done
flow_coefficient_cv_vs__flow_factor_kv.md,Flow Coefficient Cv vs. Flow Factor Kv,calculator-table,done
flow_section_channels___geometric_relationships.md,Flow Section Channels - Geometric Relationships,calculator,done
flowmeters___turndown_ratios.md,Flowmeters - Turndown Ratios,datatable,done
flue_gases___dew_point_temperatures.md,Flue Gases - Dew Point Temperatures,calculator,done
fluid_flow___entrance_length_and_developed_flow.md,Fluid Flow - Entrance Length and Developed Flow,calculator,done
fluid_flow___equation_of_continuity.md,Fluid Flow - Equation of Continuity,datatable,done
fluid_flow___equivalent_diameter.md,Fluid Flow - Equivalent Diameter,datatable,done
fluid_flow___euler_equations.md,Fluid Flow - Euler Equations,calculator-chart,done
fluid_flow___hydraulic_diameter.md,Fluid Flow - Hydraulic Diameter,calculator-table,done
fluid_flow_and_pressure_loss_in_pipes_and_tubes.md,Fluid Flow and Pressure Loss in Pipes and Tubes,calculator,done
fluid_flowmeters___comparing_types.md,Fluid Flowmeters - Comparing Types,datatable,done
fluid_mechanics___imperial_and_si_units_vs__dimens.md,Fluid Mechanics - Imperial and SI Units vs. Dimensions,datatable,done
flywheels___kinetic_energy.md,Flywheels - Kinetic Energy,datatable,done
food___calorific_combustion_values.md,Food - Calorific Combustion Values,none,pending
food___energy_content.md,Food - Energy Content,datatable,done
food_and_foodstuff___ph_values.md,Food and Foodstuff - pH Values,datatable,done
food_and_foodstuff___specific_heat.md,Food and Foodstuff - Specific Heat,datatable,done
food_borne_infections_and_diseases.md,Food-borne Infections and Diseases,chart,done
food_products___bulk_densities.md,Food Products - Bulk Densities,datatable,done
food_products___osmotic_pressures.md,Food Products - Osmotic Pressures,datatable,done
food_products___viscosities.md,Food Products - Viscosities,datatable,done
foods___thermal_conductivities.md,Foods - Thermal Conductivities,datatable,done
foodstuff___thermal_diffusivity.md,Foodstuff - Thermal Diffusivity,datatable,done
force.md,Force,datatable,done
force__power_and_human_operated_machines.md,"Force, Power and Human Operated Machines",datatable,done
force_ratio.md,Force Ratio,datatable,done
forces_acting_on_a_wedge.md,Forces Acting on a Wedge,calculator,done
forces_acting_on_body_moving_on_a_horizontal_plane.md,Forces acting on Body Moving on a Horizontal Plane,chart-table,done
forces_and_tensions_in_ropes_due_to_angle.md,Forces and Tensions in Ropes due to Angle,datatable,done
formulas_of_motion___linear_and_circular.md,Formulas of Motion - Linear and Circular,none,pending
fossil_vs__alternative_fuels___energy_content.md,Fossil vs. Alternative Fuels - Energy Content,calculator-table,done
fraction_to_decimal_inches_conversion__chart___cal.md,Fraction to Decimal Inches Conversion: Chart & Calculator,datatable,done
fractions.md,Fractions,datatable,done
friction___coefficients_for_common_materials_and_s.md,Friction - Coefficients for Common Materials and Surfaces,none,pending
friction_flow_coeficients_from_moody_diagram.md,Friction Flow Coeficients from Moody Diagram,datatable,done
froude_number.md,Froude Number,none,pending
frozen_food___storage_life.md,Frozen Food - Storage Life,datatable,done
fruits_and_vegetables___optimal_storage_conditions.md,Fruits and Vegetables - Optimal Storage Conditions,datatable,done
fuel_consumption___mpg.md,Fuel Consumption - mpg,datatable,done
fuel_consumption_converter.md,Fuel Consumption Converter,datatable,done
fuel_equivalents___online_calculator.md,Fuel Equivalents - Online Calculator,datatable,done
fuel_gases___combustion_values.md,Fuel Gases - Combustion Values,calculator-table,done
fuel_gases___flame_temperatures.md,Fuel Gases - Flame Temperatures,datatable,done
fuel_gases___wobbe_index.md,Fuel Gases - Wobbe Index,datatable,done
fuel_oil_burners.md,Fuel Oil Burners,datatable,done
fuel_oil_combustion_values.md,Fuel Oil Combustion Values,datatable,done
fuel_oil_pumps___suction_capacities.md,Fuel Oil Pumps - Suction Capacities,datatable,done
fuel_oil_storage_tanks.md,Fuel Oil Storage Tanks,chart-table,done
fuel_oils___densities_vs__temperature.md,Fuel Oils - Densities vs. Temperature,calculator,done
fuels___boiling_points.md,Fuels - Boiling Points,calculator,done
fuels___combustion_air_and_flue_gases.md,Fuels - Combustion Air and Flue Gases,calculator,done
fuels___densities_and_specific_volumes.md,Fuels - Densities and Specific Volumes,datatable,done
fuels___properties_database.md,Fuels - Properties Database,calculator,done
fuels_and_chemicals___autoignition_temperatures.md,Fuels and Chemicals - Autoignition Temperatures,datatable,done
fuels_flue_gases___average_dew_points.md,Fuels Flue Gases - Average Dew Points,chart,done
fujita_pearson_tornado_intensity_scale.md,Fujita-Pearson Tornado Intensity Scale,calculator,done
fusion_and_evaporation_heat_of_common_materials.md,Fusion and Evaporation Heat of common Materials,datatable,done
gallons_vs__pounds_of_water_converter.md,Gallons vs. Pounds of Water Converter,chart-table,done
galvanic_corrosion_vs__electrode_potential.md,Galvanic Corrosion vs. Electrode Potential,datatable,done
gas_cookers___marks_vs__temperature.md,Gas Cookers - Marks vs. Temperature,calculator,done
gas_data.md,Gas Data,calculator,done
gas_mixtures___properties.md,Gas Mixtures - Properties,datatable,done
gas_pipes___approved_materials.md,Gas Pipes - Approved Materials,calculator,done
gas_pipes___low_pressure_sizing.md,Gas Pipes - Low Pressure Sizing,datatable,done
gas_vent_termination___clearance_vs__roof_slope.md,Gas Vent Termination - Clearance vs. Roof Slope,chart-table,done
gaseous_fuels___chemical_composition.md,Gaseous Fuels - Chemical Composition,datatable,done
gases___control_valve_calculator.md,Gases - Control Valve Calculator,datatable,done
gases___dangerous_concentration_levels.md,Gases - Dangerous Concentration Levels,datatable,done
gases___dynamic_viscosities.md,Gases - Dynamic Viscosities,datatable,done
gases___explosion_and_flammability_concentration_l.md,Gases - Explosion and Flammability Concentration Limits,calculator,done
gases___gross_and_net_heat_values.md,Gases - Gross and Net Heat Values,datatable,done
gases___molar_specific_heats.md,Gases - Molar Specific Heats,datatable,done
gases___ratios_of_specific_heat.md,Gases - Ratios of Specific Heat,datatable,done
gases___specific_gravities.md,Gases - Specific Gravities,datatable,done
gases___specific_heat_and_individual_gas_constants.md,Gases - Specific Heat and Individual Gas Constants,calculator,done
gases___speed_of_sound.md,Gases - Speed of Sound,none,pending
gases_solved_in_water___diffusion_coefficients.md,Gases Solved in Water - Diffusion Coefficients,none,pending
gasket_characteristics.md,Gasket Characteristics,none,pending
gasoline___density__specific_heat__viscosity_and_t.md,"Gasoline - Density, Specific Heat, Viscosity and Thermal Conductivity vs. Temperature",datatable,done
gear_reducing_formulas.md,Gear Reducing Formulas,calculator,done
gear_trains___bicycle_gearing_calculator.md,Gear Trains - Bicycle Gearing Calculator,calculator,done
gears.md,Gears,datatable,done
geological_time.md,Geological Time,calculator-table,done
geometric_shapes___areas.md,Geometric Shapes - Areas,chart-table,done
glazing_materials___optical_properties.md,Glazing Materials - Optical Properties,none,pending
global_temperature_trend.md,Global Temperature Trend,none,pending
globe_temperature.md,Globe Temperature,calculator,done
glue_laminated_timber___dimensions.md,Glue-Laminated Timber - Dimensions,datatable,done
glycerine___boiling_and_freezing_points.md,Glycerine - Boiling and Freezing Points,calculator,done
gold_binary_eutectic_alloys___melting_points.md,Gold Binary Eutectic Alloys - Melting Points,calculator,done
golden_section.md,Golden Section,calculator,done
gravel___cover_area.md,Gravel - Cover Area,datatable,done
grease___temperature_limits.md,Grease - Temperature Limits,datatable,done
great_sensible_heat_factor___gshf.md,Great Sensible Heat Factor - GSHF,calculator-chart,done
greek_alphabet.md,Greek Alphabet,datatable,done
grit_size_vs__surface_roughness.md,Grit Size vs. Surface Roughness,calculator,done
gross_combustion_values_for_some_common_materials.md,Gross Combustion Values for some common Materials,calculator,done
hardwood_and_softwood_species.md,Hardwood and Softwood Species,datatable,done
hardwood_and_softwoods___recommended_drill_bit_spe.md,Hardwood and Softwoods - Recommended Drill Bit Speeds,calculator,done
hardwood_lumber___dimensions.md,Hardwood Lumber - Dimensions,datatable,done
harmonic_oscillator.md,Harmonic Oscillator,datatable,done
hazard_vs__flash_points.md,Hazard vs. Flash Points,datatable,done
hazardous_areas___european_classification_standard.md,Hazardous Areas - European Classification Standard,calculator-chart,done
hazardous_areas___north_america_classification.md,Hazardous Areas - North America Classification,calculator,done
hazen_williams_friction_loss_coefficients__data___.md,Hazen-Williams Friction Loss Coefficients: Data & Reference Guide,datatable,done
hazen_williams_water_flow_formula__head_loss__data.md,"Hazen-Williams Water Flow Formula: Head Loss, Data, Charts & Calculator",calculator,done
he_a_steel_beams.md,HE-A Steel Beams,datatable,done
he_b_steel_beams.md,HE-B Steel Beams,calculator-chart,done
he_m_steel_beams.md,HE-M Steel Beams,calculator,done
health_and_relative_humidity_of_air.md,Health and Relative Humidity of Air,datatable,done
heat__work_and_energy.md,"Heat, Work and Energy",calculator,done
heat_capacity.md,Heat Capacity,datatable,done
heat_discomfort_zones.md,Heat Discomfort Zones,datatable,done
heat_index.md,Heat Index,datatable,done
heat_index_vs__humidity.md,Heat Index vs. Humidity,calculator-table,done
heat_loss_and_insulation.md,Heat Loss and Insulation,datatable,done
heat_recovery_efficiency.md,Heat Recovery Efficiency,datatable,done
heat_traced_pipes___wrapping_factor.md,Heat Traced Pipes - Wrapping Factor,calculator-chart,done
heat_transfer_coefficients_in_heat_exchanger_surfa.md,Heat Transfer Coefficients in Heat Exchanger Surface Combinations,datatable,done
heating_fuels___cost_comparing.md,Heating Fuels - Cost Comparing,datatable,done
heating_systems.md,Heating Systems,datatable,done
heating_systems___steam_and_condensate_loads.md,Heating Systems - Steam and Condensate Loads,chart,done
heating_values_of_fuel_gases.md,Heating Values of Fuel Gases,chart-table,done
heavy_water___thermophysical_properties.md,Heavy Water - Thermophysical Properties,calculator,done
helium___density_and_specific_weight_vs__temperatu.md,Helium - Density and Specific Weight vs. Temperature and Pressure,calculator,done
helium___thermophysical_properties.md,Helium - Thermophysical Properties,calculator-table,done
hexagons_and_squares___diagonal_lengths.md,Hexagons and Squares - Diagonal Lengths,datatable,done
high_and_low_heat_values.md,High and Low Heat Values,datatable,done
higher_calorific_values_of_common_fuels__reference.md,Higher Calorific Values of Common Fuels: Reference & Data,none,pending
hooke_s_law.md,Hooke's Law,datatable,done
horizontal_drainage_pipe___required_slopes.md,Horizontal Drainage Pipe - Required Slopes,calculator-table,done
horizontal_pipe_hanger_supports___spacing_and_rod_.md,Horizontal Pipe Hanger Supports - Spacing and Rod Size,calculator,done
horizontal_storm_drain_piping.md,Horizontal Storm Drain Piping,calculator,done
horsepower_required__to_pump_water.md,Horsepower Required  to Pump Water,calculator-chart,done
horsepower_required_to_compress_air.md,Horsepower required to Compress Air,calculator,done
hoses___water_volume_discharge_flow_vs__pressure.md,Hoses - Water Volume Discharge Flow vs. Pressure,calculator,done
hot_air_balloon_lifting_force_calculator.md,Hot Air Balloon Lifting Force Calculator,calculator,done
hot_and_cold_water_pipes_sizing.md,Hot and Cold Water Pipes Sizing,calculator,done
hot_water_boiler___circulation_rates.md,Hot Water Boiler - Circulation Rates,calculator,done
hot_water_circulation_system___return_pipes.md,Hot Water Circulation System - Return Pipes,datatable,done
hot_water_consumption_vs__occupants.md,Hot Water Consumption vs. Occupants,datatable,done
hot_water_heating_systems___pressure_loss_in_steel.md,Hot Water Heating Systems - Pressure Loss in Steel Pipes,calculator,done
hot_water_storage_tanks___capacities_vs__dimension.md,Hot Water Storage Tanks - Capacities vs. Dimensions,chart,done
hot_water_supply___flow_rates_to_fixtures.md,Hot Water Supply - Flow Rates to Fixtures,chart-table,done
house_gas_pipes___capacities_vs__dimensions.md,House Gas Pipes - Capacities vs. Dimensions,chart-table,done
how_to_calculate_the_density_of_slurries__formula_.md,How to Calculate the Density of Slurries: Formula and Examples,calculator,done
html_color_codes.md,HTML Color Codes,chart-table,done
human_body___specific_heat.md,Human Body - Specific Heat,datatable,done
human_body_composition.md,Human Body Composition,datatable,done
human_effects_when_exposed_to_low_frequency_noise_.md,Human Effects when Exposed to Low-Frequency Noise or Vibration,calculator-chart,done
human_effort_levels___energy_and_heart_rates.md,Human Effort Levels - Energy and Heart Rates,calculator,done
human_heat_gain.md,Human Heat Gain,calculator-chart,done
human_life_expectancy.md,Human Life Expectancy,calculator-chart,done
human_need_of_air.md,Human Need of Air,datatable,done
humans___required_rest_time.md,Humans - Required Rest Time,datatable,done
humid_air___heating.md,Humid Air - Heating,chart-table,done
humid_air_and_the_ideal_gas_law.md,Humid Air and the Ideal Gas Law,calculator-chart,done
hurricane_intensity_scale.md,Hurricane Intensity Scale,calculator,done
hvac_abbreviations.md,HVAC Abbreviations,datatable,done
hvac_diagram___online_drawing_tool.md,HVAC Diagram - Online Drawing Tool,datatable,done
hvac_terms.md,HVAC Terms,calculator,done
hydraulic_cylinder_area_vs__diameter.md,Hydraulic Cylinder Area vs. Diameter,calculator,done
hydraulic_cylinders___volume_displacement.md,Hydraulic Cylinders - Volume Displacement,calculator,done
hydraulic_force_and_pascal_s_law.md,Hydraulic Force and Pascal's Law,datatable,done
hydraulic_force_vs__pressure_and_cylinder_size.md,Hydraulic Force vs. Pressure and Cylinder Size,calculator-table,done
hydraulic_oil_pump___horsepower_vs__pressure_and_v.md,Hydraulic Oil Pump - Horsepower vs. Pressure and Volume Flow,calculator-table,done
hydraulic_pump_motor_sizing.md,Hydraulic Pump Motor Sizing,calculator,done
hydraulic_pump_volume_capacity.md,Hydraulic Pump Volume Capacity,calculator,done
hydrocarbon_mixtures___average_boiling_points_vs__.md,Hydrocarbon Mixtures - Average Boiling Points vs. Gravity and Molecular Weights,datatable,done
hydrocarbon_mixtures___molecular_weight_vs__gravit.md,Hydrocarbon Mixtures - Molecular Weight vs. Gravity and Average Boiling Point,chart-table,done
hydrocarbons____physical_data.md,Hydrocarbons  - Physical Data,datatable,done
hydrocarbons___autoignition_temperatures_and_flash.md,Hydrocarbons - Autoignition Temperatures and Flash Points,calculator-table,done
hydrocarbons___melting_point_vs__molecular_weight.md,Hydrocarbons - Melting Point vs. Molecular Weight,calculator,done
hydrocarbons___vapor_pressures.md,Hydrocarbons - Vapor Pressures,datatable,done
hydrocarbons__alcohols_and_acids___boiling_points.md,"Hydrocarbons, Alcohols and Acids - Boiling points",calculator,done
hydrocarbons__linear_alcohols_and_acids___densitie.md,"Hydrocarbons, Linear Alcohols and Acids - Densities",datatable,done
hydrogen___density_and_specific_weight_vs__tempera.md,Hydrogen - Density and Specific Weight vs. Temperature and Pressure,calculator-chart,done
hydrogen___specific_heat.md,Hydrogen - Specific Heat,datatable,done
hydrogen___thermophysical_properties.md,Hydrogen - Thermophysical Properties,datatable,done
hydrogen_sulfide___thermophysical_properties.md,Hydrogen sulfide - Thermophysical Properties,datatable,done
hydropower.md,Hydropower,none,pending
hydrostatic_force_acting_on_submerged_surface.md,Hydrostatic Force acting on Submerged Surface,datatable,done
hydrostatic_pressure_vs__depth.md,Hydrostatic Pressure vs. Depth,calculator,done
hyperbolic_functions.md,Hyperbolic Functions,datatable,done
ice___properties.md,Ice - Properties,datatable,done
ice___safe_load_vs__thickness.md,Ice - Safe Load vs. Thickness,calculator,done
ice___thermal_properties.md,Ice - Thermal Properties,calculator-table,done
ice_and_water___melting_points_vs__pressure.md,Ice and Water - Melting Points vs. Pressure,datatable,done
ice_loaded_pipelines.md,Ice Loaded Pipelines,chart,done
iec_electric_motor_duty_cycles.md,IEC Electric Motor Duty Cycles,calculator,done
illuminance___recommended_light_levels.md,Illuminance - Recommended Light Levels,chart-table,done
impact_force.md,Impact Force,datatable,done
improvised_torque_wrench.md,Improvised Torque Wrench,datatable,done
impulse_and_impulse_force.md,Impulse and Impulse Force,calculator-table,done
inches__fractional_to_decimal_equivalents_conversi.md,Inches: Fractional to Decimal Equivalents Conversion Chart,datatable,done
inches_to_millimeters_conversion_calculator.md,Inches to Millimeters Conversion Calculator,datatable,done
inches_vs__feet__yards_and_meters___conversion_cha.md,"Inches vs. Feet, Yards and Meters - Conversion Chart",chart-table,done
income_tax.md,Income Tax,datatable,done
incompressible_flow_calculator.md,Incompressible Flow Calculator,datatable,done
individual___universal_gas_constants__definitions_.md,"Individual & Universal Gas Constants: Definitions, Values, and Applications",calculator,done
indoor_comfort_temperatures_vs__outdoor_temperatur.md,Indoor Comfort Temperatures vs. Outdoor Temperatures,none,pending
indoor_relative_humidity_vs__outdoor_relative_humi.md,Indoor Relative Humidity vs. Outdoor Relative Humidity and Temperature,datatable,done
indoor_temperature_and_humidity_loads.md,Indoor Temperature and Humidity Loads,none,pending
inductance.md,Inductance,datatable,done
induction_motors___no__of_poles_and_synchronous_vs.md,Induction Motors - No. of Poles and Synchronous vs. Full Load Speed,none,pending
inductors___stored_energy.md,Inductors - Stored Energy,chart-table,done
industrial_lubricants___viscosities_vs__iso_vg_gra.md,Industrial Lubricants - Viscosities vs. ISO-VG Grade,calculator-chart,done
inflation_rate.md,Inflation Rate,calculator,done
inorganic_acids_and_bases___pka_values.md,Inorganic Acids and Bases - pKa Values,datatable,done
inorganic_compounds_in_water___melting_and_boiling.md,"Inorganic Compounds in Water - Melting and Boiling Temperature, Density and Solubility",datatable,done
insulated_copper_tubes___heat_loss.md,Insulated Copper Tubes - Heat Loss,calculator-table,done
insulated_steam_pipes___condensate_generated.md,Insulated Steam Pipes - Condensate Generated,calculator-table,done
insulated_steam_pipes___condensate_generated__kg_h.md,Insulated Steam Pipes - Condensate Generated (kg/h per 100m),calculator,done
insulation_and_heat_loss_from_steam_and_condesate_.md,Insulation and Heat Loss from Steam and Condesate Pipe Lines,calculator,done
insulation_materials___operating_temperature_limit.md,Insulation Materials - Operating Temperature Limits,calculator,done
insulation_of_cooling_systems.md,Insulation of Cooling Systems,calculator,done
interest_formulas.md,Interest Formulas,calculator,done
interest_rate.md,Interest Rate,none,pending
intermediate_metal_conduit___imc.md,Intermediate Metal Conduit - IMC,calculator,done
intermittent_combustion_and_boiler_efficiency.md,Intermittent Combustion and Boiler Efficiency,calculator-table,done
internal_rate_of_return___irr.md,Internal Rate of Return - IRR,calculator,done
international_standard_atmosphere.md,International Standard Atmosphere,calculator,done
international_standard_organizations.md,International Standard Organizations,calculator,done
international_valve_standards.md,International Valve Standards,calculator,done
investments_in_renewable_energy.md,Investments in Renewable Energy,calculator,done
ionic_compounds_in_water___solubility_guidelines.md,Ionic Compounds in Water - Solubility Guidelines,chart,done
ip___ingress_protection_ratings.md,IP - Ingress Protection Ratings,datatable,done
iron___density__specific_heats_and_thermal_conduct.md,"Iron - Density, Specific Heats and Thermal Conductivities vs. Temperatures",datatable,done
iron_binary_eutectic_alloys___melting_points.md,Iron Binary Eutectic Alloys - Melting Points,calculator-table,done
isa_instrumentation_codes_used_in_process_control_.md,ISA Instrumentation Codes used in Process Control Systems,calculator,done
isentropic_flow.md,Isentropic Flow,calculator,done
iso_28741_metric_thread_dimensions_for_spark_plugs.md,ISO 28741 Metric Thread Dimensions for Spark Plugs,datatable,done
iso_724___metric_threads.md,ISO 724 - Metric Threads,calculator,done
iso___international_organization_for_standardizati.md,ISO - International Organization for Standardization,calculator,done
iso_grade_oils___viscosities_and_densities.md,ISO Grade Oils - Viscosities and Densities,calculator,done
iso_valve_standards.md,ISO Valve Standards,calculator,done
isopropanol__2_propanol__based_freeze_protected_wa.md,Isopropanol (2-Propanol) based Freeze Protected Water Solutions,none,pending
jet_fuel___density_vs__temperature.md,Jet Fuel - Density vs. Temperature,datatable,done
jet_propulsion.md,Jet Propulsion,datatable,done
jis___japanese_industrial_standards.md,JIS - Japanese Industrial Standards,datatable,done
jis___valve_standards.md,JIS - Valve Standards,datatable,done
kinematic_viscosity___online_converter.md,Kinematic Viscosity - Online Converter,datatable,done
kinematic_viscosity___unit_converter.md,Kinematic Viscosity - Unit Converter,chart,done
kinetic_energy.md,Kinetic Energy,calculator,done
kirchhoff_s_voltage_and_current_laws.md,Kirchhoff's Voltage and Current Laws,chart-table,done
laminar__transitional_and_turbulent_flow.md,"Laminar, Transitional and Turbulent Flow",datatable,done
laminar_flow___friction_coefficients.md,Laminar Flow - Friction Coefficients,calculator-chart,done
laminar_vs__turbulent_flow___reynolds_number_expla.md,Laminar vs. Turbulent Flow - Reynolds Number Explained with Calculator,calculator-table,done
laplace_equation.md,Laplace Equation,calculator,done
latent_heat_flow.md,Latent Heat Flow,datatable,done
latent_heat_of_melting_common_materials.md,Latent Heat of Melting common Materials,none,pending
latitude_and_longitude_converter__convert_between_.md,"Latitude and Longitude Converter: Convert Between Degrees, Minutes, Seconds, and Decimal Units",datatable,done
law_of_cosines.md,Law of Cosines,datatable,done
law_of_sines.md,Law of Sines,datatable,done
law_of_tangents.md,Law of Tangents,datatable,done
laws_of_indices.md,Laws of Indices,datatable,done
lead_acid_batteries.md,Lead-Acid Batteries,datatable,done
lead_binary_eutectic_alloys___melting_points.md,Lead Binary Eutectic Alloys - Melting Points,datatable,done
legionella.md,Legionella,datatable,done
length___online_unit_converter.md,Length - Online Unit Converter,datatable,done
length_of_a_spiral.md,Length of a Spiral,none,pending
length_units_converter.md,Length Units Converter,calculator-table,done
lengths_and_areas_vs__mapping_scales.md,Lengths and Areas vs. Mapping Scales,none,pending
leni___lighting_energy_numeric_indicator.md,LENI - Lighting Energy Numeric Indicator,chart-table,done
levers.md,Levers,datatable,done
lift_and_drag.md,Lift and Drag,datatable,done
lifting_wheels.md,Lifting Wheels,none,pending
light_beam_path_for_a_prism.md,Light Beam Path for a Prism,chart,done
light_oil_pumping___flow_velocities.md,Light Oil Pumping - Flow Velocities,calculator,done
light_oil_suction___flow_velocities.md,Light Oil Suction - Flow Velocities,calculator-chart,done
lights_vs__power_installation.md,Lights vs. Power Installation,datatable,done
ligths___color_temperatures.md,Ligths - Color Temperatures,calculator-table,done
linear_thermal_expansion_coefficients_of_materials.md,Linear Thermal Expansion Coefficients of Materials,calculator,done
lined_sheet_metal_ducts___sound_attenuation.md,Lined Sheet-Metal Ducts - Sound Attenuation,calculator,done
liquid__steam_and_gas___flow_coefficients_cv.md,"Liquid, Steam and Gas - Flow Coefficients Cv",datatable,done
liquid_ammonia___thermal_properties_at_saturation_.md,Liquid Ammonia - Thermal Properties at Saturation Pressure,datatable,done
liquid_densities.md,Liquid Densities,calculator,done
liquid_flow_from_containers___emptying_time.md,Liquid Flow from Containers - Emptying Time,calculator,done
liquid_liquid_solution___shrinkage_and_estimation_.md,Liquid-Liquid Solution - Shrinkage and Estimation of Density,datatable,done
liquids___densities_vs__pressure_and_temperature_c.md,Liquids - Densities vs. Pressure and Temperature Change,calculator,done
liquids___dielectric_constants.md,Liquids - Dielectric Constants,datatable,done
liquids___dynamic_viscosities.md,Liquids - Dynamic Viscosities,calculator,done
liquids___freezing_and_melting_points.md,Liquids - Freezing and Melting Points,datatable,done
liquids___kinematic_viscosities.md,Liquids - Kinematic Viscosities,calculator,done
liquids___latent_heat_of_evaporation.md,Liquids - Latent Heat of Evaporation,calculator,done
liquids___specific_gravities.md,Liquids - Specific Gravities,datatable,done
liquids___speed_of_sound.md,Liquids - Speed of Sound,calculator,done
liquids___thermal_conductivities.md,Liquids - Thermal Conductivities,datatable,done
liquids___vapor_pressures.md,Liquids - Vapor Pressures,calculator,done
liquids___volumetric_expansion_coefficients.md,Liquids - Volumetric Expansion Coefficients,calculator-table,done
liquids_and_gases___boiling_points.md,Liquids and Gases - Boiling Points,none,pending
lng___liquefied_natural_gas.md,LNG - Liquefied Natural Gas,calculator,done
logarithms.md,Logarithms,datatable,done
low_frequency_vibrations_effects_on_building_const.md,Low-Frequency Vibrations Effects on Building Constructions,datatable,done
low_pressure_steam_pipes___pressure_drops.md,Low Pressure Steam Pipes - Pressure Drops,datatable,done
low_pressure_steam_safety_valves___capacities.md,Low Pressure Steam Safety Valves - Capacities,chart-table,done
lpg___gas_properties.md,LPG - Gas Properties,chart-table,done
lpg___liquefied_petroleum_gas.md,LPG - Liquefied Petroleum Gas,chart-table,done
lpg_tanks___relief_valves_capacities.md,LPG Tanks - Relief Valves Capacities,datatable,done
lubricated_bolts_and_reduced_torque.md,Lubricated Bolts and Reduced Torque,datatable,done
lubricating_oil___densities_vs__temperature.md,Lubricating Oil - Densities vs. Temperature,chart,done
lumber___surface_finishing.md,Lumber - Surface Finishing,calculator-table,done
lumber_weights__green__kiln_dried___pressure_treat.md,"Lumber Weights: Green, Kiln-Dried & Pressure-Treated Wood",datatable,done
luminous_efficacy.md,Luminous Efficacy,datatable,done
mach_number.md,Mach Number,chart-table,done
machine_processing___tolerance_grades.md,Machine Processing - Tolerance Grades,datatable,done
magnesium_binary_eutectic_alloys___melting_points.md,Magnesium Binary Eutectic Alloys - Melting Points,datatable,done
major_loss_online_calculator___the_darcy_weisbach_.md,Major Loss Online Calculator - the Darcy-Weisbach Friction Loss Equation,datatable,done
malleability_vs__brittlenes_vs__ductility.md,Malleability vs. Brittlenes vs. Ductility,datatable,done
manila_ropes___strength.md,Manila Ropes - Strength,datatable,done
manning_s_formula_and_gravity_flow.md,Manning's Formula and Gravity Flow,datatable,done
manning_s_roughness_coefficients_for_open_channel_.md,Manning’s Roughness Coefficients for Open Channel Flow,datatable,done
markup_and_gross_profit.md,Markup and Gross Profit,none,pending
masonry_blocks___dimensions.md,Masonry Blocks - Dimensions,chart-table,done
mass_moment_of_inertia.md,Mass Moment of Inertia,datatable,done
mass_vs_weight.md,Mass vs Weight,chart-table,done
materials___light_reflecting_factors.md,Materials - Light Reflecting Factors,calculator-chart,done
maximizing_space__fit_small_rectangles_inside_a_la.md,Maximizing Space: Fit Small Rectangles Inside a Larger Rectangle,calculator,done
maximum_sound_pressure_levels_in_rooms.md,Maximum Sound Pressure Levels in Rooms,calculator-table,done
measurement_of_electrical_power.md,Measurement of Electrical Power,chart-table,done
measurements___absolute_vs__relative_frequencies.md,Measurements - Absolute vs. Relative Frequencies,calculator-table,done
measurements_and_instrumentation.md,Measurements and Instrumentation,datatable,done
mechanical_energy_equation_vs__bernoulli_equation.md,Mechanical Energy Equation vs. Bernoulli Equation,chart-table,done
medical_gas_piping.md,Medical Gas Piping,calculator,done
melting_and_boiling_temperatures___evaporation_and.md,Melting and Boiling Temperatures - Evaporation and Melting Heats common Materials,calculator-table,done
melting_and_freezing_points.md,Melting and Freezing Points,calculator-chart,done
melting_points_of_hydrocarbons__alcohols_and_acids.md,"Melting points of Hydrocarbons, Alcohols and Acids",datatable,done
mercury___thermodynamic_properties.md,Mercury - Thermodynamic Properties,chart-table,done
mesh_sizes_vs__particle_diameters.md,Mesh Sizes vs. Particle Diameters,chart-table,done
met___human_metabolic_rates.md,Met - Human Metabolic Rates,datatable,done
metabolic_heat_gain_from_persons.md,Metabolic Heat Gain from Persons,datatable,done
metal_alloys___melting_points.md,Metal Alloys - Melting Points,datatable,done
metal_alloys___specific_heats.md,Metal Alloys - Specific Heats,none,pending
metal_content_in_minerals.md,Metal Content in Minerals,calculator,done
metals___boiling_points_and_specific_heat.md,Metals - Boiling Points and Specific Heat,calculator-chart,done
metals___boiling_temperatures.md,Metals - Boiling Temperatures,calculator-table,done
metals___corrosion_resistance_to_aggresive_fluids.md,Metals - Corrosion Resistance to Aggresive Fluids,datatable,done
metals___latent_heat_of_melting.md,Metals - Latent Heat of Melting,chart,done
metals___machinability.md,Metals - Machinability,datatable,done
metals___specific_heats.md,Metals - Specific Heats,datatable,done
metals___temperature_expansion_coefficients.md,Metals - Temperature Expansion Coefficients,calculator-table,done
metals_and_alloys___bulk_modulus_elasticity.md,Metals and Alloys - Bulk Modulus Elasticity,calculator-table,done
metals_and_alloys___densities.md,Metals and Alloys - Densities,calculator,done
metals_and_alloys___melting_temperatures.md,Metals and Alloys - Melting Temperatures,calculator,done
metals_and_alloys___young_s_modulus_of_elasticity.md,Metals and Alloys - Young's Modulus of Elasticity,calculator,done
metals_in_seawater___galvanic_series.md,Metals in Seawater - Galvanic Series,calculator,done
metals_strength_vs__temperature.md,Metals Strength vs. Temperature,datatable,done
methane____dynamic_and_kinematic_viscosity_vs__tem.md,Methane -  Dynamic and Kinematic Viscosity vs. Temperature and Pressure,datatable,done
methane___density_and_specific_weight_vs__temperat.md,Methane - Density and Specific Weight vs. Temperature and Pressure,calculator,done
methane___liquid_vs__gaseous_units.md,Methane - Liquid vs. Gaseous Units,calculator,done
methane___prandtl_number_vs__temperature.md,Methane - Prandtl number vs. Temperature,datatable,done
methane___thermal_conductivity_vs__temperature_and.md,Methane - Thermal Conductivity vs. Temperature and Pressure,calculator-chart,done
methane__ch____thermophysical_properties_and_phase.md,Methane (CH₄): Thermophysical Properties and Phase Diagram,calculator,done
methane_gas___specific_heat_vs__temperature.md,Methane Gas - Specific Heat vs. Temperature,calculator,done
methanol___density_and_specific_weight_vs__tempera.md,Methanol - Density and Specific Weight vs. Temperature and Pressure,calculator,done
methanol___dynamic_and_kinematic_viscosity_vs__tem.md,Methanol - Dynamic and Kinematic Viscosity vs. Temperature and Pressure,datatable,done
methanol___specific_heat_vs__temperature_and_press.md,Methanol - Specific Heat vs. Temperature and Pressure,chart,done
methanol___thermophysical_properties.md,Methanol - Thermophysical Properties,chart,done
methanol___thermophysical_properties_vs__temperatu.md,Methanol - Thermophysical Properties vs. Temperature,chart,done
methanol_freeze_protected_heat_transfer_liquids.md,Methanol Freeze Protected Heat Transfer Liquids,calculator,done
metric_bolt_heads_and_wrench_sizes.md,Metric Bolt Heads and Wrench Sizes,datatable,done
metric_bolt_strength__minimum__ultimate_tensile___.md,"Metric Bolt Strength: Minimum, Ultimate Tensile & Proof Loads - Metric",none,pending
metric_nuts___proof_loads.md,Metric Nuts - Proof Loads,calculator-table,done
metric_steel_bolts___grades_and__property_classes.md,Metric Steel Bolts - Grades and  Property Classes,calculator,done
microwave_heating.md,Microwave Heating,calculator,done
mild_steel___round_bars_weight.md,Mild Steel - Round Bars Weight,chart,done
mild_steel___square_bars_weight.md,Mild Steel - Square Bars Weight,none,pending
mineral_hardness___mohs_scale.md,Mineral Hardness - Mohs Scale,chart,done
mineral_wool_insulation.md,Mineral Wool Insulation,calculator-table,done
minerals___densities.md,Minerals - Densities,datatable,done
minerals_and_other_materials___specific_gravities.md,Minerals and other Materials - Specific Gravities,calculator,done
minutes_to_decimal_hours_conversion__chart___calcu.md,Minutes to Decimal Hours Conversion: Chart & Calculator,calculator-table,done
minutes_vs__degrees___converting_chart.md,Minutes vs. Degrees - Converting Chart,calculator,done
miter_saw_angle_protractor___quick___accurate_angl.md,Miter Saw Angle Protractor – Quick & Accurate Angle Measurements,datatable,done
mixing_fluids.md,Mixing Fluids,chart,done
mixing_liquids_and_or_solids___final_temperatures.md,Mixing Liquids and/or Solids - Final Temperatures,chart,done
mixing_of_humid_air.md,Mixing of Humid Air,none,pending
mixtures__solutions_and_suspensions.md,"Mixtures, Solutions and Suspensions",calculator-chart,done
modulus_of_rigidity.md,Modulus of Rigidity,datatable,done
moist_air___cooling_and_dehumidifying.md,Moist Air - Cooling and Dehumidifying,datatable,done
moist_air___degree_of_saturation.md,Moist Air - Degree of Saturation,chart-table,done
moist_air___density_vs__pressure.md,Moist Air - Density vs. Pressure,none,pending
moist_air___density_vs__water_content_and_temperat.md,Moist Air - Density vs. Water Content and Temperature,calculator,done
moist_air___enthalpy.md,Moist Air - Enthalpy,none,pending
moist_air___mole_fraction_of_water_vapor.md,Moist Air - Mole Fraction of Water Vapor,none,pending
moist_air___partial_pressure_and_daltons_law.md,Moist Air - Partial Pressure and Daltons Law,calculator-table,done
moist_air___properties.md,Moist Air - Properties,datatable,done
moist_air___psychrometric_chart_for_high_temperatu.md,Moist Air - Psychrometric Chart for High Temperatures at Sea Level,datatable,done
moist_air___psychrometric_chart_for_low_temperatur.md,Moist Air - Psychrometric Chart for Low Temperatures at Sea Level,none,pending
moist_air___psychrometric_chart_for_normal_tempera.md,Moist Air - Psychrometric Chart for Normal Temperatures at 7500 Feet Altitude,datatable,done
moist_air___psychrometric_online_calculator.md,Moist Air - Psychrometric Online Calculator,none,pending
moist_air___psychrometric_table_for_pressure_29_92.md,Moist Air - Psychrometric Table for Pressure 29.92 inHg,calculator,done
moist_air___psychrometric_terms.md,Moist Air - Psychrometric Terms,chart,done
moist_air___relative_humidity.md,Moist Air - Relative Humidity,none,pending
moist_air___specific_volume.md,Moist Air - Specific Volume,none,pending
moist_air___specific_vs__relative_humidity.md,Moist Air - Specific vs. Relative Humidity,datatable,done
moist_air___the_mollier_diagram.md,Moist Air - the Mollier Diagram,none,pending
moist_air___transforming_the_mollier_diagram_to_a_.md,Moist Air - Transforming the Mollier Diagram to a Psychrometric Chart - or vice versa,none,pending
moist_air___vapor_pressure.md,Moist Air - Vapor Pressure,datatable,done
moist_air___water_vapor_and_saturation_pressure.md,Moist Air - Water Vapor and Saturation Pressure,none,pending
moist_air___weight_of_water_vapor.md,Moist Air - Weight of Water Vapor,datatable,done
moisture_content_calculation.md,Moisture Content Calculation,none,pending
moisture_transport_through_walls_and_roofs.md,Moisture Transport through Walls and Roofs,none,pending
mole_and_the_avagadro_s_number.md,Mole and the Avagadro's Number,datatable,done
molecular_weight_of_substances.md,Molecular Weight of Substances,datatable,done
mollier_chart_for_water___imperial_units.md,Mollier Chart for Water - Imperial Units,datatable,done
mollier_chart_for_water___metric_units.md,Mollier Chart for Water - Metric Units,datatable,done
molybdenum_binary_eutectic_alloys___melting_points.md,Molybdenum Binary Eutectic Alloys - Melting Points,datatable,done
moody_diagram.md,Moody Diagram,calculator,done
morse_code_alphabet.md,Morse Code Alphabet,calculator-table,done
mortar_types.md,Mortar Types,calculator,done
motor_oils___dynamic_viscosities.md,Motor Oils - Dynamic Viscosities,none,pending
motors___speed_vs__pulley_diameter.md,Motors - Speed vs. Pulley Diameter,datatable,done
movement_ratio.md,Movement Ratio,calculator-table,done
mss___manufacturers_standardization_society_of_the.md,MSS - Manufacturers Standardization Society of the Valve and Fittings Industry,none,pending
nace_international.md,NACE International,none,pending
nails_and_spikes___withdrawal_force.md,Nails and Spikes - Withdrawal Force,calculator-chart,done
naming_inorganic_binary_compounds.md,Naming Inorganic Binary Compounds,chart-table,done
naming_of_organic_compounds.md,Naming of Organic Compounds,calculator-table,done
national_standards_organizations.md,National Standards Organizations,chart-table,done
natural_gas___equipment_consumption.md,Natural Gas - Equipment Consumption,datatable,done
natural_gas___meter_capacities.md,Natural Gas - Meter Capacities,calculator,done
natural_gas___pipe_sizing_calculator.md,Natural Gas - Pipe Sizing Calculator,chart-table,done
natural_gas_apartment_consumption_vs__no__of_apart.md,Natural Gas Apartment Consumption vs. no. of Apartments,chart,done
natural_gas_glossary.md,Natural Gas Glossary,datatable,done
natural_gas_laboratory_consumption_vs__no__of_outl.md,Natural Gas Laboratory Consumption vs. no. of Outlets,datatable,done
natural_gas_pipes___low_pressure_capacities_vs__si.md,Natural Gas Pipes - Low Pressure Capacities vs. Size,calculator-table,done
natural_gas_pipes___minimum_cover.md,Natural Gas Pipes - Minimum Cover,datatable,done
natural_gas_piping___sizing_of_low_pressure_pipes_.md,Natural Gas Piping - Sizing of Low Pressure Pipes vs. Capacity,none,pending
natural_gas_piping___sizing_vs__capacity.md,Natural Gas Piping - Sizing vs. Capacity,calculator,done
navier_stokes_equations.md,Navier-Stokes Equations,chart-table,done
ndt___non_destructive_testing.md,NDT - Non Destructive Testing,datatable,done
nec___national_electrical_code.md,NEC - National Electrical Code,calculator-table,done
nema___national_electrical_manufacturers_associati.md,NEMA - National Electrical Manufacturers Association,datatable,done
nema_a__b__c_and_d_electrical_motor_design.md,"NEMA A, B, C and D Electrical Motor Design",calculator,done
nema_and_iec_enclosure_classifications.md,NEMA and IEC Enclosure Classifications,calculator-chart,done
nema_enclosure_standards_for_electric_motors.md,NEMA Enclosure Standards for Electric Motors,calculator,done
nema_insulation_classes.md,NEMA Insulation Classes,chart-table,done
nema_starters.md,Nema Starters,calculator,done
net_income.md,Net Income,datatable,done
net_present_worth__npw__of_a_cash_stream.md,Net Present Worth (NPW) of a Cash Stream,datatable,done
new_vs__old_car_costs__a_comprehensive_cost_compar.md,New vs. Old Car Costs: A Comprehensive Cost Comparison,datatable,done
nfpa___national_fire_protection_association.md,NFPA - National Fire Protection Association,calculator,done
nickel_binary_eutectic_alloys___melting_points.md,Nickel Binary Eutectic Alloys - Melting Points,chart,done
nickel_chromium_heater_wire___temperature_rise_vs_.md,Nickel-Chromium Heater Wire - Temperature Rise vs. Amps,datatable,done
nist___national_institute_of_standards_and_technol.md,NIST - National Institute of Standards and Technology,chart-table,done
nitrogen____enthalpy__internal_energy_and_entropy_.md,"Nitrogen -  Enthalpy, Internal Energy and Entropy vs. Temperature",datatable,done
nitrogen___dynamic_and_kinematic_viscosity_vs__tem.md,Nitrogen - Dynamic and Kinematic Viscosity vs. Temperature and Pressure,calculator,done
nitrogen___prandtl_number_vs__temperature_and_pres.md,Nitrogen - Prandtl number vs. Temperature and Pressure,datatable,done
nitrogen___thermal_conductivity_vs__temperature_an.md,Nitrogen - Thermal Conductivity vs. Temperature and Pressure,datatable,done
nitrogen___thermal_diffusivity_vs__temperature_and.md,Nitrogen - Thermal Diffusivity vs. Temperature and Pressure,calculator,done
nitrogen___thermophysical_properties.md,Nitrogen - Thermophysical Properties,datatable,done
nitrogen__n___density___specific_weight__temperatu.md,Nitrogen (N₂) Density & Specific Weight: Temperature & Pressure Data and Calculator,datatable,done
nitrogen_gas___specific_heat_vs__temperature.md,Nitrogen Gas - Specific Heat vs. Temperature,calculator,done
nitrogen_oxides__nox__emission_from_fuels.md,Nitrogen Oxides (NOx) Emission from Fuels,calculator-table,done
noise___acceptable_dba_level.md,Noise - Acceptable dBA Level,chart-table,done
noise___epa_protective_levels.md,Noise - EPA Protective Levels,datatable,done
noise___maximum_daily_dose_level.md,Noise - Maximum Daily Dose Level,calculator,done
noise___recommended_exposure_limits__rel_.md,Noise - Recommended Exposure Limits (REL),chart-table,done
noise_and_attenuation.md,Noise and Attenuation,datatable,done
noise_criterion__nc____free_online_calculator.md,Noise Criterion (NC) - Free Online Calculator,calculator,done
noise_criterion__nc__levels__definitions__standard.md,"Noise Criterion (NC) Levels: Definitions, Standards & Calculator",chart,done
noise_criterion_vs__noise_rating_and_db_a_.md,Noise Criterion vs. Noise Rating and dB(A),calculator,done
noise_exposure___niosh_permissible_levels_and_dura.md,Noise Exposure - NIOSH Permissible Levels and Duration,chart,done
noise_from_machines___enclosures_and_sound_pressur.md,Noise from Machines - Enclosures and Sound Pressure Level Reductions,calculator,done
noise_generated_by_fans___blade_pass_frequency__bp.md,Noise generated by Fans - Blade Pass Frequency (BPF),calculator-chart,done
noise_generated_by_road_traffic.md,Noise generated by Road Traffic,datatable,done
noise_generated_in_air_ducts.md,Noise generated in Air Ducts,datatable,done
noise_generated_in_blade_dampers.md,Noise generated in Blade Dampers,chart-table,done
noise_rating__nr____free_online_calculator.md,Noise Rating (NR) - Free Online Calculator,datatable,done
non_ideal_gas___van_der_waal_s_equation_and_consta.md,Non-ideal gas - Van der Waal's Equation and Constants,calculator,done
normal_flange_i_beams.md,Normal Flange I-Beams,chart,done
notes__octaves_and_frequencies.md,"Notes, Octaves and Frequencies",none,pending
nozzles.md,Nozzles,datatable,done
nozzles___water_discharge_capacities.md,Nozzles - Water Discharge Capacities,datatable,done
nps__nominal_pipe_size__guide__dimensions__charts_.md,"NPS (Nominal Pipe Size) Guide: Dimensions, Charts & Specifications",datatable,done
nr___the_noise_rating_curve.md,NR - the Noise Rating Curve,calculator,done
numbers___squares__cubes_and_roots.md,"Numbers - Squares, Cubes and Roots",calculator,done
numbers___standard_form__scientific_and_engineerin.md,"Numbers - Standard Form, Scientific and Engineering Notation",calculator-chart,done
numerical_constants.md,Numerical Constants,none,pending
nylon_ropes___strengths.md,Nylon Ropes - Strengths,datatable,done
oblique_triangle.md,Oblique Triangle,datatable,done
octane_liquid___thermal_properties.md,Octane Liquid - Thermal Properties,chart-table,done
octave_band_frequencies.md,Octave Band Frequencies,none,pending
ohm_s_law.md,Ohm's Law,none,pending
oil_filled_tanks___heat_loss.md,Oil Filled Tanks - Heat Loss,datatable,done
oil_fuels___viscosities_vs__temperatures.md,Oil Fuels - Viscosities vs. Temperatures,datatable,done
oil_lubrication___temperature_limits.md,Oil Lubrication - Temperature Limits,datatable,done
oil_pipes___head_loss.md,Oil Pipes - Head Loss,datatable,done
oil_pipes___heat_loss.md,Oil Pipes - Heat Loss,datatable,done
oil_pipes___recommended_flow_velocities.md,Oil Pipes - Recommended Flow Velocities,datatable,done
oil_viscosity_converter.md,Oil Viscosity Converter,calculator,done
oils___melting_points.md,Oils - Melting points,datatable,done
online_wire_gauge___awg___calculator.md,Online Wire Gauge - AWG - Calculator,calculator,done
open_horizontal_pipes___discharge_length_vs__volum.md,Open Horizontal Pipes - Discharge Length vs. Volume Flow,none,pending
operating_profit.md,Operating Profit,calculator,done
optical_distance_law.md,Optical Distance Law,calculator-chart,done
optimal_combustion_processes___fuel_vs__excess_air.md,Optimal Combustion Processes - Fuel vs. Excess Air,datatable,done
organic_nitrogen_compounds___physical_data.md,Organic Nitrogen Compounds - Physical Data,calculator,done
organic_sulfur_compounds___densities.md,Organic Sulfur Compounds - Densities,datatable,done
organic_sulfur_compounds___physical_data.md,Organic Sulfur Compounds - Physical Data,chart-table,done
orifice__nozzle__and_venturi_flow_meters__principl.md,"Orifice, Nozzle, and Venturi Flow Meters: Principles, Calculations & Data",datatable,done
orifice_air_discharge_vs__pressure.md,Orifice Air Discharge vs. Pressure,calculator,done
orifices___natural_gas_capacity.md,Orifices - Natural Gas Capacity,datatable,done
ounces_and_pounds_vs__grams.md,Ounces and Pounds vs. Grams,datatable,done
outdoor_ambient_sound_pressure_levels.md,Outdoor Ambient Sound Pressure Levels,none,pending
outdoor_temperatures_and_relative_humidity___u_s__.md,Outdoor Temperatures and Relative Humidity - U.S. Winter and Summer Conditions,none,pending
overall_heat_transfer_coefficient__definitions__va.md,"Overall Heat Transfer Coefficient: Definitions, Values & Applications",chart-table,done
oxygen___density_and_specific_weight_vs__temperatu.md,Oxygen - Density and Specific Weight vs. Temperature and Pressure,none,pending
oxygen___dynamic_and_kinematic_viscosity_vs__tempe.md,Oxygen - Dynamic and Kinematic Viscosity vs. Temperature and Pressure,datatable,done
oxygen___enthalpy__internal_energy_and_entropy_vs_.md,"Oxygen - Enthalpy, Internal Energy and Entropy vs. Temperature",datatable,done
oxygen___solubility_in_fresh_and_sea_water_vs__tem.md,Oxygen - Solubility in Fresh and Sea Water vs. Temperature,datatable,done
oxygen___thermophysical_properties.md,Oxygen - Thermophysical properties,datatable,done
oxygen_gas___specific_heat_vs__temperature.md,Oxygen Gas - Specific Heat vs. Temperature,calculator,done
p_id___piping_and_instrumentation_diagram.md,P&ID - Piping and Instrumentation Diagram,calculator-table,done
p_id_diagram___online_drawing_tool.md,P&ID Diagram - Online Drawing Tool,calculator-chart,done
paper_drafting_sizes___comparing_iso_and_u_s__draw.md,Paper Drafting Sizes - Comparing ISO and U.S. Drawing Sheets,chart,done
paper_drafting_sizes___iso_216_series_a__b_and_c.md,"Paper Drafting Sizes - ISO 216 series A, B and C",datatable,done
paper_sizes___commonly_used_in_u_s__offices.md,Paper Sizes - commonly used in U.S. Offices,calculator-chart,done
paper_sizes___imperial.md,Paper Sizes - Imperial,datatable,done
paraffins_and_alkanes___combustion_properties.md,Paraffins and Alkanes - Combustion Properties,calculator,done
particle_sizes.md,Particle Sizes,calculator,done
parts_per_million___ppm.md,Parts per Million - ppm,calculator-table,done
pasteurization___temperatures_and_time.md,Pasteurization - Temperatures and Time,calculator-table,done
payback_time.md,Payback Time,datatable,done
pe_polyethylene___chemical_resistance.md,PE Polyethylene - Chemical Resistance,datatable,done
pendulum.md,Pendulum,calculator-table,done
pentane___density_and_specific_weight_vs__temperat.md,Pentane - Density and Specific Weight vs. Temperature and Pressure,calculator,done
pentane___thermophysical_properties.md,Pentane - Thermophysical Properties,calculator,done
percentage.md,Percentage,datatable,done
periodic_table_of_elements.md,Periodic Table of Elements,datatable,done
perlite_insulation.md,Perlite Insulation,none,pending
permeability.md,Permeability,calculator-table,done
perpetuities.md,Perpetuities,none,pending
petroleum_products___average_boiling_points.md,Petroleum Products - Average Boiling Points,calculator-chart,done
petroleum_products___standard_test_methods__astm_a.md,Petroleum Products - Standard Test Methods (ASTM and others) and Specifications,calculator,done
pfd___process_flow_diagram.md,PFD - Process Flow Diagram,calculator-chart,done
pfd___process_flow_diagram___online_drawing_tool.md,PFD - Process Flow Diagram - Online Drawing Tool,none,pending
ph___basic__alkaline__vs__acidic.md,pH - Basic (alkaline) vs. Acidic,none,pending
ph_in_human_biological_material.md,pH in Human Biological Material,datatable,done
phenols__alcohols_and_carboxylic_acids___pka_value.md,"Phenols, Alcohols and Carboxylic Acids - pKa Values",datatable,done
phonetic_alphabet.md,Phonetic Alphabet,datatable,done
physical_constants.md,Physical Constants,calculator,done
physiology___activity_and_metabolic_rates.md,Physiology - Activity and Metabolic Rates,calculator-table,done
pipe_and_duct_systems___total_head_loss.md,Pipe and Duct Systems - Total Head Loss,none,pending
pipe_and_tube_system_components___minor__dynamic__.md,Pipe and Tube System Components - Minor (Dynamic) Loss Coefficients,calculator,done
pipe_velocity_calculator_with_flow_data___charts.md,Pipe Velocity Calculator with Flow Data & Charts,datatable,done
pipes___bare_surface_heat_loss.md,Pipes - Bare Surface Heat Loss,datatable,done
pipes___fractional_equivalents.md,Pipes - Fractional Equivalents,datatable,done
pipes___insulated_heat_loss_diagrams.md,Pipes - Insulated Heat Loss Diagrams,datatable,done
pipes___relative_capacity.md,Pipes - Relative Capacity,none,pending
pipes_and_cylinders___conductive_heat_loss.md,Pipes and Cylinders - Conductive Heat Loss,calculator,done
pipes_and_tubes___temperature_expansion.md,Pipes and Tubes - Temperature Expansion,chart-table,done
pipes_submerged_in_oil_or_fat___heat_emission.md,Pipes Submerged in Oil or Fat - Heat Emission,chart-table,done
pipes_submerged_in_water___heat_emission.md,Pipes Submerged in Water - Heat Emission,datatable,done
piping___recommended_insulation_thickness.md,Piping - Recommended Insulation Thickness,chart,done
piping_codes_and_standards.md,Piping Codes and Standards,calculator,done
piping_materials___temperature_expansion_coefficie.md,Piping Materials - Temperature Expansion Coefficients,datatable,done
piston_engines___compression_ratios.md,Piston Engines - Compression Ratios,chart-table,done
piston_engines___displacement.md,Piston Engines - Displacement,calculator,done
plastics___abbreviations.md,Plastics - Abbreviations,calculator-chart,done
plastics___recycling_codes_and_labeling.md,Plastics - Recycling Codes and Labeling,calculator,done
plastics___thermal_conductivity_coefficients.md,Plastics - Thermal Conductivity Coefficients,datatable,done
plato_and_brix_vs__specific_gravity.md,Plato and Brix vs. Specific Gravity,calculator,done
plumbing_codes.md,Plumbing Codes,datatable,done
pnc___the_preferred_noise_criterion.md,PNC - the Preferred Noise Criterion,datatable,done
pneumatic_cylinder___acting_velocity.md,Pneumatic Cylinder - Acting Velocity,calculator,done
pneumatic_cylinder___excerted_force_vs__pressure.md,Pneumatic Cylinder - Excerted Force vs. Pressure,calculator-chart,done
pneumatic_powder_and_solid_transport_systems.md,Pneumatic Powder and Solid Transport Systems,calculator,done
pneumatic_powder_transport.md,Pneumatic Powder Transport,calculator,done
pneumatic_transport___solids_and_particle_size.md,Pneumatic Transport - Solids and Particle Size,datatable,done
pneumatic_transport_and_conveying___carrying_veloc.md,Pneumatic Transport and Conveying - Carrying Velocities,calculator,done
pneumatics___transport_of_solids_and_separator_typ.md,Pneumatics - Transport of Solids and Separator Types,calculator,done
poiseuille_s_formula.md,Poiseuille's Formula,calculator,done
poisson_s_ratio___definition__values_for_materials.md,"Poisson's Ratio – Definition, Values for Materials, and Applications",calculator,done
poisson_s_ratios_metals.md,Poisson's Ratios Metals,chart,done
polar_vs__cartesian_coordinates.md,Polar vs. Cartesian Coordinates,calculator,done
polyester___chemical_resistance.md,Polyester - Chemical Resistance,datatable,done
polyester_polyolefin_ropes___strengths.md,Polyester Polyolefin Ropes - Strengths,calculator-table,done
polyester_ropes___strengths.md,Polyester Ropes - Strengths,calculator-table,done
polymers___physical_properties.md,Polymers - Physical Properties,calculator-table,done
polymers___specific_heats.md,Polymers - Specific Heats,none,pending
polynomial_equation_of_nth_degree.md,Polynomial Equation of <em>n</em>th Degree,none,pending
polyphase_motors___voltage_imbalance_vs__derating_.md,Polyphase Motors - Voltage Imbalance vs. Derating Factor,none,pending
polypropylene_fiber_ropes___strengths.md,Polypropylene Fiber Ropes - Strengths,calculator,done
polyurethane___chemical_resistance.md,Polyurethane - Chemical Resistance,datatable,done
polyurethane_insulation.md,Polyurethane Insulation,calculator,done
porosity.md,Porosity,calculator,done
positive_displacement_pumps.md,Positive Displacement Pumps,calculator,done
potassium___thermophysical_properties_vs__temperat.md,Potassium - Thermophysical Properties vs. Temperature,calculator-chart,done
potential_energy___hydropower.md,Potential Energy - Hydropower,calculator-chart,done
power.md,Power,calculator-chart,done
power_gained_by_fluid_from_pump_or_fan.md,Power Gained by Fluid from Pump or Fan,chart,done
power_installations___din_vde_standards.md,Power Installations - DIN VDE Standards,chart-table,done
power_plants___performance_efficiencies.md,Power Plants - Performance Efficiencies,calculator-chart,done
power_wiring___color_codes.md,Power Wiring - Color Codes,calculator-chart,done
pp_polypropylene___chemical_resistance.md,PP Polypropylene - Chemical Resistance,datatable,done
prandtl_number.md,Prandtl Number,datatable,done
precious_metals___karat_unit_of_fineness.md,Precious Metals - Karat Unit of Fineness,chart,done
predicted_mean_vote_index__pmv_.md,Predicted Mean Vote Index (PMV),none,pending
preferred_noise_criterion__pnc____calculator.md,Preferred Noise Criterion (PNC) - Calculator,datatable,done
prefixes_for_binary_multiplies.md,Prefixes for Binary Multiplies,none,pending
present_value.md,Present Value,none,pending
pressure.md,Pressure,datatable,done
pressure_coefficient.md,Pressure Coefficient,datatable,done
pressure_energy.md,Pressure Energy,datatable,done
pressure_gradient_diagrams.md,Pressure Gradient Diagrams,chart-table,done
pressure_loss_in_pipes_connected_in_series_or_para.md,Pressure Loss in Pipes connected in Series or Parallel,calculator,done
pressure_ratings_of_pipes_and_fittings.md,Pressure Ratings of Pipes and Fittings,calculator,done
pressure_to_head_unit_converter.md,Pressure to Head Unit Converter,calculator,done
pressure_units___online_converter.md,Pressure Units - Online Converter,calculator-chart,done
pressure_units_converter.md,Pressure Units Converter,calculator,done
prime_numbers.md,Prime Numbers,calculator,done
process_control___common_terms.md,Process Control - Common Terms,datatable,done
process_control_systems_documentation.md,Process Control Systems Documentation,calculator,done
process_controllers___p__pi___pid.md,"Process Controllers - P, PI & PID",calculator-chart,done
process_instrumentation___isa_codes.md,Process Instrumentation - ISA Codes,calculator,done
projectile_range.md,Projectile Range,none,pending
propagation_of_outdoor_sound___partial_barriers.md,Propagation of Outdoor Sound - Partial Barriers,calculator,done
propagation_of_sound_indoors___the_room_constant.md,Propagation of Sound Indoors - the Room Constant,calculator,done
propagation_of_sound_outdoors___attenuation_vs__di.md,Propagation of Sound Outdoors - Attenuation vs. Distance,calculator,done
propane___density_and_specific_weight_vs__temperat.md,Propane - Density and Specific Weight vs. Temperature and Pressure,datatable,done
propane___dynamic_and_kinematic_viscosity_vs__temp.md,Propane - Dynamic and Kinematic Viscosity vs. Temperature and Pressure,chart,done
propane___latent_heat_of_vaporization_vs__temperat.md,Propane - Latent Heat of Vaporization vs. Temperature,datatable,done
propane___prandtl_number_vs__temperature_and_press.md,Propane - Prandtl Number vs. Temperature and Pressure,calculator,done
propane___specific_heat_vs__temperature_and_pressu.md,Propane - Specific Heat vs. Temperature and Pressure,datatable,done
propane___thermal_conductivity_vs__temperature_and.md,Propane - Thermal Conductivity vs. Temperature and Pressure,calculator-chart,done
propane___thermal_diffusivity_vs__temperature_and_.md,Propane - Thermal Diffusivity vs. Temperature and Pressure,datatable,done
propane___thermophysical_properties.md,Propane - Thermophysical properties,calculator,done
propane___vapor_pressure_vs__temperature.md,Propane - Vapor Pressure vs. Temperature,calculator,done
propane_air_mixture.md,Propane Air Mixture,datatable,done
propane_butane_mixture___evaporation_pressure.md,Propane Butane Mixture - Evaporation Pressure,calculator-table,done
propane_gas___sizing_of_pipe_lines.md,Propane Gas - Sizing of Pipe Lines,datatable,done
propane_gas_piping___capacity_vs__size.md,Propane Gas Piping - Capacity vs. Size,datatable,done
propane_gas_piping___low_pressure_capacity_vs__siz.md,Propane Gas Piping - Low Pressure Capacity vs. Size,datatable,done
properties_of_saturated_steam___si_units.md,Properties of Saturated Steam - SI Units,calculator,done
property_vs__state.md,Property vs. State,datatable,done
propylene_glycol_based_heat_transfer_fluids.md,Propylene Glycol based Heat-Transfer Fluids,calculator,done
pulleys.md,Pulleys,datatable,done
pulling_an_airplane.md,Pulling an Airplane,none,pending
pump___temperature_rise_vs__volume_flow.md,Pump - Temperature Rise vs. Volume Flow,datatable,done
pump_head_and_pressure__conversion__calculations__.md,"Pump Head and Pressure: Conversion, Calculations, and Charts",datatable,done
pump_power_calculator__calculate_hydraulic_and_sha.md,Pump Power Calculator: Calculate Hydraulic and Shaft Power for Pumps,datatable,done
pumping_water___energy_cost_calculator.md,Pumping Water - Energy Cost Calculator,calculator-table,done
pumps___classifications.md,Pumps - Classifications,chart,done
pumps___npsh__net_positive_suction_head_.md,Pumps - NPSH (Net Positive Suction Head),datatable,done
pumps___parallel_vs__serial_arrangement.md,Pumps - Parallel vs. Serial Arrangement,datatable,done
pumps___specific_speed.md,Pumps - Specific Speed,datatable,done
pumps___suction_head_vs__altitude.md,Pumps - Suction Head vs. Altitude,datatable,done
pumps___suction_specific_speed.md,Pumps - Suction Specific Speed,calculator-table,done
pumps__fans_and_turbines___horsepower.md,"Pumps, Fans and Turbines - Horsepower",datatable,done
pumps_and_fans___energy_equation_and_head_rise.md,Pumps and Fans - Energy Equation and Head Rise,datatable,done
pumps_vs__compressors__blowers_and_fans.md,"Pumps vs. Compressors, Blowers and Fans",calculator,done
pvc_pipes_schedule_40___friction_loss_vs__water_fl.md,PVC Pipes Schedule 40 - Friction Loss vs. Water Flow Diagrams,calculator,done
pvc_polyvinyl_chloride___chemical_resistance.md,PVC Polyvinyl Chloride - Chemical Resistance,calculator,done
pythagorean_theorem.md,Pythagorean Theorem,datatable,done
r22_refrigerant___properties.md,R22 Refrigerant - Properties,calculator-table,done
radians_vs__degrees____definition_and_conversions.md,Radians vs. Degrees -  Definition and Conversions,datatable,done
radiation___surface__emissivity_coefficients.md,Radiation - Surface  Emissivity Coefficients,calculator,done
radiation_heat_transfer.md,Radiation Heat Transfer,datatable,done
radiation_units___becquerel_vs__curie.md,Radiation Units - Becquerel vs. Curie,datatable,done
radioisotopes___half_lives.md,Radioisotopes - Half Lives,calculator-table,done
radius_of_gyration_in_structural_engineering.md,Radius of Gyration in Structural Engineering,datatable,done
rainfall_draining_of_roof_areas_and_vertical_downs.md,Rainfall Draining of Roof Areas and Vertical Downspouts,calculator,done
rainfall_on_roofs_and_gutter_slopes.md,Rainfall on Roofs and Gutter Slopes,calculator,done
rainfall_units_converter.md,Rainfall Units Converter,datatable,done
rankine_efficiency.md,Rankine Efficiency,none,pending
rating_of_air_compressors_and_air_equipment.md,Rating of Air Compressors and Air Equipment,none,pending
ratios_and_proportions.md,Ratios and Proportions,calculator,done
rc___the_room_criteria.md,RC - the Room Criteria,calculator,done
real_numbers_algebra.md,Real Numbers Algebra,calculator,done
rebar___metric_reinforcing_bar.md,Rebar - Metric Reinforcing Bar,calculator,done
rebar___u_s__imperial_reinforcing_bar.md,Rebar - U.S. Imperial Reinforcing Bar,calculator,done
rebars___weights.md,Rebars - Weights,calculator-table,done
rechargeable_batteries___properties_and__life_calc.md,Rechargeable Batteries - Properties and  Life Calculator,calculator,done
recommended_relative_humidity.md,Recommended Relative Humidity,datatable,done
rectangular_tanks___volumes.md,Rectangular Tanks - Volumes,datatable,done
refractive_index_common_liquids__solids_and_gases.md,"Refractive Index common Liquids, Solids and Gases",datatable,done
refrigerants___environmental_properties.md,Refrigerants - Environmental Properties,datatable,done
refrigerants___physical_properties.md,Refrigerants - Physical Properties,calculator,done
regular_polygons.md,Regular Polygons,datatable,done
relative_humidity_in_production_and_process_enviro.md,Relative Humidity in Production and Process Environments,datatable,done
relative_permittivity___the_dielectric_constant.md,Relative Permittivity - the Dielectric Constant,datatable,done
relative_vs__absolute_voltage.md,Relative vs. Absolute Voltage,calculator,done
relief_valves___length_of_vent_pipes.md,Relief Valves - Length of Vent Pipes,datatable,done
removing_heat_with_air.md,Removing Heat with Air,calculator,done
required_room_space_per_person.md,Required Room Space per Person,datatable,done
required_voice_level_at_distance.md,Required Voice Level at Distance,datatable,done
required_water_supply_to_public_buildings.md,Required Water Supply to Public Buildings,datatable,done
resistance_vs__resistivity.md,Resistance vs. Resistivity,datatable,done
resistivity_and_conductivity___temperature_coeffic.md,Resistivity and Conductivity - Temperature Coefficients Common Materials,datatable,done
resistor_standard_values.md,Resistor Standard Values,calculator,done
resistors___color_codes_calculator.md,Resistors - Color Codes Calculator,calculator,done
resistors___letters_and_digit_codes.md,Resistors - Letters and Digit Codes,chart-table,done
restricted_thermal_expansion___force_and_stress.md,Restricted Thermal Expansion - Force and Stress,calculator-table,done
right_angled_triangle.md,Right Angled Triangle,calculator,done
rigid_aluminum_conduits___rac.md,Rigid Aluminum Conduits - RAC,calculator,done
riser_diagrams.md,Riser Diagrams,datatable,done
risk__reliability_and_safety.md,"Risk, Reliability and Safety",chart-table,done
rolling_resistance.md,Rolling Resistance,calculator-chart,done
roman_numerals.md,Roman Numerals,datatable,done
roof_framing.md,Roof Framing,calculator,done
roofing_materials___weights.md,Roofing Materials - Weights,datatable,done
room_sensible_heat_factor___rshf.md,Room Sensible Heat Factor - RSHF,datatable,done
rotating_bodies___stress.md,Rotating Bodies - Stress,calculator,done
rotating_shafts___torque.md,Rotating Shafts - Torque,datatable,done
rubbers_and_elastomers___chemical_resistance.md,Rubbers and Elastomers - Chemical Resistance,datatable,done
sae_multigrade_oils___viscosities_and_densities.md,SAE Multigrade Oils - Viscosities and Densities,datatable,done
safety_relief_valves___capacity_vs__pressure.md,Safety Relief Valves - Capacity vs. Pressure,calculator-chart,done
safety_signals___recommended_colors.md,Safety Signals - Recommended Colors,chart,done
safety_valves_in_gas_and_vapor_systems.md,Safety Valves in Gas and Vapor Systems,datatable,done
salinity_of_water.md,Salinity of Water,chart-table,done
salt_hydrates___melting_points_and_latent_melting_.md,Salt Hydrates - Melting points and Latent Melting Energy,calculator,done
sandpapers___grit_sizes.md,Sandpapers - Grit Sizes,datatable,done
sanitary_drainage_systems___volume_flow.md,Sanitary Drainage Systems - Volume Flow,calculator,done
sanitary_piping___drainage_fixtures_unit_loads.md,Sanitary Piping - Drainage Fixtures Unit Loads,datatable,done
satellites_in_orbit.md,Satellites in Orbit,calculator,done
saturated_ice_and_steam___thermodynamic_properties.md,Saturated Ice and Steam - Thermodynamic Properties,datatable,done
saturated_salt_solutions___controlling_air_humidit.md,Saturated Salt Solutions - Controlling Air Humidity,datatable,done
saturated_steam_properties___engineering_data___ca.md,"Saturated Steam Properties – Engineering Data & Calculations, Imperial Units",none,pending
scales_of_objects.md,Scales of Objects,calculator-table,done
scientific_and_engineering_terms___ansi_abbreviati.md,Scientific and Engineering Terms - ANSI Abbreviations,calculator-table,done
scientific_calculator.md,Scientific Calculator,none,pending
screw_jack___effort_force_vs__load.md,Screw Jack - Effort Force vs. Load,calculator,done
seawater___properties.md,Seawater - Properties,datatable,done
section_modulus___unit_converter.md,Section Modulus - Unit Converter,calculator-table,done
sensible_heat_flow.md,Sensible Heat Flow,datatable,done
sensible_heat_ratio___shr.md,Sensible Heat Ratio - SHR,datatable,done
septic_systems.md,Septic Systems,datatable,done
sewage_sludge___viscosities.md,Sewage Sludge - Viscosities,datatable,done
sewer_pipes___capacities_vs__slope.md,Sewer Pipes - Capacities vs. Slope,calculator-table,done
shackles___safe_loads.md,Shackles - Safe Loads,datatable,done
shafts_torsion.md,Shafts Torsion,calculator,done
shipping___cost__payment_terms_and_conditions__ter.md,"Shipping - Cost, Payment Terms and Conditions (TERMS)",datatable,done
shipping_measuring_units.md,Shipping Measuring Units,chart,done
shrink_fits_assembly.md,Shrink-Fits Assembly,chart,done
si_system.md,SI System,datatable,done
sieve_sizes_vs__mesh_designations.md,Sieve Sizes vs. Mesh Designations,datatable,done
signal_transmission___standards.md,Signal Transmission - Standards,datatable,done
signals___adding_decibels.md,Signals - Adding Decibels,datatable,done
sil___the_speech_interference_levels.md,SIL - the Speech Interference Levels,datatable,done
silicone___chemical_resistance.md,Silicone - Chemical Resistance,calculator-table,done
silver_binary_eutectic_alloys___melting_points.md,Silver Binary Eutectic Alloys - Melting Points,datatable,done
single_acting_pneumatic_piston___air_consumption.md,Single Acting Pneumatic Piston - Air Consumption,datatable,done
single_and_three_phase_ac___electric_current_vs__p.md,Single and Three Phase AC - Electric Current vs. Power,calculator,done
single_phase_power_equations.md,Single Phase Power Equations,chart-table,done
sisal_ropes___strengths.md,Sisal Ropes - Strengths,chart,done
sizing_of_steam_and_condensate_pipes.md,Sizing of Steam and Condensate Pipes,datatable,done
sizing_steam_pipes__kg_h_.md,Sizing Steam Pipes (kg/h),calculator,done
sizing_steam_pipes__lb_h_.md,Sizing Steam Pipes (lb/h),calculator,done
sketchup_extension.md,SketchUp Extension,calculator,done
slope_calculator__convert_between_degrees__gradien.md,"Slope Calculator: Convert Between Degrees, Gradient, and Grade",calculator,done
slurry_transports___minimum_flow_velocities.md,Slurry Transports - Minimum Flow Velocities,datatable,done
smacna___sheet_metal_and_air_conditioning_contract.md,SMACNA - Sheet Metal and Air Conditioning Contractors National Association,calculator,done
smaller_circles_within_a_large_circle___calculator.md,Smaller Circles within a Large Circle - Calculator,calculator-chart,done
sodium_chloride_water_solutions.md,Sodium Chloride Water Solutions,calculator-chart,done
soft_or_hard_water.md,Soft or Hard Water,calculator-chart,done
softwood_lumber___dimensions.md,Softwood Lumber - Dimensions,chart-table,done
softwood_lumber___grading.md,Softwood Lumber - Grading,chart,done
softwood_lumber___standard_sizes.md,Softwood Lumber - Standard Sizes,calculator,done
soil___bearing_strength.md,Soil - Bearing Strength,calculator,done
soil___earth_weight_and_composition.md,Soil - Earth Weight and Composition,none,pending
soil___electrical_resistivity.md,Soil - Electrical Resistivity,calculator,done
soil___water_content.md,Soil - Water Content,chart-table,done
soil_and_rock___bulk_factors.md,Soil and Rock - Bulk Factors,datatable,done
solar_radiation___daily_surface_energy.md,Solar Radiation - Daily Surface Energy,chart,done
solar_radiation_through_windows.md,Solar Radiation through Windows,chart,done
solar_system_constants.md,Solar System Constants,calculator,done
solids___densities.md,Solids - Densities,datatable,done
solids___melting_and_boiling_temperatures.md,Solids - Melting and Boiling Temperatures,datatable,done
solids___specific_heats.md,Solids - Specific Heats,calculator,done
solids___volume_temperature_expansion_coefficients.md,Solids - Volume Temperature Expansion Coefficients,calculator,done
solids___volumes_and_surfaces.md,Solids - Volumes and Surfaces,calculator,done
solids_and_metals___specific_gravities.md,Solids and Metals - Specific Gravities,calculator-chart,done
solids_and_metals___speed_of_sound.md,Solids and Metals - Speed of Sound,calculator-chart,done
solubility.md,Solubility,chart-table,done
solubility_of_air_in_water.md,Solubility of Air in Water,calculator-chart,done
solubility_of_gases_in_water_vs__temperature.md,Solubility of Gases in Water vs. Temperature,calculator-table,done
solubility_product_constants.md,Solubility Product Constants,none,pending
solutions__molarity_and_dilution.md,"Solutions, Molarity and Dilution",calculator-table,done
solving_equations_of_the_first_degree_with_one_unk.md,Solving Equations of the First Degree with One Unknown,calculator,done
solving_first_degree_equations_with_two_unknowns.md,Solving First Degree Equations with Two Unknowns,calculator-chart,done
solving_quadratic_equation_with_one_unknown.md,Solving Quadratic Equation with One Unknown,calculator-chart,done
some_measuring_units.md,Some Measuring Units,datatable,done
sound___abatement_vs__the_distance_from_source.md,Sound - Abatement vs. the Distance from Source,datatable,done
sound___attenuation_and_speed_vs__sound_frequency_.md,Sound - Attenuation and Speed vs. Sound Frequency and Air Humidity,calculator,done
sound___attenuation_and_the_directivity_coefficien.md,Sound - Attenuation and the Directivity Coefficient,calculator,done
sound___doppler_effect.md,Sound - Doppler Effect,chart-table,done
sound___frequency__wavelength_and_octave.md,"Sound - Frequency, Wavelength and Octave",calculator,done
sound___hearing_threshold_vs__age.md,Sound - Hearing Threshold vs. Age,calculator-table,done
sound___ldn___day_and_night_level.md,Sound - Ldn - Day and Night Level,calculator,done
sound___leq___equivalent_level.md,Sound - Leq - Equivalent Level,chart-table,done
sound___ls___exposure_level.md,Sound - Ls - Exposure Level,datatable,done
sound___reverberation_time.md,Sound - Reverberation Time,datatable,done
sound___room_absorption_characteristics.md,Sound - Room Absorption Characteristics,datatable,done
sound___room_absorption_coefficients.md,Sound - Room Absorption Coefficients,datatable,done
sound___room_attenuation_in_direct_sound_fields.md,Sound - Room Attenuation in Direct Sound Fields,calculator,done
sound_attenuation___duct_split_to_terminals.md,Sound Attenuation - Duct split to Terminals,datatable,done
sound_attenuation___main_duct_to_branch_ducts.md,Sound Attenuation - Main Duct to Branch Ducts,datatable,done
sound_attenuation_in_duct_elbows.md,Sound Attenuation in Duct Elbows,datatable,done
sound_attenuation_in_ducts_due_to_end_reflection.md,Sound Attenuation in Ducts due to End Reflection,datatable,done
sound_intensity.md,Sound Intensity,datatable,done
sound_intensity__power_and_pressure_levels.md,"Sound Intensity, Power and Pressure Levels",datatable,done
sound_level___online_calculator.md,Sound Level - Online Calculator,datatable,done
sound_power.md,Sound Power,calculator,done
sound_pressure_level.md,Sound Pressure Level,none,pending
sound_pressure_level___osha_a_weighted_per_day.md,Sound Pressure Level - OSHA A-Weighted per Day,datatable,done
sound_propagation___the_inverse_square_law.md,Sound Propagation - the Inverse Square Law,chart,done
sound_transmission_through_duct_walls.md,Sound Transmission through Duct Walls,datatable,done
sound_transmission_through_flanking_paths.md,Sound Transmission through Flanking Paths,calculator-table,done
sound_transmission_through_massive_walls_or_floors.md,Sound Transmission through Massive Walls or Floors,datatable,done
specific_heat___online_unit_converter.md,Specific Heat - Online Unit Converter,calculator,done
specific_heat_capacity_of_air__isobaric_and_isocho.md,Specific Heat Capacity of Air: Isobaric and Isochoric Heat Capacities at Various Temperatures and Pressures,none,pending
specific_heat_capacity_of_water__temperature_depen.md,Specific Heat Capacity of Water: Temperature-Dependent Data and Calculator,none,pending
specific_heat_of_common_liquids_and_fluids.md,Specific Heat of Common Liquids and Fluids,datatable,done
specific_heat_of_common_materials___engineering_re.md,Specific Heat of Common Materials – Engineering Reference,chart-table,done
speed_of_sound___equations.md,Speed of Sound - Equations,datatable,done
speed_of_sound___online_calculator.md,Speed of Sound - Online Calculator,datatable,done
speed_of_sound_vs__elevation__temperature_and_air_.md,"Speed of Sound vs. Elevation, Temperature and Air Pressure",none,pending
spherical_and_cylindrical_coordinates.md,Spherical and Cylindrical Coordinates,calculator,done
square_and_cube_roots_of_numbers___reference_table.md,Square and Cube Roots of Numbers – Reference Table,calculator,done
squaring_with_diagonal_measurements.md,Squaring with Diagonal Measurements,datatable,done
stainless_steel___specific_heat_and_thermal_conduc.md,Stainless Steel - Specific Heat and Thermal Conductivities vs. Temperatures,calculator,done
stainless_steel_classifications.md,Stainless Steel Classifications,datatable,done
stainless_steel_pipes___american_vs__european_stan.md,Stainless Steel Pipes - American vs. European Standards,datatable,done
stainless_steel_pipes___dimensions_and_weights.md,Stainless Steel Pipes - Dimensions and Weights,none,pending
stainless_steels___identification_tests.md,Stainless Steels - Identification Tests,none,pending
staircase_calculator.md,Staircase Calculator,calculator-table,done
standard_differentials_and_integrals.md,Standard Differentials and Integrals,datatable,done
standard_enthalpy_of_formation__gibbs_energy_of_fo.md,"Standard enthalpy of formation, Gibbs energy of formation, entropy and molar heat capacity of organic substances",datatable,done
standard_gauges.md,Standard Gauges,calculator,done
standard_grade_coal___heat_values.md,Standard Grade Coal - Heat Values,datatable,done
standard_reference_fuels_and_their_equivalents.md,Standard Reference Fuels and their Equivalents,calculator-table,done
standard_state_and_enthalpy_of_formation__gibbs_fr.md,"Standard State and Enthalpy of Formation, Gibbs Free Energy of Formation, Entropy and Heat Capacity",datatable,done
standardized_enthalpies_and_entropies.md,Standardized Enthalpies and Entropies,datatable,done
static_pressure_vs__head.md,Static Pressure vs. Head,datatable,done
steam___condensate_pipe_lines___capacities__kw_.md,Steam - Condensate Pipe Lines - Capacities (kW),none,pending
steam_and_vapor_enthalpy.md,Steam and Vapor Enthalpy,calculator,done
steam_boiler_rating_vs__feed_water_temperature.md,Steam Boiler Rating vs. Feed Water Temperature,calculator-chart,done
steam_consumption_for_some_typical_steam_heated_co.md,Steam Consumption for some Typical Steam Heated Consumers,chart-table,done
steam_control_valves___calculate_flow_factor_kv.md,Steam Control Valves - Calculate Flow Factor Kv,datatable,done
steam_flash_generation__bar_.md,Steam Flash Generation (bar),calculator,done
steam_heating_processes___load_calculating.md,Steam Heating Processes - Load Calculating,datatable,done
steam_heating_systems___classifications.md,Steam Heating Systems - Classifications,datatable,done
steam_heating_systems___design.md,Steam Heating Systems - Design,calculator-table,done
steam_pipes____fuel_consumption_due_to_heat_losses.md,Steam Pipes -  Fuel Consumption due to Heat Losses over a Year,datatable,done
steam_pipes___heat_losses.md,Steam Pipes - Heat Losses,datatable,done
steam_pipes___heat_losses__w_m_.md,Steam Pipes - Heat Losses (W/m),datatable,done
steam_pipes___installation_of_drip_legs.md,Steam Pipes - Installation of Drip Legs,datatable,done
steam_pipes___max__flow_and_pressure_drop.md,Steam Pipes - Max. Flow and Pressure Drop,calculator,done
steam_pipes___online_pressure_drop_calculator.md,Steam Pipes - Online Pressure drop Calculator,calculator-table,done
steam_pipes___sizing.md,Steam Pipes - Sizing,calculator,done
steam_pipes___thermal_expansion.md,Steam Pipes - Thermal Expansion,calculator,done
steam_radiators_and_convectors___heating_capacitie.md,Steam Radiators and Convectors - Heating Capacities,datatable,done
steam_tracing_pipe_lines.md,Steam Tracing Pipe Lines,calculator,done
steam_trap_selection_guide.md,Steam Trap Selection Guide,none,pending
steel_bolts___astm_grades.md,Steel Bolts - ASTM Grades,datatable,done
steel_bolts___sae_grades.md,Steel Bolts - SAE Grades,datatable,done
steel_flats___weights.md,Steel Flats - Weights,chart,done
steel_pipe_flanges_for_waterworks_services.md,Steel Pipe Flanges for Waterworks Services,chart-table,done
steel_pipes___heat_loss_diagram.md,Steel Pipes - Heat Loss Diagram,chart-table,done
steel_pipes___temperature_expansion.md,Steel Pipes - Temperature Expansion,datatable,done
steel_pipes_schedule_40___pressure_loss.md,Steel Pipes Schedule 40 - Pressure Loss,chart,done
steel_plate_weight_guide__calculator___data_table.md,Steel Plate Weight Guide: Calculator & Data Table,chart-table,done
steel_tempering_colors.md,Steel Tempering Colors,datatable,done
steel_wool___grades.md,Steel Wool - Grades,calculator,done
steels___endurance_limits_and_fatigue_stress.md,Steels - Endurance Limits and Fatigue Stress,datatable,done
steradian.md,Steradian,chart-table,done
stiffness.md,Stiffness,chart,done
stockpile_volumes.md,Stockpile Volumes,chart-table,done
stoichiometric_combustion.md,Stoichiometric Combustion,chart-table,done
stoker_classification.md,Stoker Classification,datatable,done
stokes__formula.md,Stokes' Formula,datatable,done
stone_masonry___strength.md,Stone Masonry - Strength,datatable,done
stones___weight_and_strength.md,Stones - Weight and Strength,chart,done
storing_thermal_heat.md,Storing Thermal Heat,calculator-chart,done
storm_water_conductors.md,Storm-Water Conductors,none,pending
storm_water_runoff_coefficients_vs__surface.md,Storm-Water Runoff Coefficients vs. Surface,calculator-table,done
stp___standard_temperature_and_pressure_and_ntp___.md,STP - Standard Temperature and Pressure and NTP - Normal Temperature and Pressure,datatable,done
straight_through_diaphragm_valves___flow_coefficie.md,Straight Through Diaphragm Valves - Flow Coefficients,calculator,done
stress.md,Stress,calculator,done
stress__strain_and_young_s_modulus.md,"Stress, Strain and Young's Modulus",datatable,done
stress_in_thick_walled_cylinders_or_tubes.md,Stress in Thick-Walled Cylinders or Tubes,datatable,done
stress_in_thin_walled_cylinders_or_tubes.md,Stress in Thin-Walled Cylinders or Tubes,chart-table,done
strong_and_weak_acids_and_bases.md,Strong and Weak Acids and Bases,calculator-table,done
strouhal_number.md,Strouhal Number,calculator,done
structural_lumber____section_sizes.md,Structural Lumber  - Section Sizes,datatable,done
subjective_effect_of_change_in_sound_pressure_leve.md,Subjective Effect of Change in Sound Pressure Level,calculator,done
substances_triple_points.md,Substances Triple Points,calculator,done
sugar_solubility_in_water.md,Sugar Solubility in Water,datatable,done
sugar_water_solutions___viscosities.md,Sugar Water Solutions - Viscosities,datatable,done
sulfur_dioxide_liquid___thermal_properties.md,Sulfur Dioxide Liquid - Thermal Properties,chart-table,done
sulfuric_acid___density.md,Sulfuric Acid - Density,datatable,done
sun_charts.md,Sun Charts,calculator,done
supercooled_water___vapor_pressure_vs__temperature.md,Supercooled Water - Vapor Pressure vs. Temperature,chart-table,done
superheated_steam___entropy.md,Superheated Steam - Entropy,chart,done
support_reactions___equilibrium.md,Support Reactions - Equilibrium,datatable,done
surface_radiation_absorptivity.md,Surface Radiation Absorptivity,none,pending
surface_roughness_vs__abrasive_grain_size.md,Surface Roughness vs. Abrasive Grain Size,datatable,done
surface_roughness_vs__mechanical_processing.md,Surface Roughness vs. Mechanical Processing,calculator,done
surface_tension.md,Surface Tension,datatable,done
surface_tension___water_in_contact_with_air.md,Surface Tension - Water in contact with Air,calculator,done
survival_time_in_cold_water.md,Survival Time in Cold Water,calculator-table,done
swg___standard_wire_gauge.md,SWG - Standard Wire Gauge,datatable,done
symbols_used_to_denote_a_chemical_reactions_and_pr.md,Symbols Used to Denote a Chemical Reactions and Process or Condition,calculator,done
system_curve_and_pump_performance_curve.md,System Curve and Pump Performance Curve,calculator,done
taylor_series.md,Taylor Series,calculator,done
technical_terms_in_fluid_mechanics.md,Technical Terms in Fluid Mechanics,datatable,done
temperature_expansion.md,Temperature Expansion,chart-table,done
temperature_sensors___comparing_types.md,Temperature Sensors - Comparing Types,calculator,done
the_ideal_gas_law.md,The Ideal Gas Law,calculator,done
thermal_conductivity___online_converter.md,Thermal Conductivity - Online Converter,calculator-table,done
thermal_conductivity_of_common_materials____solids.md,"Thermal Conductivity of Common Materials -  Solids, Liquids and Gases",datatable,done
thermal_conductivity_of_metals_and_alloys__data_ta.md,Thermal Conductivity of Metals and Alloys: Data Table & Reference Guide,datatable,done
thermal_conductivity_of_water__temperature_and_pre.md,Thermal Conductivity of Water: Temperature and Pressure Data,datatable,done
thermal_conductivity_units_converter.md,Thermal Conductivity Units Converter,datatable,done
thermal_expansion___superficial_i_e__area.md,Thermal Expansion - Superficial i.e. Area,datatable,done
thermal_expansion_of_steam_pipes____inches_.md,Thermal Expansion of Steam Pipes - (inches),calculator-table,done
thermal_resistivity_and_conductivity.md,Thermal Resistivity and Conductivity,calculator-table,done
thermal_transmittance_vs__thermal_resistance.md,Thermal Transmittance vs. Thermal Resistance,calculator,done
thermocouples.md,Thermocouples,calculator,done
thermodynamic_key_values_internationally_agreed.md,Thermodynamic Key Values Internationally Agreed,none,pending
thermodynamic_properties_of_saturated_steam__data_.md,Thermodynamic Properties of Saturated Steam: Data & Charts in Bar,calculator,done
thermodynamic_terms___functions_and_relations.md,Thermodynamic Terms - Functions and Relations,none,pending
thermodynamics.md,Thermodynamics,datatable,done
thermoplastic_pipes___strength_derating__vs__tempe.md,Thermoplastic Pipes - Strength Derating  vs. Temperature,none,pending
thermoplastic_pipes___support_distance_vs__tempera.md,Thermoplastic Pipes - Support Distance vs. Temperature,datatable,done
thermoplastics___physical_properties.md,Thermoplastics - Physical Properties,datatable,done
third_law_of_thermodynamics.md,Third Law of Thermodynamics,datatable,done
threaded___socket_welded_steel_fittings___pressure.md,Threaded & Socket Welded Steel Fittings - Pressure Classes vs. Schedules,chart-table,done
threaded_bolts___stress_area.md,Threaded Bolts - Stress Area,calculator,done
threads.md,Threads,calculator,done
three_hinged_arches___continuous_and_point_loads.md,Three-Hinged Arches - Continuous and Point Loads,calculator,done
three_phase_electrical_motors___power_factor_vs__i.md,Three-Phase Electrical Motors - Power Factor vs. Inductive Load,datatable,done
three_phase_electrical_motors___power_vs__amps_and.md,Three-Phase Electrical Motors - Power vs. Amps and Voltage,datatable,done
three_phase_power___equations.md,Three-Phase Power - Equations,calculator,done
toggle_joint.md,Toggle Joint,calculator,done
toluene___density_and_specific_weight_vs__teempera.md,Toluene - Density and Specific Weight vs. Teemperature and Pressure,calculator,done
toluene___thermophysical_properties.md,Toluene - Thermophysical Properties,calculator,done
toluene_liquid___thermal_properties_vs__temperatur.md,Toluene Liquid - Thermal Properties vs. Temperature,calculator,done
torque___work_done_and_power_transmitted.md,Torque - Work done and Power Transmitted,calculator-table,done
torque_or_moment_of_force___online_converter.md,Torque or Moment of Force - Online Converter,datatable,done
total_and_partial_pressure___dalton_s_law_of_parti.md,Total and Partial Pressure - Dalton's Law of Partial Pressures,datatable,done
transformers___kva_ratings_vs__volt_and_amps.md,Transformers - kVA Ratings vs. Volt and Amps,datatable,done
transient_spikes.md,Transient Spikes,datatable,done
transnational_and_continental_standards_organizati.md,Transnational and Continental Standards Organizations,datatable,done
trap_sizes_vs__fixture_units.md,Trap Sizes vs. Fixture Units,calculator,done
tree_species___water_demand.md,Tree Species - Water Demand,datatable,done
trench_excavation.md,Trench Excavation,calculator,done
triangle.md,Triangle,calculator,done
trigonometric_functions.md,Trigonometric Functions,calculator,done
troy_weight.md,Troy Weight,calculator,done
trusses.md,Trusses,calculator-table,done
turbo_machines___specific_work_done_by_pumps__comp.md,"Turbo Machines - Specific Work done by Pumps, Compressors or Fans",datatable,done
types_of_air_compressors.md,Types of Air Compressors,chart,done
typical_floor_loads.md,Typical Floor Loads,chart,done
u_s__and_metric_fasteners___thread_sizes.md,U.S. and Metric Fasteners - Thread Sizes,chart,done
u_s__bolts___head_and_wrench_sizes.md,U.S. Bolts - Head and Wrench Sizes,calculator,done
u_s__heating_degree_days.md,U.S. Heating Degree-Days,datatable,done
u_s__standard_architectural_drawing_sizes.md,U.S. Standard Architectural Drawing Sizes,datatable,done
u_s__standard_atmosphere__temperature__pressure__a.md,"U.S. Standard Atmosphere: Temperature, Pressure, and Air Properties vs. Altitude",none,pending
u_tube_differential_pressure_manometers.md,U-Tube Differential Pressure Manometers,datatable,done
underground_pipes___earth_pressure.md,Underground Pipes - Earth Pressure,datatable,done
understanding_convective_heat_transfer__coefficien.md,"Understanding Convective Heat Transfer: Coefficients, Formulas & Examples",datatable,done
unified_thread_standards__unc___unf_size_charts___.md,Unified Thread Standards: UNC & UNF Size Charts & Specifications,none,pending
uniformat.md,Uniformat,calculator,done
unit_converter.md,Unit Converter with commonly used Units,calculator,done
unit_converter_with_commonly_used_units.md,Unit Converter with commonly used Units,calculator-chart,done
unit_factor_method.md,Unit Factor Method,calculator-chart,done
units_of_heat___btu__calorie_and_joule.md,"Units of Heat - BTU, Calorie and Joule",calculator,done
universal_gravitational_law.md,Universal Gravitational Law,calculator-chart,done
unlined_sheet_metal_ducts___sound_attenuation.md,Unlined Sheet-Metal Ducts - Sound Attenuation,calculator-table,done
uns___unified_numbering_system.md,UNS - Unified Numbering System,calculator,done
urban_tree_heights.md,Urban Tree Heights,chart,done
us_machine_screws___dimensions.md,US Machine Screws - Dimensions,calculator-table,done
us_wood_screws___nominal_sizes.md,US Wood Screws - Nominal Sizes,datatable,done
us_wood_screws___pilot_holes.md,US Wood Screws - Pilot Holes,calculator,done
uscs___united_states_customary_system_units.md,USCS - United States Customary System Units,datatable,done
use_of_telephones_in_noisy_areas.md,Use of Telephones in Noisy Areas,datatable,done
utm_to_latitude_and_longitude_converter__convert_u.md,UTM to Latitude and Longitude Converter: Convert UTM Coordinates to Geographic Coordinates,calculator-table,done
vacuum.md,Vacuum,none,pending
vacuum___air_expansion_ratio.md,Vacuum - Air Expansion Ratio,datatable,done
vacuum___evacuation_time.md,Vacuum - Evacuation Time,datatable,done
vacuum___flow_measurement.md,Vacuum - Flow Measurement,calculator,done
vacuum___pressure_units_converter.md,Vacuum - Pressure Units Converter,none,pending
vacuum_pipes___flow_velocities.md,Vacuum Pipes - Flow Velocities,calculator-table,done
vacuum_pipes___pressure_loss_vs__air_flow.md,Vacuum Pipes - Pressure Loss vs. Air Flow,calculator-table,done
vacuum_pumps___exhaust_pipe_capacities.md,Vacuum Pumps - Exhaust Pipe Capacities,datatable,done
value_engineering.md,Value Engineering,calculator-table,done
valve_selection_guide.md,Valve Selection Guide,calculator,done
valve_type_classifications.md,Valve Type Classifications,calculator-table,done
valves___plastic_materials.md,Valves - Plastic Materials,calculator,done
valves___specific_services.md,Valves - Specific Services,datatable,done
valves___typical_operating_temperatures.md,Valves - Typical Operating Temperatures,datatable,done
valves_types___operating_size_ranges.md,Valves Types - Operating Size Ranges,none,pending
vapor_and_steam.md,Vapor and Steam,calculator-table,done
variable_frequency_drives___heat_loss_and_required.md,Variable Frequency Drives - Heat Loss and Required Air Cooling,chart-table,done
vector_addition.md,Vector Addition,calculator,done
vehicle___distance_traveled_vs__velcocity_and_time.md,Vehicle - Distance Traveled vs. Velcocity and Time Used (mph),chart-table,done
vehicle___distance_traveled_vs__velocity_and_time_.md,Vehicle - Distance Traveled vs. Velocity and Time (km/h),chart-table,done
vehicles_traffic_flow_and_density.md,Vehicles Traffic Flow and Density,datatable,done
velocity_pressure_head.md,Velocity Pressure Head,chart-table,done
velocity_units___online_converter.md,Velocity Units - Online Converter,chart-table,done
velocity_units_converter.md,Velocity Units Converter,chart-table,done
ventilation_systems.md,Ventilation Systems,chart-table,done
ventilation_systems___acoustic_calculation_procedu.md,Ventilation Systems - Acoustic Calculation Procedure,chart-table,done
ventilation_systems___classification_of_noise_redu.md,Ventilation Systems - Classification of Noise Reduction Silencers,chart-table,done
vertical_pipes___discharge_height_vs__volume_flow.md,Vertical Pipes - Discharge Height vs. Volume Flow,chart-table,done
vinyl_ester___chemical_resistance.md,Vinyl Ester - Chemical Resistance,chart-table,done
viscosities.md,Viscosities,calculator-chart,done
viscosity_converter__convert_between_dynamic___kin.md,Viscosity Converter: Convert Between Dynamic & Kinematic Viscosity,datatable,done
viscous_liquids___friction_loss_vs__viscosity_and_.md,Viscous Liquids - Friction Loss vs. Viscosity and Flow,datatable,done
viscous_liquids___max__delivery_flow_velocities.md,Viscous Liquids - Max. Delivery Flow Velocities,chart,done
viscous_liquids___max__suction_flow_velocities.md,Viscous Liquids - Max. Suction Flow Velocities,calculator,done
voltage_dividers___online_calculator.md,Voltage Dividers - Online Calculator,datatable,done
voltage_sources_vs__current_sources.md,Voltage Sources vs. Current Sources,datatable,done
volume_converting_chart___gallons_vs__cubic_feet_v.md,Volume Converting Chart - Gallons vs. Cubic Feet vs. Cubic Meters and more,calculator-table,done
volume_flow___online_unit_converter.md,Volume Flow - Online Unit Converter,calculator,done
volume_in_horizontal_pipes_or_cylindrical_tanks.md,Volume in Horizontal Pipes or Cylindrical Tanks,calculator,done
volume_units_converter.md,Volume Units Converter,calculator-chart,done
volumetric__cubic__thermal_expansion.md,Volumetric (Cubic) Thermal Expansion,calculator,done
wabt___weighted_average_bed_temperature.md,WABT - Weighted Average Bed Temperature,datatable,done
walls___no__of_studs.md,Walls - No. of Studs,datatable,done
waste_fuel___heat_values.md,Waste Fuel - Heat Values,none,pending
waste_water_piping___flow_capacitiy_vs__dimension.md,Waste Water Piping - Flow Capacitiy vs. Dimension,calculator-chart,done
water___absolute__dynamic__viscosity_vs__temperatu.md,Water - Absolute (Dynamic) Viscosity vs. Temperature and Pressure,datatable,done
water___boiling_points_at_vacuum_pressure.md,Water - Boiling Points at Vacuum Pressure,datatable,done
water___boiling_points_vs__altitude.md,Water - Boiling Points vs. Altitude,datatable,done
water___dynamic_and_kinematic_viscosity_at_various.md,Water - Dynamic and Kinematic Viscosity at Various Temperatures and Pressures,datatable,done
water___enthalpy_and_entropy_vs__temperature.md,Water - Enthalpy and Entropy vs. Temperature,datatable,done
water___ionization_constant__pkw__of_normal_and_he.md,"Water - Ionization Constant, pKw, of Normal and Heavy Water",datatable,done
water___max__suction_flow_velocities_vs__pipe_size.md,Water - Max. Suction Flow Velocities vs. Pipe Size,calculator,done
water___prandtl_number_vs__temperature_and_pressur.md,Water - Prandtl Number vs. Temperature and Pressure,datatable,done
water___properties_at_gas_liquid_equilibrium_condi.md,Water - Properties at Gas-Liquid Equilibrium Conditions,datatable,done
water___properties_vs__temperature_and_pressure.md,Water - Properties vs. Temperature and Pressure,chart-table,done
water___saturation_pressure_and_specific_weight_vs.md,Water - Saturation Pressure and Specific Weight vs. Temperature,calculator-chart,done
water___specific_gravity_vs__temperature.md,Water - Specific Gravity vs. Temperature,datatable,done
water___specific_volume_vs__temperature.md,Water - Specific Volume vs. Temperature,calculator,done
water___speed_of_sound_vs__temperature.md,Water - Speed of Sound vs. Temperature,calculator,done
water___thermal_diffusivity_vs__temperature_and_pr.md,Water - Thermal Diffusivity vs. Temperature and Pressure,datatable,done
water_boiling_point_at_higher_pressures___data___c.md,Water Boiling Point at Higher Pressures – Data & Calculator,datatable,done
water_consumption_and_activities.md,Water Consumption and Activities,datatable,done
water_content_in_food_and_other_products.md,Water Content in Food and other Products,calculator,done
water_control_valves____flow_factor_kv_diagram.md,Water Control Valves -  Flow Factor Kv Diagram,calculator,done
water_density__specific_weight_and__thermal_expans.md,"Water Density, Specific Weight and  Thermal Expansion Coefficients - Temperature and Pressure Dependence",calculator,done
water_distribution_pipes___materials.md,Water Distribution Pipes - Materials,calculator-chart,done
water_flow___max__delivery_velocity_vs__pipe_size.md,Water Flow - Max. Delivery Velocity vs. Pipe Size,calculator,done
water_flow_in_tubes___reynolds_number.md,Water Flow in Tubes - Reynolds Number,calculator-chart,done
water_hammer.md,Water Hammer,calculator,done
water_pressure_vs__head.md,Water Pressure vs. Head,calculator,done
water_properties__vaporization_heat_vs__temperatur.md,Water Properties: Vaporization Heat vs. Temperature - Charts and Calculator,calculator,done
water_pump_calculator.md,Water Pump Calculator,calculator,done
water_service_pipe_lines.md,Water Service Pipe Lines,calculator-table,done
water_sprinkler_protected_areas_and_hazard_classif.md,Water Sprinkler Protected Areas and Hazard Classification,datatable,done
water_steam_mollier_diagram.md,Water-Steam Mollier Diagram,datatable,done
water_supplies___expected_vs__theoretical_summariz.md,Water Supplies - Expected vs. Theoretical Summarized Demand,calculator-chart,done
water_supply___cross_contamination_control.md,Water Supply - Cross-Contamination Control,calculator,done
water_supply_fixture_units___wsfu_vs__gpm_and_lite.md,Water Supply Fixture Units - WSFU vs. GPM and Liters/sec,datatable,done
water_supply_fixture_units_wsfu.md,Water Supply Fixture Units WSFU,datatable,done
water_supply_lines___sizing.md,Water Supply Lines - Sizing,calculator,done
water_supply_pipe_lines___sizing.md,Water Supply Pipe Lines - Sizing,datatable,done
water_supply_systems___impurity_limits.md,Water Supply Systems - Impurity Limits,calculator,done
water_supply_systems___online_design_application.md,Water Supply Systems - Online Design Application,datatable,done
water_systems___maximum_flow_velocities.md,Water Systems - Maximum Flow Velocities,datatable,done
water_thermal_properties___density__heat_capacity_.md,"Water Thermal Properties – Density, Heat Capacity, and Conductivity",datatable,done
water_vapor___specific_heat_vs__temperature.md,Water Vapor - Specific Heat vs. Temperature,chart-table,done
water_vapor_saturation_pressure__data__tables___ca.md,"Water Vapor Saturation Pressure: Data, Tables & Calculator",datatable,done
water_vs__steam___critical_and_triple_points.md,Water vs. Steam - Critical and Triple Points,none,pending
weber_number.md,Weber Number,none,pending
weight_of_beams___stress_and_strain.md,Weight of Beams - Stress and Strain,none,pending
weight_vs__gauges_chart.md,Weight vs. Gauges Chart,none,pending
weir_diaphragm_valves___flow_coefficients_and_flow.md,Weir Diaphragm Valves - Flow Coefficients and Flow Factors,none,pending
welding_temperatures.md,Welding Temperatures,none,pending
wet_bulb_globe_temperature__wbgt_.md,Wet Bulb Globe Temperature (WBGT),none,pending
wet_steam___quality_vs__dryness_fractions.md,Wet Steam - Quality vs. Dryness Fractions,none,pending
winches.md,Winches,none,pending
wind_chill_index.md,Wind Chill Index,none,pending
wind_energy.md,Wind Energy,none,pending
wind_load_vs__wind_speed.md,Wind Load vs. Wind Speed,none,pending
wind_power.md,Wind Power,none,pending
wind_shear.md,Wind Shear,none,pending
wind_turbine_power_calculator.md,Wind Turbine Power Calculator,none,pending
wire_rope_slings.md,Wire Rope Slings,none,pending
wire_ropes___strengths.md,Wire Ropes - Strengths,none,pending
wire_size_guide__square_mm_to_diameter_conversion_.md,Wire Size Guide: Square mm to Diameter Conversion Chart,none,pending
wood___combustion_heat_values.md,Wood - Combustion Heat Values,none,pending
wood___compressive_strength_vs__moisture_content.md,Wood - Compressive Strength vs. Moisture Content,none,pending
wood___density_vs__moisture_content.md,Wood - Density vs. Moisture Content,none,pending
wood_and_bio_mass___combustion_heat.md,Wood and Bio Mass - Combustion Heat,none,pending
wood_hardness.md,Wood Hardness,none,pending
wood_screws___withdrawal_force.md,Wood Screws - Withdrawal Force,none,pending
wood_species___moisture_content_and_weight.md,Wood Species - Moisture Content and Weight,none,pending
work_done_by_force.md,Work done by Force,none,pending
wrench_size_conversion_chart___metric__mm__to_sae_.md,Wrench Size Conversion Chart – Metric (mm) to SAE (Inches),none,pending
wrought_and_cast_copper_alloys___properties_databa.md,Wrought and Cast Copper Alloys - Properties Database,none,pending
yard_fixtures___water_consumption.md,Yard Fixtures - Water Consumption,none,pending
yield_structure_of_crude_oils_with_increasing_dens.md,Yield Structure of Crude Oils with Increasing Density of Crude,none,pending
young_s_modulus_of_elasticity___values_for_common_.md,Young’s Modulus of Elasticity – Values for Common Materials,none,pending
zeroth_law_of_temperature.md,Zeroth Law of Temperature,none,pending
,,,pending